OFF
1000 5454 0
0.000000 0.000000 0.000000
11.111111 0.000000 0.000000
22.222222 0.000000 0.000000
33.333333 0.000000 0.000000
44.444444 0.000000 0.000000
55.555556 0.000000 0.000000
66.666667 0.000000 0.000000
77.777778 0.000000 0.000000
88.888889 0.000000 0.000000
100.000000 0.000000 0.000000
0.000000 11.111111 0.000000
11.111111 11.111111 0.000000
22.222222 11.111111 0.000000
33.333333 11.111111 0.000000
44.444444 11.111111 0.000000
55.555556 11.111111 0.000000
66.666667 11.111111 0.000000
77.777778 11.111111 0.000000
88.888889 11.111111 0.000000
100.000000 11.111111 0.000000
0.000000 22.222222 0.000000
11.111111 22.222222 0.000000
22.222222 22.222222 0.000000
33.333333 22.222222 0.000000
44.444444 22.222222 0.000000
55.555556 22.222222 0.000000
66.666667 22.222222 0.000000
77.777778 22.222222 0.000000
88.888889 22.222222 0.000000
100.000000 22.222222 0.000000
0.000000 33.333333 0.000000
11.111111 33.333333 0.000000
22.222222 33.333333 0.000000
33.333333 33.333333 0.000000
44.444444 33.333333 0.000000
55.555556 33.333333 0.000000
66.666667 33.333333 0.000000
77.777778 33.333333 0.000000
88.888889 33.333333 0.000000
100.000000 33.333333 0.000000
0.000000 44.444444 0.000000
11.111111 44.444444 0.000000
22.222222 44.444444 0.000000
33.333333 44.444444 0.000000
44.444444 44.444444 0.000000
55.555556 44.444444 0.000000
66.666667 44.444444 0.000000
77.777778 44.444444 0.000000
88.888889 44.444444 0.000000
100.000000 44.444444 0.000000
0.000000 55.555556 0.000000
11.111111 55.555556 0.000000
22.222222 55.555556 0.000000
33.333333 55.555556 0.000000
44.444444 55.555556 0.000000
55.555556 55.555556 0.000000
66.666667 55.555556 0.000000
77.777778 55.555556 0.000000
88.888889 55.555556 0.000000
100.000000 55.555556 0.000000
0.000000 66.666667 0.000000
11.111111 66.666667 0.000000
22.222222 66.666667 0.000000
33.333333 66.666667 0.000000
44.444444 66.666667 0.000000
55.555556 66.666667 0.000000
66.666667 66.666667 0.000000
77.777778 66.666667 0.000000
88.888889 66.666667 0.000000
100.000000 66.666667 0.000000
0.000000 77.777778 0.000000
11.111111 77.777778 0.000000
22.222222 77.777778 0.000000
33.333333 77.777778 0.000000
44.444444 77.777778 0.000000
55.555556 77.777778 0.000000
66.666667 77.777778 0.000000
77.777778 77.777778 0.000000
88.888889 77.777778 0.000000
100.000000 77.777778 0.000000
0.000000 88.888889 0.000000
11.111111 88.888889 0.000000
22.222222 88.888889 0.000000
33.333333 88.888889 0.000000
44.444444 88.888889 0.000000
55.555556 88.888889 0.000000
66.666667 88.888889 0.000000
77.777778 88.888889 0.000000
88.888889 88.888889 0.000000
100.000000 88.888889 0.000000
0.000000 100.000000 0.000000
11.111111 100.000000 0.000000
22.222222 100.000000 0.000000
33.333333 100.000000 0.000000
44.444444 100.000000 0.000000
55.555556 100.000000 0.000000
66.666667 100.000000 0.000000
77.777778 100.000000 0.000000
88.888889 100.000000 0.000000
100.000000 100.000000 0.000000
0.000000 0.000000 11.111111
11.111111 0.000000 11.111111
22.222222 0.000000 11.111111
33.333333 0.000000 11.111111
44.444444 0.000000 11.111111
55.555556 0.000000 11.111111
66.666667 0.000000 11.111111
77.777778 0.000000 11.111111
88.888889 0.000000 11.111111
100.000000 0.000000 11.111111
0.000000 11.111111 11.111111
11.111111 11.111111 11.111111
22.222222 11.111111 11.111111
33.333333 11.111111 11.111111
44.444444 11.111111 11.111111
55.555556 11.111111 11.111111
66.666667 11.111111 11.111111
77.777778 11.111111 11.111111
88.888889 11.111111 11.111111
100.000000 11.111111 11.111111
0.000000 22.222222 11.111111
11.111111 22.222222 11.111111
22.222222 22.222222 11.111111
33.333333 22.222222 11.111111
44.444444 22.222222 11.111111
55.555556 22.222222 11.111111
66.666667 22.222222 11.111111
77.777778 22.222222 11.111111
88.888889 22.222222 11.111111
100.000000 22.222222 11.111111
0.000000 33.333333 11.111111
11.111111 33.333333 11.111111
22.222222 33.333333 11.111111
33.333333 33.333333 11.111111
44.444444 33.333333 11.111111
55.555556 33.333333 11.111111
66.666667 33.333333 11.111111
77.777778 33.333333 11.111111
88.888889 33.333333 11.111111
100.000000 33.333333 11.111111
0.000000 44.444444 11.111111
11.111111 44.444444 11.111111
22.222222 44.444444 11.111111
33.333333 44.444444 11.111111
44.444444 44.444444 11.111111
55.555556 44.444444 11.111111
66.666667 44.444444 11.111111
77.777778 44.444444 11.111111
88.888889 44.444444 11.111111
100.000000 44.444444 11.111111
0.000000 55.555556 11.111111
11.111111 55.555556 11.111111
22.222222 55.555556 11.111111
33.333333 55.555556 11.111111
44.444444 55.555556 11.111111
55.555556 55.555556 11.111111
66.666667 55.555556 11.111111
77.777778 55.555556 11.111111
88.888889 55.555556 11.111111
100.000000 55.555556 11.111111
0.000000 66.666667 11.111111
11.111111 66.666667 11.111111
22.222222 66.666667 11.111111
33.333333 66.666667 11.111111
44.444444 66.666667 11.111111
55.555556 66.666667 11.111111
66.666667 66.666667 11.111111
77.777778 66.666667 11.111111
88.888889 66.666667 11.111111
100.000000 66.666667 11.111111
0.000000 77.777778 11.111111
11.111111 77.777778 11.111111
22.222222 77.777778 11.111111
33.333333 77.777778 11.111111
44.444444 77.777778 11.111111
55.555556 77.777778 11.111111
66.666667 77.777778 11.111111
77.777778 77.777778 11.111111
88.888889 77.777778 11.111111
100.000000 77.777778 11.111111
0.000000 88.888889 11.111111
11.111111 88.888889 11.111111
22.222222 88.888889 11.111111
33.333333 88.888889 11.111111
44.444444 88.888889 11.111111
55.555556 88.888889 11.111111
66.666667 88.888889 11.111111
77.777778 88.888889 11.111111
88.888889 88.888889 11.111111
100.000000 88.888889 11.111111
0.000000 100.000000 11.111111
11.111111 100.000000 11.111111
22.222222 100.000000 11.111111
33.333333 100.000000 11.111111
44.444444 100.000000 11.111111
55.555556 100.000000 11.111111
66.666667 100.000000 11.111111
77.777778 100.000000 11.111111
88.888889 100.000000 11.111111
100.000000 100.000000 11.111111
0.000000 0.000000 22.222222
11.111111 0.000000 22.222222
22.222222 0.000000 22.222222
33.333333 0.000000 22.222222
44.444444 0.000000 22.222222
55.555556 0.000000 22.222222
66.666667 0.000000 22.222222
77.777778 0.000000 22.222222
88.888889 0.000000 22.222222
100.000000 0.000000 22.222222
0.000000 11.111111 22.222222
11.111111 11.111111 22.222222
22.222222 11.111111 22.222222
33.333333 11.111111 22.222222
44.444444 11.111111 22.222222
55.555556 11.111111 22.222222
66.666667 11.111111 22.222222
77.777778 11.111111 22.222222
88.888889 11.111111 22.222222
100.000000 11.111111 22.222222
0.000000 22.222222 22.222222
11.111111 22.222222 22.222222
22.222222 22.222222 22.222222
33.333333 22.222222 22.222222
44.444444 22.222222 22.222222
55.555556 22.222222 22.222222
66.666667 22.222222 22.222222
77.777778 22.222222 22.222222
88.888889 22.222222 22.222222
100.000000 22.222222 22.222222
0.000000 33.333333 22.222222
11.111111 33.333333 22.222222
22.222222 33.333333 22.222222
33.333333 33.333333 22.222222
44.444444 33.333333 22.222222
55.555556 33.333333 22.222222
66.666667 33.333333 22.222222
77.777778 33.333333 22.222222
88.888889 33.333333 22.222222
100.000000 33.333333 22.222222
0.000000 44.444444 22.222222
11.111111 44.444444 22.222222
22.222222 44.444444 22.222222
33.333333 44.444444 22.222222
44.444444 44.444444 22.222222
55.555556 44.444444 22.222222
66.666667 44.444444 22.222222
77.777778 44.444444 22.222222
88.888889 44.444444 22.222222
100.000000 44.444444 22.222222
0.000000 55.555556 22.222222
11.111111 55.555556 22.222222
22.222222 55.555556 22.222222
33.333333 55.555556 22.222222
44.444444 55.555556 22.222222
55.555556 55.555556 22.222222
66.666667 55.555556 22.222222
77.777778 55.555556 22.222222
88.888889 55.555556 22.222222
100.000000 55.555556 22.222222
0.000000 66.666667 22.222222
11.111111 66.666667 22.222222
22.222222 66.666667 22.222222
33.333333 66.666667 22.222222
44.444444 66.666667 22.222222
55.555556 66.666667 22.222222
66.666667 66.666667 22.222222
77.777778 66.666667 22.222222
88.888889 66.666667 22.222222
100.000000 66.666667 22.222222
0.000000 77.777778 22.222222
11.111111 77.777778 22.222222
22.222222 77.777778 22.222222
33.333333 77.777778 22.222222
44.444444 77.777778 22.222222
55.555556 77.777778 22.222222
66.666667 77.777778 22.222222
77.777778 77.777778 22.222222
88.888889 77.777778 22.222222
100.000000 77.777778 22.222222
0.000000 88.888889 22.222222
11.111111 88.888889 22.222222
22.222222 88.888889 22.222222
33.333333 88.888889 22.222222
44.444444 88.888889 22.222222
55.555556 88.888889 22.222222
66.666667 88.888889 22.222222
77.777778 88.888889 22.222222
88.888889 88.888889 22.222222
100.000000 88.888889 22.222222
0.000000 100.000000 22.222222
11.111111 100.000000 22.222222
22.222222 100.000000 22.222222
33.333333 100.000000 22.222222
44.444444 100.000000 22.222222
55.555556 100.000000 22.222222
66.666667 100.000000 22.222222
77.777778 100.000000 22.222222
88.888889 100.000000 22.222222
100.000000 100.000000 22.222222
0.000000 0.000000 33.333333
11.111111 0.000000 33.333333
22.222222 0.000000 33.333333
33.333333 0.000000 33.333333
44.444444 0.000000 33.333333
55.555556 0.000000 33.333333
66.666667 0.000000 33.333333
77.777778 0.000000 33.333333
88.888889 0.000000 33.333333
100.000000 0.000000 33.333333
0.000000 11.111111 33.333333
11.111111 11.111111 33.333333
22.222222 11.111111 33.333333
33.333333 11.111111 33.333333
44.444444 11.111111 33.333333
55.555556 11.111111 33.333333
66.666667 11.111111 33.333333
77.777778 11.111111 33.333333
88.888889 11.111111 33.333333
100.000000 11.111111 33.333333
0.000000 22.222222 33.333333
11.111111 22.222222 33.333333
22.222222 22.222222 33.333333
33.333333 22.222222 33.333333
44.444444 22.222222 33.333333
55.555556 22.222222 33.333333
66.666667 22.222222 33.333333
77.777778 22.222222 33.333333
88.888889 22.222222 33.333333
100.000000 22.222222 33.333333
0.000000 33.333333 33.333333
11.111111 33.333333 33.333333
22.222222 33.333333 33.333333
33.333333 33.333333 33.333333
44.444444 33.333333 33.333333
55.555556 33.333333 33.333333
66.666667 33.333333 33.333333
77.777778 33.333333 33.333333
88.888889 33.333333 33.333333
100.000000 33.333333 33.333333
0.000000 44.444444 33.333333
11.111111 44.444444 33.333333
22.222222 44.444444 33.333333
33.333333 44.444444 33.333333
44.444444 44.444444 33.333333
55.555556 44.444444 33.333333
66.666667 44.444444 33.333333
77.777778 44.444444 33.333333
88.888889 44.444444 33.333333
100.000000 44.444444 33.333333
0.000000 55.555556 33.333333
11.111111 55.555556 33.333333
22.222222 55.555556 33.333333
33.333333 55.555556 33.333333
44.444444 55.555556 33.333333
55.555556 55.555556 33.333333
66.666667 55.555556 33.333333
77.777778 55.555556 33.333333
88.888889 55.555556 33.333333
100.000000 55.555556 33.333333
0.000000 66.666667 33.333333
11.111111 66.666667 33.333333
22.222222 66.666667 33.333333
33.333333 66.666667 33.333333
44.444444 66.666667 33.333333
55.555556 66.666667 33.333333
66.666667 66.666667 33.333333
77.777778 66.666667 33.333333
88.888889 66.666667 33.333333
100.000000 66.666667 33.333333
0.000000 77.777778 33.333333
11.111111 77.777778 33.333333
22.222222 77.777778 33.333333
33.333333 77.777778 33.333333
44.444444 77.777778 33.333333
55.555556 77.777778 33.333333
66.666667 77.777778 33.333333
77.777778 77.777778 33.333333
88.888889 77.777778 33.333333
100.000000 77.777778 33.333333
0.000000 88.888889 33.333333
11.111111 88.888889 33.333333
22.222222 88.888889 33.333333
33.333333 88.888889 33.333333
44.444444 88.888889 33.333333
55.555556 88.888889 33.333333
66.666667 88.888889 33.333333
77.777778 88.888889 33.333333
88.888889 88.888889 33.333333
100.000000 88.888889 33.333333
0.000000 100.000000 33.333333
11.111111 100.000000 33.333333
22.222222 100.000000 33.333333
33.333333 100.000000 33.333333
44.444444 100.000000 33.333333
55.555556 100.000000 33.333333
66.666667 100.000000 33.333333
77.777778 100.000000 33.333333
88.888889 100.000000 33.333333
100.000000 100.000000 33.333333
0.000000 0.000000 44.444444
11.111111 0.000000 44.444444
22.222222 0.000000 44.444444
33.333333 0.000000 44.444444
44.444444 0.000000 44.444444
55.555556 0.000000 44.444444
66.666667 0.000000 44.444444
77.777778 0.000000 44.444444
88.888889 0.000000 44.444444
100.000000 0.000000 44.444444
0.000000 11.111111 44.444444
11.111111 11.111111 44.444444
22.222222 11.111111 44.444444
33.333333 11.111111 44.444444
44.444444 11.111111 44.444444
55.555556 11.111111 44.444444
66.666667 11.111111 44.444444
77.777778 11.111111 44.444444
88.888889 11.111111 44.444444
100.000000 11.111111 44.444444
0.000000 22.222222 44.444444
11.111111 22.222222 44.444444
22.222222 22.222222 44.444444
33.333333 22.222222 44.444444
44.444444 22.222222 44.444444
55.555556 22.222222 44.444444
66.666667 22.222222 44.444444
77.777778 22.222222 44.444444
88.888889 22.222222 44.444444
100.000000 22.222222 44.444444
0.000000 33.333333 44.444444
11.111111 33.333333 44.444444
22.222222 33.333333 44.444444
33.333333 33.333333 44.444444
44.444444 33.333333 44.444444
55.555556 33.333333 44.444444
66.666667 33.333333 44.444444
77.777778 33.333333 44.444444
88.888889 33.333333 44.444444
100.000000 33.333333 44.444444
0.000000 44.444444 44.444444
11.111111 44.444444 44.444444
22.222222 44.444444 44.444444
33.333333 44.444444 44.444444
44.444444 44.444444 44.444444
55.555556 44.444444 44.444444
66.666667 44.444444 44.444444
77.777778 44.444444 44.444444
88.888889 44.444444 44.444444
100.000000 44.444444 44.444444
0.000000 55.555556 44.444444
11.111111 55.555556 44.444444
22.222222 55.555556 44.444444
33.333333 55.555556 44.444444
44.444444 55.555556 44.444444
55.555556 55.555556 44.444444
66.666667 55.555556 44.444444
77.777778 55.555556 44.444444
88.888889 55.555556 44.444444
100.000000 55.555556 44.444444
0.000000 66.666667 44.444444
11.111111 66.666667 44.444444
22.222222 66.666667 44.444444
33.333333 66.666667 44.444444
44.444444 66.666667 44.444444
55.555556 66.666667 44.444444
66.666667 66.666667 44.444444
77.777778 66.666667 44.444444
88.888889 66.666667 44.444444
100.000000 66.666667 44.444444
0.000000 77.777778 44.444444
11.111111 77.777778 44.444444
22.222222 77.777778 44.444444
33.333333 77.777778 44.444444
44.444444 77.777778 44.444444
55.555556 77.777778 44.444444
66.666667 77.777778 44.444444
77.777778 77.777778 44.444444
88.888889 77.777778 44.444444
100.000000 77.777778 44.444444
0.000000 88.888889 44.444444
11.111111 88.888889 44.444444
22.222222 88.888889 44.444444
33.333333 88.888889 44.444444
44.444444 88.888889 44.444444
55.555556 88.888889 44.444444
66.666667 88.888889 44.444444
77.777778 88.888889 44.444444
88.888889 88.888889 44.444444
100.000000 88.888889 44.444444
0.000000 100.000000 44.444444
11.111111 100.000000 44.444444
22.222222 100.000000 44.444444
33.333333 100.000000 44.444444
44.444444 100.000000 44.444444
55.555556 100.000000 44.444444
66.666667 100.000000 44.444444
77.777778 100.000000 44.444444
88.888889 100.000000 44.444444
100.000000 100.000000 44.444444
0.000000 0.000000 55.555556
11.111111 0.000000 55.555556
22.222222 0.000000 55.555556
33.333333 0.000000 55.555556
44.444444 0.000000 55.555556
55.555556 0.000000 55.555556
66.666667 0.000000 55.555556
77.777778 0.000000 55.555556
88.888889 0.000000 55.555556
100.000000 0.000000 55.555556
0.000000 11.111111 55.555556
11.111111 11.111111 55.555556
22.222222 11.111111 55.555556
33.333333 11.111111 55.555556
44.444444 11.111111 55.555556
55.555556 11.111111 55.555556
66.666667 11.111111 55.555556
77.777778 11.111111 55.555556
88.888889 11.111111 55.555556
100.000000 11.111111 55.555556
0.000000 22.222222 55.555556
11.111111 22.222222 55.555556
22.222222 22.222222 55.555556
33.333333 22.222222 55.555556
44.444444 22.222222 55.555556
55.555556 22.222222 55.555556
66.666667 22.222222 55.555556
77.777778 22.222222 55.555556
88.888889 22.222222 55.555556
100.000000 22.222222 55.555556
0.000000 33.333333 55.555556
11.111111 33.333333 55.555556
22.222222 33.333333 55.555556
33.333333 33.333333 55.555556
44.444444 33.333333 55.555556
55.555556 33.333333 55.555556
66.666667 33.333333 55.555556
77.777778 33.333333 55.555556
88.888889 33.333333 55.555556
100.000000 33.333333 55.555556
0.000000 44.444444 55.555556
11.111111 44.444444 55.555556
22.222222 44.444444 55.555556
33.333333 44.444444 55.555556
44.444444 44.444444 55.555556
55.555556 44.444444 55.555556
66.666667 44.444444 55.555556
77.777778 44.444444 55.555556
88.888889 44.444444 55.555556
100.000000 44.444444 55.555556
0.000000 55.555556 55.555556
11.111111 55.555556 55.555556
22.222222 55.555556 55.555556
33.333333 55.555556 55.555556
44.444444 55.555556 55.555556
55.555556 55.555556 55.555556
66.666667 55.555556 55.555556
77.777778 55.555556 55.555556
88.888889 55.555556 55.555556
100.000000 55.555556 55.555556
0.000000 66.666667 55.555556
11.111111 66.666667 55.555556
22.222222 66.666667 55.555556
33.333333 66.666667 55.555556
44.444444 66.666667 55.555556
55.555556 66.666667 55.555556
66.666667 66.666667 55.555556
77.777778 66.666667 55.555556
88.888889 66.666667 55.555556
100.000000 66.666667 55.555556
0.000000 77.777778 55.555556
11.111111 77.777778 55.555556
22.222222 77.777778 55.555556
33.333333 77.777778 55.555556
44.444444 77.777778 55.555556
55.555556 77.777778 55.555556
66.666667 77.777778 55.555556
77.777778 77.777778 55.555556
88.888889 77.777778 55.555556
100.000000 77.777778 55.555556
0.000000 88.888889 55.555556
11.111111 88.888889 55.555556
22.222222 88.888889 55.555556
33.333333 88.888889 55.555556
44.444444 88.888889 55.555556
55.555556 88.888889 55.555556
66.666667 88.888889 55.555556
77.777778 88.888889 55.555556
88.888889 88.888889 55.555556
100.000000 88.888889 55.555556
0.000000 100.000000 55.555556
11.111111 100.000000 55.555556
22.222222 100.000000 55.555556
33.333333 100.000000 55.555556
44.444444 100.000000 55.555556
55.555556 100.000000 55.555556
66.666667 100.000000 55.555556
77.777778 100.000000 55.555556
88.888889 100.000000 55.555556
100.000000 100.000000 55.555556
0.000000 0.000000 66.666667
11.111111 0.000000 66.666667
22.222222 0.000000 66.666667
33.333333 0.000000 66.666667
44.444444 0.000000 66.666667
55.555556 0.000000 66.666667
66.666667 0.000000 66.666667
77.777778 0.000000 66.666667
88.888889 0.000000 66.666667
100.000000 0.000000 66.666667
0.000000 11.111111 66.666667
11.111111 11.111111 66.666667
22.222222 11.111111 66.666667
33.333333 11.111111 66.666667
44.444444 11.111111 66.666667
55.555556 11.111111 66.666667
66.666667 11.111111 66.666667
77.777778 11.111111 66.666667
88.888889 11.111111 66.666667
100.000000 11.111111 66.666667
0.000000 22.222222 66.666667
11.111111 22.222222 66.666667
22.222222 22.222222 66.666667
33.333333 22.222222 66.666667
44.444444 22.222222 66.666667
55.555556 22.222222 66.666667
66.666667 22.222222 66.666667
77.777778 22.222222 66.666667
88.888889 22.222222 66.666667
100.000000 22.222222 66.666667
0.000000 33.333333 66.666667
11.111111 33.333333 66.666667
22.222222 33.333333 66.666667
33.333333 33.333333 66.666667
44.444444 33.333333 66.666667
55.555556 33.333333 66.666667
66.666667 33.333333 66.666667
77.777778 33.333333 66.666667
88.888889 33.333333 66.666667
100.000000 33.333333 66.666667
0.000000 44.444444 66.666667
11.111111 44.444444 66.666667
22.222222 44.444444 66.666667
33.333333 44.444444 66.666667
44.444444 44.444444 66.666667
55.555556 44.444444 66.666667
66.666667 44.444444 66.666667
77.777778 44.444444 66.666667
88.888889 44.444444 66.666667
100.000000 44.444444 66.666667
0.000000 55.555556 66.666667
11.111111 55.555556 66.666667
22.222222 55.555556 66.666667
33.333333 55.555556 66.666667
44.444444 55.555556 66.666667
55.555556 55.555556 66.666667
66.666667 55.555556 66.666667
77.777778 55.555556 66.666667
88.888889 55.555556 66.666667
100.000000 55.555556 66.666667
0.000000 66.666667 66.666667
11.111111 66.666667 66.666667
22.222222 66.666667 66.666667
33.333333 66.666667 66.666667
44.444444 66.666667 66.666667
55.555556 66.666667 66.666667
66.666667 66.666667 66.666667
77.777778 66.666667 66.666667
88.888889 66.666667 66.666667
100.000000 66.666667 66.666667
0.000000 77.777778 66.666667
11.111111 77.777778 66.666667
22.222222 77.777778 66.666667
33.333333 77.777778 66.666667
44.444444 77.777778 66.666667
55.555556 77.777778 66.666667
66.666667 77.777778 66.666667
77.777778 77.777778 66.666667
88.888889 77.777778 66.666667
100.000000 77.777778 66.666667
0.000000 88.888889 66.666667
11.111111 88.888889 66.666667
22.222222 88.888889 66.666667
33.333333 88.888889 66.666667
44.444444 88.888889 66.666667
55.555556 88.888889 66.666667
66.666667 88.888889 66.666667
77.777778 88.888889 66.666667
88.888889 88.888889 66.666667
100.000000 88.888889 66.666667
0.000000 100.000000 66.666667
11.111111 100.000000 66.666667
22.222222 100.000000 66.666667
33.333333 100.000000 66.666667
44.444444 100.000000 66.666667
55.555556 100.000000 66.666667
66.666667 100.000000 66.666667
77.777778 100.000000 66.666667
88.888889 100.000000 66.666667
100.000000 100.000000 66.666667
0.000000 0.000000 77.777778
11.111111 0.000000 77.777778
22.222222 0.000000 77.777778
33.333333 0.000000 77.777778
44.444444 0.000000 77.777778
55.555556 0.000000 77.777778
66.666667 0.000000 77.777778
77.777778 0.000000 77.777778
88.888889 0.000000 77.777778
100.000000 0.000000 77.777778
0.000000 11.111111 77.777778
11.111111 11.111111 77.777778
22.222222 11.111111 77.777778
33.333333 11.111111 77.777778
44.444444 11.111111 77.777778
55.555556 11.111111 77.777778
66.666667 11.111111 77.777778
77.777778 11.111111 77.777778
88.888889 11.111111 77.777778
100.000000 11.111111 77.777778
0.000000 22.222222 77.777778
11.111111 22.222222 77.777778
22.222222 22.222222 77.777778
33.333333 22.222222 77.777778
44.444444 22.222222 77.777778
55.555556 22.222222 77.777778
66.666667 22.222222 77.777778
77.777778 22.222222 77.777778
88.888889 22.222222 77.777778
100.000000 22.222222 77.777778
0.000000 33.333333 77.777778
11.111111 33.333333 77.777778
22.222222 33.333333 77.777778
33.333333 33.333333 77.777778
44.444444 33.333333 77.777778
55.555556 33.333333 77.777778
66.666667 33.333333 77.777778
77.777778 33.333333 77.777778
88.888889 33.333333 77.777778
100.000000 33.333333 77.777778
0.000000 44.444444 77.777778
11.111111 44.444444 77.777778
22.222222 44.444444 77.777778
33.333333 44.444444 77.777778
44.444444 44.444444 77.777778
55.555556 44.444444 77.777778
66.666667 44.444444 77.777778
77.777778 44.444444 77.777778
88.888889 44.444444 77.777778
100.000000 44.444444 77.777778
0.000000 55.555556 77.777778
11.111111 55.555556 77.777778
22.222222 55.555556 77.777778
33.333333 55.555556 77.777778
44.444444 55.555556 77.777778
55.555556 55.555556 77.777778
66.666667 55.555556 77.777778
77.777778 55.555556 77.777778
88.888889 55.555556 77.777778
100.000000 55.555556 77.777778
0.000000 66.666667 77.777778
11.111111 66.666667 77.777778
22.222222 66.666667 77.777778
33.333333 66.666667 77.777778
44.444444 66.666667 77.777778
55.555556 66.666667 77.777778
66.666667 66.666667 77.777778
77.777778 66.666667 77.777778
88.888889 66.666667 77.777778
100.000000 66.666667 77.777778
0.000000 77.777778 77.777778
11.111111 77.777778 77.777778
22.222222 77.777778 77.777778
33.333333 77.777778 77.777778
44.444444 77.777778 77.777778
55.555556 77.777778 77.777778
66.666667 77.777778 77.777778
77.777778 77.777778 77.777778
88.888889 77.777778 77.777778
100.000000 77.777778 77.777778
0.000000 88.888889 77.777778
11.111111 88.888889 77.777778
22.222222 88.888889 77.777778
33.333333 88.888889 77.777778
44.444444 88.888889 77.777778
55.555556 88.888889 77.777778
66.666667 88.888889 77.777778
77.777778 88.888889 77.777778
88.888889 88.888889 77.777778
100.000000 88.888889 77.777778
0.000000 100.000000 77.777778
11.111111 100.000000 77.777778
22.222222 100.000000 77.777778
33.333333 100.000000 77.777778
44.444444 100.000000 77.777778
55.555556 100.000000 77.777778
66.666667 100.000000 77.777778
77.777778 100.000000 77.777778
88.888889 100.000000 77.777778
100.000000 100.000000 77.777778
0.000000 0.000000 88.888889
11.111111 0.000000 88.888889
22.222222 0.000000 88.888889
33.333333 0.000000 88.888889
44.444444 0.000000 88.888889
55.555556 0.000000 88.888889
66.666667 0.000000 88.888889
77.777778 0.000000 88.888889
88.888889 0.000000 88.888889
100.000000 0.000000 88.888889
0.000000 11.111111 88.888889
11.111111 11.111111 88.888889
22.222222 11.111111 88.888889
33.333333 11.111111 88.888889
44.444444 11.111111 88.888889
55.555556 11.111111 88.888889
66.666667 11.111111 88.888889
77.777778 11.111111 88.888889
88.888889 11.111111 88.888889
100.000000 11.111111 88.888889
0.000000 22.222222 88.888889
11.111111 22.222222 88.888889
22.222222 22.222222 88.888889
33.333333 22.222222 88.888889
44.444444 22.222222 88.888889
55.555556 22.222222 88.888889
66.666667 22.222222 88.888889
77.777778 22.222222 88.888889
88.888889 22.222222 88.888889
100.000000 22.222222 88.888889
0.000000 33.333333 88.888889
11.111111 33.333333 88.888889
22.222222 33.333333 88.888889
33.333333 33.333333 88.888889
44.444444 33.333333 88.888889
55.555556 33.333333 88.888889
66.666667 33.333333 88.888889
77.777778 33.333333 88.888889
88.888889 33.333333 88.888889
100.000000 33.333333 88.888889
0.000000 44.444444 88.888889
11.111111 44.444444 88.888889
22.222222 44.444444 88.888889
33.333333 44.444444 88.888889
44.444444 44.444444 88.888889
55.555556 44.444444 88.888889
66.666667 44.444444 88.888889
77.777778 44.444444 88.888889
88.888889 44.444444 88.888889
100.000000 44.444444 88.888889
0.000000 55.555556 88.888889
11.111111 55.555556 88.888889
22.222222 55.555556 88.888889
33.333333 55.555556 88.888889
44.444444 55.555556 88.888889
55.555556 55.555556 88.888889
66.666667 55.555556 88.888889
77.777778 55.555556 88.888889
88.888889 55.555556 88.888889
100.000000 55.555556 88.888889
0.000000 66.666667 88.888889
11.111111 66.666667 88.888889
22.222222 66.666667 88.888889
33.333333 66.666667 88.888889
44.444444 66.666667 88.888889
55.555556 66.666667 88.888889
66.666667 66.666667 88.888889
77.777778 66.666667 88.888889
88.888889 66.666667 88.888889
100.000000 66.666667 88.888889
0.000000 77.777778 88.888889
11.111111 77.777778 88.888889
22.222222 77.777778 88.888889
33.333333 77.777778 88.888889
44.444444 77.777778 88.888889
55.555556 77.777778 88.888889
66.666667 77.777778 88.888889
77.777778 77.777778 88.888889
88.888889 77.777778 88.888889
100.000000 77.777778 88.888889
0.000000 88.888889 88.888889
11.111111 88.888889 88.888889
22.222222 88.888889 88.888889
33.333333 88.888889 88.888889
44.444444 88.888889 88.888889
55.555556 88.888889 88.888889
66.666667 88.888889 88.888889
77.777778 88.888889 88.888889
88.888889 88.888889 88.888889
100.000000 88.888889 88.888889
0.000000 100.000000 88.888889
11.111111 100.000000 88.888889
22.222222 100.000000 88.888889
33.333333 100.000000 88.888889
44.444444 100.000000 88.888889
55.555556 100.000000 88.888889
66.666667 100.000000 88.888889
77.777778 100.000000 88.888889
88.888889 100.000000 88.888889
100.000000 100.000000 88.888889
0.000000 0.000000 100.000000
11.111111 0.000000 100.000000
22.222222 0.000000 100.000000
33.333333 0.000000 100.000000
44.444444 0.000000 100.000000
55.555556 0.000000 100.000000
66.666667 0.000000 100.000000
77.777778 0.000000 100.000000
88.888889 0.000000 100.000000
100.000000 0.000000 100.000000
0.000000 11.111111 100.000000
11.111111 11.111111 100.000000
22.222222 11.111111 100.000000
33.333333 11.111111 100.000000
44.444444 11.111111 100.000000
55.555556 11.111111 100.000000
66.666667 11.111111 100.000000
77.777778 11.111111 100.000000
88.888889 11.111111 100.000000
100.000000 11.111111 100.000000
0.000000 22.222222 100.000000
11.111111 22.222222 100.000000
22.222222 22.222222 100.000000
33.333333 22.222222 100.000000
44.444444 22.222222 100.000000
55.555556 22.222222 100.000000
66.666667 22.222222 100.000000
77.777778 22.222222 100.000000
88.888889 22.222222 100.000000
100.000000 22.222222 100.000000
0.000000 33.333333 100.000000
11.111111 33.333333 100.000000
22.222222 33.333333 100.000000
33.333333 33.333333 100.000000
44.444444 33.333333 100.000000
55.555556 33.333333 100.000000
66.666667 33.333333 100.000000
77.777778 33.333333 100.000000
88.888889 33.333333 100.000000
100.000000 33.333333 100.000000
0.000000 44.444444 100.000000
11.111111 44.444444 100.000000
22.222222 44.444444 100.000000
33.333333 44.444444 100.000000
44.444444 44.444444 100.000000
55.555556 44.444444 100.000000
66.666667 44.444444 100.000000
77.777778 44.444444 100.000000
88.888889 44.444444 100.000000
100.000000 44.444444 100.000000
0.000000 55.555556 100.000000
11.111111 55.555556 100.000000
22.222222 55.555556 100.000000
33.333333 55.555556 100.000000
44.444444 55.555556 100.000000
55.555556 55.555556 100.000000
66.666667 55.555556 100.000000
77.777778 55.555556 100.000000
88.888889 55.555556 100.000000
100.000000 55.555556 100.000000
0.000000 66.666667 100.000000
11.111111 66.666667 100.000000
22.222222 66.666667 100.000000
33.333333 66.666667 100.000000
44.444444 66.666667 100.000000
55.555556 66.666667 100.000000
66.666667 66.666667 100.000000
77.777778 66.666667 100.000000
88.888889 66.666667 100.000000
100.000000 66.666667 100.000000
0.000000 77.777778 100.000000
11.111111 77.777778 100.000000
22.222222 77.777778 100.000000
33.333333 77.777778 100.000000
44.444444 77.777778 100.000000
55.555556 77.777778 100.000000
66.666667 77.777778 100.000000
77.777778 77.777778 100.000000
88.888889 77.777778 100.000000
100.000000 77.777778 100.000000
0.000000 88.888889 100.000000
11.111111 88.888889 100.000000
22.222222 88.888889 100.000000
33.333333 88.888889 100.000000
44.444444 88.888889 100.000000
55.555556 88.888889 100.000000
66.666667 88.888889 100.000000
77.777778 88.888889 100.000000
88.888889 88.888889 100.000000
100.000000 88.888889 100.000000
0.000000 100.000000 100.000000
11.111111 100.000000 100.000000
22.222222 100.000000 100.000000
33.333333 100.000000 100.000000
44.444444 100.000000 100.000000
55.555556 100.000000 100.000000
66.666667 100.000000 100.000000
77.777778 100.000000 100.000000
88.888889 100.000000 100.000000
100.000000 100.000000 100.000000
3 470 360 460
3 471 460 470
3 471 360 460
3 470 360 471
3 252 152 151
3 262 151 152
3 252 151 262
3 252 263 152
3 252 262 263
3 162 152 263
3 162 262 152
3 263 262 162
3 162 151 152
3 262 151 162
3 151 152 51
3 52 152 162
3 52 51 152
3 51 52 162
3 262 161 162
3 252 251 262
3 252 141 251
3 141 151 251
3 141 252 151
3 251 261 262
3 261 251 151
3 261 161 262
3 151 161 261
3 161 51 162
3 151 51 161
3 161 150 261
3 150 160 261
3 160 271 261
3 271 161 261
3 160 161 271
3 160 50 161
3 160 50 150
3 50 51 161
3 50 151 51
3 150 161 151
3 40 151 50
3 40 140 151
3 140 150 151
3 40 140 150
3 50 40 150
3 241 251 252
3 241 242 141
3 242 142 141
3 252 141 142
3 242 252 142
3 241 252 242
3 240 251 241
3 240 250 251
3 140 251 250
3 240 250 140
3 130 240 140
3 130 241 140
3 230 240 130
3 230 241 130
3 341 230 240
3 341 241 230
3 240 241 341
3 241 141 140
3 40 141 151
3 140 141 40
3 140 150 251
3 261 251 150
3 232 242 231
3 342 231 242
3 342 232 231
3 343 232 342
3 243 343 232
3 243 242 232
3 343 242 243
3 343 353 242
3 353 342 242
3 343 342 353
3 332 231 342
3 221 231 332
3 121 231 221
3 121 232 231
3 222 121 232
3 221 232 222
3 121 111 222
3 111 221 222
3 121 221 111
3 332 232 221
3 332 333 232
3 343 232 333
3 333 332 343
3 343 332 342
3 222 232 332
3 322 333 222
3 322 332 333
3 332 322 222
3 122 222 232
3 122 232 233
3 223 233 122
3 223 233 222
3 122 222 223
3 222 233 333
3 343 233 232
3 243 233 343
3 243 344 343
3 243 233 344
3 344 333 343
3 333 344 233
3 221 332 222
3 142 141 131
3 131 242 142
3 242 131 241
3 130 141 241
3 130 131 141
3 230 231 130
3 241 231 230
3 241 131 231
3 120 130 231
3 120 131 130
3 20 131 120
3 20 131 121
3 10 120 20
3 21 10 20
3 21 20 121
3 11 10 21
3 22 11 21
3 22 21 122
3 22 11 122
3 122 21 121
3 11 121 122
3 11 10 121
3 120 121 10
3 120 231 121
3 121 131 232
3 242 232 131
3 242 231 131
3 142 143 253
3 143 243 253
3 243 142 253
3 243 143 142
3 164 154 153
3 54 164 154
3 54 53 154
3 164 54 53
3 153 53 164
3 53 43 154
3 153 43 53
3 143 154 43
3 42 153 143
3 42 43 153
3 143 43 42
3 144 154 143
3 144 254 154
3 143 254 144
3 153 154 254
3 153 254 253
3 142 153 253
3 143 153 142
3 243 254 143
3 243 253 254
3 244 243 254
3 133 143 244
3 243 133 244
3 143 133 243
3 144 244 254
3 143 144 244
3 152 153 142
3 42 153 152
3 41 152 142
3 52 152 41
3 52 42 152
3 41 52 42
3 142 42 41
3 142 143 42
3 43 44 154
3 44 144 154
3 43 144 44
3 143 144 43
3 54 43 154
3 53 54 43
3 141 152 142
3 142 41 141
3 141 252 152
3 41 151 40
3 30 40 141
3 30 40 41
3 30 141 41
3 151 41 51
3 51 52 41
3 40 50 51
3 151 51 40
3 242 231 241
3 33 43 44
3 34 33 44
3 34 144 44
3 34 144 33
3 143 33 144
3 143 33 43
3 31 30 41
3 30 141 31
3 42 31 41
3 142 42 31
3 142 31 141
3 122 123 233
3 123 223 233
3 122 112 123
3 112 223 123
3 212 223 112
3 212 222 223
3 112 222 212
3 122 222 112
3 20 120 130
3 30 20 130
3 30 131 130
3 30 131 20
3 102 212 112
3 102 101 212
3 1 102 112
3 1 102 101
3 112 101 1
3 101 111 212
3 112 111 101
3 111 222 212
3 121 222 122
3 122 121 111
3 111 112 122
3 113 223 123
3 112 223 113
3 113 123 12
3 112 113 12
3 122 12 123
3 111 11 122
3 1 111 112
3 1 101 111
3 0 111 101
3 1 101 0
3 0 110 111
3 110 10 111
3 0 110 10
3 10 11 111
3 0 10 11
3 1 0 11
3 112 11 1
3 22 12 122
3 11 22 12
3 112 12 11
3 399 299 298
3 288 298 399
3 288 299 298
3 399 299 288
3 919 908 909
3 808 909 919
3 808 909 908
3 919 908 808
3 871 760 860
3 760 860 870
3 871 870 760
3 970 870 860
3 971 860 970
3 971 970 870
3 971 871 860
3 870 871 971
3 303 314 313
3 304 314 303
3 414 314 304
3 303 414 304
3 303 313 414
3 324 314 424
3 324 313 314
3 424 313 324
3 414 313 424
3 414 425 314
3 425 424 314
3 414 424 425
3 325 314 425
3 325 324 314
3 425 324 325
3 424 324 425
3 969 869 979
3 868 979 969
3 868 979 869
3 969 869 868
3 675 565 575
3 675 676 565
3 575 675 676
3 576 676 565
3 576 575 565
3 676 576 575
3 325 225 224
3 336 225 325
3 336 335 225
3 436 336 325
3 335 336 436
3 435 436 325
3 435 335 436
3 335 435 325
3 224 225 335
3 224 335 325
3 125 115 226
3 125 225 115
3 225 226 115
3 225 236 226
3 237 226 236
3 237 126 226
3 236 126 237
3 126 125 226
3 136 126 236
3 136 25 126
3 25 125 126
3 25 125 136
3 236 136 125
3 236 125 235
3 124 235 125
3 114 124 125
3 225 125 114
3 124 225 114
3 235 225 124
3 236 225 336
3 336 236 235
3 335 336 235
3 224 225 235
3 235 224 335
3 235 124 224
3 214 225 114
3 325 225 214
3 214 224 325
3 113 224 214
3 113 114 224
3 214 103 113
3 103 113 114
3 214 104 103
3 104 114 103
3 214 114 104
3 124 224 114
3 124 224 113
3 113 124 114
3 213 224 214
3 103 213 214
3 102 213 103
3 102 113 213
3 103 113 102
3 324 224 213
3 324 224 223
3 213 223 324
3 113 223 213
3 223 224 123
3 124 224 123
3 123 124 113
3 15 115 116
3 15 126 115
3 16 15 116
3 16 126 15
3 116 126 16
3 116 115 226
3 126 116 226
3 125 115 126
3 102 112 213
3 112 113 213
3 13 113 12
3 13 113 2
3 12 13 2
3 112 2 12
3 2 113 103
3 2 103 102
3 102 2 112
3 11 12 1
3 1 12 2
3 102 1 2
3 200 301 300
3 311 300 200
3 311 301 300
3 200 301 311
3 34 45 35
3 145 35 34
3 145 45 35
3 34 45 145
3 80 190 90
3 191 90 80
3 191 90 190
3 80 190 191
3 41 40 51
3 116 126 127
3 16 116 127
3 26 16 127
3 126 16 26
3 126 137 127
3 137 26 127
3 136 26 137
3 25 26 136
3 25 126 26
3 136 237 236
3 137 126 237
3 136 137 237
3 247 136 236
3 247 236 347
3 347 237 236
3 348 247 347
3 448 348 347
3 448 347 458
3 457 347 458
3 457 347 447
3 458 447 457
3 448 447 458
3 337 347 447
3 448 337 447
3 448 348 337
3 337 237 347
3 348 237 337
3 248 247 348
3 237 248 348
3 247 248 237
3 136 147 247
3 137 147 247
3 147 136 137
3 137 247 237
3 338 237 227
3 237 337 227
3 337 327 227
3 327 338 227
3 337 338 327
3 448 437 337
3 437 438 337
3 437 448 438
3 438 338 337
3 448 338 438
3 348 338 448
3 348 237 338
3 228 127 227
3 128 127 228
3 238 127 128
3 228 238 128
3 238 228 227
3 237 127 238
3 237 227 127
3 338 238 227
3 348 238 338
3 237 348 238
3 216 226 227
3 116 227 226
3 216 116 226
3 217 227 116
3 217 216 227
3 106 217 116
3 216 217 106
3 216 106 116
3 226 227 327
3 216 226 327
3 327 227 217
3 327 217 216
3 137 127 238
3 238 137 237
3 116 227 127
3 126 227 116
3 126 237 227
3 337 227 226
3 236 337 226
3 347 236 346
3 336 346 236
3 346 347 336
3 337 236 336
3 347 337 336
3 337 327 326
3 226 337 326
3 316 327 216
3 316 326 327
3 216 326 316
3 216 226 326
3 104 204 103
3 214 204 103
3 104 204 214
3 467 367 478
3 468 478 367
3 367 468 467
3 468 578 478
3 468 467 578
3 588 478 578
3 488 478 588
3 488 477 478
3 588 477 488
3 578 588 477
3 467 478 477
3 578 477 467
3 487 477 377
3 488 487 377
3 588 487 488
3 477 487 588
3 488 377 478
3 477 367 377
3 478 377 367
3 477 467 367
3 376 266 276
3 377 276 266
3 376 276 377
3 366 266 376
3 367 266 366
3 367 377 266
3 366 377 367
3 366 477 377
3 487 376 377
3 476 487 477
3 587 487 476
3 587 486 487
3 476 486 587
3 486 487 376
3 376 476 486
3 477 476 376
3 477 376 366
3 477 366 467
3 467 366 367
3 488 478 589
3 589 588 488
3 468 579 478
3 568 468 578
3 568 579 468
3 578 579 568
3 579 589 478
3 579 578 589
3 588 589 578
3 689 579 589
3 579 578 689
3 699 689 589
3 699 588 589
3 689 588 699
3 689 578 588
3 265 276 266
3 265 276 376
3 366 266 265
3 265 366 376
3 883 893 894
3 793 893 894
3 794 793 894
3 783 794 894
3 783 793 794
3 793 893 783
3 893 883 783
3 783 894 784
3 784 894 884
3 783 884 784
3 783 884 883
3 995 894 884
3 995 894 994
3 984 995 994
3 884 994 984
3 995 884 984
3 883 894 994
3 884 883 994
3 893 994 894
3 893 994 883
3 782 783 883
3 893 782 883
3 793 783 782
3 793 893 782
3 293 192 292
3 293 182 292
3 282 292 182
3 282 181 292
3 182 181 282
3 181 192 292
3 182 192 181
3 283 182 293
3 283 182 183
3 293 283 183
3 183 193 182
3 293 193 183
3 192 182 193
3 293 193 192
3 82 183 182
3 193 183 82
3 192 182 82
3 82 193 192
3 293 282 182
3 283 282 182
3 293 283 282
3 282 292 293
3 381 492 491
3 381 481 492
3 481 491 492
3 480 481 380
3 480 491 481
3 380 491 480
3 380 390 491
3 390 491 391
3 390 380 391
3 391 381 491
3 380 381 391
3 370 481 381
3 370 380 481
3 380 370 381
3 371 481 381
3 371 471 481
3 370 481 471
3 371 370 471
3 381 270 371
3 260 371 270
3 260 370 371
3 270 260 370
3 380 270 370
3 280 270 380
3 280 381 380
3 270 381 280
3 370 470 481
3 581 481 470
3 581 480 481
3 581 470 480
3 370 470 480
3 370 480 380
3 391 491 492
3 381 492 391
3 360 461 361
3 350 461 360
3 450 461 350
3 450 460 461
3 350 450 460
3 360 350 460
3 460 471 461
3 361 471 360
3 472 461 471
3 472 361 461
3 471 361 472
3 23 133 123
3 134 123 133
3 124 134 23
3 234 124 134
3 123 134 234
3 224 124 234
3 123 224 234
3 23 124 123
3 33 133 23
3 33 133 134
3 23 33 134
3 22 133 123
3 12 22 23
3 13 12 23
3 13 23 123
3 113 13 123
3 122 22 123
3 33 133 22
3 22 33 23
3 333 334 344
3 334 333 233
3 243 244 344
3 233 243 244
3 244 344 234
3 233 244 234
3 234 344 334
3 223 234 334
3 223 334 233
3 223 123 234
3 133 233 234
3 134 133 234
3 122 233 133
3 22 122 133
3 924 935 824
3 924 935 934
3 824 934 924
3 834 935 934
3 834 824 935
3 934 824 834
3 931 930 920
3 820 920 931
3 820 920 930
3 931 930 820
3 481 581 591
3 580 591 581
3 580 480 591
3 470 580 581
3 470 580 480
3 491 591 480
3 592 491 591
3 481 591 592
3 492 491 592
3 492 481 592
3 582 692 592
3 582 581 692
3 592 581 582
3 581 591 692
3 591 692 592
3 581 592 481
3 951 950 940
3 951 840 940
3 840 940 950
3 951 851 840
3 851 850 840
3 951 850 851
3 850 840 950
3 951 950 850
3 619 608 719
3 608 618 719
3 729 719 618
3 729 719 619
3 618 628 729
3 629 729 628
3 618 629 628
3 629 729 619
3 518 629 618
3 519 629 518
3 519 629 619
3 518 619 519
3 618 619 518
3 618 608 619
3 608 609 709
3 719 709 608
3 719 709 609
3 619 719 609
3 508 609 619
3 608 508 609
3 618 508 619
3 608 508 618
3 509 519 619
3 609 509 619
3 509 609 508
3 519 508 509
3 519 518 508
3 508 518 618
3 503 504 604
3 614 604 503
3 614 504 604
3 503 504 614
3 920 810 921
3 920 810 910
3 921 920 910
3 911 810 910
3 800 810 911
3 800 811 810
3 911 811 800
3 811 921 810
3 911 921 811
3 910 911 921
3 277 166 266
3 166 266 276
3 177 166 277
3 177 176 166
3 277 176 177
3 176 166 276
3 277 276 176
3 377 277 266
3 276 277 377
3 507 607 617
3 606 617 607
3 606 506 617
3 607 606 506
3 607 506 507
3 517 617 506
3 506 507 517
3 618 617 517
3 507 617 618
3 518 618 517
3 518 507 618
3 517 507 518
3 607 617 618
3 607 618 507
3 607 718 708
3 608 708 718
3 607 608 708
3 607 717 718
3 717 617 718
3 717 606 617
3 717 607 606
3 617 618 718
3 618 608 718
3 607 608 618
3 719 708 718
3 608 708 719
3 728 718 618
3 728 729 718
3 628 728 618
3 628 729 728
3 729 719 718
3 818 718 707
3 818 717 718
3 818 707 717
3 707 718 708
3 607 708 707
3 606 607 707
3 606 717 707
3 507 508 518
3 507 508 608
3 607 507 608
3 708 709 809
3 819 809 709
3 708 709 819
3 808 708 809
3 808 819 809
3 808 818 819
3 818 808 708
3 818 718 819
3 718 708 819
3 818 708 707
3 628 728 617
3 618 628 617
3 717 728 718
3 617 728 717
3 751 851 862
3 750 851 751
3 750 861 851
3 751 861 750
3 861 862 851
3 761 861 751
3 862 861 761
3 751 761 862
3 750 760 861
3 760 761 861
3 750 760 761
3 751 750 761
3 952 842 942
3 831 842 841
3 831 942 842
3 831 841 942
3 952 942 841
3 852 842 952
3 741 842 852
3 741 841 842
3 852 841 741
3 851 841 852
3 851 952 841
3 962 851 852
3 962 952 851
3 952 962 852
3 751 851 852
3 752 751 852
3 752 751 862
3 852 863 752
3 863 752 862
3 852 863 862
3 861 962 851
3 862 962 861
3 963 852 862
3 973 963 862
3 972 862 973
3 972 962 862
3 973 972 962
3 963 973 962
3 952 963 962
3 852 952 963
3 952 851 951
3 962 951 952
3 961 951 851
3 962 961 951
3 861 961 851
3 972 861 862
3 971 861 972
3 971 961 861
3 972 971 961
3 962 972 961
3 943 942 932
3 832 932 943
3 832 942 932
3 842 832 943
3 842 942 832
3 953 842 943
3 943 953 942
3 953 952 942
3 853 842 953
3 742 842 853
3 742 852 842
3 752 742 853
3 741 742 752
3 741 852 742
3 751 741 752
3 751 852 741
3 852 752 853
3 853 953 852
3 852 953 952
3 751 851 741
3 851 841 741
3 840 951 841
3 851 841 951
3 851 840 841
3 941 942 831
3 831 841 941
3 952 941 942
3 840 941 841
3 840 951 941
3 952 951 941
3 648 748 637
3 648 638 748
3 537 648 637
3 537 638 648
3 637 638 537
3 638 738 748
3 637 738 638
3 737 748 738
3 747 748 737
3 747 637 748
3 737 637 747
3 738 637 737
3 914 904 915
3 804 904 915
3 914 904 804
3 814 804 915
3 804 814 914
3 925 914 915
3 924 914 925
3 924 814 925
3 914 814 924
3 815 915 925
3 815 814 915
3 825 814 815
3 925 814 825
3 925 926 815
3 926 826 815
3 825 815 826
3 926 825 826
3 825 926 925
3 926 925 915
3 916 926 915
3 916 815 915
3 926 815 916
3 804 915 815
3 804 815 814
3 194 94 93
3 83 93 194
3 83 93 94
3 194 94 83
3 650 640 751
3 750 650 640
3 650 750 751
3 740 750 640
3 740 751 640
3 850 750 740
3 840 850 740
3 840 851 740
3 860 750 850
3 860 861 850
3 750 861 860
3 961 850 861
3 961 960 850
3 960 850 950
3 961 960 950
3 961 950 951
3 851 751 740
3 650 540 640
3 651 640 650
3 650 540 651
3 641 540 640
3 651 752 641
3 752 652 641
3 651 752 652
3 642 641 652
3 642 541 641
3 652 541 642
3 652 551 541
3 551 651 541
3 550 651 551
3 661 651 550
3 551 450 550
3 450 561 550
3 551 561 450
3 561 661 550
3 551 661 561
3 661 651 662
3 551 662 661
3 662 651 652
3 551 652 662
3 541 540 641
3 651 540 541
3 751 640 651
3 651 641 751
3 741 641 640
3 751 641 741
3 740 741 640
3 751 741 740
3 841 741 740
3 840 841 740
3 650 751 651
3 873 863 974
3 973 873 863
3 974 973 873
3 963 973 863
3 974 863 963
3 973 963 974
3 974 963 964
3 864 964 974
3 864 863 964
3 864 874 863
3 873 863 874
3 974 874 873
3 874 864 974
3 863 963 964
3 636 535 536
3 525 535 636
3 536 525 636
3 425 535 525
3 425 536 535
3 526 536 425
3 526 525 536
3 425 525 526
3 597 697 587
3 698 597 587
3 697 698 597
3 687 587 697
3 687 698 587
3 697 698 687
3 586 587 597
3 597 697 586
3 687 587 586
3 586 687 697
3 289 179 189
3 178 189 289
3 178 179 189
3 289 179 178
3 387 277 287
3 287 277 388
3 288 287 388
3 288 398 287
3 288 388 398
3 398 387 287
3 387 398 388
3 377 277 387
3 377 388 277
3 377 387 388
3 286 276 176
3 186 176 287
3 186 286 176
3 186 287 286
3 276 286 287
3 177 287 176
3 287 177 277
3 276 287 387
3 276 387 377
3 187 186 176
3 187 287 186
3 177 187 176
3 287 187 177
3 175 276 176
3 286 276 175
3 186 175 176
3 286 175 186
3 374 384 385
3 274 385 384
3 375 385 274
3 485 375 385
3 485 374 385
3 475 375 485
3 475 485 374
3 375 475 374
3 375 374 264
3 274 374 264
3 375 274 264
3 384 374 274
3 385 384 395
3 384 284 395
3 284 385 395
3 274 385 284
3 274 284 384
3 394 495 395
3 384 395 394
3 494 384 495
3 494 495 394
3 393 494 394
3 383 394 393
3 393 494 383
3 283 394 383
3 384 394 283
3 383 384 283
3 494 384 383
3 385 395 495
3 485 385 495
3 384 485 495
3 384 374 485
3 366 256 367
3 367 266 256
3 155 256 266
3 155 255 256
3 266 255 155
3 255 256 366
3 266 366 255
3 156 46 56
3 156 157 46
3 157 57 46
3 57 46 56
3 157 56 57
3 156 56 157
3 45 46 35
3 145 146 35
3 45 146 145
3 36 35 146
3 36 35 46
3 146 46 36
3 45 156 146
3 56 46 45
3 156 45 56
3 157 146 156
3 257 146 157
3 257 147 146
3 258 147 257
3 258 147 158
3 158 147 157
3 258 157 158
3 257 157 258
3 147 46 146
3 157 46 147
3 136 35 146
3 25 35 136
3 25 35 36
3 136 36 25
3 136 147 36
3 147 136 146
3 37 36 147
3 37 36 47
3 47 147 37
3 47 36 46
3 147 46 47
3 37 36 137
3 37 147 137
3 136 137 36
3 125 115 114
3 125 15 126
3 15 14 115
3 125 14 15
3 114 125 14
3 4 115 14
3 4 114 115
3 14 114 4
3 322 423 312
3 323 423 322
3 323 312 423
3 322 312 323
3 312 413 313
3 412 413 312
3 412 423 413
3 422 423 412
3 322 423 422
3 422 312 322
3 412 312 422
3 423 313 413
3 313 423 323
3 212 323 312
3 212 313 323
3 312 313 212
3 313 303 413
3 303 302 413
3 313 302 303
3 302 313 312
3 412 413 302
3 412 301 312
3 201 312 301
3 302 312 201
3 301 201 302
3 412 302 301
3 715 716 615
3 616 615 716
3 616 726 615
3 716 726 616
3 716 715 726
3 725 615 726
3 725 715 615
3 726 715 725
3 101 211 201
3 212 201 211
3 101 201 212
3 111 212 211
3 101 100 211
3 111 211 100
3 111 100 101
3 100 200 210
3 110 100 210
3 220 110 210
3 220 221 210
3 110 221 220
3 221 211 210
3 110 211 221
3 111 211 110
3 110 100 111
3 200 210 211
3 201 200 211
3 100 201 200
3 100 101 201
3 0 101 100
3 110 0 100
3 32 31 42
3 142 42 32
3 32 31 142
3 300 411 311
3 401 411 300
3 401 400 411
3 300 401 400
3 410 411 400
3 300 400 410
3 310 411 410
3 300 410 310
3 200 300 310
3 210 200 310
3 210 311 310
3 210 200 311
3 421 411 310
3 421 311 411
3 310 320 421
3 320 321 421
3 321 320 310
3 321 311 421
3 310 311 321
3 320 331 330
3 330 331 431
3 320 330 431
3 320 321 331
3 321 421 431
3 420 431 421
3 430 431 420
3 430 320 431
3 420 430 320
3 320 420 421
3 321 432 331
3 431 331 432
3 321 431 432
3 332 331 321
3 321 432 332
3 342 331 332
3 342 442 331
3 332 442 342
3 332 443 442
3 443 432 442
3 332 432 443
3 441 331 442
3 330 331 441
3 441 431 330
3 442 431 441
3 442 432 431
3 221 331 220
3 321 331 221
3 220 321 221
3 330 220 331
3 320 330 220
3 220 320 321
3 320 430 330
3 430 441 431
3 440 330 441
3 440 330 430
3 441 430 440
3 221 222 211
3 212 211 222
3 121 221 110
3 110 111 121
3 302 303 403
3 402 302 403
3 402 413 403
3 412 413 402
3 412 402 302
3 413 303 403
3 211 321 210
3 211 311 321
3 210 311 211
3 310 210 321
3 200 201 301
3 311 201 301
3 211 201 311
3 210 310 320
3 220 210 320
3 221 210 321
3 400 500 510
3 410 400 510
3 410 511 510
3 411 511 410
3 411 400 511
3 500 510 511
3 400 500 511
3 402 301 302
3 401 412 402
3 411 412 401
3 411 301 412
3 401 301 411
3 402 401 301
3 331 341 441
3 331 442 341
3 452 341 442
3 452 441 341
3 442 441 452
3 201 211 312
3 211 212 312
3 202 312 212
3 202 302 312
3 202 302 201
3 101 202 201
3 202 212 101
3 104 103 3
3 114 3 104
3 114 3 103
3 404 303 304
3 414 304 404
3 404 303 414
3 14 4 3
3 14 3 114
3 104 3 4
3 114 4 104
3 16 6 5
3 15 16 5
3 115 5 15
3 116 5 115
3 6 116 16
3 116 105 5
3 105 5 106
3 206 105 106
3 206 216 106
3 206 105 216
3 105 116 216
3 106 5 6
3 116 6 106
3 214 203 314
3 213 203 214
3 314 203 213
3 214 314 213
3 303 203 313
3 314 313 203
3 304 303 203
3 204 304 203
3 314 204 304
3 204 314 214
3 103 204 203
3 213 203 103
3 102 103 203
3 202 102 203
3 102 213 202
3 303 202 203
3 302 202 303
3 302 202 313
3 313 202 213
3 313 213 314
3 97 86 96
3 197 97 96
3 196 197 96
3 196 86 96
3 197 86 196
3 97 86 197
3 24 23 34
3 24 134 34
3 134 34 23
3 124 134 24
3 24 124 14
3 13 14 124
3 24 14 13
3 23 13 124
3 24 13 23
3 264 263 364
3 263 374 364
3 374 364 264
3 273 374 263
3 273 384 374
3 274 384 273
3 263 274 273
3 263 163 274
3 163 264 274
3 153 163 263
3 264 163 153
3 153 263 264
3 263 363 364
3 262 363 263
3 262 373 363
3 262 263 373
3 373 374 363
3 263 374 373
3 374 364 363
3 253 363 364
3 264 253 364
3 154 264 153
3 154 254 264
3 254 253 264
3 153 263 253
3 253 252 363
3 263 252 253
3 252 262 363
3 262 372 272
3 261 372 262
3 271 372 261
3 271 382 372
3 382 272 372
3 282 382 271
3 282 382 272
3 271 272 282
3 261 272 271
3 161 272 261
3 161 162 272
3 162 262 272
3 384 273 373
3 484 373 383
3 374 373 484
3 384 373 374
3 484 374 384
3 384 484 383
3 273 384 383
3 272 383 373
3 272 273 383
3 262 373 273
3 372 373 262
3 372 272 373
3 271 171 272
3 271 160 171
3 60 171 160
3 61 171 60
3 61 161 171
3 60 161 61
3 160 161 60
3 172 272 171
3 161 172 171
3 162 172 161
3 172 272 273
3 162 273 172
3 162 262 273
3 474 464 363
3 364 363 464
3 474 464 364
3 374 474 364
3 474 363 373
3 374 474 373
3 162 163 273
3 163 263 273
3 152 163 162
3 152 263 153
3 52 163 152
3 42 153 52
3 52 53 163
3 153 163 53
3 52 153 53
3 63 163 52
3 52 63 53
3 164 163 63
3 63 164 53
3 264 163 164
3 164 153 264
3 42 52 53
3 43 42 53
3 265 264 164
3 164 265 154
3 254 264 265
3 265 154 254
3 271 171 282
3 172 282 272
3 182 282 172
3 182 172 171
3 282 171 182
3 383 373 372
3 272 383 372
3 546 445 556
3 556 545 445
3 656 556 546
3 656 545 556
3 546 545 656
3 435 445 545
3 446 445 435
3 546 446 445
3 546 446 435
3 545 546 435
3 410 421 521
3 421 411 521
3 420 310 410
3 420 421 410
3 320 310 420
3 411 511 521
3 511 410 521
3 510 410 521
3 510 521 511
3 521 420 531
3 420 421 531
3 521 531 421
3 621 521 510
3 621 520 521
3 620 520 621
3 620 520 510
3 621 510 620
3 410 510 520
3 420 521 520
3 410 520 420
3 630 731 631
3 731 741 631
3 741 641 631
3 630 631 641
3 641 741 630
3 730 630 741
3 620 730 630
3 731 630 620
3 731 620 730
3 841 730 741
3 841 741 731
3 841 831 730
3 831 720 730
3 720 731 730
3 831 731 720
3 831 841 731
3 842 741 731
3 832 731 831
3 732 731 832
3 732 842 731
3 832 842 732
3 942 832 831
3 401 501 511
3 400 401 501
3 400 511 501
3 400 401 511
3 522 521 421
3 411 522 421
3 522 511 521
3 412 522 411
3 412 512 522
3 411 512 412
3 511 522 512
3 401 512 411
3 401 501 512
3 511 512 501
3 720 721 831
3 710 721 720
3 711 721 710
3 711 821 721
3 710 821 711
3 720 821 710
3 821 831 721
3 720 831 821
3 621 631 620
3 731 631 621
3 630 620 631
3 721 621 620
3 621 721 731
3 731 720 620
3 720 721 620
3 832 731 721
3 821 832 721
3 821 831 832
3 530 631 641
3 520 631 530
3 520 630 631
3 530 520 630
3 530 641 630
3 642 631 742
3 531 631 642
3 530 631 531
3 540 641 530
3 430 530 540
3 440 430 540
3 440 541 540
3 430 541 440
3 530 541 430
3 541 531 641
3 530 531 541
3 531 642 641
3 652 642 752
3 742 641 752
3 752 642 742
3 741 641 742
3 731 742 631
3 742 731 732
3 842 742 732
3 550 551 540
3 551 440 540
3 440 540 550
3 551 550 440
3 650 550 540
3 661 650 651
3 650 550 661
3 652 552 541
3 663 662 652
3 663 552 652
3 662 552 663
3 662 551 552
3 552 441 541
3 551 441 552
3 431 541 441
3 531 541 431
3 430 541 531
3 431 430 531
3 551 440 441
3 631 621 632
3 621 622 632
3 622 732 632
3 622 621 732
3 631 632 732
3 732 621 631
3 731 631 732
3 732 621 731
3 622 632 521
3 631 521 632
3 620 630 520
3 520 531 530
3 521 631 531
3 521 531 520
3 622 521 621
3 531 642 541
3 420 531 431
3 420 520 530
3 430 420 530
3 522 622 521
3 622 522 511
3 620 510 610
3 621 610 620
3 610 611 510
3 721 610 621
3 611 610 721
3 621 611 721
3 611 511 510
3 621 511 611
3 621 622 511
3 521 532 531
3 632 531 532
3 631 531 632
3 521 522 532
3 522 632 532
3 622 632 522
3 421 422 532
3 422 522 532
3 421 522 422
3 531 421 532
3 611 601 500
3 601 500 501
3 611 501 601
3 511 500 501
3 612 501 611
3 612 511 501
3 611 511 612
3 610 510 500
3 611 500 610
3 600 500 601
3 611 601 600
3 610 500 600
3 611 600 610
3 330 340 230
3 341 230 330
3 240 230 340
3 341 340 240
3 331 341 330
3 441 340 341
3 330 340 441
3 940 840 830
3 941 830 940
3 951 940 941
3 841 830 941
3 841 831 830
3 720 830 831
3 720 830 730
3 730 830 840
3 741 740 730
3 740 730 840
3 30 140 40
3 30 140 141
3 220 330 230
3 331 230 220
3 331 341 230
3 97 87 86
3 197 87 86
3 97 87 197
3 220 120 231
3 331 231 221
3 341 231 331
3 341 342 231
3 342 241 242
3 341 241 342
3 220 231 230
3 120 220 221
3 121 120 221
3 120 110 220
3 120 10 110
3 332 221 321
3 442 341 342
3 120 230 130
3 120 220 230
3 43 32 42
3 132 142 243
3 143 243 132
3 132 32 142
3 132 143 32
3 33 32 143
3 33 32 43
3 31 32 132
3 21 31 32
3 21 31 132
3 22 21 32
3 21 22 132
3 33 22 32
3 33 133 32
3 132 32 133
3 22 133 132
3 143 133 33
3 143 132 133
3 130 140 30
3 30 31 131
3 132 131 142
3 21 132 131
3 31 21 131
3 470 370 360
3 471 370 360
3 470 370 471
3 250 350 360
3 361 350 360
3 351 361 250
3 350 361 351
3 240 351 250
3 240 340 351
3 340 350 351
3 240 340 350
3 250 240 350
3 260 250 360
3 260 250 361
3 371 360 260
3 361 360 371
3 371 260 361
3 370 260 360
3 471 371 361
3 261 361 250
3 251 250 361
3 150 140 250
3 261 250 150
3 371 361 261
3 371 372 361
3 261 372 371
3 372 362 361
3 261 362 372
3 261 262 362
3 251 362 262
3 351 361 362
3 351 251 361
3 352 351 362
3 251 351 352
3 362 251 352
3 251 250 351
3 260 250 261
3 260 261 371
3 362 361 472
3 372 362 472
3 371 472 471
3 372 472 371
3 260 150 250
3 150 261 260
3 342 352 242
3 241 352 342
3 242 352 241
3 362 252 352
3 251 252 362
3 241 251 352
3 353 352 252
3 353 342 352
3 252 242 353
3 453 342 352
3 343 453 353
3 342 453 343
3 463 453 352
3 464 463 353
3 464 453 463
3 464 353 453
3 353 363 352
3 353 463 363
3 362 352 363
3 362 463 352
3 363 463 362
3 353 363 252
3 262 363 362
3 473 362 363
3 473 463 362
3 474 463 473
3 464 474 463
3 252 353 253
3 353 364 253
3 353 464 364
3 474 473 363
3 373 362 372
3 473 362 373
3 473 373 474
3 452 352 342
3 452 341 352
3 452 342 442
3 241 352 341
3 191 190 291
3 191 180 291
3 290 291 180
3 290 291 190
3 180 290 190
3 80 180 190
3 181 80 180
3 81 80 181
3 191 80 81
3 181 191 81
3 180 191 181
3 193 92 192
3 82 92 192
3 193 93 82
3 93 82 92
3 193 93 92
3 62 72 73
3 63 62 73
3 63 173 73
3 62 173 63
3 173 72 73
3 62 72 173
3 271 281 382
3 271 282 281
3 392 382 281
3 392 282 382
3 281 291 392
3 291 392 292
3 281 292 291
3 292 282 392
3 282 292 281
3 94 84 83
3 184 194 83
3 84 83 184
3 194 84 184
3 94 84 194
3 93 83 82
3 193 82 83
3 93 83 193
3 194 93 193
3 194 193 83
3 91 81 80
3 191 80 91
3 91 81 191
3 382 482 371
3 372 371 482
3 271 371 261
3 271 382 371
3 382 483 482
3 483 382 372
3 472 482 483
3 472 372 482
3 473 472 483
3 473 372 472
3 483 372 473
3 472 371 482
3 391 492 392
3 381 392 391
3 382 492 392
3 382 392 381
3 482 492 382
3 381 492 482
3 472 471 482
3 471 481 482
3 481 381 482
3 381 371 271
3 281 381 271
3 281 382 381
3 60 170 70
3 60 171 70
3 170 70 171
3 60 170 171
3 71 60 70
3 60 171 71
3 181 70 71
3 182 171 181
3 71 182 171
3 182 181 71
3 181 81 70
3 81 70 80
3 80 70 180
3 180 70 170
3 181 170 180
3 181 171 170
3 191 91 90
3 80 90 91
3 92 82 81
3 92 192 81
3 192 182 81
3 182 82 81
3 273 172 173
3 162 273 173
3 62 172 162
3 72 172 62
3 72 172 183
3 183 172 173
3 72 173 183
3 62 162 173
3 82 72 71
3 82 182 71
3 72 182 71
3 82 182 72
3 81 71 70
3 82 71 81
3 92 81 91
3 192 92 91
3 192 91 191
3 192 181 191
3 160 260 270
3 160 271 270
3 271 260 270
3 271 160 260
3 392 282 393
3 282 393 382
3 493 393 382
3 493 393 392
3 483 493 382
3 482 493 483
3 482 492 493
3 492 493 392
3 192 191 292
3 271 170 281
3 170 171 281
3 160 170 271
3 60 160 170
3 171 181 281
3 181 291 281
3 291 292 191
3 191 291 181
3 281 270 381
3 280 281 381
3 170 270 280
3 180 170 280
3 180 281 280
3 170 281 180
3 270 281 271
3 160 270 170
3 160 150 260
3 293 292 393
3 282 393 293
3 392 393 292
3 294 394 395
3 284 395 294
3 384 284 394
3 284 294 394
3 291 281 391
3 281 280 391
3 291 391 280
3 290 180 280
3 290 291 280
3 390 280 391
3 380 390 280
3 291 391 392
3 290 390 391
3 291 290 391
3 290 280 390
3 355 465 365
3 355 354 465
3 365 354 355
3 364 465 354
3 364 365 465
3 354 365 364
3 390 490 491
3 480 490 491
3 380 480 490
3 390 380 490
3 564 463 574
3 463 574 464
3 464 574 564
3 454 564 464
3 453 564 454
3 353 454 464
3 353 354 454
3 354 343 454
3 353 243 354
3 344 354 243
3 344 343 354
3 353 343 243
3 453 454 343
3 453 553 564
3 554 564 553
3 665 564 554
3 665 664 564
3 554 664 665
3 553 664 554
3 664 563 564
3 553 563 664
3 453 563 553
3 463 564 563
3 453 452 563
3 462 563 452
3 463 563 462
3 452 463 462
3 452 453 463
3 473 583 573
3 483 583 473
3 483 594 583
3 594 694 583
3 694 683 583
3 683 684 583
3 694 683 684
3 584 583 684
3 694 684 584
3 584 694 594
3 483 584 594
3 483 473 584
3 584 573 583
3 574 584 473
3 574 584 573
3 463 574 473
3 463 473 573
3 563 574 573
3 563 463 573
3 564 574 563
3 573 583 683
3 573 684 683
3 573 584 684
3 464 354 454
3 464 353 354
3 593 583 482
3 593 483 583
3 492 593 482
3 492 593 493
3 594 493 593
3 594 483 593
3 493 483 594
3 472 482 583
3 472 583 573
3 473 472 573
3 483 484 584
3 473 484 483
3 484 584 474
3 473 474 484
3 474 584 574
3 474 473 574
3 474 574 463
3 453 554 564
3 453 553 554
3 587 577 576
3 587 687 576
3 577 687 587
3 677 687 576
3 677 576 577
3 687 677 577
3 953 963 952
3 853 852 963
3 953 963 853
3 283 394 393
3 282 283 383
3 282 383 393
3 293 283 393
3 284 184 183
3 173 284 183
3 173 284 184
3 73 184 183
3 73 74 184
3 74 174 184
3 73 174 74
3 173 184 174
3 173 174 73
3 72 183 83
3 83 73 183
3 72 83 73
3 83 183 184
3 84 73 83
3 74 73 84
3 74 184 84
3 61 172 71
3 162 172 61
3 161 162 61
3 171 172 71
3 61 60 71
3 283 172 273
3 173 172 283
3 273 173 283
3 293 393 394
3 294 293 394
3 294 283 293
3 294 284 283
3 272 383 283
3 273 272 283
3 273 283 284
3 284 173 274
3 284 173 273
3 173 163 274
3 162 163 62
3 63 163 173
3 63 62 163
3 51 62 52
3 51 62 162
3 62 63 52
3 71 172 72
3 72 61 71
3 72 62 61
3 50 160 60
3 50 60 61
3 51 50 61
3 62 51 61
3 194 183 193
3 294 194 193
3 293 294 193
3 294 293 183
3 294 183 194
3 993 983 994
3 893 993 994
3 893 883 993
3 883 884 984
3 984 994 983
3 883 984 983
3 993 883 983
3 662 673 663
3 562 673 662
3 662 663 562
3 563 562 673
3 563 663 673
3 562 663 563
3 460 450 560
3 561 560 460
3 550 560 561
3 550 560 450
3 460 450 561
3 450 440 550
3 551 450 440
3 570 560 670
3 671 670 570
3 560 670 671
3 571 671 570
3 560 671 571
3 560 571 460
3 570 460 560
3 570 470 571
3 470 471 571
3 471 460 571
3 570 470 460
3 581 471 571
3 581 470 471
3 570 581 571
3 470 581 570
3 494 493 594
3 483 594 494
3 483 494 493
3 650 660 550
3 661 660 550
3 660 650 661
3 470 570 580
3 581 570 580
3 542 531 532
3 531 642 532
3 642 542 532
3 653 542 642
3 653 652 542
3 642 652 653
3 541 542 652
3 541 531 542
3 431 421 532
3 542 431 532
3 541 431 542
3 693 592 692
3 582 692 693
3 593 592 582
3 693 593 592
3 583 582 693
3 583 593 582
3 694 583 693
3 694 594 593
3 693 694 593
3 482 592 582
3 593 592 482
3 482 582 583
3 695 594 694
3 584 695 694
3 595 695 584
3 695 595 594
3 484 595 584
3 494 484 594
3 494 483 484
3 595 594 484
3 595 494 594
3 595 484 494
3 893 792 892
3 782 892 893
3 781 892 782
3 781 792 892
3 782 792 781
3 793 782 792
3 893 793 792
3 790 690 680
3 791 680 790
3 791 690 680
3 790 791 690
3 561 560 571
3 461 571 471
3 461 561 571
3 460 561 461
3 471 582 472
3 482 472 582
3 481 482 582
3 471 581 582
3 581 481 582
3 593 492 592
3 472 582 583
3 683 682 582
3 572 682 683
3 572 582 682
3 673 683 572
3 673 572 573
3 683 673 573
3 583 572 573
3 583 683 582
3 583 472 572
3 471 572 472
3 571 572 471
3 571 582 572
3 581 582 571
3 472 462 572
3 462 562 572
3 562 572 461
3 451 562 462
3 561 562 451
3 561 562 461
3 451 461 561
3 462 461 451
3 361 461 462
3 351 361 462
3 352 351 462
3 362 352 462
3 472 362 462
3 561 461 572
3 561 572 571
3 493 483 383
3 483 494 383
3 393 493 383
3 494 393 493
3 383 483 373
3 484 373 483
3 384 494 484
3 452 351 462
3 341 351 452
3 241 351 341
3 241 240 351
3 342 452 453
3 473 463 462
3 473 462 472
3 473 483 373
3 272 382 383
3 393 383 382
3 573 572 562
3 462 562 573
3 462 573 472
3 563 573 462
3 563 573 562
3 452 552 563
3 552 562 563
3 452 562 552
3 451 562 452
3 351 451 452
3 461 451 351
3 361 461 351
3 474 374 484
3 451 552 452
3 451 562 552
3 693 793 682
3 683 793 682
3 793 683 693
3 683 694 693
3 581 682 582
3 681 682 581
3 681 692 682
3 681 581 692
3 693 682 692
3 793 692 792
3 682 793 792
3 682 692 792
3 793 693 692
3 441 451 452
3 441 341 451
3 341 340 451
3 450 451 340
3 450 350 451
3 340 450 350
3 350 351 451
3 450 461 451
3 681 682 571
3 581 681 571
3 582 571 682
3 683 682 672
3 572 683 672
3 571 572 672
3 671 682 672
3 571 671 672
3 681 682 671
3 571 681 671
3 590 690 691
3 590 580 691
3 580 690 691
3 590 580 690
3 873 763 773
3 873 863 763
3 863 874 763
3 874 773 873
3 874 774 763
3 773 763 774
3 874 773 774
3 790 680 780
3 791 780 790
3 791 680 780
3 580 680 691
3 690 580 680
3 690 791 691
3 791 681 680
3 691 680 681
3 791 691 681
3 570 670 680
3 670 680 681
3 570 581 681
3 671 670 681
3 580 570 680
3 570 681 580
3 580 681 691
3 591 691 692
3 581 691 692
3 581 580 691
3 590 691 591
3 490 590 591
3 491 490 591
3 590 490 480
3 590 480 580
3 681 691 692
3 691 791 792
3 681 792 691
3 791 792 681
3 880 991 981
3 880 881 991
3 881 981 991
3 870 881 880
3 870 770 881
3 871 881 770
3 870 871 770
3 871 981 881
3 971 981 871
3 970 971 981
3 970 870 981
3 870 980 981
3 980 880 981
3 870 980 880
3 980 981 991
3 880 991 980
3 771 782 882
3 772 782 882
3 872 772 882
3 871 882 872
3 881 882 871
3 881 771 882
3 871 771 881
3 872 771 871
3 771 772 872
3 782 671 772
3 661 772 671
3 661 772 771
3 660 661 771
3 660 771 670
3 670 671 771
3 560 660 670
3 660 671 560
3 661 671 660
3 781 771 671
3 782 771 781
3 670 781 671
3 680 781 670
3 680 681 781
3 681 782 781
3 671 782 681
3 670 771 781
3 781 892 882
3 993 893 892
3 993 882 892
3 893 993 882
3 782 893 882
3 881 781 882
3 771 781 881
3 872 983 982
3 972 983 872
3 972 983 982
3 971 972 982
3 971 871 982
3 972 871 971
3 972 872 871
3 882 982 871
3 882 872 982
3 993 982 983
3 882 993 983
3 993 982 882
3 872 882 983
3 981 971 982
3 981 881 982
3 881 882 982
3 981 982 992
3 991 981 992
3 991 881 992
3 992 882 982
3 892 992 881
3 882 992 892
3 781 892 881
3 891 991 992
3 881 891 991
3 892 891 992
3 881 892 891
3 348 349 449
3 339 349 449
3 439 339 449
3 439 338 449
3 339 338 439
3 349 338 339
3 238 338 349
3 349 238 348
3 338 448 449
3 459 449 448
3 459 348 449
3 448 459 348
3 791 891 780
3 781 891 791
3 792 781 791
3 792 681 782
3 670 781 780
3 680 670 780
3 881 891 781
3 881 780 891
3 771 770 871
3 781 771 770
3 770 870 880
3 780 881 880
3 770 880 780
3 780 781 770
3 780 891 880
3 881 880 891
3 790 890 891
3 791 790 891
3 790 780 890
3 780 880 890
3 991 891 890
3 980 991 990
3 880 980 990
3 990 991 890
3 880 990 890
3 980 970 981
3 980 870 970
3 993 892 992
3 882 992 993
3 791 891 892
3 792 791 892
3 993 992 982
3 868 857 968
3 867 968 857
3 868 968 867
3 867 857 757
3 767 867 757
3 767 867 868
3 757 767 868
3 868 858 857
3 858 747 857
3 746 857 747
3 746 757 857
3 747 757 746
3 858 757 747
3 868 757 858
3 968 958 857
3 847 857 958
3 847 858 857
3 848 858 847
3 848 958 858
3 847 958 848
3 958 968 858
3 858 968 868
3 561 671 672
3 561 571 672
3 561 661 671
3 661 560 660
3 550 560 661
3 873 772 762
3 873 773 762
3 773 772 873
3 763 762 773
3 662 763 762
3 662 763 773
3 772 662 773
3 661 662 762
3 661 762 772
3 672 662 772
3 661 662 672
3 782 772 672
3 792 782 682
3 691 792 692
3 682 782 672
3 661 672 561
3 660 560 550
3 561 672 562
3 673 562 672
3 673 662 672
3 662 562 561
3 661 662 561
3 863 873 762
3 863 762 763
3 960 970 860
3 961 860 960
3 961 971 860
3 960 961 971
3 960 971 970
3 636 747 736
3 637 747 636
3 636 737 637
3 737 736 747
3 636 736 737
3 744 855 845
3 754 855 744
3 755 855 754
3 744 754 755
3 755 745 855
3 644 744 755
3 645 755 644
3 645 745 755
3 645 644 745
3 744 745 644
3 845 745 744
3 856 855 745
3 845 855 856
3 745 846 856
3 845 846 745
3 956 845 856
3 846 845 956
3 957 967 856
3 967 956 856
3 957 967 956
3 846 956 957
3 857 856 846
3 857 957 856
3 967 857 867
3 968 967 867
3 967 957 857
3 968 967 957
3 958 968 957
3 847 957 958
3 846 957 847
3 746 857 846
3 746 846 847
3 758 858 747
3 758 748 858
3 758 647 748
3 647 637 748
3 647 747 637
3 758 747 647
3 748 848 858
3 747 848 748
3 747 847 848
3 646 747 746
3 647 747 646
3 647 636 747
3 636 647 646
3 746 636 646
3 736 636 746
3 746 847 736
3 737 847 747
3 736 847 737
3 632 633 643
3 743 633 632
3 743 643 633
3 642 643 743
3 743 632 642
3 642 542 643
3 543 643 542
3 543 532 643
3 532 543 542
3 532 632 643
3 642 632 631
3 643 533 633
3 532 633 533
3 644 643 543
3 644 533 643
3 544 644 543
3 534 644 544
3 534 533 644
3 544 533 534
3 543 533 544
3 532 533 543
3 632 633 532
3 647 637 648
3 758 648 748
3 647 648 758
3 553 543 542
3 442 543 553
3 432 543 442
3 432 532 543
3 431 532 432
3 432 542 431
3 442 542 432
3 552 542 442
3 442 553 552
3 653 553 542
3 663 653 552
3 664 653 663
3 654 653 664
3 654 553 653
3 664 553 654
3 663 553 664
3 552 553 663
3 552 653 652
3 552 441 542
3 441 541 542
3 441 442 552
3 543 654 643
3 654 754 643
3 754 644 643
3 654 754 644
3 544 654 644
3 654 543 544
3 642 653 643
3 543 643 653
3 553 543 653
3 634 745 645
3 634 645 644
3 734 745 634
3 845 745 734
3 844 845 734
3 844 744 845
3 734 744 844
3 634 744 734
3 633 744 634
3 633 644 744
3 533 633 634
3 643 644 633
3 634 644 533
3 753 643 653
3 754 643 753
3 754 753 653
3 653 754 654
3 653 543 654
3 736 846 847
3 846 736 746
3 652 753 642
3 652 763 753
3 764 753 763
3 764 864 753
3 854 753 864
3 854 754 753
3 864 754 854
3 764 754 864
3 653 764 754
3 653 764 763
3 663 652 763
3 663 653 763
3 743 754 643
3 754 743 753
3 642 753 743
3 845 956 946
3 845 946 846
3 957 956 946
3 947 957 846
3 947 957 946
3 836 947 846
3 836 946 947
3 946 836 846
3 746 856 745
3 745 846 746
3 857 856 746
3 645 644 544
3 645 544 534
3 645 534 634
3 634 534 533
3 636 637 647
3 654 764 653
3 653 664 764
3 765 764 664
3 654 765 764
3 664 765 654
3 870 770 760
3 770 760 871
3 871 872 761
3 872 761 771
3 771 871 761
3 960 860 850
3 871 861 971
3 760 750 860
3 872 861 871
3 862 861 872
3 872 862 761
3 771 761 760
3 770 771 760
3 973 862 872
3 983 972 973
3 984 983 973
3 974 984 973
3 984 974 873
3 983 984 873
3 873 973 872
3 983 873 872
3 943 933 944
3 943 833 944
3 833 933 944
3 943 933 833
3 540 530 640
3 641 530 640
3 720 710 820
3 720 831 820
3 831 821 820
3 821 710 820
3 523 513 512
3 412 513 523
3 522 523 512
3 412 523 522
3 402 513 412
3 402 512 513
3 402 401 512
3 402 502 513
3 512 513 502
3 401 402 502
3 501 401 502
3 612 502 501
3 612 512 502
3 511 512 612
3 934 933 823
3 934 933 923
3 824 934 823
3 924 824 823
3 924 934 923
3 823 923 924
3 822 933 923
3 812 823 822
3 812 923 823
3 822 923 812
3 822 833 933
3 833 823 933
3 823 833 822
3 832 933 822
3 832 943 933
3 943 832 833
3 722 833 832
3 832 822 722
3 722 723 833
3 723 823 833
3 722 823 723
3 722 822 823
3 813 923 823
3 812 923 813
3 813 823 712
3 712 812 813
3 822 712 823
3 711 712 822
3 711 812 712
3 811 711 822
3 811 812 711
3 822 812 811
3 930 940 830
3 930 941 830
3 930 941 940
3 931 820 830
3 931 831 820
3 830 831 931
3 720 820 830
3 930 830 820
3 941 930 931
3 830 931 941
3 711 700 701
3 711 811 700
3 811 711 701
3 801 700 811
3 801 700 701
3 811 701 801
3 901 911 900
3 800 901 900
3 910 800 900
3 910 900 911
3 800 911 910
3 801 911 800
3 901 911 801
3 800 801 901
3 800 910 810
3 800 810 700
3 811 700 800
3 810 700 811
3 902 901 801
3 802 902 801
3 912 801 802
3 902 912 802
3 912 901 801
3 902 912 901
3 920 820 810
3 820 810 921
3 920 820 921
3 720 620 610
3 710 720 610
3 711 610 710
3 611 610 711
3 711 721 611
3 801 800 700
3 801 912 811
3 922 811 912
3 921 811 922
3 922 921 911
3 912 922 911
3 901 912 911
3 720 730 620
3 711 601 611
3 712 601 711
3 712 612 601
3 612 611 601
3 712 611 612
3 711 611 712
3 711 600 610
3 700 600 711
3 700 600 701
3 701 600 601
3 702 701 601
3 602 702 601
3 712 601 602
3 702 712 602
3 701 812 702
3 812 712 702
3 701 712 812
3 701 711 712
3 710 610 600
3 700 710 600
3 810 710 700
3 710 821 810
3 821 921 810
3 821 811 921
3 821 710 811
3 710 711 811
3 821 921 820
3 710 810 820
3 812 701 811
3 762 651 751
3 752 762 751
3 651 762 752
3 931 821 921
3 920 921 931
3 831 821 931
3 821 922 822
3 932 822 922
3 821 822 932
3 921 922 821
3 921 922 932
3 931 921 932
3 941 931 942
3 942 931 932
3 942 831 932
3 821 932 831
3 822 832 721
3 722 721 711
3 722 822 721
3 712 722 711
3 712 822 722
3 821 822 711
3 932 832 822
3 801 812 811
3 912 812 801
3 922 812 912
3 922 822 812
3 732 721 731
3 732 621 721
3 612 722 611
3 722 612 712
3 621 611 722
3 732 722 832
3 621 722 732
3 400 501 500
3 604 714 614
3 604 603 714
3 604 614 603
3 613 714 603
3 724 714 613
3 724 614 714
3 623 724 613
3 623 624 724
3 613 624 623
3 624 614 724
3 613 614 624
3 603 614 613
3 740 640 630
3 730 740 630
3 530 630 640
3 433 443 544
3 443 444 544
3 433 444 443
3 444 434 544
3 434 433 544
3 444 434 433
3 311 312 322
3 422 311 322
3 412 312 311
3 311 422 412
3 553 443 543
3 453 553 442
3 453 443 553
3 442 443 453
3 433 543 443
3 433 432 543
3 332 432 433
3 332 333 443
3 433 443 333
3 322 332 433
3 323 333 433
3 322 433 323
3 222 323 333
3 212 323 222
3 212 222 322
3 212 322 211
3 211 322 311
3 411 311 412
3 301 401 300
3 223 222 333
3 223 333 323
3 202 212 213
3 202 101 102
3 213 323 223
3 212 323 213
3 324 213 214
3 324 214 314
3 323 213 324
3 424 324 323
3 313 413 424
3 413 423 424
3 423 424 323
3 222 322 211
3 633 523 533
3 633 634 523
3 634 534 523
3 533 523 534
3 503 502 613
3 513 613 502
3 502 503 513
3 614 613 513
3 514 614 513
3 503 614 514
3 503 514 513
3 503 613 603
3 604 603 503
3 502 613 603
3 502 503 603
3 612 613 602
3 602 613 603
3 502 603 602
3 501 502 602
3 601 501 602
3 612 602 712
3 512 613 612
3 513 613 512
3 702 703 803
3 802 702 803
3 903 802 803
3 903 913 803
3 902 802 903
3 902 903 913
3 912 902 913
3 912 802 913
3 813 803 913
3 802 813 913
3 802 812 813
3 712 702 813
3 701 702 802
3 801 701 802
3 812 802 912
3 703 803 813
3 713 813 702
3 814 813 713
3 814 703 813
3 714 814 713
3 704 814 714
3 804 814 704
3 804 703 814
3 704 804 703
3 714 703 704
3 713 703 714
3 712 713 702
3 612 713 712
3 612 613 713
3 613 602 713
3 602 703 713
3 702 602 703
3 713 813 712
3 603 703 713
3 602 603 703
3 613 603 713
3 656 657 556
3 556 657 557
3 546 657 557
3 546 556 557
3 646 657 546
3 646 656 657
3 546 656 646
3 703 603 704
3 603 704 714
3 603 714 713
3 703 804 803
3 703 814 803
3 814 804 803
3 943 932 933
3 822 932 933
3 813 914 803
3 814 914 813
3 904 803 914
3 904 803 804
3 904 903 803
3 914 913 813
3 914 913 903
3 904 914 903
3 922 912 923
3 812 923 922
3 812 913 923
3 913 923 912
3 812 802 913
3 798 899 799
3 788 799 798
3 788 799 899
3 798 898 788
3 898 899 788
3 798 898 899
3 612 723 722
3 612 712 723
3 723 713 823
3 813 823 713
3 712 713 723
3 932 922 933
3 923 933 922
3 597 596 697
3 586 697 596
3 597 596 586
3 622 522 512
3 511 622 512
3 612 723 623
3 622 723 612
3 622 623 723
3 633 623 622
3 634 623 633
3 634 523 623
3 523 522 623
3 633 522 523
3 632 633 622
3 533 522 633
3 532 522 533
3 522 512 623
3 523 623 512
3 513 623 523
3 613 623 513
3 613 612 623
3 622 611 621
3 622 612 611
3 724 714 713
3 723 724 713
3 613 724 723
3 612 613 723
3 724 723 623
3 834 823 833
3 723 733 833
3 733 834 833
3 723 834 733
3 824 834 723
3 823 834 934
3 823 824 713
3 724 824 723
3 714 824 724
3 714 713 824
3 814 824 714
3 813 824 814
3 813 823 824
3 936 925 926
3 825 926 936
3 824 825 935
3 824 925 825
3 935 925 824
3 936 935 925
3 836 825 936
3 836 835 825
3 936 835 836
3 935 825 835
3 946 835 936
3 936 946 935
3 946 945 835
3 845 835 945
3 845 834 835
3 945 834 845
3 834 824 835
3 824 935 835
3 934 935 945
3 944 934 945
3 844 945 944
3 844 834 945
3 834 844 944
3 833 944 934
3 833 834 944
3 934 834 833
3 946 945 935
3 946 845 835
3 945 845 946
3 933 934 944
3 622 612 722
3 621 622 722
3 814 924 824
3 813 924 814
3 923 924 813
3 913 914 924
3 923 913 924
3 722 732 833
3 732 733 833
3 722 733 732
3 622 733 722
3 623 723 733
3 622 632 733
3 632 743 733
3 743 633 733
3 633 623 733
3 734 723 733
3 723 734 623
3 633 734 733
3 623 734 633
3 732 632 733
3 734 834 733
3 723 724 734
3 724 834 734
3 824 834 724
3 814 825 824
3 935 924 925
3 928 939 828
3 928 939 938
3 828 938 928
3 838 828 939
3 938 828 838
3 949 938 939
3 938 838 949
3 839 949 939
3 839 838 939
3 949 838 839
3 839 828 939
3 838 828 839
3 706 806 705
3 706 816 705
3 815 705 816
3 815 805 705
3 816 805 815
3 805 705 806
3 816 806 805
3 706 806 816
3 949 839 849
3 838 849 949
3 838 839 849
3 819 829 929
3 818 929 819
3 818 829 929
3 718 829 818
3 718 819 829
3 806 906 805
3 915 805 815
3 915 916 805
3 916 815 816
3 806 916 816
3 906 805 916
3 906 916 806
3 304 305 405
3 415 305 405
3 315 415 304
3 315 305 415
3 304 305 315
3 404 304 405
3 304 415 404
3 515 415 405
3 404 415 515
3 505 404 405
3 505 515 405
3 404 515 505
3 516 415 405
3 526 415 516
3 526 425 415
3 425 525 415
3 515 415 525
3 526 515 525
3 516 515 526
3 506 505 405
3 506 516 405
3 505 516 506
3 515 516 505
3 314 415 414
3 314 304 415
3 515 414 415
3 514 515 404
3 514 414 515
3 414 514 404
3 425 415 414
3 315 415 425
3 425 314 315
3 315 314 304
3 414 424 525
3 424 425 525
3 414 525 515
3 624 735 625
3 735 635 625
3 624 635 735
3 524 625 635
3 624 625 524
3 635 624 524
3 706 705 605
3 716 605 706
3 716 705 605
3 816 716 706
3 715 716 816
3 715 705 716
3 816 705 715
3 606 605 505
3 616 505 606
3 616 605 505
3 606 605 616
3 569 559 459
3 458 459 569
3 458 559 459
3 559 569 458
3 545 646 546
3 646 645 656
3 645 646 545
3 655 656 645
3 545 656 655
3 755 655 645
3 755 655 644
3 644 655 544
3 544 545 655
3 544 645 545
3 756 656 646
3 646 645 756
3 655 656 756
3 766 655 756
3 766 655 755
3 755 766 756
3 645 755 756
3 109 108 8
3 9 109 8
3 19 9 8
3 119 8 19
3 9 19 119
3 109 9 119
3 119 108 8
3 219 109 119
3 219 108 119
3 109 108 219
3 958 947 948
3 958 847 948
3 847 947 948
3 958 947 847
3 569 459 469
3 458 469 569
3 458 469 459
3 536 636 647
3 646 636 536
3 546 647 646
3 547 647 546
3 547 536 647
3 546 536 547
3 646 536 546
3 769 759 659
3 658 659 769
3 658 759 659
3 769 759 658
3 508 507 407
3 518 407 508
3 518 417 407
3 517 407 417
3 517 417 518
3 406 407 517
3 406 407 507
3 517 507 406
3 648 548 659
3 548 659 549
3 549 659 649
3 649 549 548
3 649 548 648
3 759 649 659
3 658 648 659
3 759 648 658
3 749 649 759
3 749 648 759
3 649 648 749
3 717 616 617
3 716 616 717
3 716 606 616
3 717 606 716
3 616 606 506
3 516 617 616
3 515 516 616
3 505 515 616
3 616 506 505
3 516 506 517
3 516 627 617
3 627 517 617
3 627 527 517
3 527 516 517
3 627 526 527
3 526 516 527
3 626 526 627
3 626 627 516
3 515 526 626
3 515 626 516
3 627 516 616
3 626 627 616
3 615 515 626
3 505 515 615
3 605 505 615
3 615 616 605
3 626 616 615
3 505 506 606
3 305 315 316
3 206 316 205
3 206 306 316
3 205 206 306
3 306 305 316
3 205 306 305
3 205 315 305
3 315 215 316
3 205 316 215
3 315 205 215
3 205 316 216
3 215 205 216
3 216 326 215
3 305 416 316
3 305 315 416
3 416 426 316
3 416 315 426
3 426 326 316
3 315 326 426
3 315 325 326
3 325 225 326
3 215 326 225
3 225 325 215
3 325 315 215
3 306 416 316
3 305 416 306
3 325 436 326
3 436 336 326
3 226 326 336
3 336 225 226
3 115 215 216
3 115 226 215
3 116 115 216
3 226 225 215
3 808 809 909
3 919 909 809
3 808 809 919
3 808 707 708
3 808 707 818
3 519 529 629
3 518 529 629
3 519 529 518
3 637 738 627
3 637 627 638
3 628 738 638
3 638 627 628
3 728 627 738
3 628 627 728
3 739 738 628
3 739 728 738
3 729 728 739
3 629 739 729
3 639 739 629
3 739 628 639
3 529 639 629
3 529 528 629
3 539 639 529
3 539 528 529
3 639 528 539
3 628 629 528
3 528 639 628
3 529 528 518
3 618 518 628
3 518 528 628
3 926 916 927
3 816 927 926
3 917 927 816
3 917 927 916
3 816 916 917
3 926 916 816
3 706 606 707
3 717 707 706
3 717 706 606
3 819 919 809
3 818 919 808
3 818 819 919
3 917 918 928
3 917 817 928
3 918 928 817
3 917 918 817
3 729 739 839
3 728 839 729
3 728 739 839
3 829 839 939
3 929 829 939
3 929 828 939
3 829 828 929
3 829 839 828
3 806 807 907
3 906 806 907
3 906 907 917
3 916 906 917
3 916 806 917
3 917 807 907
3 806 807 917
3 808 807 918
3 818 807 808
3 818 918 807
3 818 808 918
3 908 918 907
3 807 908 907
3 917 907 918
3 807 918 917
3 808 908 807
3 919 918 908
3 818 919 918
3 716 817 816
3 716 706 817
3 706 806 817
3 806 816 817
3 927 938 937
3 827 937 927
3 827 938 937
3 828 938 827
3 928 828 827
3 928 938 927
3 827 927 928
3 928 929 939
3 818 828 928
3 819 929 919
3 919 929 918
3 918 929 928
3 918 818 928
3 717 828 818
3 717 718 828
3 829 828 718
3 717 727 828
3 727 728 828
3 716 727 717
3 616 727 716
3 616 617 727
3 617 728 727
3 829 828 728
3 728 718 829
3 817 828 827
3 818 828 817
3 818 817 918
3 917 928 927
3 917 817 927
3 827 927 817
3 717 817 706
3 717 707 817
3 807 817 707
3 706 707 807
3 806 706 807
3 807 917 817
3 816 827 927
3 816 817 827
3 827 838 938
3 727 838 827
3 727 728 838
3 728 828 838
3 717 716 827
3 716 727 827
3 717 827 817
3 818 717 817
3 826 927 816
3 826 827 927
3 726 827 826
3 727 827 726
3 616 727 726
3 716 726 826
3 715 716 826
3 815 715 826
3 815 704 715
3 604 715 704
3 604 705 715
3 704 604 705
3 805 704 705
3 804 704 805
3 905 804 805
3 906 905 805
3 905 906 916
3 905 916 915
3 904 905 915
3 905 904 804
3 704 815 804
3 826 816 926
3 706 717 716
3 808 807 707
3 936 926 937
3 826 937 936
3 826 827 937
3 927 937 926
3 926 826 936
3 958 948 959
3 958 848 959
3 948 959 848
3 847 948 848
3 946 936 947
3 937 947 836
3 937 947 936
3 836 826 937
3 825 826 836
3 946 936 836
3 949 849 959
3 948 949 959
3 949 848 948
3 848 849 959
3 949 849 848
3 739 639 749
3 638 749 739
3 638 648 749
3 638 649 648
3 649 749 639
3 639 649 638
3 739 639 638
3 738 748 749
3 648 749 748
3 739 738 749
3 618 517 628
3 528 517 518
3 527 628 517
3 527 517 528
3 638 628 527
3 638 527 528
3 538 528 639
3 538 638 528
3 639 649 538
3 649 638 538
3 539 538 528
3 649 639 539
3 549 649 539
3 549 538 539
3 549 649 538
3 739 749 849
3 839 739 849
3 949 838 848
3 848 738 849
3 838 738 848
3 839 738 838
3 739 738 839
3 738 748 849
3 749 849 748
3 958 959 969
3 968 958 969
3 968 858 969
3 858 859 969
3 859 969 959
3 858 959 859
3 848 959 858
3 859 869 969
3 858 869 969
3 859 869 858
3 756 866 867
3 766 866 756
3 766 867 866
3 756 867 766
3 867 967 977
3 966 967 977
3 976 966 977
3 976 866 977
3 966 866 976
3 967 866 966
3 866 876 977
3 876 987 977
3 988 987 977
3 978 988 977
3 978 877 977
3 988 978 877
3 988 877 987
3 987 877 876
3 866 877 876
3 877 867 977
3 866 867 877
3 856 866 967
3 857 867 856
3 856 867 756
3 855 866 856
3 855 755 866
3 856 755 855
3 756 755 856
3 765 866 755
3 765 766 866
3 755 765 766
3 745 756 645
3 745 746 756
3 746 856 756
3 865 755 866
3 855 755 865
3 865 866 966
3 965 966 855
3 865 966 965
3 965 855 865
3 856 966 866
3 956 966 856
3 956 855 966
3 845 855 956
3 956 967 966
3 976 977 987
3 876 987 976
3 865 976 866
3 865 876 976
3 866 876 865
3 955 956 966
3 956 855 955
3 965 955 966
3 955 855 965
3 956 845 955
3 845 844 955
3 844 855 955
3 844 744 855
3 645 746 756
3 645 635 746
3 635 745 746
3 634 745 635
3 635 645 634
3 757 756 646
3 757 746 756
3 647 757 646
3 747 757 647
3 635 646 645
3 635 746 646
3 857 867 756
3 857 756 757
3 967 978 977
3 967 978 867
3 978 877 867
3 995 985 996
3 895 995 996
3 896 895 996
3 885 996 896
3 895 885 896
3 995 885 895
3 885 985 996
3 995 985 885
3 945 946 956
3 845 956 945
3 836 847 947
3 837 847 836
3 837 947 847
3 836 947 837
3 947 958 957
3 846 836 736
3 737 837 847
3 736 837 737
3 736 726 837
3 726 836 837
3 736 836 726
3 965 976 975
3 865 976 975
3 966 976 965
3 864 975 965
3 864 865 975
3 864 854 865
3 965 865 854
3 864 965 854
3 754 865 864
3 855 865 754
3 854 855 844
3 744 854 844
3 854 744 754
3 955 854 965
3 855 854 955
3 743 733 732
3 742 732 632
3 743 732 742
3 642 742 632
3 642 743 742
3 742 843 853
3 853 843 842
3 732 842 843
3 742 743 843
3 743 733 843
3 833 843 733
3 833 732 843
3 953 853 964
3 954 853 953
3 953 954 964
3 854 853 954
3 964 853 854
3 954 964 854
3 853 854 843
3 854 743 843
3 743 854 853
3 642 753 742
3 743 853 753
3 752 742 753
3 863 752 753
3 863 852 853
3 863 864 853
3 864 763 753
3 763 863 753
3 864 874 763
3 854 753 853
3 964 853 864
3 864 854 964
3 963 863 853
3 963 953 964
3 832 943 843
3 953 843 943
3 853 843 953
3 832 843 833
3 843 844 944
3 833 844 843
3 834 844 833
3 954 943 944
3 954 843 944
3 943 843 954
3 874 764 864
3 774 764 874
3 774 763 764
3 743 854 754
3 763 652 752
3 863 763 752
3 954 944 955
3 956 955 945
3 844 945 845
3 945 955 944
3 954 944 844
3 854 955 954
3 854 954 844
3 854 743 844
3 733 844 743
3 733 843 844
3 853 954 843
3 953 943 954
3 996 986 997
3 886 997 996
3 886 987 997
3 987 997 986
3 886 986 987
3 885 886 996
3 875 886 885
3 876 886 875
3 876 986 886
3 875 986 876
3 885 986 875
3 996 986 885
3 954 955 965
3 964 954 965
3 864 965 964
3 996 985 986
3 985 986 875
3 875 874 985
3 885 985 874
3 875 885 874
3 995 984 985
3 884 985 995
3 884 984 985
3 974 964 975
3 864 975 974
3 965 975 964
3 876 877 776
3 776 877 766
3 766 776 876
3 766 876 866
3 766 877 767
3 867 767 766
3 767 877 878
3 867 767 878
3 978 878 877
3 878 867 978
3 865 864 875
3 764 865 875
3 764 864 865
3 864 874 875
3 874 764 875
3 984 974 985
3 995 884 885
3 774 885 884
3 875 885 774
3 774 764 875
3 884 874 774
3 884 874 984
3 984 874 974
3 975 985 974
3 874 974 975
3 975 985 875
3 865 975 875
3 864 874 975
3 764 765 875
3 876 875 765
3 976 875 876
3 976 975 875
3 766 876 765
3 755 765 865
3 765 764 865
3 754 765 755
3 764 765 754
3 798 797 787
3 898 798 797
3 898 787 797
3 898 798 787
3 799 788 688
3 799 699 688
3 698 688 699
3 799 699 698
3 798 688 698
3 799 698 798
3 798 687 688
3 687 688 788
3 798 797 687
3 787 797 687
3 787 687 788
3 898 788 787
3 695 694 795
3 684 695 795
3 794 684 795
3 794 795 694
3 694 684 794
3 694 695 684
3 896 997 897
3 886 896 897
3 896 997 886
3 887 997 897
3 886 997 887
3 786 886 897
3 786 887 897
3 786 776 887
3 776 886 887
3 786 886 776
3 876 776 887
3 876 886 887
3 775 886 876
3 876 776 775
3 775 785 886
3 785 786 886
3 785 786 775
3 775 776 786
3 775 886 885
3 875 775 885
3 764 775 875
3 765 775 764
3 665 775 765
3 665 776 775
3 765 776 665
3 765 766 776
3 672 673 773
3 662 773 673
3 772 672 773
3 784 773 783
3 784 673 773
3 784 673 783
3 673 672 783
3 783 772 773
3 772 783 672
3 663 773 774
3 663 662 773
3 663 774 673
3 884 783 773
3 884 773 874
3 784 774 884
3 784 785 774
3 785 774 674
3 785 674 784
3 674 673 774
3 784 674 673
3 796 785 896
3 795 896 796
3 785 795 796
3 895 896 795
3 785 895 795
3 785 885 896
3 784 885 785
3 784 774 885
3 894 995 895
3 894 895 884
3 784 884 895
3 785 784 895
3 896 886 786
3 796 896 786
3 785 796 786
3 775 785 885
3 996 896 886
3 663 764 774
3 663 763 662
3 663 664 764
3 775 875 774
3 774 664 775
3 765 775 664
3 663 664 774
3 785 775 774
3 665 776 766
3 765 665 766
3 489 379 389
3 378 389 489
3 378 379 389
3 489 379 378
3 889 999 989
3 888 989 889
3 999 888 989
3 889 999 888
3 896 996 997
3 968 969 979
3 868 979 968
3 869 868 858
3 868 968 978
3 967 968 978
3 878 868 978
3 867 878 868
3 968 979 978
3 979 878 978
3 868 878 979
3 999 898 998
3 988 999 998
3 888 998 988
3 988 888 999
3 888 887 998
3 887 898 998
3 888 898 887
3 999 898 888
3 987 988 998
3 997 987 998
3 897 997 998
3 898 897 998
3 897 887 898
3 876 887 987
3 976 987 986
3 975 976 986
3 985 975 986
3 887 888 988
3 987 887 988
3 999 889 899
3 999 888 899
3 888 889 899
3 897 898 797
3 787 797 897
3 898 787 897
3 897 797 786
3 786 797 787
3 786 887 787
3 887 888 787
3 788 787 888
3 899 788 888
3 999 899 898
3 777 787 887
3 887 777 888
3 788 777 787
3 778 777 788
3 778 888 788
3 777 888 778
3 776 786 787
3 777 776 787
3 776 777 887
3 889 789 788
3 789 788 899
3 889 789 899
3 889 788 778
3 777 778 878
3 888 777 878
3 878 889 778
3 989 888 878
3 989 878 889
3 889 879 779
3 789 889 779
3 789 778 779
3 889 778 789
3 879 779 778
3 878 778 879
3 889 878 879
3 547 658 557
3 657 557 658
3 547 557 657
3 647 658 547
3 758 658 647
3 758 759 658
3 758 769 759
3 769 768 658
3 869 769 758
3 869 769 768
3 758 768 869
3 768 657 658
3 768 758 657
3 647 657 758
3 647 547 657
3 547 557 546
3 647 546 657
3 648 758 759
3 558 658 547
3 558 548 658
3 547 548 558
3 548 648 658
3 547 648 548
3 647 648 547
3 537 548 547
3 537 648 548
3 647 637 537
3 547 647 537
3 657 667 668
3 557 657 668
3 557 668 558
3 669 558 668
3 669 658 668
3 558 658 669
3 558 557 547
3 768 668 658
3 768 667 657
3 778 668 768
3 768 778 667
3 678 668 778
3 667 668 678
3 678 667 778
3 779 668 768
3 769 779 768
3 769 779 879
3 769 879 768
3 768 879 778
3 678 668 779
3 779 778 678
3 869 758 759
3 859 759 869
3 859 758 869
3 748 759 758
3 859 759 748
3 758 859 748
3 859 749 759
3 849 749 859
3 849 748 859
3 779 679 668
3 679 678 668
3 789 779 679
3 689 789 679
3 689 678 679
3 789 678 689
3 789 678 788
3 788 678 778
3 869 759 769
3 499 389 399
3 388 399 499
3 288 399 388
3 288 389 399
3 388 389 288
3 499 389 388
3 369 469 359
3 358 369 359
3 358 359 469
3 368 369 358
3 368 469 358
3 369 469 368
3 396 496 497
3 386 497 396
3 386 497 486
3 496 486 497
3 386 486 496
3 386 496 385
3 396 385 496
3 386 396 385
3 599 699 589
3 588 589 599
3 699 588 599
3 579 469 479
3 579 468 479
3 368 479 468
3 368 469 479
3 468 469 368
3 568 569 468
3 579 569 568
3 469 468 569
3 579 569 469
3 458 568 468
3 568 458 569
3 469 458 468
3 349 459 449
3 349 348 459
3 489 589 479
3 478 479 489
3 589 479 478
3 488 478 489
3 489 589 488
3 656 657 757
3 756 656 757
3 758 757 657
3 868 757 758
3 758 869 868
3 858 859 848
3 849 848 859
3 737 747 848
3 838 737 848
3 738 737 838
3 837 847 848
3 838 837 848
3 727 837 838
3 726 837 727
3 726 737 837
3 727 737 726
3 738 737 727
3 728 738 727
3 729 839 829
3 719 729 829
3 819 719 829
3 709 719 819
3 608 709 708
3 735 734 835
3 834 835 734
3 733 744 844
3 734 744 733
3 845 734 735
3 946 846 835
3 836 835 846
3 836 735 835
3 846 735 836
3 846 845 735
3 745 734 735
3 846 745 735
3 724 725 825
3 614 725 724
3 614 714 725
3 715 725 714
3 715 825 725
3 815 715 714
3 815 825 715
3 714 825 815
3 814 825 714
3 835 724 825
3 735 724 835
3 724 735 734
3 743 744 854
3 743 643 744
3 643 633 744
3 624 734 634
3 624 724 734
3 635 624 634
3 534 524 635
3 534 634 524
3 645 534 635
3 513 624 524
3 513 523 624
3 524 523 513
3 634 523 524
3 623 624 523
3 514 624 524
3 614 624 514
3 623 513 624
3 524 413 514
3 412 513 413
3 413 523 412
3 423 523 413
3 423 422 523
3 422 533 523
3 422 432 533
3 432 433 533
3 433 432 422
3 433 423 533
3 423 433 422
3 423 534 533
3 423 524 534
3 423 424 524
3 424 413 524
3 413 403 514
3 403 513 514
3 413 513 403
3 504 514 403
3 504 503 514
3 403 504 503
3 402 403 503
3 502 402 503
3 754 744 743
3 644 754 744
3 637 626 737
3 636 626 637
3 626 636 736
3 625 626 736
3 625 726 626
3 725 625 736
3 725 726 625
3 735 725 736
3 835 725 735
3 835 836 725
3 836 735 736
3 726 725 836
3 627 737 626
3 627 727 737
3 627 626 727
3 626 726 727
3 826 825 725
3 726 826 725
3 724 725 835
3 826 836 726
3 715 725 614
3 714 715 614
3 814 815 714
3 728 627 727
3 626 627 637
3 726 616 626
3 627 527 638
3 959 849 859
3 758 768 868
3 869 768 868
3 768 657 767
3 767 657 656
3 766 767 656
3 655 766 656
3 867 767 756
3 767 757 756
3 757 768 767
3 768 758 757
3 868 768 757
3 837 847 948
3 838 948 949
3 837 948 838
3 938 949 948
3 937 938 948
3 947 937 948
3 726 826 837
3 827 837 826
3 827 937 837
3 938 837 937
3 938 838 837
3 838 837 827
3 422 533 522
3 411 422 421
3 311 422 411
3 414 403 514
3 403 414 413
3 524 414 514
3 424 414 524
3 303 413 414
3 303 403 414
3 265 375 275
3 375 264 275
3 264 265 275
3 265 264 375
3 265 276 275
3 276 376 275
3 376 375 275
3 265 376 365
3 365 376 375
3 265 264 365
3 364 365 264
3 364 375 365
3 264 364 375
3 254 365 265
3 354 365 254
3 364 354 254
3 264 364 254
3 679 669 569
3 579 679 569
3 679 568 579
3 669 568 569
3 578 568 679
3 578 678 568
3 679 678 578
3 567 568 678
3 567 568 668
3 667 567 668
3 567 667 678
3 668 568 669
3 679 779 669
3 779 769 668
3 769 658 668
3 558 669 659
3 558 659 548
3 659 669 769
3 779 769 669
3 578 567 568
3 578 567 678
3 689 679 578
3 579 689 679
3 94 194 195
3 84 195 94
3 84 194 195
3 567 467 568
3 568 467 468
3 577 578 467
3 577 467 567
3 578 577 567
3 357 347 457
3 357 457 468
3 468 457 458
3 357 458 468
3 358 458 347
3 358 347 357
3 458 357 358
3 587 476 477
3 587 487 588
3 588 587 477
3 322 321 432
3 332 322 432
3 332 221 322
3 221 211 322
3 211 321 322
3 444 544 554
3 554 443 444
3 543 554 544
3 554 543 654
3 664 554 654
3 443 554 453
3 433 533 544
3 421 432 532
3 321 432 421
3 421 422 321
3 321 422 322
3 323 433 423
3 674 675 564
3 574 674 675
3 564 674 574
3 575 574 675
3 564 675 575
3 564 574 575
3 575 475 465
3 464 575 475
3 464 465 475
3 565 465 464
3 565 575 465
3 564 565 464
3 564 575 464
3 564 665 565
3 665 565 676
3 665 676 675
3 665 664 675
3 664 674 675
3 563 674 664
3 563 674 564
3 586 486 476
3 586 486 475
3 475 486 476
3 585 586 475
3 585 475 575
3 596 586 585
3 596 585 595
3 696 595 585
3 596 595 696
3 596 696 586
3 696 585 686
3 586 696 686
3 686 585 575
3 586 686 575
3 575 576 475
3 575 576 586
3 476 475 576
3 576 586 476
3 588 598 488
3 498 488 598
3 387 488 498
3 387 487 488
3 387 487 498
3 598 498 487
3 598 588 587
3 597 598 487
3 597 598 587
3 486 597 487
3 597 486 596
3 596 486 586
3 576 476 587
3 586 576 687
3 566 465 565
3 566 576 465
3 576 565 566
3 476 475 465
3 465 476 576
3 555 455 566
3 556 455 566
3 455 556 555
3 556 566 666
3 656 555 666
3 656 545 555
3 545 556 555
3 666 656 556
3 565 666 566
3 555 566 565
3 665 666 565
3 665 555 565
3 655 555 665
3 655 666 555
3 655 666 665
3 564 554 565
3 554 555 565
3 554 655 555
3 544 655 554
3 544 655 654
3 654 655 665
3 664 654 665
3 498 499 398
3 388 499 398
3 498 499 388
3 387 398 498
3 387 498 388
3 488 499 388
3 589 599 488
3 699 588 598
3 598 699 599
3 498 598 599
3 489 488 599
3 489 499 488
3 599 489 499
3 498 599 499
3 378 388 377
3 378 488 388
3 377 488 378
3 387 376 276
3 387 376 487
3 454 465 565
3 455 465 454
3 455 454 565
3 455 566 465
3 455 565 555
3 564 454 565
3 554 454 453
3 444 455 555
3 454 555 444
3 444 455 454
3 454 554 555
3 544 554 555
3 545 555 444
3 545 544 555
3 434 545 444
3 434 534 545
3 544 545 534
3 433 534 434
3 433 423 534
3 443 454 554
3 443 444 454
3 562 551 552
3 663 562 552
3 662 551 562
3 551 552 451
3 450 551 451
3 365 475 465
3 375 475 365
3 375 475 476
3 375 476 365
3 365 476 366
3 466 366 476
3 365 466 366
3 466 476 465
3 365 355 466
3 355 466 455
3 566 455 466
3 576 566 466
3 576 466 465
3 455 354 465
3 455 354 355
3 454 465 464
3 656 666 655
3 364 464 475
3 375 364 475
3 464 354 364
3 344 454 455
3 344 354 454
3 455 344 354
3 552 452 553
3 450 440 451
3 440 340 451
3 330 440 340
3 452 453 553
3 342 442 453
3 663 674 664
3 673 674 663
3 563 673 674
3 698 588 598
3 598 698 699
3 688 588 698
3 578 588 688
3 688 689 578
3 699 689 688
3 577 578 688
3 577 578 678
3 688 577 678
3 789 688 678
3 799 789 689
3 799 688 789
3 699 799 689
3 440 450 340
3 598 597 698
3 687 688 587
3 697 798 698
3 797 798 697
3 797 697 687
3 588 587 688
3 455 444 344
3 443 342 442
3 343 342 443
3 444 343 443
3 333 343 444
3 333 344 444
3 687 577 688
3 588 577 587
3 578 577 588
3 444 433 333
3 332 343 443
3 674 775 675
3 774 775 674
3 665 675 776
3 776 675 786
3 775 786 675
3 665 765 664
3 589 489 599
3 74 75 175
3 64 74 75
3 64 175 75
3 64 74 175
3 64 75 65
3 175 64 65
3 176 175 65
3 176 75 65
3 75 176 186
3 85 75 186
3 185 75 85
3 186 185 85
3 74 75 185
3 74 185 175
3 186 175 185
3 174 285 175
3 285 286 175
3 286 185 175
3 285 185 286
3 174 185 285
3 184 185 174
3 184 74 185
3 64 174 175
3 74 174 64
3 186 296 185
3 296 295 185
3 295 285 185
3 296 285 295
3 296 396 285
3 386 285 396
3 386 286 285
3 386 387 286
3 387 287 286
3 287 397 286
3 398 397 287
3 387 397 398
3 387 386 397
3 397 396 286
3 386 396 397
3 396 296 286
3 297 286 296
3 186 286 297
3 296 186 297
3 164 175 64
3 164 174 175
3 63 174 164
3 63 64 164
3 173 174 63
3 63 73 74
3 63 74 64
3 163 173 174
3 164 163 174
3 187 297 186
3 298 187 287
3 298 297 187
3 297 298 287
3 398 297 287
3 397 398 297
3 296 397 297
3 296 396 397
3 386 276 286
3 386 387 276
3 498 398 397
3 387 397 498
3 396 497 397
3 498 397 497
3 498 497 387
3 387 497 386
3 288 177 277
3 287 177 288
3 287 288 277
3 279 178 278
3 279 289 178
3 289 279 278
3 288 178 289
3 289 278 288
3 288 177 178
3 177 278 178
3 277 278 177
3 378 277 388
3 378 278 277
3 389 278 378
3 389 388 278
3 489 388 389
3 378 388 489
3 288 278 388
3 499 489 389
3 377 478 378
3 479 378 478
3 479 368 378
3 368 379 378
3 479 379 368
3 479 379 489
3 369 259 269
3 369 258 269
3 258 259 269
3 369 258 259
3 196 96 95
3 85 95 196
3 85 95 96
3 196 96 85
3 294 395 295
3 294 284 295
3 284 395 295
3 389 289 278
3 389 288 289
3 54 65 55
3 54 165 55
3 165 65 55
3 54 165 65
3 198 299 199
3 188 199 198
3 198 299 188
3 88 199 188
3 88 189 199
3 78 189 88
3 78 188 189
3 78 77 188
3 77 88 188
3 78 77 88
3 189 199 299
3 299 189 188
3 78 79 189
3 79 189 179
3 78 179 79
3 78 178 179
3 78 188 178
3 178 188 289
3 299 289 189
3 289 188 299
3 297 197 196
3 296 297 196
3 296 186 196
3 86 196 186
3 197 86 186
3 187 197 186
3 297 197 187
3 189 89 199
3 88 198 188
3 198 199 98
3 88 98 198
3 98 199 99
3 88 98 99
3 99 199 89
3 88 99 89
3 78 88 89
3 79 78 89
3 79 89 189
3 157 158 268
3 157 268 258
3 259 258 158
3 159 259 158
3 269 158 159
3 259 159 269
3 258 268 269
3 168 158 269
3 268 158 168
3 268 168 269
3 57 58 47
3 158 47 57
3 158 47 148
3 48 47 148
3 158 48 148
3 48 47 58
3 158 58 48
3 169 158 168
3 169 58 158
3 168 58 169
3 57 58 168
3 157 158 57
3 157 57 168
3 157 168 268
3 257 268 258
3 267 268 257
3 267 157 268
3 367 267 257
3 367 256 267
3 367 256 257
3 156 267 256
3 257 156 256
3 257 157 156
3 166 267 156
3 166 277 267
3 277 167 267
3 177 167 277
3 66 167 177
3 56 167 66
3 56 166 167
3 55 66 56
3 55 166 56
3 65 66 55
3 54 155 55
3 165 155 54
3 155 166 55
3 165 166 155
3 166 65 165
3 166 65 66
3 177 166 66
3 156 167 166
3 167 157 267
3 157 167 156
3 166 156 56
3 157 167 56
3 44 54 55
3 44 155 55
3 154 155 44
3 44 43 54
3 165 154 155
3 154 165 54
3 175 165 64
3 64 165 164
3 265 164 165
3 276 265 165
3 276 275 165
3 164 275 265
3 275 175 165
3 274 275 164
3 274 174 275
3 164 174 274
3 174 175 275
3 379 278 378
3 379 389 278
3 378 368 268
3 379 268 368
3 267 268 278
3 378 268 267
3 167 267 278
3 178 167 278
3 178 177 167
3 277 378 267
3 279 268 379
3 279 278 268
3 389 379 279
3 289 389 279
3 385 274 275
3 375 275 274
3 375 386 275
3 386 285 275
3 385 275 285
3 396 385 285
3 386 385 375
3 286 285 275
3 276 286 275
3 387 386 376
3 375 376 386
3 276 175 275
3 174 285 274
3 274 285 385
3 379 369 269
3 279 379 269
3 279 268 269
3 369 268 379
3 368 268 369
3 368 258 369
3 358 258 257
3 368 358 258
3 357 358 257
3 458 358 468
3 469 468 358
3 357 468 368
3 357 368 257
3 368 367 267
3 257 368 367
3 368 267 378
3 479 369 379
3 469 369 479
3 377 267 367
3 377 266 267
3 156 267 266
3 256 156 266
3 276 165 176
3 176 165 175
3 163 164 274
3 196 95 195
3 84 195 85
3 94 195 95
3 84 94 95
3 85 84 95
3 196 185 195
3 85 195 185
3 186 185 196
3 86 85 186
3 96 86 85
3 296 196 195
3 295 296 195
3 295 185 195
3 194 295 195
3 194 184 195
3 185 195 184
3 174 184 285
3 184 295 285
3 194 295 184
3 284 285 184
3 284 174 285
3 173 174 284
3 385 395 285
3 396 285 395
3 396 296 295
3 395 396 295
3 284 294 184
3 194 294 295
3 194 184 294
3 395 385 396
3 84 185 85
3 84 184 185
3 74 85 75
3 74 84 85
3 55 56 45
3 156 45 55
3 166 156 55
3 75 76 65
3 176 75 76
3 176 66 65
3 66 65 76
3 176 177 66
3 177 76 66
3 176 76 177
3 77 66 177
3 77 66 76
3 87 77 76
3 87 187 76
3 188 87 77
3 188 187 87
3 77 187 188
3 77 177 187
3 186 76 187
3 176 76 186
3 86 76 187
3 87 86 187
3 187 197 87
3 75 86 76
3 85 86 75
3 86 87 76
3 187 198 87
3 298 198 197
3 297 298 197
3 198 187 298
3 198 97 197
3 98 87 97
3 198 98 97
3 198 88 87
3 88 87 98
3 88 77 87
3 298 188 187
3 198 188 298
3 298 288 188
3 177 188 288
3 177 77 188
3 77 178 78
3 177 178 77
3 389 289 399
3 399 289 299
3 299 198 298
3 288 187 298
3 288 177 187
3 166 176 65
3 399 298 398
3 499 399 398
3 297 398 298
3 368 378 478
3 589 579 479
3 368 478 367
3 368 468 367
3 368 378 367
3 377 367 378
3 55 155 156
3 256 156 155
3 165 155 266
3 166 165 266
3 78 79 68
3 78 178 68
3 178 179 68
3 69 68 179
3 69 68 79
3 179 69 79
3 25 26 15
3 14 25 15
3 25 14 125
3 16 15 26
3 269 168 169
3 169 269 159
3 58 158 159
3 159 169 58
3 159 148 48
3 158 148 159
3 59 48 159
3 59 48 58
3 169 159 59
3 69 169 59
3 69 59 58
3 169 58 69
3 178 67 167
3 178 177 67
3 177 167 67
3 56 66 67
3 57 56 67
3 57 167 67
3 56 167 57
3 77 67 66
3 77 67 178
3 67 57 168
3 157 167 168
3 167 178 168
3 178 279 168
3 279 179 168
3 289 279 179
3 169 168 179
3 68 168 169
3 69 179 169
3 69 68 169
3 67 168 68
3 78 68 67
3 77 78 67
3 68 69 58
3 57 68 58
3 57 67 68
3 279 169 179
3 279 269 169
3 268 168 278
3 178 278 168
3 267 167 268
3 167 278 268
3 25 36 26
3 36 26 137
3 105 215 216
3 105 116 115
3 104 215 105
3 105 115 104
3 104 204 215
3 315 215 204
3 315 214 215
3 204 214 315
3 214 114 215
3 115 215 114
3 114 104 115
3 225 215 214
3 325 214 315
3 324 214 325
3 325 315 425
3 314 315 204
3 317 428 327
3 317 417 428
3 417 427 428
3 427 417 317
3 427 327 428
3 316 427 317
3 316 326 427
3 326 437 427
3 327 427 437
3 438 327 437
3 337 327 438
3 336 437 326
3 337 437 336
3 317 327 216
3 206 317 216
3 206 306 317
3 306 316 317
3 105 206 205
3 104 105 205
3 204 104 205
3 315 205 204
3 216 206 217
3 206 317 217
3 328 217 317
3 328 327 217
3 318 328 317
3 318 329 328
3 329 429 328
3 329 318 429
3 428 328 429
3 318 428 429
3 317 428 318
3 428 327 328
3 339 328 329
3 439 328 339
3 329 339 439
3 329 439 429
3 428 328 439
3 439 429 428
3 538 427 437
3 538 438 427
3 538 437 438
3 327 427 438
3 357 247 257
3 357 247 358
3 258 358 247
3 258 247 147
3 147 257 247
3 48 49 38
3 149 38 48
3 49 38 149
3 159 48 149
3 159 149 49
3 59 159 49
3 59 49 48
3 349 239 249
3 238 349 249
3 238 249 138
3 239 138 249
3 238 239 138
3 349 239 238
3 309 308 208
3 319 208 309
3 319 308 208
3 309 308 319
3 434 444 445
3 444 445 334
3 334 434 444
3 334 445 335
3 446 335 445
3 335 435 446
3 334 435 335
3 435 434 445
3 324 435 334
3 434 435 324
3 323 324 434
3 323 434 334
3 223 323 334
3 223 334 324
3 556 445 555
3 444 555 445
3 535 435 434
3 545 435 535
3 534 535 434
3 545 535 534
3 549 449 438
3 559 549 449
3 459 559 449
3 458 459 448
3 448 559 458
3 549 559 448
3 448 548 438
3 538 438 548
3 539 438 538
3 539 549 438
3 549 538 548
3 448 548 549
3 438 449 439
3 338 438 439
3 549 439 449
3 549 439 438
3 448 548 437
3 537 538 437
3 638 538 537
3 638 648 538
3 548 538 648
3 537 437 548
3 57 47 46
3 157 147 47
3 158 157 47
3 44 55 45
3 155 45 44
3 155 156 45
3 208 207 107
3 218 107 208
3 218 207 107
3 208 207 218
3 242 253 243
3 242 131 132
3 242 132 232
3 232 132 243
3 252 253 242
3 252 152 253
3 153 253 152
3 244 255 144
3 254 154 255
3 155 255 154
3 155 144 255
3 154 144 155
3 355 255 244
3 355 254 255
3 354 244 355
3 254 355 365
3 344 244 354
3 364 354 253
3 353 253 354
3 24 34 35
3 25 24 35
3 146 135 35
3 136 146 135
3 136 135 25
3 25 135 24
3 34 35 135
3 24 135 124
3 124 135 134
3 145 134 135
3 145 34 135
3 245 134 145
3 144 245 145
3 244 134 245
3 244 245 355
3 255 355 245
3 255 245 144
3 144 134 244
3 144 44 145
3 45 145 44
3 44 45 34
3 34 134 144
3 246 145 135
3 246 135 146
3 145 246 256
3 257 256 246
3 357 257 246
3 357 246 247
3 247 146 246
3 257 146 247
3 156 256 146
3 256 145 146
3 254 265 255
3 265 155 255
3 265 155 154
3 365 265 255
3 356 355 255
3 356 255 366
3 456 355 356
3 466 456 356
3 355 456 466
3 466 356 366
3 355 366 466
3 365 255 366
3 355 365 366
3 265 266 155
3 265 365 366
3 155 145 144
3 156 145 155
3 156 45 145
3 136 247 246
3 136 246 146
3 156 256 145
3 144 145 255
3 255 145 256
3 406 305 306
3 416 306 406
3 406 305 416
3 329 319 219
3 218 219 329
3 218 319 219
3 329 318 218
3 208 218 318
3 208 319 218
3 308 208 318
3 419 308 318
3 319 308 419
3 419 318 319
3 329 319 318
3 4 15 5
3 105 4 5
3 105 104 4
3 4 14 15
3 329 429 319
3 419 319 429
3 419 318 429
3 506 405 406
3 506 516 406
3 516 405 406
3 304 204 305
3 205 305 204
3 309 208 209
3 319 309 209
3 208 209 319
3 239 339 229
3 228 229 239
3 228 339 229
3 239 339 228
3 635 625 736
3 614 625 624
3 614 725 625
3 614 624 725
3 624 735 725
3 635 634 735
3 734 735 634
3 745 746 735
3 736 735 746
3 635 736 746
3 406 407 417
3 416 417 517
3 517 516 416
3 415 416 516
3 415 405 416
3 305 416 405
3 405 305 406
3 507 506 406
3 306 417 416
3 306 406 417
3 307 407 417
3 306 307 407
3 316 417 306
3 416 417 316
3 416 527 417
3 527 427 417
3 416 427 527
3 426 427 416
3 426 316 427
3 317 307 417
3 306 307 317
3 406 306 407
3 317 428 418
3 318 418 428
3 307 418 318
3 318 317 307
3 307 407 418
3 417 418 407
3 417 317 418
3 528 428 418
3 538 428 528
3 427 428 538
3 538 528 427
3 528 417 427
3 417 528 418
3 546 435 535
3 646 535 545
3 536 546 535
3 635 535 646
3 524 535 635
3 524 525 535
3 514 525 524
3 515 525 514
3 515 625 525
3 504 515 514
3 504 404 515
3 504 404 505
3 605 504 505
3 604 504 605
3 705 604 605
3 716 715 605
3 715 615 605
3 715 604 615
3 604 504 615
3 514 615 504
3 615 625 515
3 514 625 615
3 614 625 514
3 625 635 525
3 635 636 525
3 625 636 635
3 626 636 625
3 724 735 624
3 647 536 637
3 636 637 536
3 526 426 537
3 527 426 526
3 527 537 426
3 627 637 527
3 627 526 637
3 637 537 527
3 536 537 547
3 526 537 536
3 636 637 526
3 626 636 526
3 626 525 625
3 526 525 626
3 535 424 435
3 424 425 435
3 425 424 535
3 536 435 425
3 546 435 536
3 645 535 534
3 645 635 535
3 534 424 535
3 414 524 525
3 423 424 534
3 558 447 557
3 457 447 557
3 558 457 568
3 568 457 557
3 558 568 557
3 558 458 457
3 558 448 447
3 448 458 558
3 548 437 447
3 437 448 447
3 557 447 547
3 548 447 547
3 558 548 448
3 437 447 547
3 437 547 537
3 725 614 615
3 715 615 614
3 614 514 615
3 603 604 704
3 638 538 527
3 538 537 527
3 526 426 536
3 437 426 537
3 437 436 426
3 447 436 437
3 446 436 447
3 547 436 446
3 547 447 446
3 547 537 436
3 436 536 426
3 537 536 436
3 726 615 625
3 706 605 606
3 436 425 426
3 425 526 426
3 435 425 436
3 546 435 436
3 547 546 436
3 446 435 436
3 547 446 557
3 557 446 546
3 427 428 438
3 539 438 428
3 528 529 428
3 529 429 428
3 429 539 428
3 529 429 539
3 419 418 429
3 318 418 419
3 529 429 418
3 529 418 528
3 537 427 527
3 426 527 427
3 446 346 336
3 446 447 336
3 346 446 447
3 347 346 447
3 436 336 447
3 325 426 315
3 436 426 325
3 537 538 427
3 517 416 527
3 517 528 417
3 415 526 426
3 425 325 426
3 415 426 416
3 423 433 434
3 424 423 434
3 424 434 324
3 324 334 335
3 324 335 224
3 403 303 404
3 504 403 404
3 446 336 335
3 526 415 416
3 527 526 416
3 518 519 418
3 519 529 418
3 417 518 418
3 407 518 418
3 529 419 429
3 307 408 418
3 407 307 408
3 407 518 408
3 518 519 408
3 408 419 418
3 519 419 408
3 529 519 419
3 409 419 408
3 519 409 419
3 509 408 409
3 519 509 409
3 508 408 509
3 407 408 508
3 307 318 207
3 318 317 207
3 317 206 207
3 206 207 307
3 306 206 307
3 6 7 107
3 117 7 107
3 6 7 117
3 106 6 107
3 6 117 106
3 217 117 107
3 106 117 217
3 207 106 107
3 207 217 107
3 206 106 207
3 307 207 308
3 307 318 308
3 308 207 208
3 218 217 207
3 318 217 218
3 318 328 217
3 218 117 107
3 218 228 117
3 228 217 117
3 217 228 218
3 107 108 218
3 107 108 208
3 219 108 208
3 219 218 108
3 209 219 208
3 209 219 319
3 409 308 419
3 409 308 309
3 419 409 309
3 309 319 419
3 409 408 308
3 318 418 308
3 408 308 418
3 408 307 308
3 16 27 17
3 127 17 16
3 27 17 127
3 16 27 127
3 18 19 8
3 119 8 18
3 19 119 18
3 117 17 118
3 17 7 118
3 7 107 118
3 117 118 107
3 6 17 7
3 17 117 6
3 119 118 8
3 108 118 119
3 7 118 108
3 108 7 8
3 8 118 18
3 7 18 8
3 128 118 117
3 17 128 117
3 18 118 128
3 17 18 128
3 7 17 18
3 218 219 118
3 219 229 118
3 229 218 118
3 218 229 219
3 18 129 118
3 19 129 119
3 29 129 19
3 29 19 18
3 28 29 18
3 28 129 18
3 29 129 28
3 229 118 129
3 129 229 119
3 219 119 118
3 229 219 119
3 218 108 118
3 107 7 108
3 228 117 118
3 129 128 18
3 229 128 129
3 128 228 118
3 228 128 229
3 329 229 218
3 329 228 229
3 339 228 329
3 339 328 228
3 328 218 228
3 329 218 328
3 128 228 117
3 328 217 228
3 239 229 129
3 139 239 129
3 29 139 129
3 39 29 28
3 38 39 28
3 139 28 38
3 39 139 38
3 29 39 139
3 28 128 129
3 128 28 139
3 239 128 139
3 228 128 239
3 339 329 229
3 329 219 229
3 17 28 18
3 27 28 17
3 27 128 17
3 28 128 27
3 138 28 38
3 149 138 139
3 39 149 139
3 49 39 38
3 39 49 149
3 148 38 149
3 37 38 148
3 37 138 38
3 37 138 148
3 149 148 138
3 128 28 138
3 139 138 239
3 138 238 128
3 238 338 228
3 338 328 228
3 327 328 338
3 327 438 328
3 428 328 438
3 539 429 439
3 549 539 439
3 238 339 338
3 239 339 238
3 239 349 339
3 48 38 37
3 47 48 37
3 47 37 148
3 48 148 149
3 38 28 27
3 38 138 27
3 128 27 138
3 217 117 227
3 328 227 228
3 327 227 328
3 127 227 117
3 17 127 117
3 138 128 127
3 138 137 27
3 137 26 27
3 16 26 27
3 137 138 127
3 37 27 26
3 36 37 26
3 38 27 37
3 37 137 138
3 127 16 117
3 16 116 117
3 116 127 117
3 16 17 6
3 138 137 238
3 209 208 108
3 109 209 108
3 209 109 219
