OFF
1014 6631 0
0.000000 0.000000 0.000000
0.000000 65.135586 85.932106
0.000000 100.000000 12.412033
0.000000 30.076044 68.894110
0.000000 29.335886 15.565696
0.000000 15.535950 100.000000
0.000000 39.790681 100.000000
0.000000 71.647066 76.897412
0.000000 33.924690 0.000000
0.000000 33.652023 84.885488
0.000000 11.765432 54.557570
0.000000 89.460682 34.520910
0.000000 86.166678 0.000000
0.000000 48.479629 38.289903
0.000000 66.769658 60.264553
0.000000 41.539530 0.000000
0.000000 19.239538 81.218374
0.000000 87.262432 87.251537
0.000000 53.280891 0.000000
0.000000 27.264978 0.000000
0.000000 0.000000 29.154309
0.000000 58.246290 79.122681
0.000000 68.135407 31.734749
0.000000 56.590682 67.830346
0.000000 18.456654 69.669391
0.000000 50.682079 51.775492
0.000000 0.000000 81.690427
0.000000 50.993552 61.278650
0.000000 26.355276 56.329550
0.000000 100.000000 82.591111
0.000000 82.829648 58.416844
0.000000 36.908326 37.972740
0.000000 18.874930 33.030744
0.000000 26.142542 100.000000
0.000000 46.842030 83.972240
0.000000 59.719325 100.000000
0.000000 58.313971 14.742041
0.000000 68.952483 10.965168
0.000000 34.881672 21.890873
0.000000 84.812004 75.475937
0.000000 43.206683 69.620509
0.000000 56.547048 26.704285
0.000000 83.941511 28.584835
0.000000 71.421832 53.060669
0.000000 100.000000 41.460506
0.000000 35.963181 51.940551
0.000000 66.955460 0.000000
0.000000 100.000000 50.743155
0.000000 10.071050 40.222707
0.000000 65.927831 45.448417
0.000000 100.000000 68.476372
0.000000 27.092472 34.627820
0.000000 24.278480 48.480568
0.000000 77.750950 89.217858
0.000000 85.355616 10.974173
0.000000 17.245214 0.000000
0.000000 0.000000 100.000000
0.000000 43.077569 46.207636
0.000000 70.119174 66.922274
0.000000 26.015675 100.000000
0.000000 0.000000 73.948785
0.000000 0.000000 48.142167
0.000000 82.879900 40.166691
0.000000 25.074040 73.479478
0.000000 86.441047 51.342716
0.000000 18.960101 21.994755
0.000000 26.795894 0.000000
0.000000 85.806030 100.000000
0.000000 55.805610 37.634139
0.000000 48.874929 20.979402
0.000000 73.785739 16.922552
0.000000 77.916677 63.678521
0.000000 100.000000 0.000000
0.000000 10.435293 12.160220
0.000000 100.000000 59.266870
0.000000 0.000000 61.101422
0.000000 0.000000 13.275130
0.000000 56.589527 46.275195
0.000000 13.762466 75.982873
0.000000 45.794255 100.000000
0.000000 66.264265 81.091788
0.000000 33.872780 77.549189
0.000000 79.349753 0.000000
0.000000 53.456060 100.000000
0.000000 60.047335 87.523478
0.000000 78.115932 48.040032
0.000000 39.364064 83.923460
0.000000 45.719268 10.902944
0.000000 100.000000 34.317170
0.000000 71.734848 27.515905
0.000000 61.679773 55.948961
0.000000 44.174118 59.797185
0.000000 100.000000 15.187632
0.000000 100.000000 100.000000
0.000000 100.000000 41.402287
0.000000 36.963166 67.032489
0.000000 76.084138 100.000000
0.000000 33.305713 59.005730
0.000000 0.000000 34.740685
0.000000 49.503472 71.197443
0.000000 18.298228 43.835562
0.000000 64.197056 23.127427
0.000000 100.000000 83.238957
0.000000 51.703795 83.929171
0.000000 60.982327 65.298115
0.000000 64.610014 33.055761
0.000000 100.000000 76.573862
0.000000 42.670541 33.648447
0.000000 100.000000 24.438931
0.000000 15.252595 100.000000
0.000000 85.493179 68.316102
0.000000 19.909130 66.964695
10.127738 54.311103 13.304800
10.388868 72.481413 39.297904
10.415316 0.000000 21.850055
10.480247 35.264926 0.000000
10.822609 20.699111 85.382074
10.901802 0.000000 100.000000
10.909665 0.000000 82.111159
10.949823 75.587990 76.471051
11.006732 0.000000 53.800100
11.022471 20.975252 35.623744
11.273548 10.630394 30.414349
11.407431 42.542617 25.045171
11.471175 81.547732 85.902776
11.492734 29.235863 85.069448
11.508355 88.622406 33.819011
11.663583 18.723055 57.438581
11.715549 84.034626 21.859818
11.806760 49.935420 41.799470
11.822441 69.873803 89.281586
11.919685 45.917017 0.000000
11.972396 22.331700 15.459556
12.050511 78.351491 32.960318
12.152139 62.585993 42.856852
12.169303 100.000000 51.088480
12.172745 55.362091 30.511237
12.282553 0.000000 68.441318
12.474745 32.583706 16.131666
12.656619 63.283259 0.000000
12.740902 10.449329 39.779679
12.756761 25.098436 48.767374
12.787854 62.108096 75.326839
13.182007 29.057132 27.076403
13.248305 58.448164 0.000000
13.320627 14.680836 21.210657
13.395121 16.141454 0.000000
13.429213 86.307065 59.331131
13.535263 36.436161 100.000000
14.586536 100.000000 0.000000
14.735884 35.813054 46.970336
14.861970 47.037540 77.886403
15.080068 30.162285 37.419857
15.103897 26.581892 57.737596
15.140455 87.226343 100.000000
15.280149 54.240813 54.345279
15.297091 100.000000 23.750816
15.533021 100.000000 84.997927
15.629817 0.000000 89.075871
15.638063 55.300999 67.088733
15.671734 83.167624 12.452194
15.695619 44.195098 65.911931
15.764285 19.982733 100.000000
15.803101 75.107231 63.429853
15.957778 11.481061 78.740035
16.030945 15.830815 50.007308
16.063710 70.664756 51.418177
16.095933 81.467461 100.000000
16.352406 0.000000 28.707622
16.622282 0.000000 0.000000
16.838206 44.779884 49.818733
16.940888 77.486223 46.041778
16.954035 10.274434 0.000000
17.258029 22.003744 0.000000
17.292597 22.485243 22.929241
17.322357 34.446365 68.101630
17.432724 36.014563 22.561305
17.456023 0.000000 46.277215
17.606927 48.982575 31.863444
17.607602 56.196764 85.724597
17.625087 45.593097 100.000000
17.743209 72.400592 0.000000
17.931477 47.842145 19.640937
17.970320 36.889347 100.000000
18.120167 100.000000 37.794469
18.138885 31.383691 0.000000
18.165607 83.295562 27.554845
18.286112 27.401577 100.000000
18.454930 0.000000 13.863105
18.655070 40.582415 15.006178
18.784978 63.515924 62.571667
18.902406 47.901205 100.000000
19.194191 65.434462 100.000000
19.238535 11.839585 27.016905
19.303838 80.219255 56.754955
19.428237 10.091922 14.503439
19.532343 84.221730 0.000000
19.580620 64.837781 81.521027
19.611020 86.825510 76.719139
19.839976 78.995004 36.443949
19.917147 48.713665 0.000000
19.923292 17.000275 34.038080
19.955871 38.956361 33.187739
19.984224 100.000000 55.983862
20.039881 58.355744 45.402445
20.148823 62.752871 52.697050
20.172030 22.756282 74.574143
20.222404 56.215325 14.907892
20.251033 79.693060 100.000000
20.276591 41.503170 41.595957
20.310177 100.000000 100.000000
20.322954 39.004954 81.558124
20.368376 42.393683 73.445882
20.383115 78.375532 70.660809
20.518065 62.592232 28.367687
20.629050 17.389895 83.506569
20.772898 26.434949 82.322463
20.804072 100.000000 68.054110
21.063798 10.017089 57.590069
21.107096 39.708642 0.000000
21.154705 0.000000 58.809284
21.249048 100.000000 25.483366
21.260330 54.687078 100.000000
21.276269 15.636514 100.000000
21.360003 0.000000 100.000000
21.373088 54.412013 23.759933
21.448292 57.807484 35.956284
21.521581 84.780390 45.132604
21.538315 100.000000 100.000000
21.757099 66.980653 13.310522
21.757575 65.351541 0.000000
21.798407 73.993293 21.568583
22.121287 57.743785 75.786636
22.131387 24.688194 15.959456
22.323261 50.289971 70.562833
22.342759 0.000000 100.000000
22.373018 0.000000 37.485684
22.380981 100.000000 12.087368
22.459003 69.774839 40.962793
22.624218 25.791560 50.550989
22.679981 87.775175 60.574047
22.867483 0.000000 65.900052
22.927969 21.089357 62.975190
23.242257 86.516498 18.236196
23.348311 47.411230 61.402444
23.433589 74.866574 100.000000
23.474990 71.002606 29.979790
23.498407 14.805114 0.000000
23.607377 100.000000 82.423818
23.939623 100.000000 20.256877
23.944491 46.491552 11.338416
24.203284 38.096481 58.372114
24.251916 69.907874 76.306983
24.365334 69.801155 89.495663
24.500011 40.934280 22.710014
24.689897 0.000000 79.657217
24.695145 49.488631 81.513164
24.941996 52.308692 54.294303
25.065645 100.000000 0.000000
25.074009 100.000000 48.742840
25.085835 32.269061 43.703628
25.229467 25.219658 31.925692
25.722574 69.452361 51.219856
26.100261 82.845611 10.374876
26.129410 0.000000 31.232362
26.169663 0.000000 71.333716
26.219502 56.575748 0.000000
26.501742 75.352803 0.000000
26.844795 80.840154 65.037044
26.871073 48.593063 45.743180
26.887351 11.866838 0.000000
27.064877 36.362580 85.968227
27.116710 57.904371 65.228878
27.135362 17.790854 42.338064
27.143090 78.622938 80.738686
27.198502 34.366171 100.000000
27.220447 100.000000 33.572397
27.254901 33.000358 18.457535
27.534094 19.093483 76.989077
27.661697 0.000000 50.299509
27.724704 0.000000 16.668845
27.761576 23.708504 100.000000
27.804703 53.808590 100.000000
27.848566 84.615620 100.000000
28.057602 0.000000 0.000000
28.128633 59.844688 47.692065
28.162221 44.321557 100.000000
28.181592 0.000000 86.734155
28.215462 80.821204 50.417236
28.259031 15.033311 57.633327
28.291156 70.654330 17.151320
28.330024 40.406013 71.293212
28.409948 60.434078 0.000000
28.538249 32.558080 76.551483
28.777648 35.557083 0.000000
28.804857 100.000000 75.824306
28.898537 17.224400 31.910692
28.908380 0.000000 40.457088
28.977369 51.897711 31.584611
29.114687 60.762089 57.325307
29.115228 100.000000 58.128962
29.154939 42.423106 51.157907
29.204863 80.016192 35.248684
29.338770 74.850547 59.367847
29.636681 100.000000 100.000000
29.782379 64.416997 79.914515
29.853905 20.675026 0.000000
29.913711 46.551827 0.000000
29.940461 100.000000 65.886763
29.951682 85.898987 0.000000
30.002549 80.059683 100.000000
30.040037 22.854700 67.719491
30.062368 69.759292 0.000000
30.194092 60.672680 38.592393
30.276598 47.491748 18.195412
30.306735 12.834890 22.137898
30.335561 71.189309 70.162581
30.368233 10.954660 76.004567
30.465812 33.526035 28.682300
30.477701 73.394619 24.961631
30.492445 70.696974 43.474411
30.534531 59.990851 20.183404
30.565440 12.639804 85.343888
31.396598 82.328993 72.811582
31.509075 54.015233 77.009269
31.579285 64.565578 100.000000
31.679041 100.000000 13.047032
31.839340 30.220536 56.231572
31.842093 13.006158 67.124638
32.064712 100.000000 0.000000
32.093111 63.094525 29.411575
32.102677 84.478596 20.178926
32.117873 31.150398 67.314489
32.252829 0.000000 57.166062
32.456200 100.000000 83.006709
32.584431 100.000000 43.487103
32.699418 42.560558 26.199059
32.873005 28.351395 100.000000
32.996409 87.682752 31.804401
33.011639 41.592182 83.008072
33.053009 88.638657 84.989197
33.093607 26.776011 0.000000
33.118501 47.572983 70.468921
33.181017 0.000000 100.000000
33.474769 0.000000 28.299423
33.479000 57.304647 87.022862
33.551739 50.246101 53.127316
33.915296 45.445428 62.214381
33.940322 45.021542 37.560806
34.078833 20.406156 86.173459
34.267236 14.056847 14.555465
34.527714 89.069365 52.402767
34.560536 27.013154 44.516343
34.565460 44.391514 0.000000
34.811038 63.779541 68.038370
34.850159 25.295224 78.509801
34.893180 50.529183 100.000000
34.947051 23.716768 19.768570
35.124163 32.099054 84.313699
35.131729 0.000000 73.910720
35.170279 34.348534 49.688317
35.284791 0.000000 100.000000
35.449874 15.421129 0.000000
35.479544 100.000000 69.394151
35.948833 41.338294 100.000000
35.996541 34.739806 38.844814
36.096775 26.912115 28.633775
36.202405 11.788108 100.000000
36.233368 13.353053 48.333076
36.247562 53.698567 16.683860
36.410532 23.349520 52.065158
36.496856 62.152762 100.000000
36.749559 100.000000 21.614246
36.908844 21.262708 100.000000
36.948018 69.278028 48.727675
36.948472 0.000000 0.000000
36.958830 77.727387 42.270690
37.089028 68.600975 33.909667
37.112169 56.694868 24.948390
37.141449 53.684123 0.000000
37.233250 53.753919 32.881102
37.254696 32.559541 0.000000
37.317720 63.887020 0.000000
37.329648 10.835697 60.271913
37.402161 0.000000 37.382160
37.483663 67.219626 85.078294
37.518780 0.000000 0.000000
37.586895 47.972499 46.062800
37.629010 66.957193 14.494395
37.682785 55.016884 69.975787
37.692845 12.197115 36.165713
37.832066 42.088533 53.728966
37.895845 73.238573 57.167627
37.977566 0.000000 84.615376
38.135786 37.150213 77.912866
38.138888 88.197420 100.000000
38.281142 47.945255 85.871258
38.652407 85.097973 0.000000
38.704895 75.274390 100.000000
38.780409 88.948571 77.351793
38.956279 77.557214 12.784941
38.968074 32.009411 18.950107
39.151698 84.202705 64.285254
39.320790 100.000000 34.274773
39.351652 79.672731 77.006734
39.357406 73.034301 65.518902
39.430315 22.764424 69.448365
39.448819 58.002054 60.558493
39.720799 14.490034 26.994906
39.820125 0.000000 17.721353
40.232278 100.000000 13.727846
40.451384 39.290827 14.153144
40.582687 35.639265 89.804202
40.663054 25.473254 0.000000
40.718159 0.000000 43.883878
41.048179 100.000000 69.451924
41.087018 79.599944 25.306091
41.336898 50.281746 77.585942
41.386617 81.660232 53.458072
41.450983 29.963965 60.874670
41.467018 88.364794 22.681754
41.488915 59.327249 52.261406
41.551368 11.968356 75.839389
41.836490 0.000000 66.576981
41.857532 100.000000 100.000000
42.025904 100.000000 55.093077
42.040692 73.613528 0.000000
42.116388 26.660371 36.822812
42.183689 52.758932 0.000000
42.380388 19.899001 15.952825
42.510435 17.677715 88.411293
42.745798 79.158385 84.763919
42.788833 38.774256 69.305468
42.797188 54.450678 88.818842
42.868669 29.463968 74.943799
42.902211 100.000000 89.905042
42.923491 70.694110 20.202811
43.118657 100.000000 64.092058
43.363190 38.832640 0.000000
43.450006 67.965977 73.454275
43.455918 0.000000 84.385411
43.557998 58.881956 81.058368
43.836826 62.953916 43.453663
44.118243 50.372756 61.663142
44.253608 35.008976 40.375020
44.347973 28.583193 50.550229
44.378189 40.749513 100.000000
44.656052 100.000000 51.738605
44.662861 15.623206 59.350410
44.671094 0.000000 24.693254
44.769331 59.126021 100.000000
44.838186 18.020510 0.000000
45.051880 100.000000 28.111425
45.255547 44.335062 34.405793
45.333284 68.293214 100.000000
45.507493 85.974014 13.119015
45.518931 100.000000 0.000000
45.586771 88.177460 30.222796
45.636846 39.283532 84.148090
45.787103 37.098822 52.021959
45.840136 0.000000 0.000000
45.916989 32.610355 100.000000
45.975821 65.069887 0.000000
45.985081 60.586763 25.149947
45.996229 76.153643 72.252196
45.996488 68.573747 28.558302
46.013333 0.000000 76.399440
46.071371 89.628171 47.138671
46.128939 0.000000 30.361471
46.167605 46.807167 0.000000
46.190284 53.967318 10.131759
46.248953 25.221733 84.747458
46.329053 69.619044 83.249263
46.414921 51.437083 47.609079
46.418324 0.000000 100.000000
46.559460 66.242961 0.000000
46.686776 33.911947 31.786714
46.948710 46.705161 25.125331
47.075073 74.047085 12.851656
47.109942 81.976945 35.756977
47.174831 27.314636 16.472954
47.214291 45.550732 100.000000
47.303919 85.674097 75.251728
47.630711 50.017492 100.000000
47.645530 0.000000 46.995379
47.872642 53.628532 39.563726
48.184335 100.000000 82.272090
48.395327 37.008577 19.868799
48.467130 82.190985 20.891027
48.469311 56.748067 67.583436
48.598322 11.346823 70.768226
48.743144 87.834827 61.730743
48.784141 78.711822 0.000000
48.796980 37.719896 11.152356
48.849515 24.473690 0.000000
48.880651 73.041904 35.901602
48.998302 100.000000 40.686096
49.125248 0.000000 58.695212
49.222059 33.440910 63.370146
49.341469 87.376435 0.000000
49.409956 68.298971 66.051769
49.596833 0.000000 16.651435
49.646076 11.274184 11.194142
49.831440 17.712518 42.654802
49.961945 0.000000 82.866135
49.985793 60.191613 33.771426
50.057124 75.883418 55.210161
50.069499 40.762875 73.084973
50.092845 49.724402 72.831806
50.371402 0.000000 100.000000
50.434423 70.696155 46.325483
50.550651 58.751572 17.410192
50.816373 55.537903 0.000000
50.871983 82.933894 100.000000
50.949481 26.822086 44.711813
51.064034 63.961430 88.408746
51.074567 100.000000 100.000000
51.108369 14.731912 100.000000
51.131178 29.917172 55.350968
51.343432 20.206798 78.589237
51.736082 18.972341 52.553685
51.747428 0.000000 38.706292
51.780754 73.753729 24.982603
51.881889 100.000000 22.644614
52.341147 0.000000 50.881574
52.473491 28.797656 28.242954
52.579506 59.594522 81.127258
52.650954 53.991718 25.017282
52.669163 61.843284 60.481939
52.835564 84.905676 54.554064
52.868084 100.000000 100.000000
52.873611 62.344176 100.000000
53.007003 37.257014 40.606967
53.036684 16.116711 0.000000
53.093475 10.382642 22.418229
53.102281 46.044427 42.403360
53.289587 46.331782 65.690963
53.324220 19.456557 70.437998
53.405570 89.764391 70.512884
53.433123 41.808794 51.893420
53.515124 20.918354 20.878063
53.608968 19.026474 29.607038
53.764953 100.000000 0.000000
54.234895 100.000000 50.074594
54.323141 0.000000 75.516062
54.367196 66.979613 39.118673
54.414066 77.334981 74.679880
54.429160 33.531304 85.000575
54.569246 63.982028 49.647554
54.698946 0.000000 65.061002
54.859577 46.822584 13.243345
54.884403 100.000000 74.684994
54.974559 65.672526 27.800761
55.031194 31.319123 17.419854
55.209760 52.255600 89.258891
55.350543 88.401730 79.513404
55.375528 36.107170 0.000000
55.393883 71.009902 10.537964
55.545056 32.204901 72.036769
55.556815 74.501728 82.988783
55.597184 89.130802 19.695395
55.696954 72.044522 100.000000
55.849687 80.503301 42.678158
55.929774 10.035011 39.067369
55.986125 51.986950 100.000000
55.996995 100.000000 59.301773
55.999820 0.000000 100.000000
56.055970 23.803524 89.052697
56.079865 61.789833 11.638216
56.089573 100.000000 33.096944
56.296045 86.681212 10.908065
56.443090 77.954132 60.841665
56.580401 89.551232 87.917671
56.600736 0.000000 27.843982
56.863925 15.039198 87.793216
56.864503 31.014539 100.000000
56.950341 43.889076 100.000000
56.976327 73.999237 0.000000
56.977699 39.328049 100.000000
56.982390 0.000000 84.457146
57.035366 19.945994 59.590469
57.458645 57.209496 65.618883
57.470273 77.281598 18.436146
57.543858 51.702529 48.123443
57.943262 86.988714 62.424342
57.997693 16.470159 45.412300
58.039818 40.525410 25.932552
58.182051 54.996104 56.902607
58.236078 48.427766 29.851843
58.717346 54.575084 76.451654
58.932263 11.428825 0.000000
59.051136 65.359060 70.540343
59.363734 86.135190 29.398757
59.418395 26.665444 0.000000
59.474490 100.000000 0.000000
59.600140 36.303397 63.951171
59.610065 57.980833 20.257122
59.751720 22.451861 37.802202
59.788279 100.000000 41.447164
59.813973 76.928762 29.313319
59.882373 58.067920 34.653487
59.914870 21.996042 0.000000
60.018049 50.253308 37.891103
60.238647 34.118034 36.623325
60.278108 43.232154 0.000000
60.639590 14.866935 53.622668
60.645456 84.209482 100.000000
60.737258 29.305085 51.484901
60.837714 0.000000 67.590709
60.848764 0.000000 0.000000
60.892792 82.187659 77.229057
60.991021 16.349310 67.889727
61.022358 65.530930 81.094802
61.064222 12.687603 26.256766
61.084480 66.846444 60.390839
61.112409 0.000000 51.977261
61.543541 39.089729 56.117837
61.616823 0.000000 100.000000
61.639661 0.000000 17.932437
61.655341 69.577633 19.832826
61.655386 100.000000 0.000000
61.697426 18.218543 18.090897
62.006625 57.330372 100.000000
62.086852 100.000000 50.659320
62.152282 68.364319 49.824939
62.179440 48.230127 66.804609
62.242654 24.969520 24.459748
62.268880 0.000000 89.816976
62.319449 0.000000 44.258167
62.454978 0.000000 76.393061
62.603715 73.476934 65.440250
62.620852 43.944476 82.687260
62.896462 100.000000 87.447555
63.106682 100.000000 100.000000
63.132351 100.000000 55.726446
63.132522 33.527441 83.188034
63.359052 81.555854 68.854514
63.423979 21.878235 100.000000
63.611276 34.482882 19.952716
63.696942 16.012424 76.373954
63.769582 64.470699 0.000000
63.822025 79.529890 0.000000
63.976431 45.431918 13.333578
64.014754 79.586316 46.470802
64.040864 0.000000 59.901412
64.266911 100.000000 44.517162
64.381568 64.018816 40.345679
64.475483 52.543852 0.000000
64.489344 65.657758 11.051414
64.536201 0.000000 100.000000
64.537561 67.987492 100.000000
64.585260 100.000000 73.003569
64.615206 57.897443 50.344918
64.658344 64.591517 26.385690
64.824104 18.188040 85.251509
65.090291 35.849126 72.402027
65.163961 100.000000 64.182747
65.209364 36.424182 100.000000
65.385938 73.123694 34.805761
65.415267 25.089558 79.844149
65.484123 100.000000 22.188748
65.624872 49.734656 100.000000
65.637175 89.904084 76.244207
65.814038 77.700363 57.351498
65.867702 0.000000 0.000000
66.084134 78.412162 89.071589
66.255910 21.537219 46.785056
66.344886 17.541987 30.948696
66.660583 23.814065 61.640975
66.663117 75.920689 100.000000
66.698408 40.954362 44.426934
66.777968 35.854967 100.000000
66.825728 44.381786 21.699775
67.092638 0.000000 56.726660
67.142505 100.000000 21.805219
67.269949 74.860853 76.696827
67.281204 0.000000 26.929974
67.372522 55.446702 0.000000
67.408370 100.000000 12.435890
67.414500 25.811076 35.168002
67.473577 87.328143 63.387021
67.483010 14.188487 38.808303
67.583966 81.842636 37.838150
67.602247 26.830689 69.614460
67.653493 100.000000 0.000000
67.679006 0.000000 69.690753
67.747241 0.000000 39.952755
67.857560 19.684457 0.000000
68.198319 47.999258 38.927477
68.251732 66.847970 66.927902
68.373176 60.471985 57.466538
68.501635 11.122891 18.937021
68.695970 72.653282 24.625050
68.820765 44.226949 54.989528
69.098070 83.875431 51.837418
69.157962 48.948121 28.898764
69.258306 53.782037 86.423994
69.308907 74.233065 0.000000
69.438413 30.208260 53.230983
69.858897 34.815071 11.966707
69.896773 0.000000 87.488554
69.924729 28.796017 0.000000
70.011791 37.299997 26.182174
70.096865 100.000000 86.304621
70.118046 74.703749 41.796472
70.169174 100.000000 31.167373
70.171832 44.848249 67.396303
70.230169 24.786538 15.365044
70.565484 71.328165 86.413490
70.589837 88.960179 34.232277
70.596289 38.545632 37.092617
70.657494 56.141467 100.000000
70.658653 14.582135 100.000000
70.997159 61.184169 74.335653
71.038946 62.994290 83.321622
71.197688 36.413968 0.000000
71.253837 13.250834 69.392376
71.305320 83.451845 26.251342
71.401466 56.251640 17.912975
71.564481 63.436545 34.315008
71.719094 19.908451 54.990202
71.788399 22.960889 100.000000
71.794972 55.480738 67.773948
71.919525 59.791572 26.655662
71.958584 87.894860 0.000000
72.081629 40.838209 100.000000
72.138650 74.203150 51.439173
72.356359 0.000000 79.065464
72.668938 83.114375 100.000000
72.680340 100.000000 11.434296
72.765308 35.473871 68.444401
72.865014 30.042967 61.801445
72.876165 100.000000 100.000000
73.020518 83.298197 44.401000
73.168117 0.000000 100.000000
73.215104 0.000000 44.110711
73.258159 49.566692 74.295277
73.272679 76.338269 62.949161
73.339581 70.674661 16.505554
73.350375 0.000000 55.545526
73.420237 41.242764 83.473893
73.448063 100.000000 52.476058
73.525818 56.019450 47.234580
73.550040 82.606455 85.657181
73.556699 14.327302 0.000000
73.654663 39.757203 60.732457
73.838834 14.069215 89.043395
74.000926 32.091708 20.256811
74.165152 0.000000 47.714770
74.231199 79.723838 70.580679
74.248369 74.470738 100.000000
74.282574 65.827075 61.130967
74.502107 68.913274 0.000000
74.570559 19.873051 29.248687
74.594888 42.588697 0.000000
74.651412 10.906254 79.717484
74.806004 33.483867 87.175364
75.020324 0.000000 17.078976
75.309244 100.000000 61.238450
75.362006 64.241959 100.000000
75.376748 25.540118 38.438663
75.562937 71.221970 74.739967
75.563385 60.493233 0.000000
75.575708 28.098195 80.261431
75.638070 10.769223 28.451476
75.651450 84.505652 18.464707
75.749026 89.671123 70.585787
75.988772 0.000000 37.074816
75.994361 55.308778 38.256286
76.022165 82.085844 35.297892
76.032260 89.121003 79.857262
76.087072 100.000000 77.571136
76.190162 32.041989 100.000000
76.260022 100.000000 42.764186
76.376688 21.020666 0.000000
76.394455 100.000000 22.207330
76.459521 58.626817 88.447755
76.512210 49.935992 55.406243
76.646425 16.569268 21.475456
76.659875 15.642807 49.314019
76.918167 67.746434 45.642519
77.011947 47.874954 100.000000
77.062325 100.000000 100.000000
77.095566 47.408474 17.574370
77.329665 71.657798 33.134718
77.543177 14.538147 61.902996
77.633661 0.000000 100.000000
77.732527 100.000000 66.377482
77.734809 80.471192 11.334492
77.904493 50.575103 30.557067
77.937694 88.634512 26.229278
78.089725 0.000000 68.288828
78.208540 29.811875 28.655110
78.218034 60.091872 80.025216
78.741547 29.703101 71.185403
78.999265 80.304217 0.000000
79.109542 44.301224 67.788171
79.169765 33.399076 47.857962
79.293031 0.000000 0.000000
79.370753 100.000000 0.000000
79.390033 83.297821 52.269879
79.524125 39.954165 27.113947
79.559884 51.879585 0.000000
80.123297 41.146612 89.659865
80.318270 10.161755 0.000000
80.407611 0.000000 29.412366
80.521337 100.000000 33.276411
80.571379 87.825104 100.000000
80.768039 37.293619 0.000000
80.919790 75.870551 21.101854
81.189354 100.000000 15.681118
81.245844 44.021514 44.067907
81.279985 16.763166 71.260892
81.301464 67.951583 0.000000
81.469328 27.868271 0.000000
81.728419 100.000000 16.382949
81.935268 100.000000 100.000000
81.966035 31.179235 55.484055
82.023297 64.905366 28.865207
82.173903 29.597239 89.559039
82.177136 40.025773 59.799672
82.183719 0.000000 45.504992
82.187518 69.116242 84.234306
82.192215 18.047559 0.000000
82.258703 0.000000 57.538245
82.271199 61.977988 63.974715
82.349417 74.478638 41.309401
82.421419 100.000000 0.000000
82.445668 14.347388 37.217491
82.542543 66.349682 19.953281
82.738919 50.287665 88.094775
82.797291 65.468941 39.457307
82.863261 84.979609 43.796636
83.111721 58.450139 49.770177
83.126302 67.095220 53.454734
83.420604 12.948158 100.000000
83.459689 37.362398 71.268380
83.468883 35.861260 100.000000
83.603983 75.411389 100.000000
83.676348 85.012996 32.636818
83.751476 22.152803 84.749002
83.809909 100.000000 56.260835
83.829839 85.907029 83.228800
83.962176 0.000000 18.485186
83.970828 26.211768 40.761067
83.997282 81.233447 67.760880
84.012790 77.023214 60.268085
84.056013 55.937582 25.795000
84.192317 100.000000 82.911240
84.221051 62.259465 88.963707
84.370782 24.840328 75.121583
84.542795 25.938030 22.341977
84.589642 76.202529 80.204166
84.608369 37.171650 38.257784
84.717239 42.678710 19.774592
84.741986 80.056000 100.000000
84.919413 21.061789 100.000000
85.049379 17.376497 22.711064
85.438114 53.471449 75.330379
85.521179 35.600264 13.654470
85.525994 100.000000 40.179881
85.592324 23.643023 61.888712
85.772297 0.000000 11.652863
85.863363 14.966979 50.379106
85.867490 44.571596 80.181456
85.906585 52.573222 65.242694
86.012343 0.000000 81.066506
86.180608 0.000000 71.126458
86.443655 17.545192 12.939823
86.504749 100.000000 59.884579
86.531634 55.914310 0.000000
86.617472 82.685141 13.242027
86.621871 46.463474 0.000000
86.656618 100.000000 50.066101
86.922457 37.523827 85.156716
86.966832 58.599473 35.658628
87.639926 100.000000 72.389778
87.900038 14.942291 61.489673
88.046949 0.000000 33.659583
88.126105 69.722724 62.957444
88.147692 47.929981 38.505709
88.150621 0.000000 100.000000
88.454226 80.319105 0.000000
88.515047 73.805781 51.609696
88.516151 61.736243 76.103913
88.594094 100.000000 100.000000
88.861646 100.000000 22.016727
88.914437 16.953950 78.079305
88.948786 48.852946 25.247557
89.118407 43.458279 68.788685
89.236989 85.793213 23.327993
89.420927 23.349341 48.301902
89.575564 68.500820 100.000000
89.659160 27.438292 32.552630
89.779893 17.138710 32.102361
89.813339 69.022353 25.031716
89.822433 45.585270 46.621554
89.828584 72.187524 72.756151
89.936048 13.628756 100.000000
89.971776 21.667312 69.368850
100.000000 74.489121 11.226525
100.000000 100.000000 12.050407
100.000000 51.740329 54.568645
100.000000 10.424921 0.000000
100.000000 76.686180 30.757776
100.000000 32.313858 46.935198
100.000000 51.243689 16.127428
100.000000 0.000000 56.270316
100.000000 36.345568 55.744173
100.000000 54.806513 100.000000
100.000000 67.233124 36.864444
100.000000 39.268626 24.669244
100.000000 82.399211 71.958986
100.000000 34.014484 71.073657
100.000000 19.631598 0.000000
100.000000 10.110008 69.353512
100.000000 89.517983 0.000000
100.000000 11.681195 21.948512
100.000000 14.547610 100.000000
100.000000 100.000000 86.031974
100.000000 50.345994 86.654709
100.000000 66.026242 55.181277
100.000000 42.653831 100.000000
100.000000 100.000000 0.000000
100.000000 82.588689 87.409173
100.000000 85.799973 100.000000
100.000000 63.453737 46.829981
100.000000 86.415117 44.529521
100.000000 26.463424 83.135763
100.000000 37.668792 0.000000
100.000000 100.000000 70.130457
100.000000 64.368141 11.817597
100.000000 40.718532 80.159590
100.000000 21.151741 57.732387
100.000000 28.771234 100.000000
100.000000 54.566150 70.509145
100.000000 29.237989 63.033926
100.000000 24.950729 16.154661
100.000000 84.766915 63.792330
100.000000 57.726196 60.170297
100.000000 76.932397 39.548427
100.000000 55.067234 41.468709
100.000000 0.000000 41.847248
100.000000 35.972813 11.820161
100.000000 100.000000 34.104907
100.000000 0.000000 73.312853
100.000000 66.226727 0.000000
100.000000 24.248003 38.464026
100.000000 44.311665 0.000000
100.000000 0.000000 22.929764
100.000000 54.476786 0.000000
100.000000 82.422230 79.318436
100.000000 0.000000 31.923014
100.000000 100.000000 53.906739
100.000000 16.641240 44.064422
100.000000 77.157018 0.000000
100.000000 100.000000 42.867791
100.000000 42.586115 56.252565
100.000000 63.514995 89.238755
100.000000 30.173094 25.367458
100.000000 89.679064 13.191579
100.000000 26.533773 51.884334
100.000000 63.930488 65.403200
100.000000 40.382706 46.018655
100.000000 40.771815 89.422605
100.000000 76.223470 100.000000
100.000000 89.041498 25.605534
100.000000 10.106301 52.111684
100.000000 73.612034 83.891676
100.000000 58.269376 20.274462
100.000000 72.152442 46.674902
100.000000 26.842159 0.000000
100.000000 88.371951 56.520102
100.000000 100.000000 62.795645
100.000000 73.466968 69.771757
100.000000 34.491739 33.174123
100.000000 60.576591 100.000000
100.000000 13.876691 64.782967
100.000000 20.799012 30.254449
100.000000 100.000000 23.474142
100.000000 20.894702 72.184342
100.000000 51.088912 100.000000
100.000000 100.000000 81.707345
100.000000 65.919027 28.825560
100.000000 87.607197 38.073782
100.000000 81.334364 22.589269
100.000000 51.064776 57.129623
100.000000 67.094548 20.206318
100.000000 44.322039 20.471730
100.000000 0.000000 100.000000
100.000000 54.042250 0.000000
100.000000 19.272534 21.266041
100.000000 43.191940 38.296519
100.000000 63.671354 40.194682
100.000000 33.735021 81.574663
100.000000 18.181178 12.797596
100.000000 75.584153 31.224824
100.000000 76.030364 54.430938
100.000000 34.792029 54.494761
100.000000 55.001388 86.221429
100.000000 32.961930 42.972032
100.000000 75.846041 13.570882
100.000000 0.000000 80.581017
100.000000 49.731551 79.251461
100.000000 53.724884 28.560757
100.000000 20.589603 83.966348
100.000000 100.000000 75.207750
100.000000 40.856189 67.353752
100.000000 0.000000 35.450258
100.000000 64.633557 80.673030
100.000000 15.831637 0.000000
100.000000 0.000000 12.288210
100.000000 0.000000 0.000000
100.000000 100.000000 100.000000
3 936 908 820
3 1007 936 908
3 1007 889 908
3 1007 936 889
3 820 889 936
3 957 908 889
3 957 820 908
3 889 820 957
3 586 477 453
3 586 527 477
3 588 527 586
3 588 477 527
3 588 453 477
3 586 453 588
3 257 347 244
3 257 346 347
3 346 244 347
3 257 244 346
3 346 257 301
3 244 301 257
3 301 347 346
3 347 301 391
3 301 251 391
3 251 347 391
3 244 347 251
3 251 301 244
3 783 808 754
3 872 808 754
3 808 783 872
3 802 872 754
3 802 783 754
3 872 783 802
3 221 276 186
3 338 276 221
3 338 186 276
3 243 186 338
3 243 221 186
3 338 221 249
3 249 221 243
3 331 249 243
3 338 249 331
3 331 243 338
3 407 354 489
3 500 354 407
3 439 354 500
3 489 354 439
3 500 489 439
3 407 528 500
3 489 528 407
3 489 500 528
3 342 347 244
3 272 347 342
3 272 244 347
3 234 244 272
3 342 244 234
3 234 272 342
3 327 370 445
3 419 370 327
3 327 445 419
3 406 370 419
3 406 448 370
3 419 448 406
3 448 445 370
3 419 445 448
3 204 257 285
3 205 257 204
3 205 190 257
3 190 299 257
3 299 190 205
3 285 257 299
3 299 205 285
3 204 285 205
3 132 115 138
3 185 115 132
3 185 138 115
3 233 138 189
3 185 189 138
3 233 189 277
3 185 277 189
3 233 277 185
3 233 174 138
3 174 132 138
3 132 174 233
3 132 233 185
3 185 189 115
3 189 138 115
3 304 228 283
3 340 283 395
3 304 283 395
3 340 395 304
3 248 283 340
3 248 228 283
3 248 340 228
3 304 228 340
3 602 688 695
3 600 688 602
3 602 695 600
3 695 688 719
3 600 695 723
3 719 723 695
3 600 723 719
3 600 768 688
3 768 719 688
3 600 719 768
3 768 789 688
3 789 695 688
3 768 695 789
3 768 719 695
3 842 876 848
3 982 876 848
3 842 848 982
3 1006 876 842
3 1006 876 982
3 842 982 1006
3 721 772 819
3 756 772 721
3 756 819 772
3 746 819 756
3 746 721 819
3 756 721 746
3 856 772 819
3 721 856 772
3 840 819 746
3 840 856 819
3 840 835 856
3 835 746 856
3 835 887 746
3 835 840 887
3 840 746 887
3 746 721 856
3 330 226 313
3 330 214 226
3 214 313 226
3 330 313 214
3 298 226 313
3 214 226 298
3 330 214 225
3 298 225 214
3 330 225 298
3 380 313 330
3 348 313 380
3 298 313 348
3 348 380 298
3 380 330 298
3 122 193 201
3 122 140 193
3 140 201 193
3 121 201 140
3 122 201 174
3 121 174 143
3 174 201 143
3 201 121 143
3 174 121 145
3 122 145 121
3 174 145 122
3 122 121 140
3 174 193 201
3 122 193 174
3 480 413 494
3 429 494 413
3 480 494 429
3 401 413 480
3 357 413 401
3 357 429 413
3 357 401 429
3 480 429 401
3 966 890 944
3 886 890 966
3 886 944 890
3 966 979 886
3 979 886 944
3 966 979 944
3 369 511 463
3 463 511 527
3 477 527 511
3 477 463 527
3 378 463 477
3 378 369 463
3 477 369 378
3 470 511 369
3 470 477 511
3 369 477 470
3 616 745 693
3 706 693 745
3 706 616 693
3 595 745 616
3 616 706 595
3 730 745 595
3 730 706 745
3 730 655 706
3 595 706 655
3 595 655 730
3 234 151 232
3 159 151 234
3 234 232 159
3 142 151 159
3 142 232 151
3 159 232 142
3 7 142 80
3 104 21 80
3 21 1 80
3 142 1 80
3 21 1 142
3 104 23 21
3 23 99 142
3 21 23 99
3 21 142 99
3 104 23 142
3 104 80 7
3 58 104 7
3 58 142 7
3 104 142 58
3 43 163 14
3 43 166 163
3 190 163 166
3 58 163 190
3 58 14 163
3 58 190 14
3 90 166 14
3 166 90 205
3 190 205 90
3 190 166 205
3 190 90 14
3 43 14 166
3 90 166 43
3 43 90 14
3 299 262 303
3 303 262 392
3 392 299 303
3 374 262 299
3 374 392 262
3 299 392 374
3 481 576 458
3 554 576 481
3 554 458 576
3 396 481 446
3 458 446 481
3 458 412 446
3 412 396 446
3 396 412 458
3 433 396 458
3 396 433 481
3 554 433 458
3 483 433 450
3 554 450 433
3 483 450 554
3 483 481 433
3 554 481 483
3 792 679 760
3 710 679 702
3 792 702 679
3 792 710 702
3 710 760 679
3 792 760 710
3 683 716 659
3 639 716 611
3 611 668 683
3 716 668 611
3 716 683 668
3 683 639 611
3 639 659 716
3 683 659 639
3 738 762 648
3 738 752 762
3 752 648 762
3 697 752 738
3 697 648 752
3 738 648 641
3 697 641 648
3 738 641 697
3 847 880 888
3 847 875 880
3 875 1004 880
3 1004 888 880
3 875 888 1004
3 875 847 888
3 847 888 1004
3 847 1004 875
3 440 517 430
3 474 517 440
3 474 430 517
3 440 430 367
3 474 367 430
3 440 367 474
3 582 788 765
3 738 788 582
3 738 765 788
3 738 692 765
3 582 692 738
3 717 692 582
3 717 765 692
3 717 582 765
3 925 924 919
3 885 1013 919
3 925 919 1013
3 885 925 1013
3 885 924 919
3 925 924 885
3 452 496 457
3 569 452 496
3 457 479 569
3 457 496 479
3 496 569 479
3 452 457 569
3 247 306 233
3 350 306 247
3 233 306 357
3 350 357 306
3 233 357 350
3 195 350 247
3 233 350 315
3 195 315 350
3 195 233 315
3 247 233 195
3 571 643 663
3 571 506 643
3 506 624 643
3 571 624 506
3 624 704 643
3 704 726 643
3 624 780 704
3 726 704 780
3 780 624 726
3 663 643 694
3 726 694 643
3 663 694 726
3 663 726 624
3 571 663 624
3 246 238 226
3 313 226 238
3 238 246 313
3 246 226 214
3 330 246 214
3 313 246 330
3 238 226 214
3 238 214 246
3 814 774 707
3 701 814 774
3 701 814 707
3 687 701 774
3 744 687 774
3 744 707 774
3 744 687 707
3 687 601 707
3 593 707 601
3 601 593 687
3 701 707 593
3 593 701 687
3 45 153 28
3 141 153 45
3 141 28 153
3 141 52 28
3 52 28 45
3 141 45 52
3 52 28 127
3 127 153 141
3 127 28 153
3 52 127 141
3 349 271 358
3 349 216 271
3 358 271 216
3 355 293 216
3 358 293 355
3 358 216 293
3 355 349 358
3 216 278 355
3 278 349 355
3 216 349 278
3 334 295 340
3 157 340 198
3 157 248 340
3 248 157 198
3 323 340 295
3 323 274 340
3 323 198 274
3 340 274 198
3 323 295 198
3 198 295 248
3 334 340 248
3 295 248 334
3 334 399 340
3 334 295 399
3 295 323 399
3 323 340 399
3 370 311 289
3 406 311 370
3 328 311 406
3 383 311 328
3 406 383 328
3 406 448 383
3 370 383 448
3 383 289 311
3 370 289 383
3 275 337 364
3 275 412 364
3 412 275 337
3 364 412 446
3 458 461 446
3 412 461 458
3 461 446 364
3 461 364 337
3 373 461 337
3 412 337 373
3 373 461 412
3 173 195 247
3 132 195 173
3 145 195 132
3 174 195 145
3 174 233 195
3 145 233 174
3 145 132 233
3 173 233 185
3 173 185 132
3 247 233 173
3 31 51 143
3 152 51 31
3 121 51 152
3 32 51 121
3 143 51 32
3 32 121 143
3 121 152 143
3 31 143 152
3 296 297 273
3 236 297 296
3 236 273 297
3 201 273 236
3 201 296 273
3 236 296 201
3 503 585 520
3 524 585 503
3 605 585 524
3 605 520 585
3 524 520 605
3 484 520 524
3 503 520 484
3 484 524 503
3 131 115 15
3 87 15 131
3 87 115 15
3 131 115 87
3 487 550 411
3 477 550 487
3 487 411 477
3 470 550 477
3 493 550 470
3 411 550 493
3 493 470 411
3 411 470 369
3 411 369 477
3 1007 935 889
3 1003 1007 935
3 1003 889 935
3 932 1007 1003
3 889 1003 932
3 932 1007 889
3 307 314 369
3 250 369 314
3 314 307 250
3 250 266 369
3 292 369 266
3 292 379 369
3 292 379 266
3 250 379 266
3 353 369 379
3 353 307 369
3 353 307 379
3 250 307 379
3 514 597 603
3 607 597 514
3 597 607 666
3 679 666 607
3 679 603 666
3 679 607 603
3 597 666 603
3 532 514 603
3 607 532 603
3 607 514 532
3 383 422 328
3 490 422 383
3 490 423 422
3 448 423 490
3 383 423 448
3 448 490 383
3 423 359 422
3 328 422 317
3 359 317 422
3 359 328 317
3 359 423 328
3 383 328 423
3 453 365 348
3 453 444 365
3 444 476 365
3 453 476 444
3 318 365 476
3 336 365 318
3 318 476 336
3 453 336 476
3 336 348 365
3 453 348 336
3 52 141 152
3 52 31 141
3 152 141 31
3 52 31 51
3 52 152 51
3 141 51 52
3 121 51 141
3 201 141 152
3 121 141 201
3 121 201 152
3 160 12 54
3 160 196 12
3 196 12 149
3 160 149 196
3 149 54 12
3 160 54 149
3 748 821 779
3 824 748 821
3 824 739 779
3 739 673 779
3 748 779 673
3 739 673 748
3 824 739 748
3 863 779 821
3 824 779 863
3 907 824 821
3 967 821 907
3 824 967 907
3 967 863 821
3 824 863 967
3 501 460 609
3 502 609 501
3 502 460 609
3 501 460 502
3 826 839 769
3 832 839 826
3 832 769 839
3 709 769 832
3 733 769 709
3 709 832 733
3 826 769 733
3 733 832 826
3 642 754 802
3 699 754 715
3 642 715 754
3 642 699 715
3 672 783 699
3 642 672 699
3 642 783 672
3 783 754 699
3 677 783 642
3 677 802 783
3 677 642 802
3 65 20 114
3 65 20 32
3 65 122 32
3 20 32 122
3 122 114 20
3 65 114 122
3 172 0 146
3 73 146 172
3 55 146 73
3 0 55 146
3 55 0 73
3 0 73 169
3 172 169 73
3 172 169 0
3 73 76 20
3 114 20 76
3 73 76 114
3 65 73 20
3 65 73 114
3 79 6 148
3 79 34 148
3 34 86 148
3 79 34 86
3 86 6 148
3 79 86 6
3 320 262 238
3 285 262 320
3 320 238 285
3 204 262 285
3 285 238 204
3 205 262 204
3 205 238 262
3 204 238 205
3 227 276 184
3 259 335 276
3 227 335 276
3 259 335 227
3 259 276 184
3 227 184 259
3 156 221 186
3 249 156 221
3 156 243 249
3 128 186 243
3 128 156 186
3 160 156 128
3 160 243 156
3 243 160 128
3 403 467 496
3 335 467 403
3 335 447 467
3 496 335 447
3 496 543 598
3 496 467 598
3 467 543 598
3 467 447 543
3 447 543 496
3 403 335 496
3 229 112 101
3 229 139 207
3 207 144 112
3 139 144 207
3 139 112 144
3 229 207 112
3 229 37 139
3 112 139 37
3 229 70 37
3 101 231 229
3 101 70 231
3 229 231 70
3 101 70 37
3 36 112 37
3 36 101 112
3 37 36 101
3 36 139 37
3 112 139 36
3 174 65 143
3 143 38 4
3 65 51 38
3 51 38 143
3 65 32 51
3 65 32 143
3 65 38 4
3 65 132 4
3 138 4 132
3 138 143 4
3 143 138 132
3 174 143 132
3 132 65 174
3 143 138 174
3 52 141 121
3 100 52 51
3 32 100 51
3 100 32 48
3 100 121 48
3 32 48 121
3 52 121 100
3 504 519 422
3 574 519 504
3 422 519 574
3 430 574 504
3 430 422 574
3 504 422 430
3 658 646 653
3 719 646 658
3 719 653 646
3 658 692 719
3 658 599 692
3 653 692 599
3 599 658 653
3 653 719 692
3 320 374 442
3 377 442 374
3 442 377 313
3 377 320 313
3 320 442 313
3 374 320 377
3 374 313 320
3 313 374 285
3 442 285 374
3 442 313 285
3 309 237 258
3 263 237 309
3 309 258 263
3 196 237 263
3 258 237 196
3 263 258 196
3 963 853 896
3 963 992 853
3 896 992 963
3 880 853 992
3 880 896 853
3 992 896 880
3 348 202 365
3 209 202 348
3 209 260 202
3 348 260 209
3 260 365 202
3 348 365 260
3 400 416 436
3 488 416 400
3 488 436 416
3 478 488 400
3 436 488 478
3 478 400 436
3 331 416 319
3 400 416 420
3 331 420 416
3 400 420 455
3 331 455 420
3 400 455 331
3 319 416 436
3 436 400 319
3 331 319 400
3 53 96 167
3 67 53 96
3 67 96 167
3 53 124 67
3 53 167 124
3 17 67 124
3 154 67 17
3 17 124 154
3 154 67 167
3 124 167 154
3 817 797 820
3 896 797 817
3 811 797 896
3 811 820 797
3 896 820 811
3 817 820 896
3 561 606 513
3 665 513 561
3 665 606 513
3 669 606 665
3 669 606 561
3 665 561 669
3 269 346 387
3 285 346 257
3 269 257 301
3 269 301 346
3 285 257 269
3 285 387 346
3 269 387 285
3 17 53 67
3 53 124 17
3 895 826 784
3 895 831 826
3 780 826 831
3 780 784 826
3 780 831 784
3 818 831 895
3 818 784 831
3 895 784 818
3 389 354 489
3 407 354 389
3 389 443 407
3 443 489 407
3 389 489 443
3 390 352 427
3 296 352 273
3 390 273 352
3 296 273 390
3 296 427 352
3 390 366 296
3 408 366 390
3 408 427 366
3 390 427 408
3 427 296 366
3 354 232 305
3 252 305 232
3 354 305 252
3 272 232 354
3 272 252 232
3 316 252 272
3 316 354 252
3 272 354 316
3 211 183 180
3 148 183 211
3 148 183 180
3 151 148 211
3 151 180 148
3 211 180 151
3 364 396 446
3 412 339 364
3 412 458 339
3 396 339 458
3 396 364 339
3 448 498 580
3 498 419 580
3 419 448 580
3 419 498 448
3 419 537 406
3 490 406 537
3 448 490 537
3 448 406 490
3 419 498 537
3 448 537 580
3 558 580 537
3 498 580 558
3 558 537 498
3 612 591 559
3 675 591 612
3 546 591 630
3 675 630 591
3 675 636 630
3 636 546 630
3 675 610 636
3 610 546 636
3 610 675 546
3 675 612 546
3 546 559 591
3 612 559 546
3 610 559 546
3 675 559 610
3 559 675 612
3 372 249 276
3 372 276 403
3 338 403 420
3 452 372 403
3 452 420 403
3 372 420 452
3 372 338 420
3 335 403 338
3 335 403 276
3 338 276 335
3 221 276 249
3 372 249 338
3 215 287 322
3 164 287 215
3 164 158 287
3 215 158 164
3 158 322 287
3 215 322 158
3 416 376 479
3 338 376 302
3 416 302 376
3 338 302 416
3 467 376 338
3 376 467 418
3 467 479 418
3 479 376 418
3 467 338 479
3 338 457 479
3 457 416 479
3 420 416 457
3 338 416 420
3 338 420 457
3 143 123 152
3 202 176 143
3 202 123 176
3 143 176 123
3 202 152 123
3 143 152 202
3 406 317 278
3 328 317 406
3 328 278 317
3 406 278 311
3 311 278 328
3 9 116 16
3 125 116 9
3 125 16 116
3 16 125 63
3 81 63 125
3 81 63 16
3 81 16 9
3 81 125 9
3 116 125 63
3 16 116 63
3 488 560 592
3 582 560 488
3 582 592 560
3 599 592 582
3 599 488 592
3 582 488 599
3 347 332 291
3 251 332 327
3 360 419 391
3 360 327 419
3 327 360 391
3 347 391 419
3 327 391 347
3 332 419 327
3 332 347 419
3 251 327 347
3 251 291 332
3 244 291 251
3 342 291 244
3 342 347 291
3 296 261 352
3 366 261 296
3 366 318 261
3 318 365 261
3 365 318 366
3 352 261 365
3 352 365 366
3 427 352 366
3 430 355 349
3 430 471 355
3 412 358 471
3 412 349 358
3 412 471 349
3 355 471 358
3 349 471 430
3 430 412 471
3 349 412 430
3 164 255 287
3 255 287 158
3 118 255 164
3 118 255 158
3 164 158 118
3 574 509 517
3 627 654 579
3 627 574 654
3 574 579 654
3 566 579 627
3 617 566 574
3 617 566 627
3 574 627 617
3 509 579 566
3 574 566 509
3 504 579 574
3 504 579 509
3 504 517 509
3 574 517 504
3 98 140 48
3 98 177 140
3 61 98 177
3 61 140 120
3 177 120 140
3 177 120 61
3 61 48 140
3 98 61 48
3 31 107 38
3 143 107 38
3 143 31 107
3 51 31 38
3 215 317 322
3 164 317 328
3 164 328 278
3 215 278 317
3 215 164 278
3 164 322 317
3 164 215 322
3 255 287 322
3 255 322 164
3 265 317 164
3 265 255 317
3 164 255 265
3 287 317 255
3 287 322 317
3 718 783 677
3 718 762 802
3 677 762 718
3 677 762 802
3 718 870 783
3 870 802 783
3 718 802 870
3 718 762 870
3 802 762 870
3 150 161 251
3 170 161 150
3 170 244 161
3 251 244 170
3 251 161 244
3 150 251 170
3 150 129 170
3 209 129 150
3 269 129 209
3 269 170 129
3 209 170 269
3 150 170 209
3 870 946 950
3 931 950 870
3 931 950 946
3 813 931 870
3 813 946 931
3 870 813 946
3 211 125 151
3 81 151 86
3 125 86 151
3 125 9 86
3 81 9 86
3 81 211 151
3 125 211 81
3 211 86 151
3 125 86 211
3 430 471 373
3 461 471 430
3 461 412 471
3 412 373 471
3 430 373 461
3 52 150 141
3 52 45 150
3 31 52 45
3 57 31 45
3 150 45 57
3 31 150 57
3 31 141 150
3 235 223 287
3 158 287 235
3 223 224 158
3 235 223 224
3 235 224 158
3 223 322 287
3 215 322 223
3 215 223 158
3 396 394 458
3 339 458 394
3 396 339 394
3 417 339 394
3 396 339 417
3 417 458 396
3 432 507 417
3 394 507 432
3 417 394 432
3 458 507 394
3 417 508 458
3 507 508 417
3 458 508 507
3 368 352 427
3 390 368 427
3 273 370 368
3 273 352 370
3 352 368 370
3 296 297 390
3 384 390 297
3 368 390 384
3 384 297 368
3 273 368 279
3 297 279 368
3 297 273 279
3 696 622 714
3 612 714 622
3 696 714 612
3 526 612 515
3 526 554 612
3 526 515 554
3 515 612 622
3 554 515 622
3 696 612 554
3 554 622 696
3 589 714 612
3 696 714 589
3 526 589 612
3 554 589 508
3 526 508 589
3 554 508 526
3 631 589 554
3 631 696 589
3 631 554 696
3 171 166 85
3 113 166 171
3 85 113 171
3 85 166 43
3 113 85 43
3 113 134 166
3 49 166 134
3 49 134 113
3 49 43 166
3 49 113 43
3 565 425 437
3 491 437 565
3 491 425 437
3 565 447 425
3 491 447 425
3 565 543 491
3 447 565 543
3 491 529 447
3 543 529 491
3 447 529 543
3 291 342 432
3 342 347 432
3 332 432 419
3 432 347 419
3 332 394 432
3 332 293 394
3 291 293 332
3 291 394 293
3 291 432 394
3 342 389 432
3 389 443 432
3 389 342 443
3 443 347 432
3 342 347 443
3 746 654 712
3 721 654 746
3 746 712 721
3 637 654 721
3 721 637 712
3 574 654 637
3 574 712 654
3 637 712 574
3 190 142 58
3 159 142 190
3 159 99 142
3 23 99 159
3 104 23 159
3 190 104 159
3 104 58 14
3 190 14 104
3 346 387 391
3 301 346 391
3 387 346 301
3 360 391 387
3 360 301 391
3 387 301 360
3 389 324 417
3 305 324 389
3 324 232 345
3 305 232 324
3 305 345 232
3 305 441 345
3 324 345 441
3 354 441 439
3 526 441 515
3 472 515 441
3 472 526 515
3 439 526 472
3 439 441 526
3 385 472 441
3 439 472 385
3 305 385 441
3 439 385 305
3 354 439 305
3 389 441 354
3 354 305 389
3 417 324 441
3 389 417 441
3 417 345 441
3 417 324 345
3 755 659 763
3 659 683 763
3 683 716 763
3 716 755 763
3 639 755 716
3 659 755 639
3 749 680 737
3 749 636 680
3 636 663 680
3 737 630 636
3 663 630 737
3 663 636 630
3 737 680 663
3 737 636 749
3 737 630 749
3 749 630 636
3 571 614 630
3 500 630 614
3 571 630 500
3 506 614 571
3 500 528 506
3 614 528 500
3 614 506 528
3 571 500 506
3 470 550 511
3 527 550 477
3 527 511 550
3 731 820 817
3 745 820 731
3 745 817 820
3 698 797 745
3 817 797 698
3 817 745 797
3 698 731 817
3 745 731 698
3 725 661 657
3 631 657 725
3 578 657 631
3 578 657 576
3 631 576 578
3 576 657 661
3 554 564 576
3 554 661 564
3 661 564 576
3 631 661 554
3 554 576 631
3 631 740 696
3 661 696 740
3 631 696 661
3 740 725 661
3 631 725 740
3 434 507 432
3 432 394 434
3 434 394 458
3 458 507 547
3 458 547 434
3 558 507 434
3 558 547 507
3 471 547 558
3 471 434 547
3 558 434 471
3 482 555 486
3 572 555 482
3 572 486 555
3 399 572 482
3 486 572 399
3 399 482 486
3 375 350 284
3 386 350 375
3 409 350 386
3 386 409 375
3 280 350 315
3 409 315 350
3 280 315 409
3 409 280 375
3 280 284 350
3 375 280 284
3 278 317 355
3 317 422 355
3 422 349 355
3 349 422 322
3 322 422 317
3 322 317 349
3 278 349 317
3 278 422 355
3 317 422 278
3 488 522 479
3 416 522 488
3 465 495 522
3 416 465 522
3 416 495 465
3 495 479 522
3 495 416 479
3 488 479 416
3 415 399 363
3 402 399 415
3 323 399 404
3 402 404 399
3 323 404 402
3 323 363 399
3 402 363 323
3 415 363 402
3 850 874 994
3 836 874 850
3 836 994 874
3 913 994 836
3 913 850 994
3 913 836 850
3 792 853 760
3 844 760 853
3 792 760 844
3 801 853 792
3 801 893 853
3 801 792 893
3 893 844 853
3 792 844 893
3 854 859 872
3 906 859 854
3 854 872 906
3 943 859 906
3 943 872 859
3 948 906 943
3 948 872 943
3 906 872 948
3 833 831 926
3 875 831 833
3 926 831 993
3 993 831 875
3 993 875 926
3 941 875 833
3 941 926 875
3 833 926 941
3 367 474 517
3 373 367 517
3 430 517 373
3 349 430 373
3 367 430 349
3 349 373 367
3 394 358 355
3 434 358 394
3 434 355 358
3 434 394 355
3 332 293 355
3 406 355 434
3 311 332 355
3 406 311 355
3 406 332 311
3 406 434 332
3 434 394 332
3 394 358 293
3 342 339 324
3 256 339 291
3 342 291 339
3 342 256 291
3 256 324 339
3 342 324 256
3 736 589 722
3 589 625 722
3 736 631 589
3 631 625 589
3 625 631 736
3 625 706 722
3 706 736 722
3 625 736 706
3 631 706 625
3 631 736 706
3 471 519 547
3 471 567 519
3 567 547 519
3 461 567 471
3 575 567 461
3 547 567 635
3 575 635 567
3 547 635 575
3 461 547 575
3 412 547 461
3 458 547 412
3 458 471 547
3 412 471 458
3 661 622 696
3 661 622 564
3 554 622 564
3 905 891 961
3 998 891 905
3 998 961 891
3 905 998 961
3 422 519 471
3 430 519 574
3 430 471 519
3 430 422 471
3 574 471 519
3 430 567 574
3 471 567 430
3 471 574 567
3 887 898 866
3 887 1002 898
3 866 1002 887
3 866 898 881
3 1002 881 866
3 1002 989 898
3 989 898 881
3 1002 989 881
3 989 918 898
3 1005 898 887
3 887 1002 1005
3 918 898 1005
3 1005 918 1002
3 989 1002 918
3 817 908 820
3 817 820 936
3 998 908 817
3 998 908 936
3 817 936 998
3 559 708 675
3 665 708 559
3 665 675 708
3 743 610 675
3 665 610 743
3 743 675 665
3 665 559 610
3 725 837 781
3 803 781 725
3 837 830 803
3 837 781 830
3 781 803 830
3 756 803 740
3 725 740 803
3 756 671 725
3 756 740 671
3 740 725 671
3 756 772 803
3 756 725 772
3 772 837 803
3 725 772 837
3 793 776 830
3 849 776 793
3 830 776 849
3 858 849 793
3 884 849 858
3 884 830 849
3 858 830 884
3 793 830 858
3 338 276 227
3 335 338 351
3 227 351 302
3 338 302 351
3 338 227 302
3 335 351 227
3 657 671 740
3 657 671 725
3 740 725 657
3 833 742 834
3 780 742 831
3 833 831 742
3 780 831 833
3 780 834 742
3 833 834 780
3 675 689 630
3 675 749 761
3 689 761 749
3 689 675 761
3 737 689 749
3 737 663 689
3 630 689 663
3 610 636 749
3 675 610 749
3 728 633 632
3 606 728 633
3 606 632 633
3 728 632 606
3 397 329 326
3 410 456 329
3 397 329 456
3 410 456 397
3 410 329 326
3 397 326 410
3 659 654 639
3 755 654 659
3 700 654 755
3 639 654 700
3 755 639 700
3 513 530 516
3 435 516 513
3 435 572 516
3 513 572 435
3 572 530 516
3 513 606 572
3 530 606 633
3 572 633 530
3 632 633 572
3 572 606 632
3 606 530 513
3 401 277 381
3 233 277 357
3 233 341 277
3 341 306 357
3 233 306 341
3 401 357 277
3 341 413 401
3 341 357 413
3 341 381 277
3 341 401 381
3 413 341 381
3 413 401 381
3 233 294 277
3 341 294 233
3 294 381 277
3 341 294 381
3 472 559 561
3 515 561 559
3 472 561 515
3 526 559 472
3 515 559 526
3 515 561 650
3 561 559 650
3 612 650 559
3 531 622 650
3 515 650 531
3 622 515 531
3 612 622 650
3 559 526 612
3 600 646 719
3 653 646 600
3 723 653 600
3 723 719 653
3 682 709 592
3 598 709 682
3 569 709 598
3 569 592 709
3 569 598 592
3 682 592 598
3 420 455 416
3 455 488 416
3 400 488 455
3 212 291 161
3 244 291 212
3 251 161 291
3 161 244 212
3 175 291 251
3 251 161 175
3 212 291 175
3 175 161 151
3 212 151 161
3 175 151 212
3 909 849 892
3 909 976 849
3 976 892 849
3 909 976 892
3 958 976 849
3 999 958 849
3 781 849 892
3 781 909 892
3 781 830 849
3 909 830 781
3 999 849 830
3 981 830 909
3 920 830 981
3 981 920 909
3 920 999 830
3 909 920 999
3 958 909 999
3 976 909 958
3 407 354 405
3 299 354 272
3 407 272 354
3 299 272 407
3 299 392 354
3 407 392 299
3 392 405 354
3 407 405 392
3 299 303 316
3 354 316 303
3 299 316 354
3 405 303 392
3 405 354 303
3 299 316 272
3 319 377 330
3 330 377 436
3 319 330 436
3 416 377 319
3 436 465 416
3 377 465 436
3 377 416 465
3 442 495 545
3 495 505 545
3 485 545 505
3 442 545 485
3 485 505 442
3 465 505 495
3 465 442 505
3 495 442 465
3 536 587 539
3 443 587 536
3 443 528 587
3 443 489 528
3 421 528 500
3 407 421 500
3 407 443 421
3 421 473 528
3 443 473 421
3 473 587 528
3 539 535 473
3 583 535 539
3 485 535 583
3 473 535 485
3 485 583 473
3 539 587 583
3 587 473 583
3 473 443 539
3 536 539 443
3 227 351 288
3 288 351 302
3 227 288 320
3 376 288 302
3 376 320 288
3 376 302 320
3 227 238 199
3 320 238 227
3 320 199 238
3 302 199 320
3 199 302 227
3 376 351 302
3 376 288 351
3 278 406 355
3 406 422 355
3 406 317 422
3 854 893 801
3 854 851 893
3 854 801 851
3 792 753 851
3 893 753 792
3 893 851 753
3 801 792 851
3 810 799 729
3 724 729 810
3 724 684 678
3 729 684 678
3 724 678 729
3 799 724 684
3 799 684 729
3 810 799 724
3 836 850 899
3 913 899 850
3 913 936 899
3 936 836 899
3 936 913 836
3 514 597 525
3 603 525 597
3 525 603 532
3 476 525 532
3 476 514 525
3 514 476 532
3 172 270 284
3 195 270 284
3 195 247 270
3 172 247 270
3 172 247 195
3 188 195 284
3 172 195 188
3 169 172 284
3 169 284 188
3 172 188 169
3 810 901 827
3 960 827 871
3 799 810 827
3 799 871 827
3 810 871 799
3 960 871 810
3 960 901 827
3 810 901 960
3 582 641 570
3 570 641 788
3 788 765 570
3 582 570 765
3 641 557 577
3 648 577 557
3 641 577 648
3 582 557 641
3 582 648 557
3 582 619 648
3 582 738 619
3 738 648 619
3 738 788 641
3 842 848 885
3 919 848 842
3 919 848 885
3 842 924 919
3 885 924 842
3 694 643 733
3 726 694 733
3 658 643 704
3 682 643 658
3 682 658 769
3 658 704 769
3 704 682 769
3 733 643 682
3 682 704 733
3 726 733 704
3 769 790 709
3 769 839 790
3 839 709 790
3 769 709 839
3 717 790 709
3 682 769 717
3 709 769 682
3 682 717 709
3 717 839 790
3 769 839 717
3 942 1008 894
3 954 942 1008
3 978 954 1008
3 894 1008 978
3 947 894 978
3 954 894 947
3 947 954 978
3 954 878 894
3 942 894 878
3 878 954 942
3 833 896 902
3 896 833 811
3 777 811 742
3 833 742 811
3 833 777 742
3 777 896 811
3 777 865 896
3 777 833 865
3 865 902 896
3 865 939 902
3 833 939 865
3 833 902 939
3 941 880 896
3 875 833 880
3 941 875 880
3 833 896 880
3 941 896 833
3 463 522 552
3 436 522 465
3 463 465 522
3 465 463 436
3 436 552 522
3 463 552 436
3 825 939 865
3 833 939 834
3 825 962 939
3 962 879 939
3 825 879 962
3 879 834 939
3 825 834 879
3 825 833 834
3 825 865 833
3 445 520 448
3 445 370 520
3 448 520 370
3 514 520 445
3 503 520 514
3 514 445 503
3 368 520 503
3 448 520 368
3 368 383 448
3 370 383 368
3 503 370 368
3 445 370 503
3 997 921 970
3 883 970 997
3 883 926 970
3 921 926 883
3 921 926 970
3 997 921 883
3 957 1007 908
3 1007 889 957
3 436 511 388
3 478 511 436
3 462 511 478
3 470 511 462
3 470 388 511
3 379 382 369
3 428 379 382
3 428 470 382
3 379 470 428
3 379 369 470
3 388 369 382
3 470 369 388
3 462 382 470
3 462 388 382
3 462 475 388
3 475 426 388
3 426 400 388
3 478 492 426
3 478 400 492
3 400 426 492
3 478 388 400
3 475 478 426
3 462 478 475
3 478 436 388
3 436 388 400
3 475 462 568
3 462 511 568
3 478 568 511
3 557 568 478
3 557 475 568
3 478 475 557
3 741 773 645
3 623 741 645
3 694 645 623
3 623 634 741
3 694 634 741
3 623 634 694
3 733 645 694
3 694 741 733
3 773 705 645
3 598 645 709
3 705 598 645
3 569 598 705
3 569 709 705
3 806 705 709
3 773 806 705
3 806 709 773
3 682 645 733
3 682 709 645
3 733 709 682
3 773 709 733
3 741 773 733
3 478 557 492
3 478 570 557
3 478 455 570
3 499 570 455
3 492 570 499
3 455 492 499
3 400 492 455
3 400 455 478
3 577 557 570
3 577 492 557
3 570 492 577
3 788 724 641
3 724 570 641
3 724 765 570
3 724 788 765
3 620 724 641
3 594 620 641
3 570 641 594
3 620 570 594
3 678 765 570
3 765 729 724
3 765 678 729
3 620 678 570
3 620 678 684
3 724 620 684
3 788 729 724
3 765 729 788
3 229 266 292
3 230 266 229
3 230 207 266
3 229 207 230
3 207 292 266
3 229 321 207
3 292 321 229
3 292 207 321
3 408 429 502
3 350 429 408
3 350 502 429
3 315 350 408
3 409 315 408
3 409 502 350
3 501 534 502
3 409 534 501
3 409 501 502
3 449 408 534
3 449 534 409
3 408 449 409
3 408 502 534
3 190 303 316
3 190 262 303
3 299 262 205
3 190 205 262
3 190 316 272
3 299 190 272
3 357 366 296
3 357 408 366
3 315 408 357
3 296 315 357
3 296 408 315
3 408 296 390
3 408 315 390
3 296 390 315
3 596 695 723
3 588 695 596
3 602 695 588
3 588 600 602
3 588 596 527
3 600 527 596
3 588 527 600
3 653 596 723
3 653 600 596
3 913 1007 889
3 932 913 1007
3 932 836 889
3 836 913 889
3 932 994 836
3 932 994 913
3 818 875 768
3 875 847 768
3 875 818 847
3 789 768 847
3 789 818 768
3 847 818 789
3 0 169 76
3 73 0 76
3 73 188 114
3 188 114 76
3 188 76 169
3 73 195 188
3 172 195 73
3 261 152 260
3 202 152 261
3 209 152 202
3 209 260 152
3 318 202 261
3 365 202 318
3 318 260 365
3 318 261 260
3 270 247 306
3 247 350 270
3 362 270 306
3 341 362 306
3 350 306 341
3 341 362 350
3 270 350 362
3 408 390 344
3 468 390 408
3 384 468 521
3 384 390 521
3 390 468 521
3 384 264 390
3 344 390 264
3 264 344 384
3 384 344 468
3 344 449 408
3 468 344 449
3 468 408 449
3 386 362 350
3 502 362 386
3 451 429 350
3 451 502 429
3 362 451 350
3 502 451 362
3 501 409 460
3 460 502 386
3 409 386 460
3 374 376 442
3 495 510 376
3 442 510 545
3 495 545 510
3 376 510 442
3 465 377 442
3 495 377 465
3 495 479 377
3 376 377 479
3 495 376 479
3 376 320 377
3 376 374 320
3 374 510 442
3 376 510 374
3 537 611 683
3 490 639 611
3 537 490 611
3 639 490 537
3 683 659 537
3 659 639 537
3 362 429 350
3 362 413 429
3 451 362 413
3 494 451 413
3 494 451 429
3 362 413 350
3 350 413 429
3 233 315 174
3 193 315 195
3 193 174 315
3 174 193 145
3 195 145 193
3 254 123 176
3 202 254 176
3 178 254 202
3 178 182 254
3 123 182 178
3 123 254 182
3 202 123 178
3 520 518 448
3 580 518 520
3 580 448 518
3 520 448 580
3 419 518 580
3 445 518 419
3 520 518 445
3 539 498 595
3 536 595 498
3 459 539 536
3 459 498 539
3 536 498 459
3 536 616 595
3 539 595 616
3 536 539 616
3 498 595 616
3 518 616 539
3 498 616 518
3 518 539 459
3 459 498 518
3 746 763 840
3 755 763 746
3 812 763 716
3 755 812 716
3 850 840 819
3 763 819 840
3 850 819 763
3 850 763 812
3 812 840 850
3 840 887 755
3 812 887 840
3 812 755 887
3 840 755 746
3 755 746 887
3 321 298 378
3 330 298 321
3 321 378 330
3 380 378 298
3 330 378 380
3 188 284 280
3 195 280 188
3 195 270 280
3 284 280 270
3 716 673 739
3 716 644 673
3 685 644 716
3 685 644 673
3 685 673 739
3 685 716 791
3 716 739 791
3 739 791 685
3 189 176 182
3 123 176 189
3 182 176 254
3 189 182 123
3 65 145 114
3 73 145 132
3 65 174 145
3 73 132 65
3 145 195 114
3 73 195 145
3 195 188 114
3 929 859 808
3 814 859 971
3 943 859 929
3 971 859 943
3 943 971 929
3 814 929 971
3 814 808 859
3 929 814 808
3 691 778 757
3 868 778 691
3 868 757 778
3 804 868 691
3 757 862 804
3 757 868 862
3 804 862 868
3 744 757 804
3 744 691 757
3 804 691 744
3 801 672 695
3 783 672 702
3 801 702 672
3 783 702 801
3 783 695 672
3 789 801 695
3 789 695 783
3 854 783 801
3 854 789 783
3 854 801 789
3 718 672 783
3 695 672 718
3 789 695 718
3 718 783 789
3 894 1008 952
3 978 1008 952
3 978 894 952
3 878 952 1008
3 942 878 1008
3 917 952 894
3 917 878 952
3 878 857 894
3 843 917 857
3 878 805 857
3 805 843 857
3 878 805 843
3 917 843 949
3 878 843 949
3 878 917 949
3 917 991 857
3 991 894 857
3 991 917 894
3 917 978 952
3 991 978 894
3 917 991 978
3 487 476 477
3 336 476 487
3 336 487 477
3 453 477 476
3 336 477 453
3 929 943 872
3 808 872 859
3 929 808 872
3 744 664 590
3 687 744 590
3 601 687 590
3 533 601 590
3 533 621 590
3 621 533 601
3 601 687 621
3 621 691 590
3 687 691 621
3 687 744 691
3 691 618 590
3 664 618 691
3 609 664 618
3 590 618 609
3 609 590 664
3 798 757 804
3 804 798 744
3 798 757 664
3 744 798 664
3 664 691 757
3 114 168 193
3 122 168 114
3 114 193 122
3 122 236 168
3 193 168 236
3 122 140 236
3 201 236 140
3 201 264 236
3 193 264 201
3 193 236 264
3 230 292 266
3 230 292 229
3 132 66 55
3 4 19 66
3 132 19 66
3 4 19 132
3 4 66 55
3 55 73 4
3 73 65 4
3 55 73 132
3 172 195 146
3 146 195 173
3 173 132 146
3 146 132 55
3 493 556 494
3 438 556 493
3 438 556 494
3 413 438 493
3 494 413 438
3 413 493 494
3 350 357 315
3 357 429 408
3 350 429 357
3 146 173 247
3 172 146 247
3 365 366 427
3 427 352 444
3 444 352 365
3 427 444 365
3 502 429 480
3 451 502 494
3 502 480 533
3 480 494 533
3 494 502 533
3 586 603 525
3 603 586 638
3 626 638 586
3 626 603 638
3 626 525 603
3 586 525 626
3 272 347 346
3 342 389 347
3 272 389 342
3 389 407 347
3 272 354 389
3 346 347 443
3 443 347 407
3 443 407 346
3 299 346 407
3 346 299 272
3 145 122 65
3 114 193 145
3 344 409 449
3 408 344 315
3 344 409 315
3 201 143 261
3 174 261 143
3 296 261 174
3 296 201 261
3 174 201 296
3 501 609 618
3 502 618 501
3 502 590 618
3 502 609 590
3 296 344 315
3 344 296 390
3 195 168 193
3 195 114 168
3 122 140 48
3 98 140 122
3 122 48 98
3 48 32 140
3 122 140 32
3 20 98 48
3 98 122 20
3 32 20 48
3 162 187 116
3 125 116 216
3 187 216 116
3 187 125 216
3 125 162 116
3 187 162 125
3 162 216 116
3 187 216 162
3 261 143 152
3 261 176 143
3 261 318 176
3 318 254 176
3 336 254 318
3 336 202 254
3 336 318 202
3 174 143 145
3 121 65 32
3 65 145 143
3 145 65 121
3 32 121 140
3 164 206 24
3 215 206 164
3 215 116 206
3 164 116 158
3 215 158 116
3 24 63 116
3 111 24 63
3 111 206 63
3 111 24 206
3 116 63 206
3 164 24 78
3 116 78 24
3 164 78 116
3 209 150 152
3 260 150 209
3 141 150 260
3 141 152 150
3 152 239 260
3 141 239 152
3 141 260 239
3 255 137 265
3 241 265 164
3 241 265 137
3 164 137 241
3 118 137 164
3 118 137 255
3 540 541 613
3 540 626 541
3 626 613 541
3 621 613 626
3 621 540 613
3 626 540 621
3 177 236 297
3 177 297 279
3 177 273 279
3 236 273 177
3 490 422 406
3 31 57 13
3 129 13 31
3 129 57 13
3 31 57 129
3 238 205 166
3 134 166 205
3 238 166 134
3 204 134 205
3 238 134 204
3 178 129 123
3 129 107 123
3 202 123 107
3 31 13 107
3 129 13 107
3 31 202 107
3 202 209 129
3 31 129 209
3 31 152 202
3 209 152 31
3 202 129 178
3 178 107 123
3 129 107 178
3 78 16 24
3 116 16 24
3 78 16 116
3 140 273 177
3 201 273 140
3 177 236 140
3 118 116 164
3 26 78 60
3 118 26 60
3 118 26 78
3 164 60 118
3 164 78 60
3 26 116 118
3 26 16 116
3 26 118 16
3 118 78 16
3 26 16 78
3 460 386 362
3 460 362 451
3 460 451 533
3 502 533 460
3 494 533 451
3 170 57 129
3 170 45 57
3 150 45 97
3 170 97 45
3 150 97 170
3 209 31 150
3 20 114 168
3 98 20 168
3 98 122 168
3 140 122 168
3 98 140 168
3 177 98 168
3 236 177 168
3 443 539 391
3 443 391 473
3 459 539 473
3 459 391 539
3 459 473 391
3 443 539 459
3 459 391 443
3 264 384 297
3 236 264 297
3 264 296 236
3 344 296 264
3 626 702 638
3 603 638 702
3 626 603 679
3 710 603 702
3 679 603 670
3 688 603 710
3 688 670 603
3 710 670 688
3 679 670 710
3 626 679 702
3 747 638 626
3 747 702 638
3 792 747 626
3 792 702 747
3 626 679 792
3 193 315 280
3 193 280 195
3 270 284 350
3 642 677 647
3 648 647 677
3 642 647 648
3 718 672 642
3 718 648 677
3 642 648 718
3 46 37 82
3 181 46 82
3 160 82 181
3 160 37 82
3 160 181 37
3 139 46 181
3 37 181 139
3 46 37 139
3 230 139 181
3 229 181 230
3 230 139 229
3 290 263 229
3 290 231 263
3 229 231 290
3 231 243 263
3 160 243 231
3 160 263 243
3 229 160 231
3 196 263 160
3 196 181 263
3 160 181 196
3 267 263 181
3 267 229 263
3 181 229 267
3 160 229 37
3 196 181 82
3 196 160 82
3 160 128 70
3 231 128 160
3 231 70 128
3 160 70 37
3 290 263 267
3 229 290 267
3 37 54 82
3 160 54 82
3 70 54 160
3 70 54 37
3 196 82 12
3 54 12 82
3 168 188 280
3 264 168 280
3 344 280 409
3 344 264 315
3 344 264 280
3 193 315 296
3 264 296 315
3 193 296 201
3 168 264 236
3 188 193 168
3 188 195 193
3 188 168 114
3 368 279 333
3 333 279 289
3 289 383 333
3 368 383 289
3 368 333 383
3 273 218 279
3 218 289 279
3 218 273 289
3 368 289 273
3 534 468 541
3 408 541 468
3 525 541 408
3 540 541 525
3 525 408 540
3 540 534 541
3 408 534 540
3 449 468 534
3 105 68 136
3 134 68 105
3 129 68 134
3 13 68 129
3 13 136 68
3 13 129 136
3 226 134 214
3 136 214 134
3 214 136 226
3 129 134 204
3 226 204 134
3 129 204 226
3 178 136 129
3 178 226 136
3 129 226 178
3 136 134 113
3 105 113 134
3 105 136 113
3 532 535 603
3 602 603 688
3 688 670 602
3 535 670 603
3 602 670 535
3 602 532 603
3 535 532 602
3 532 670 603
3 535 670 532
3 375 270 362
3 386 375 362
3 270 375 284
3 524 563 585
3 615 563 524
3 615 628 563
3 585 628 615
3 585 563 628
3 605 585 615
3 524 605 615
3 360 445 352
3 444 445 360
3 427 445 444
3 352 445 427
3 360 352 365
3 360 365 444
3 573 676 613
3 563 676 573
3 563 613 676
3 534 563 573
3 534 613 563
3 534 573 613
3 273 152 260
3 273 261 152
3 273 296 261
3 352 260 261
3 273 260 352
3 341 429 413
3 341 350 429
3 362 341 413
3 173 185 306
3 247 173 306
3 185 341 306
3 341 185 294
3 185 294 233
3 401 525 487
3 401 476 525
3 487 525 476
3 401 366 476
3 318 366 401
3 318 476 366
3 336 318 401
3 401 487 336
3 863 821 828
3 878 821 863
3 863 828 878
3 767 878 821
3 805 828 767
3 805 894 828
3 878 894 805
3 878 828 894
3 805 878 767
3 735 767 821
3 735 828 821
3 767 828 735
3 748 735 821
3 735 779 748
3 863 779 828
3 735 828 779
3 588 603 602
3 586 603 588
3 532 603 586
3 586 588 532
3 588 535 532
3 602 535 588
3 468 449 573
3 534 573 468
3 501 618 573
3 534 618 573
3 502 618 534
3 449 501 573
3 501 449 409
3 691 676 613
3 618 676 691
3 691 613 618
3 573 618 676
3 618 613 534
3 408 541 366
3 390 541 408
3 503 541 390
3 503 427 541
3 368 427 503
3 384 414 390
3 414 384 368
3 414 503 390
3 414 368 503
3 427 366 541
3 503 514 541
3 514 503 427
3 514 597 541
3 525 541 597
3 476 427 525
3 514 427 476
3 525 366 541
3 427 366 525
3 859 943 937
3 971 943 937
3 868 995 971
3 937 995 868
3 937 995 971
3 859 937 959
3 851 959 937
3 859 959 851
3 851 937 868
3 859 851 868
3 814 971 823
3 868 823 814
3 914 823 868
3 914 823 971
3 868 971 914
3 814 859 868
3 200 144 266
3 200 207 266
3 144 230 266
3 230 229 144
3 229 139 144
3 112 200 144
3 200 112 207
3 493 642 550
3 642 553 550
3 553 493 550
3 553 642 493
3 493 556 550
3 553 556 493
3 604 556 699
3 604 642 556
3 642 604 699
3 699 556 593
3 553 593 556
3 699 593 553
3 638 672 699
3 642 672 638
3 553 638 699
3 553 642 638
3 642 550 556
3 593 707 621
3 621 601 593
3 687 621 707
3 764 857 805
3 764 778 857
3 764 843 778
3 843 857 778
3 805 843 764
3 267 196 309
3 263 309 267
3 196 309 263
3 196 267 181
3 525 476 603
3 586 476 525
3 476 532 603
3 586 532 476
3 586 476 453
3 487 476 586
3 586 477 487
3 260 365 352
3 616 539 670
3 607 532 539
3 607 670 603
3 539 532 535
3 670 539 535
3 607 616 670
3 539 616 607
3 518 616 607
3 514 532 518
3 607 514 518
3 459 532 535
3 459 535 539
3 459 518 532
3 681 764 676
3 613 764 667
3 667 764 681
3 681 613 667
3 613 691 764
3 691 676 764
3 686 676 613
3 681 676 686
3 686 613 681
3 588 600 505
3 485 600 602
3 485 602 588
3 485 505 600
3 588 505 485
3 493 556 604
3 604 556 550
3 512 647 604
3 647 604 550
3 512 647 550
3 469 512 604
3 470 550 469
3 470 512 550
3 469 428 512
3 470 428 512
3 469 428 470
3 469 493 604
3 469 550 493
3 469 604 556
3 438 469 556
3 469 493 438
3 69 38 123
3 69 38 107
3 123 107 69
3 123 38 138
3 4 138 38
3 143 176 138
3 176 123 138
3 143 107 123
3 121 152 261
3 201 121 261
3 238 320 246
3 319 246 377
3 302 246 319
3 319 377 302
3 377 246 330
3 377 330 313
3 320 313 246
3 302 377 376
3 238 246 302
3 199 238 302
3 320 313 238
3 199 246 302
3 238 246 199
3 366 525 476
3 427 444 476
3 480 366 429
3 480 540 366
3 408 540 480
3 408 366 540
3 480 429 408
3 429 366 357
3 480 366 357
3 480 357 429
3 318 365 348
3 202 336 298
3 336 380 298
3 336 348 380
3 348 209 298
3 178 298 209
3 178 202 298
3 209 202 178
3 336 318 348
3 487 550 493
3 480 411 487
3 493 411 480
3 381 438 493
3 413 381 438
3 480 381 493
3 413 381 480
3 494 553 493
3 480 553 494
3 553 487 493
3 480 487 553
3 487 550 553
3 381 294 411
3 353 411 294
3 294 353 381
3 353 438 411
3 438 381 411
3 353 438 381
3 469 411 438
3 493 411 469
3 480 401 411
3 401 381 411
3 360 301 260
3 327 301 360
3 251 301 327
3 260 301 251
3 251 327 239
3 260 239 327
3 260 251 239
3 360 260 327
3 182 136 178
3 182 225 136
3 178 225 182
3 225 178 226
3 214 136 225
3 225 226 214
3 336 369 378
3 378 477 380
3 453 348 380
3 453 380 477
3 336 378 380
3 314 369 336
3 314 411 369
3 336 411 314
3 487 411 336
3 290 312 388
3 290 267 312
3 229 312 267
3 230 312 229
3 230 312 292
3 292 388 312
3 292 229 388
3 229 290 388
3 290 388 321
3 292 321 388
3 290 321 229
3 24 16 63
3 514 444 476
3 514 427 445
3 514 445 444
3 459 445 518
3 459 419 445
3 580 498 518
3 391 419 459
3 391 498 419
3 459 498 391
3 414 383 333
3 484 383 414
3 484 497 383
3 333 484 497
3 383 423 333
3 497 423 383
3 497 423 333
3 414 484 333
3 101 41 105
3 136 22 101
3 105 22 136
3 105 22 101
3 136 41 105
3 101 41 136
3 436 378 463
3 330 463 378
3 321 388 330
3 321 378 388
3 388 436 330
3 378 436 388
3 465 463 330
3 377 465 330
3 303 351 268
3 402 268 351
3 303 268 402
3 418 351 303
3 418 402 351
3 303 392 418
3 405 418 392
3 405 402 418
3 392 402 405
3 303 402 392
3 360 365 348
3 387 348 365
3 360 348 387
3 444 387 365
3 360 391 444
3 387 444 391
3 353 379 428
3 470 428 353
3 353 379 470
3 201 152 273
3 352 445 370
3 352 503 445
3 427 503 352
3 352 360 370
3 360 327 370
3 360 445 327
3 352 327 370
3 360 327 352
3 233 261 174
3 277 261 233
3 318 261 277
3 366 357 261
3 318 357 366
3 318 277 357
3 357 315 261
3 315 296 261
3 174 176 277
3 143 176 174
3 233 176 138
3 233 277 176
3 174 277 233
3 277 261 174
3 318 176 277
3 126 94 88
3 11 94 126
3 11 94 88
3 126 88 11
3 103 21 99
3 34 103 99
3 34 151 99
3 34 103 151
3 151 21 99
3 103 21 151
3 101 89 214
3 231 89 101
3 133 89 231
3 214 89 133
3 246 214 133
3 231 214 246
3 133 231 246
3 101 214 231
3 269 226 298
3 178 226 269
3 178 298 226
3 348 269 298
3 209 269 348
3 209 178 269
3 260 273 239
3 273 141 239
3 273 165 141
3 201 165 273
3 201 141 165
3 40 151 161
3 40 161 99
3 151 40 99
3 234 161 212
3 234 212 151
3 159 161 234
3 159 27 161
3 27 99 161
3 23 27 99
3 27 159 23
3 21 142 151
3 170 129 155
3 204 170 155
3 129 170 204
3 90 155 77
3 90 166 155
3 166 134 155
3 49 90 43
3 90 134 49
3 134 90 77
3 129 77 155
3 129 68 77
3 134 77 68
3 134 204 155
3 205 204 155
3 166 205 155
3 90 205 155
3 18 139 144
3 36 144 18
3 36 112 144
3 18 46 139
3 46 36 37
3 18 36 46
3 112 136 214
3 112 41 136
3 101 36 41
3 112 36 41
3 101 214 136
3 231 290 214
3 290 229 214
3 112 214 207
3 229 207 214
3 39 17 157
3 29 39 17
3 102 29 17
3 157 17 102
3 29 102 157
3 39 157 29
3 18 112 36
3 87 112 18
3 69 112 87
3 69 41 112
3 36 69 41
3 87 69 36
3 18 87 36
3 238 166 171
3 238 113 134
3 238 171 113
3 31 123 107
3 31 143 123
3 123 136 178
3 69 136 123
3 41 136 69
3 69 123 112
3 112 182 136
3 123 182 112
3 277 336 254
3 277 254 176
3 318 336 277
3 277 138 176
3 277 189 138
3 176 138 189
3 189 254 176
3 254 250 277
3 189 250 254
3 189 277 250
3 173 146 66
3 115 66 19
3 115 138 19
3 138 4 19
3 173 66 115
3 185 173 115
3 146 55 66
3 200 250 219
3 250 200 266
3 307 200 266
3 266 379 307
3 200 307 219
3 294 250 307
3 294 219 250
3 307 294 219
3 182 112 250
3 189 112 182
3 182 250 189
3 87 112 189
3 87 131 112
3 138 87 189
3 115 87 138
3 115 189 131
3 200 250 207
3 250 112 207
3 131 200 112
3 250 200 131
3 250 131 189
3 115 131 219
3 185 115 219
3 185 189 219
3 200 219 131
3 189 250 294
3 294 219 189
3 182 207 225
3 314 207 250
3 182 112 207
3 314 250 182
3 314 225 207
3 314 182 225
3 112 207 225
3 112 225 182
3 254 314 250
3 254 182 314
3 123 87 189
3 69 87 123
3 69 87 38
3 38 138 87
3 178 136 107
3 13 107 136
3 314 250 411
3 314 277 254
3 294 185 219
3 411 250 294
3 401 277 411
3 314 411 277
3 307 353 250
3 307 353 294
3 314 250 353
3 314 353 411
3 401 487 411
3 336 277 314
3 480 366 401
3 336 254 314
3 269 226 204
3 313 226 269
3 313 204 226
3 285 204 313
3 269 204 285
3 313 269 285
3 8 4 87
3 8 87 15
3 115 8 15
3 38 87 4
3 115 4 19
3 4 115 8
3 4 8 19
3 115 19 8
3 199 186 227
3 186 338 227
3 338 199 302
3 338 186 199
3 186 184 126
3 186 276 184
3 227 126 184
3 171 227 199
3 171 126 227
3 126 171 199
3 186 126 199
3 186 302 338
3 186 199 302
3 131 18 144
3 200 131 144
3 15 87 18
3 15 18 131
3 70 101 89
3 128 89 70
3 231 89 128
3 326 258 237
3 309 237 326
3 329 309 258
3 329 258 326
3 309 326 329
3 2 54 92
3 160 92 2
3 160 54 92
3 160 2 54
3 72 54 149
3 2 72 54
3 72 2 149
3 258 196 149
3 237 258 149
3 263 160 237
3 237 149 2
3 243 249 237
3 156 249 237
3 160 243 237
3 2 92 156
3 128 108 156
3 92 108 156
3 108 128 92
3 128 160 92
3 2 156 237
3 263 243 237
3 697 640 577
3 641 697 577
3 648 640 577
3 640 697 752
3 648 752 640
3 303 288 351
3 418 351 288
3 288 392 418
3 303 392 288
3 808 754 859
3 859 707 747
3 859 699 707
3 699 747 707
3 783 747 699
3 854 747 783
3 854 859 747
3 854 783 859
3 754 699 859
3 808 859 783
3 238 246 113
3 199 113 246
3 199 133 113
3 133 171 113
3 133 199 171
3 227 238 171
3 309 196 258
3 128 133 89
3 128 231 186
3 231 133 186
3 133 128 186
3 648 640 557
3 462 568 512
3 462 475 512
3 640 677 568
3 647 640 677
3 647 568 677
3 512 640 647
3 512 568 647
3 475 640 512
3 640 568 557
3 475 577 557
3 640 475 577
3 648 568 557
3 640 568 648
3 230 144 139
3 960 955 916
3 960 882 916
3 882 916 955
3 871 900 882
3 960 1001 900
3 871 1001 900
3 1001 871 985
3 890 871 960
3 985 871 890
3 890 966 985
3 960 966 985
3 960 966 890
3 1001 960 985
3 871 882 960
3 955 960 900
3 955 882 900
3 960 871 916
3 882 916 871
3 405 354 500
3 439 354 316
3 405 316 354
3 439 316 405
3 405 500 439
3 469 470 353
3 353 469 438
3 397 309 329
3 309 326 397
3 369 321 292
3 369 207 321
3 314 207 369
3 292 382 388
3 379 292 382
3 321 388 369
3 470 568 512
3 470 511 568
3 470 512 462
3 290 319 388
3 436 319 290
3 321 319 330
3 388 319 321
3 290 388 436
3 290 319 321
3 336 298 254
3 314 298 225
3 254 298 314
3 254 314 225
3 254 225 182
3 314 336 298
3 469 353 428
3 840 898 887
3 856 898 840
3 856 1005 898
3 840 1005 856
3 840 887 1005
3 462 512 428
3 462 428 382
3 225 321 314
3 207 321 225
3 369 314 321
3 312 400 388
3 312 426 400
3 382 292 312
3 382 312 426
3 426 462 382
3 475 462 426
3 510 479 562
3 495 562 479
3 495 479 510
3 545 562 495
3 545 510 562
3 801 702 710
3 695 702 672
3 695 710 702
3 789 710 695
3 789 801 710
3 495 599 522
3 599 495 479
3 599 592 522
3 488 522 592
3 488 560 457
3 592 457 560
3 479 457 592
3 488 457 479
3 599 479 592
3 488 522 599
3 738 829 788
3 692 829 738
3 809 829 692
3 738 809 692
3 809 788 829
3 809 765 788
3 738 765 809
3 788 697 641
3 724 795 697
3 795 752 788
3 697 795 752
3 697 788 752
3 871 788 724
3 871 795 788
3 724 795 871
3 724 697 641
3 290 400 319
3 388 400 290
3 267 400 263
3 290 331 319
3 263 455 331
3 400 455 263
3 290 263 331
3 267 312 400
3 376 416 377
3 319 416 302
3 290 246 319
3 231 246 290
3 290 319 231
3 186 319 246
3 231 319 186
3 133 199 246
3 199 186 246
3 133 186 199
3 262 163 194
3 166 163 262
3 147 194 163
3 166 147 163
3 194 147 166
3 262 194 166
3 397 499 455
3 397 499 492
3 400 397 455
3 426 397 400
3 426 397 492
3 231 186 243
3 230 181 267
3 230 267 312
3 108 92 54
3 42 70 89
3 128 89 42
3 54 70 42
3 70 128 54
3 108 54 42
3 108 128 42
3 54 128 160
3 319 231 331
3 231 243 331
3 263 331 243
3 648 718 568
3 718 596 568
3 596 672 642
3 695 672 596
3 718 695 723
3 718 723 596
3 642 568 596
3 642 648 568
3 492 499 641
3 641 577 570
3 641 577 492
3 570 499 641
3 870 783 847
3 718 829 783
3 762 829 718
3 813 829 762
3 870 829 813
3 762 813 870
3 829 847 783
3 870 847 829
3 267 309 397
3 400 309 397
3 263 309 400
3 426 267 397
3 312 267 426
3 619 557 582
3 619 568 557
3 619 648 568
3 560 570 678
3 560 765 570
3 765 560 674
3 660 560 678
3 660 674 560
3 678 660 674
3 678 765 674
3 455 410 456
3 410 455 397
3 499 397 456
3 499 455 456
3 338 302 319
3 338 331 420
3 338 319 331
3 186 331 302
3 243 331 186
3 331 338 302
3 455 410 420
3 523 455 420
3 410 455 523
3 372 420 410
3 523 372 452
3 420 452 523
3 410 372 523
3 506 562 643
3 624 643 562
3 510 562 506
3 510 624 562
3 506 624 510
3 455 410 326
3 410 331 326
3 263 326 243
3 326 331 243
3 263 455 326
3 410 420 331
3 397 326 263
3 309 397 263
3 326 237 249
3 326 243 249
3 410 326 420
3 372 410 326
3 372 420 326
3 331 326 372
3 372 420 331
3 326 249 372
3 253 124 130
3 124 167 130
3 167 208 130
3 124 208 167
3 245 130 208
3 245 253 130
3 208 253 245
3 208 124 253
3 124 130 119
3 253 119 130
3 119 253 274
3 208 274 253
3 274 208 283
3 124 283 208
3 154 283 124
3 340 283 154
3 154 124 340
3 340 274 283
3 124 274 340
3 124 198 274
3 213 274 323
3 268 198 213
3 268 323 198
3 268 213 323
3 119 274 213
3 213 198 119
3 119 198 124
3 124 198 340
3 72 149 12
3 72 12 54
3 133 22 89
3 133 113 22
3 214 113 246
3 214 22 113
3 214 89 22
3 43 14 71
3 163 71 43
3 58 71 163
3 14 58 71
3 376 418 351
3 374 418 376
3 374 320 288
3 392 418 374
3 374 288 392
3 269 170 257
3 190 257 155
3 190 155 205
3 170 155 257
3 129 269 204
3 85 43 30
3 166 30 85
3 166 43 30
3 491 565 529
3 634 623 529
3 565 634 529
3 623 565 634
3 623 543 529
3 565 623 543
3 207 214 225
3 321 225 214
3 290 321 214
3 221 276 126
3 156 126 186
3 156 221 126
3 184 126 276
3 207 225 136
3 112 207 136
3 126 44 94
3 126 11 44
3 11 44 94
3 30 43 71
3 30 163 71
3 30 166 163
3 619 511 596
3 552 511 619
3 596 511 552
3 653 596 552
3 653 619 596
3 552 619 653
3 133 126 171
3 128 186 126
3 133 42 126
3 128 42 133
3 128 126 42
3 108 126 128
3 126 108 11
3 88 108 11
3 88 184 126
3 156 88 184
3 221 156 184
3 221 184 276
3 108 88 156
3 126 42 11
3 108 42 11
3 612 713 591
3 714 713 612
3 675 761 714
3 713 761 675
3 714 761 713
3 612 675 714
3 689 713 675
3 689 591 713
3 689 630 591
3 420 416 488
3 420 488 457
3 496 479 467
3 467 479 457
3 496 467 457
3 403 467 338
3 452 403 496
3 403 457 452
3 403 420 457
3 467 351 447
3 335 351 467
3 425 351 335
3 425 447 351
3 335 425 447
3 529 562 643
3 418 562 529
3 418 506 562
3 418 529 506
3 529 643 506
3 655 706 736
3 730 740 706
3 655 740 730
3 736 706 740
3 740 655 736
3 631 655 706
3 631 736 740
3 558 655 631
3 558 635 655
3 558 631 635
3 635 740 655
3 631 740 635
3 467 418 351
3 545 658 646
3 653 552 646
3 658 552 653
3 552 545 646
3 599 552 658
3 599 545 552
3 658 545 599
3 190 155 159
3 90 159 155
3 90 104 159
3 90 104 14
3 104 155 90
3 104 159 155
3 62 22 49
3 85 62 49
3 49 43 85
3 62 113 171
3 62 171 85
3 22 105 49
3 49 134 105
3 22 105 113
3 62 22 113
3 508 536 581
3 536 625 581
3 536 508 625
3 589 581 625
3 589 489 581
3 508 581 489
3 489 589 508
3 625 508 589
3 467 562 543
3 467 418 562
3 418 467 529
3 529 543 562
3 447 529 467
3 319 214 290
3 225 330 321
3 319 246 214
3 240 198 268
3 308 295 198
3 295 363 399
3 308 295 363
3 363 308 323
3 240 308 198
3 308 240 323
3 268 323 240
3 308 240 268
3 268 323 308
3 842 749 852
3 842 770 749
3 743 749 770
3 743 761 675
3 675 749 743
3 743 708 761
3 708 852 761
3 708 822 852
3 743 852 822
3 743 822 708
3 852 749 761
3 743 770 852
3 842 852 770
3 743 770 842
3 842 852 743
3 259 300 351
3 335 259 300
3 259 351 335
3 425 335 300
3 425 351 300
3 387 313 348
3 313 387 285
3 348 301 387
3 269 301 348
3 653 599 619
3 599 582 619
3 582 522 619
3 599 522 582
3 522 552 619
3 599 552 522
3 101 22 89
3 136 22 214
3 316 268 405
3 303 268 316
3 303 405 268
3 694 643 529
3 623 643 694
3 623 562 643
3 543 562 623
3 584 529 634
3 584 663 571
3 529 571 663
3 491 529 584
3 571 529 491
3 491 584 571
3 584 694 663
3 694 529 663
3 634 680 656
3 584 656 680
3 634 656 584
3 694 680 634
3 694 584 680
3 27 104 155
3 90 27 104
3 77 25 155
3 90 77 25
3 27 25 91
3 155 91 27
3 155 25 91
3 90 25 27
3 506 548 528
3 421 548 510
3 506 510 548
3 506 421 510
3 473 548 421
3 473 528 548
3 392 528 421
3 392 506 528
3 421 506 392
3 49 105 68
3 49 68 77
3 90 49 77
3 314 369 378
3 314 378 336
3 369 378 321
3 826 769 784
3 826 704 733
3 704 784 769
3 826 784 704
3 465 377 505
3 442 505 377
3 463 380 505
3 377 380 378
3 378 380 463
3 378 463 377
3 377 442 380
3 485 380 442
3 505 380 485
3 465 463 505
3 377 463 465
3 330 377 378
3 377 380 330
3 442 380 313
3 392 374 510
3 442 421 510
3 374 421 442
3 374 392 421
3 506 392 510
3 453 485 380
3 485 387 380
3 387 348 380
3 453 348 387
3 485 473 387
3 453 473 485
3 453 387 473
3 442 421 285
3 442 387 421
3 346 421 387
3 299 421 407
3 407 421 346
3 285 421 299
3 299 272 257
3 346 257 272
3 485 473 442
3 387 442 473
3 485 477 453
3 463 477 505
3 485 505 477
3 770 749 845
3 852 845 749
3 852 842 845
3 770 845 842
3 238 204 226
3 374 285 320
3 190 272 159
3 257 159 272
3 155 159 257
3 41 13 68
3 41 68 105
3 107 13 41
3 107 41 69
3 113 214 134
3 62 133 113
3 133 89 113
3 62 42 89
3 126 62 11
3 42 62 11
3 126 133 62
3 22 113 89
3 62 89 22
3 74 30 110
3 147 50 74
3 110 50 147
3 110 50 74
3 147 30 110
3 74 30 147
3 129 77 25
3 170 25 155
3 170 129 25
3 13 25 77
3 13 77 68
3 57 25 129
3 57 25 13
3 414 333 279
3 297 414 279
3 384 414 297
3 414 383 368
3 473 421 387
3 346 391 473
3 347 443 391
3 387 346 473
3 387 391 473
3 271 337 275
3 281 337 271
3 281 337 275
3 271 275 281
3 154 208 283
3 208 154 167
3 450 371 385
3 433 371 450
3 450 385 433
3 345 371 433
3 345 385 371
3 433 385 345
3 268 213 163
3 268 303 213
3 303 316 213
3 316 163 213
3 316 190 163
3 166 205 262
3 262 303 163
3 303 268 163
3 268 316 213
3 316 252 213
3 190 252 316
3 190 213 252
3 190 163 213
3 159 244 257
3 159 234 244
3 159 272 234
3 272 257 244
3 404 402 464
3 323 405 402
3 404 405 323
3 405 464 402
3 404 464 405
3 374 262 320
3 374 285 299
3 234 291 342
3 345 256 232
3 324 256 345
3 234 232 256
3 234 324 232
3 234 342 324
3 212 291 234
3 212 256 291
3 234 256 212
3 434 432 419
3 419 332 311
3 406 419 311
3 434 419 406
3 498 419 406
3 498 432 419
3 434 432 498
3 498 406 434
3 323 268 402
3 316 268 323
3 316 323 405
3 837 964 922
3 934 964 874
3 837 874 964
3 837 819 874
3 819 934 874
3 837 934 819
3 934 964 922
3 837 934 922
3 272 324 389
3 272 232 324
3 354 324 232
3 354 389 324
3 238 288 262
3 320 288 238
3 303 262 288
3 303 374 262
3 374 303 392
3 867 866 915
3 867 887 866
3 887 915 866
3 915 887 867
3 812 866 867
3 812 887 866
3 877 887 812
3 899 887 877
3 915 887 980
3 899 980 887
3 915 980 899
3 915 899 977
3 877 977 899
3 877 915 977
3 877 867 915
3 812 867 785
3 877 791 867
3 791 785 867
3 785 791 877
3 877 812 785
3 884 935 858
3 884 897 962
3 884 879 897
3 879 962 897
3 884 825 879
3 962 939 865
3 825 884 865
3 935 962 865
3 935 884 962
3 858 935 865
3 884 858 865
3 825 858 865
3 884 858 825
3 997 974 921
3 879 921 997
3 921 962 939
3 921 879 939
3 974 962 921
3 974 897 879
3 962 897 974
3 938 974 879
3 997 938 974
3 997 938 879
3 421 407 392
3 766 680 737
3 737 749 766
3 766 636 680
3 749 636 766
3 610 636 538
3 662 636 610
3 584 636 662
3 584 538 636
3 662 538 584
3 610 538 555
3 555 538 662
3 610 555 662
3 454 515 472
3 531 515 454
3 561 515 531
3 531 561 454
3 454 431 561
3 472 561 431
3 431 454 398
3 472 398 454
3 431 398 472
3 392 506 405
3 500 528 392
3 500 464 506
3 464 405 506
3 500 439 464
3 439 405 464
3 392 405 500
3 800 832 826
3 800 733 832
3 694 733 800
3 694 800 726
3 826 704 726
3 800 826 883
3 780 826 726
3 780 883 826
3 780 834 883
3 726 883 834
3 780 726 834
3 800 883 726
3 883 832 826
3 800 832 883
3 780 826 704
3 834 826 780
3 834 883 826
3 606 559 572
3 665 572 610
3 559 555 572
3 610 555 559
3 610 572 555
3 559 606 665
3 743 572 665
3 728 572 743
3 728 606 572
3 743 606 728
3 665 606 743
3 801 853 911
3 888 853 801
3 801 911 888
3 975 911 853
3 888 911 975
3 880 853 888
3 880 975 853
3 992 880 888
3 992 975 880
3 888 975 992
3 580 595 518
3 580 558 595
3 558 498 595
3 498 518 595
3 536 581 587
3 489 587 581
3 536 587 489
3 536 489 508
3 489 508 443
3 536 443 508
3 489 528 587
3 584 546 538
3 571 546 584
3 491 546 571
3 491 538 546
3 538 491 571
3 584 538 571
3 558 507 595
3 536 595 507
3 536 507 498
3 432 507 558
3 432 498 507
3 558 498 432
3 528 591 581
3 528 581 614
3 614 591 528
3 689 581 591
3 689 614 581
3 630 614 689
3 630 591 614
3 464 546 491
3 464 538 546
3 482 538 464
3 491 538 482
3 464 491 482
3 801 710 853
3 710 695 688
3 768 811 688
3 789 811 768
3 811 670 688
3 710 670 811
3 811 853 710
3 789 853 880
3 811 896 853
3 880 896 811
3 789 880 811
3 789 801 853
3 106 198 157
3 39 198 106
3 39 124 198
3 124 157 198
3 39 157 124
3 106 157 39
3 415 538 482
3 415 482 491
3 415 437 538
3 491 538 437
3 491 437 415
3 402 437 415
3 425 437 402
3 402 491 425
3 402 482 464
3 464 491 402
3 399 415 482
3 399 482 402
3 624 658 646
3 545 624 646
3 624 545 643
3 658 643 545
3 624 704 658
3 39 198 110
3 106 50 198
3 50 110 198
3 106 50 110
3 39 106 110
3 852 897 761
3 852 845 897
3 845 749 761
3 879 897 845
3 879 761 897
3 846 879 845
3 846 761 879
3 845 761 846
3 106 39 29
3 106 29 157
3 171 288 238
3 227 288 171
3 171 147 166
3 171 194 147
3 171 227 194
3 227 240 194
3 288 194 240
3 227 288 240
3 194 303 163
3 268 194 288
3 303 194 268
3 288 303 268
3 262 288 171
3 166 262 171
3 334 304 435
3 334 340 435
3 435 340 395
3 424 304 395
3 435 395 424
3 424 435 304
3 334 304 340
3 751 614 689
3 630 614 663
3 751 689 737
3 737 663 751
3 726 690 751
3 614 624 726
3 690 624 652
3 614 652 624
3 690 652 614
3 690 726 624
3 614 751 690
3 726 663 614
3 751 663 726
3 404 482 464
3 399 482 404
3 467 425 491
3 467 447 425
3 467 491 529
3 467 351 425
3 418 491 529
3 402 351 425
3 402 491 351
3 491 418 351
3 482 538 546
3 431 546 464
3 431 482 546
3 464 404 431
3 404 482 431
3 854 783 906
3 870 783 854
3 847 888 783
3 906 888 847
3 783 888 906
3 847 870 906
3 870 854 872
3 906 870 872
3 325 282 345
3 371 325 282
3 371 282 356
3 345 356 371
3 345 286 356
3 282 286 345
3 282 286 356
3 325 345 371
3 404 431 399
3 340 431 404
3 404 399 340
3 435 431 340
3 435 399 431
3 399 435 340
3 665 669 750
3 665 728 669
3 728 669 750
3 728 743 750
3 743 665 750
3 728 665 606
3 728 606 669
3 770 766 749
3 766 662 749
3 770 662 766
3 662 770 743
3 743 675 662
3 662 636 749
3 675 610 662
3 743 665 662
3 665 610 662
3 600 548 545
3 485 548 473
3 583 473 548
3 583 646 600
3 652 646 583
3 624 548 646
3 652 624 646
3 652 548 624
3 583 548 652
3 548 600 646
3 602 583 600
3 602 535 583
3 602 485 535
3 442 548 485
3 510 545 548
3 442 510 548
3 505 600 545
3 639 629 654
3 700 627 654
3 629 700 654
3 627 629 700
3 629 627 579
3 639 654 579
3 579 629 639
3 629 700 639
3 194 213 163
3 268 213 194
3 316 305 252
3 316 385 305
3 316 404 385
3 404 472 431
3 385 431 472
3 404 431 385
3 439 472 404
3 316 323 404
3 404 464 439
3 404 305 316
3 404 385 305
3 404 464 472
3 439 472 464
3 310 340 283
3 395 283 310
3 395 340 310
3 310 274 283
3 395 431 310
3 340 431 395
3 431 253 385
3 310 385 253
3 398 385 310
3 398 472 385
3 431 398 310
3 431 274 253
3 310 253 274
3 431 340 274
3 135 147 64
3 227 147 135
3 227 64 147
3 126 64 227
3 62 64 126
3 62 64 44
3 62 44 11
3 47 44 64
3 47 135 64
3 44 47 135
3 44 126 135
3 126 184 135
3 259 184 135
3 203 259 135
3 203 227 135
3 259 227 203
3 44 135 184
3 88 94 184
3 44 184 94
3 85 147 64
3 85 30 147
3 85 30 64
3 74 64 30
3 135 147 74
3 47 64 74
3 135 47 74
3 135 203 147
3 227 147 194
3 194 163 240
3 147 240 163
3 203 240 147
3 227 240 203
3 227 64 171
3 171 64 85
3 147 163 30
3 53 124 119
3 39 124 17
3 39 53 17
3 39 119 198
3 53 39 7
3 119 7 53
3 119 39 7
3 259 240 203
3 268 194 240
3 351 268 240
3 259 300 240
3 300 351 240
3 402 240 351
3 402 268 240
3 300 308 240
3 308 300 351
3 308 351 402
3 363 308 402
3 437 300 351
3 308 437 300
3 425 437 351
3 437 402 308
3 363 437 308
3 437 363 415
3 437 425 300
3 62 85 64
3 163 110 147
3 163 71 110
3 163 147 71
3 71 110 30
3 147 30 71
3 203 217 147
3 240 147 217
3 300 203 217
3 308 300 217
3 308 240 217
3 300 259 203
3 79 103 180
3 103 34 180
3 125 148 211
3 125 9 148
3 148 9 86
3 86 151 34
3 34 151 180
3 79 148 180
3 103 34 79
3 179 180 103
3 179 151 180
3 34 151 179
3 103 34 179
3 100 127 10
3 52 127 100
3 100 141 52
3 165 153 141
3 165 127 153
3 100 165 141
3 10 127 165
3 140 165 100
3 140 10 165
3 48 10 140
3 100 48 10
3 100 48 140
3 305 232 179
3 252 197 232
3 197 252 305
3 197 179 232
3 305 179 197
3 240 268 213
3 163 240 213
3 147 240 198
3 213 147 198
3 163 147 213
3 203 74 217
3 135 74 203
3 217 308 198
3 213 147 119
3 39 119 110
3 147 163 119
3 110 119 163
3 50 217 198
3 50 217 74
3 17 67 93
3 154 93 67
3 157 102 93
3 17 93 102
3 210 157 93
3 210 93 154
3 157 154 210
3 124 154 198
3 157 198 154
3 217 248 295
3 308 217 295
3 248 217 157
3 50 106 217
3 217 106 157
3 208 310 283
3 310 253 245
3 310 208 245
3 272 232 234
3 389 342 324
3 345 256 179
3 179 256 232
3 197 345 179
3 305 345 197
3 58 119 163
3 71 119 58
3 71 110 119
3 431 546 559
3 472 559 546
3 472 431 559
3 472 546 464
3 39 71 7
3 119 58 7
3 71 58 7
3 71 39 110
3 631 508 507
3 631 507 458
3 508 631 589
3 554 417 526
3 441 526 417
3 508 526 441
3 417 508 441
3 433 396 417
3 554 433 417
3 631 547 554
3 458 547 631
3 458 554 547
3 248 228 304
3 304 334 248
3 53 130 124
3 53 96 130
3 245 130 192
3 245 208 192
3 208 167 192
3 96 192 130
3 167 96 192
3 454 561 513
3 431 513 398
3 454 513 398
3 431 561 513
3 1 84 35
3 84 35 130
3 1 84 130
3 96 1 35
3 53 1 130
3 96 53 1
3 192 96 35
3 192 130 35
3 248 157 228
3 248 154 228
3 210 154 228
3 157 210 228
3 248 157 154
3 559 708 612
3 714 612 708
3 675 714 708
3 399 435 486
3 334 435 486
3 415 334 486
3 415 399 486
3 295 334 363
3 363 334 415
3 274 404 305
3 274 252 316
3 274 305 252
3 323 404 274
3 316 323 274
3 154 283 228
3 693 670 688
3 693 742 670
3 688 670 742
3 693 688 652
3 742 652 688
3 693 777 742
3 652 742 777
3 690 652 777
3 690 693 652
3 777 693 690
3 652 670 688
3 652 693 670
3 274 385 431
3 305 253 385
3 197 253 252
3 197 252 274
3 253 197 274
3 253 305 252
3 274 305 385
3 404 431 274
3 555 551 538
3 572 486 551
3 555 572 551
3 486 538 551
3 555 538 486
3 974 897 845
3 938 912 974
3 845 912 974
3 938 912 845
3 938 846 879
3 845 846 938
3 694 726 737
3 663 737 726
3 694 737 663
3 694 680 663
3 800 680 694
3 766 680 800
3 770 766 845
3 737 749 845
3 845 800 737
3 766 800 845
3 737 846 726
3 846 800 726
3 846 737 800
3 846 737 845
3 845 800 846
3 234 244 212
3 257 155 244
3 155 161 244
3 159 161 155
3 325 245 192
3 253 245 192
3 325 245 253
3 222 325 192
3 253 192 222
3 325 253 282
3 222 282 253
3 325 222 282
3 119 252 213
3 119 274 252
3 441 433 345
3 396 345 433
3 396 433 441
3 417 345 396
3 396 441 417
3 197 252 119
3 119 253 197
3 282 256 222
3 345 256 282
3 345 282 179
3 179 222 256
3 222 179 282
3 222 179 345
3 345 282 222
3 192 179 253
3 192 222 179
3 197 253 179
3 305 345 253
3 345 282 253
3 179 35 130
3 84 35 179
3 21 142 84
3 21 84 179
3 142 21 179
3 179 130 197
3 142 197 130
3 179 197 142
3 1 84 142
3 142 130 1
3 159 190 232
3 190 272 232
3 385 345 305
3 433 385 441
3 450 454 371
3 454 385 450
3 398 325 371
3 385 325 371
3 398 325 385
3 398 371 454
3 472 385 454
3 394 339 293
3 358 339 394
3 412 339 358
3 271 339 412
3 412 358 271
3 293 339 271
3 271 358 293
3 242 327 311
3 289 242 311
3 242 289 327
3 370 311 327
3 327 289 370
3 481 356 364
3 481 364 446
3 396 286 364
3 356 286 396
3 356 286 364
3 433 356 396
3 483 450 356
3 433 450 356
3 481 483 356
3 325 253 385
3 86 34 40
3 99 40 34
3 81 86 40
3 81 151 40
3 345 286 396
3 345 433 356
3 371 356 450
3 222 192 35
3 179 35 83
3 222 35 83
3 179 83 222
3 197 253 130
3 310 253 398
3 325 398 253
3 310 325 398
3 325 310 245
3 151 256 212
3 232 256 151
3 332 311 242
3 332 327 311
3 242 327 332
3 175 311 242
3 332 311 175
3 175 291 332
3 242 327 251
3 251 153 242
3 161 153 251
3 161 175 153
3 175 242 153
3 190 142 163
3 142 7 119
3 119 163 142
3 119 142 252
3 197 142 119
3 197 252 142
3 197 232 142
3 119 163 252
3 163 213 252
3 53 7 130
3 80 130 7
3 53 7 80
3 80 1 130
3 53 80 1
3 206 153 175
3 206 242 153
3 242 278 311
3 206 278 242
3 206 311 278
3 206 175 311
3 119 7 130
3 21 84 1
3 142 119 80
3 7 80 119
3 52 10 28
3 127 10 28
3 52 100 10
3 162 117 158
3 223 162 117
3 162 158 223
3 224 223 117
3 224 117 158
3 211 151 179
3 256 212 211
3 151 211 212
3 179 256 211
3 103 21 179
3 191 83 180
3 179 180 191
3 79 180 83
3 103 79 83
3 84 103 83
3 84 83 35
3 21 103 84
3 191 222 83
3 191 222 179
3 281 367 373
3 349 337 281
3 373 337 349
3 373 337 281
3 349 281 322
3 367 322 281
3 349 322 367
3 57 45 91
3 25 170 91
3 57 91 25
3 170 97 91
3 97 91 45
3 412 458 358
3 412 394 458
3 394 358 458
3 412 358 394
3 256 396 339
3 324 339 396
3 396 256 345
3 417 324 396
3 286 364 339
3 256 286 339
3 282 286 256
3 439 546 464
3 500 591 546
3 439 591 500
3 439 500 546
3 439 472 591
3 472 559 591
3 500 546 464
3 191 256 179
3 191 286 256
3 282 191 286
3 191 282 222
3 216 206 293
3 206 278 293
3 216 278 206
3 278 355 293
3 256 180 191
3 211 180 256
3 588 695 710
3 586 695 588
3 586 672 695
3 586 702 672
3 586 710 702
3 588 710 586
3 125 271 216
3 125 211 271
3 211 216 271
3 125 175 211
3 125 216 175
3 216 293 175
3 216 211 293
3 211 212 293
3 212 291 293
3 291 175 293
3 175 212 211
3 211 293 271
3 311 293 355
3 311 332 293
3 332 293 206
3 332 206 311
3 215 116 223
3 162 223 116
3 215 223 162
3 216 206 215
3 216 116 206
3 215 162 216
3 24 75 137
3 78 24 75
3 60 78 75
3 137 60 75
3 78 137 60
3 24 137 78
3 440 430 504
3 393 430 440
3 393 422 430
3 393 440 422
3 504 422 440
3 137 220 218
3 241 137 220
3 241 218 220
3 137 218 241
3 187 33 162
3 187 148 33
3 125 9 33
3 6 9 33
3 148 6 33
3 6 86 9
3 125 183 148
3 187 183 125
3 187 183 148
3 59 116 125
3 5 116 59
3 162 116 5
3 5 162 59
3 59 162 33
3 125 33 59
3 358 412 337
3 281 358 337
3 349 358 281
3 27 40 99
3 91 161 27
3 91 40 161
3 27 91 40
3 271 339 286
3 271 286 364
3 275 271 364
3 358 275 337
3 358 271 275
3 137 75 120
3 10 120 137
3 75 61 120
3 10 61 120
3 75 10 61
3 137 75 10
3 118 60 137
3 164 60 137
3 241 317 265
3 241 328 317
3 265 317 328
3 241 265 328
3 241 328 218
3 206 242 328
3 215 206 278
3 206 328 278
3 164 242 206
3 218 328 289
3 242 289 328
3 242 218 289
3 164 218 242
3 164 241 218
3 235 287 343
3 322 343 235
3 287 343 322
3 235 287 322
3 81 175 3
3 95 3 175
3 81 95 3
3 40 95 175
3 81 40 95
3 40 175 161
3 125 175 81
3 121 165 140
3 121 141 165
3 201 140 165
3 120 127 165
3 10 127 120
3 177 165 140
3 177 120 165
3 48 61 10
3 9 59 33
3 16 59 116
3 9 16 59
3 162 117 116
3 117 158 116
3 5 109 116
3 109 162 5
3 109 117 116
3 162 109 117
3 118 116 109
3 118 109 158
3 109 117 158
3 59 16 5
3 109 5 16
3 26 109 16
3 118 158 56
3 117 109 56
3 117 56 158
3 26 118 56
3 26 56 109
3 352 239 370
3 239 327 370
3 260 352 360
3 260 239 352
3 104 27 23
3 155 91 161
3 165 279 218
3 165 177 279
3 120 127 218
3 165 218 127
3 177 120 218
3 220 177 279
3 220 218 279
3 177 218 220
3 120 177 220
3 120 218 220
3 683 580 611
3 490 580 537
3 611 580 490
3 558 595 668
3 580 668 595
3 683 668 580
3 558 668 683
3 558 683 537
3 273 177 165
3 111 127 206
3 24 127 111
3 24 164 127
3 164 206 127
3 242 206 127
3 242 127 165
3 218 242 165
3 127 111 153
3 111 28 153
3 10 111 28
3 24 111 10
3 10 137 127
3 75 24 10
3 218 127 137
3 137 120 220
3 95 40 161
3 97 161 91
3 97 95 161
3 91 97 95
3 40 91 95
3 111 153 63
3 206 153 127
3 63 153 3
3 3 153 97
3 175 97 153
3 97 175 95
3 97 3 95
3 3 175 63
3 63 175 206
3 150 239 153
3 150 141 239
3 141 153 239
3 150 153 141
3 153 327 239
3 153 242 327
3 251 153 150
3 251 150 301
3 150 260 301
3 45 97 153
3 257 170 244
3 206 216 175
3 81 3 63
3 125 206 63
3 125 216 206
3 668 731 595
3 683 731 668
3 668 595 683
3 730 731 683
3 730 595 731
3 683 655 730
3 595 655 683
3 631 507 558
3 558 547 635
3 635 547 631
3 218 165 273
3 45 28 97
3 28 3 97
3 111 3 28
3 111 63 3
3 432 347 391
3 432 391 459
3 459 498 432
3 170 301 269
3 150 301 170
3 209 301 269
3 209 150 301
3 260 301 365
3 360 365 301
3 360 445 459
3 360 459 391
3 611 605 644
3 549 580 611
3 605 580 549
3 605 611 580
3 549 644 605
3 611 644 608
3 549 644 608
3 608 549 611
3 459 391 444
3 459 444 445
3 746 574 654
3 700 746 654
3 627 746 700
3 574 746 627
3 574 712 746
3 712 700 627
3 746 700 712
3 649 617 627
3 649 712 627
3 617 649 712
3 517 617 712
3 637 517 712
3 671 575 637
3 671 567 637
3 671 575 567
3 517 637 575
3 567 575 517
3 574 637 567
3 567 517 574
3 617 517 566
3 509 566 517
3 498 432 443
3 536 498 443
3 443 508 417
3 443 432 508
3 389 417 432
3 389 443 417
3 507 508 432
3 536 443 432
3 507 508 536
3 536 432 507
3 716 668 720
3 611 720 668
3 720 611 605
3 716 605 611
3 716 720 605
3 605 668 580
3 720 668 605
3 466 504 440
3 504 422 466
3 393 466 440
3 423 466 422
3 359 423 466
3 393 359 466
3 359 317 393
3 322 430 393
3 349 430 322
3 422 430 349
3 393 317 322
3 333 328 241
3 241 333 265
3 383 328 333
3 423 359 333
3 359 265 317
3 333 359 265
3 239 289 273
3 242 289 239
3 153 242 239
3 497 423 490
3 448 383 497
3 448 549 490
3 497 549 448
3 497 490 549
3 165 239 289
3 165 141 239
3 165 289 218
3 242 165 239
3 361 393 474
3 367 361 474
3 440 474 393
3 367 393 440
3 393 367 361
3 242 328 311
3 223 367 281
3 223 322 281
3 367 235 343
3 367 322 343
3 223 235 367
3 611 608 685
3 639 608 611
3 639 629 608
3 629 608 685
3 629 639 685
3 716 611 685
3 639 716 685
3 756 637 671
3 756 635 637
3 756 671 635
3 635 567 637
3 657 575 547
3 635 578 547
3 578 657 547
3 578 635 657
3 671 657 575
3 657 635 671
3 289 328 383
3 490 422 466
3 490 519 422
3 504 519 490
3 490 466 504
3 322 278 317
3 349 322 215
3 278 322 349
3 215 278 349
3 497 580 549
3 497 605 580
3 497 524 605
3 497 524 615
3 615 748 605
3 673 615 748
3 605 748 673
3 673 644 605
3 615 673 644
3 615 644 549
3 497 615 549
3 333 279 218
3 220 333 218
3 220 333 241
3 333 220 279
3 287 367 343
3 361 367 343
3 361 343 287
3 367 287 361
3 730 736 706
3 740 796 730
3 736 796 740
3 736 730 796
3 265 359 255
3 393 287 322
3 359 393 287
3 255 359 287
3 187 271 216
3 187 183 271
3 183 211 271
3 440 509 517
3 474 440 509
3 474 509 517
3 740 635 756
3 657 635 631
3 187 275 271
3 183 187 275
3 183 271 275
3 481 578 576
3 458 578 576
3 481 446 578
3 458 446 578
3 191 286 271
3 271 339 256
3 180 191 271
3 256 211 271
3 183 180 271
3 440 504 509
3 430 574 517
3 440 574 430
3 440 504 574
3 187 162 281
3 215 281 216
3 187 216 281
3 215 216 187
3 223 281 215
3 223 281 162
3 215 187 162
3 342 417 432
3 342 389 417
3 394 291 339
3 342 291 394
3 417 342 394
3 393 361 287
3 558 655 683
3 558 595 655
3 434 519 355
3 406 519 434
3 422 519 406
3 355 519 471
3 607 698 616
3 607 668 698
3 668 595 698
3 580 607 595
3 580 668 607
3 595 616 698
3 616 595 607
3 616 698 731
3 668 731 698
3 595 616 731
3 607 518 520
3 520 580 607
3 180 183 286
3 191 180 286
3 364 286 275
3 275 286 183
3 483 481 576
3 483 576 564
3 554 564 483
3 187 281 275
3 211 339 271
3 211 293 291
3 211 256 339
3 212 211 291
3 434 519 471
3 578 461 575
3 657 578 575
3 446 547 458
3 578 458 547
3 461 547 446
3 446 461 578
3 884 1009 849
3 1009 958 849
3 864 830 920
3 858 830 864
3 920 858 864
3 1003 858 920
3 999 858 1003
3 1003 999 920
3 999 884 858
3 999 958 884
3 958 1009 884
3 1009 884 999
3 958 999 1009
3 558 519 471
3 558 537 519
3 434 537 558
3 519 537 434
3 934 819 840
3 840 856 934
3 856 837 772
3 819 837 772
3 934 837 856
3 670 666 607
3 679 666 670
3 554 576 547
3 576 578 547
3 659 519 537
3 639 537 519
3 659 654 519
3 654 639 519
3 406 537 519
3 490 519 537
3 490 574 519
3 490 504 574
3 574 519 654
3 639 574 654
3 574 639 544
3 544 611 490
3 629 611 544
3 639 611 629
3 629 544 639
3 490 504 544
3 504 574 544
3 579 544 629
3 579 544 574
3 629 544 608
3 611 544 608
3 818 784 719
3 831 719 784
3 768 719 831
3 768 818 719
3 831 875 768
3 818 875 831
3 756 637 721
3 671 637 721
3 671 721 772
3 671 772 725
3 575 461 517
3 373 517 461
3 835 721 712
3 835 746 712
3 721 835 856
3 811 670 693
3 768 742 688
3 742 768 811
3 777 811 693
3 480 540 429
3 502 540 480
3 540 502 534
3 502 429 534
3 540 534 429
3 579 504 544
3 597 667 681
3 563 667 597
3 563 681 667
3 563 585 681
3 597 681 585
3 585 563 597
3 884 858 1003
3 1009 1003 935
3 884 935 1009
3 884 1003 935
3 1003 1009 999
3 649 627 700
3 734 649 700
3 712 700 734
3 734 712 649
3 490 549 580
3 608 549 490
3 490 544 608
3 629 685 716
3 755 685 629
3 755 716 685
3 639 629 716
3 755 727 700
3 629 727 755
3 629 727 700
3 727 755 685
3 629 685 727
3 727 716 685
3 755 716 727
3 835 898 887
3 835 898 856
3 756 763 746
3 756 654 763
3 654 746 763
3 567 654 635
3 567 574 654
3 756 659 654
3 659 635 654
3 659 756 635
3 567 654 659
3 659 635 567
3 683 659 655
3 683 558 659
3 659 635 655
3 558 635 659
3 547 659 567
3 635 659 547
3 817 797 891
3 779 817 891
3 797 720 779
3 720 817 779
3 720 797 817
3 844 891 797
3 797 779 844
3 844 863 891
3 863 779 891
3 863 844 779
3 817 891 863
3 863 779 817
3 423 497 549
3 466 423 549
3 544 466 549
3 544 549 608
3 466 544 504
3 613 667 563
3 628 681 686
3 628 563 681
3 563 628 686
3 686 676 563
3 448 520 605
3 448 497 520
3 524 520 497
3 448 580 497
3 448 605 580
3 991 978 893
3 851 978 991
3 851 893 978
3 911 893 851
3 959 893 911
3 911 851 959
3 959 991 893
3 851 991 937
3 959 991 937
3 685 608 644
3 716 608 644
3 716 685 608
3 673 785 605
3 673 716 785
3 716 720 785
3 605 785 720
3 673 785 739
3 720 739 785
3 673 739 720
3 673 720 605
3 716 785 739
3 820 836 796
3 730 794 820
3 836 794 730
3 836 820 794
3 730 796 836
3 820 796 730
3 448 524 497
3 484 524 448
3 484 524 497
3 484 448 497
3 448 383 484
3 414 484 503
3 368 484 414
3 368 448 484
3 586 550 487
3 588 550 586
3 588 527 550
3 933 961 861
3 936 861 998
3 961 998 861
3 936 961 998
3 936 899 861
3 936 933 899
3 933 861 899
3 961 936 933
3 801 747 792
3 801 702 747
3 797 710 811
3 811 853 797
3 760 710 797
3 797 853 891
3 853 844 891
3 797 844 760
3 834 921 939
3 833 921 834
3 921 939 902
3 833 926 921
3 902 941 926
3 941 896 902
3 902 926 921
3 877 861 863
3 785 861 877
3 785 779 861
3 863 779 785
3 863 861 779
3 877 863 785
3 835 712 786
3 746 786 866
3 881 835 786
3 881 786 866
3 835 881 898
3 866 898 835
3 746 866 835
3 746 734 786
3 734 786 712
3 712 734 746
3 700 866 786
3 746 755 866
3 727 866 755
3 727 866 700
3 746 654 755
3 700 786 734
3 720 668 666
3 607 605 666
3 668 607 666
3 580 605 607
3 605 779 666
3 720 779 605
3 720 666 779
3 720 607 666
3 668 607 720
3 1000 853 963
3 975 853 1000
3 975 992 1000
3 1000 992 963
3 822 958 849
3 884 822 849
3 884 1009 822
3 958 822 968
3 1009 968 822
3 958 1009 968
3 958 849 968
3 968 849 822
3 720 731 698
3 668 731 720
3 720 698 607
3 626 667 597
3 541 597 667
3 541 626 597
3 621 667 626
3 621 613 667
3 613 541 667
3 459 514 445
3 444 476 532
3 514 459 518
3 459 444 532
3 514 445 518
3 941 963 992
3 941 880 992
3 941 963 896
3 536 507 625
3 507 558 655
3 625 655 706
3 625 507 655
3 625 536 595
3 625 595 507
3 595 655 625
3 595 706 625
3 582 557 570
3 489 508 389
3 417 389 508
3 535 444 532
3 387 444 535
3 473 387 535
3 387 391 459
3 459 444 387
3 444 532 453
3 535 453 532
3 453 535 473
3 444 348 365
3 444 453 348
3 889 935 865
3 889 865 858
3 889 858 864
3 864 920 1003
3 864 1003 932
3 836 864 932
3 836 889 864
3 720 797 698
3 731 817 720
3 817 794 836
3 817 836 820
3 731 794 817
3 730 794 731
3 730 745 820
3 745 730 731
3 472 526 591
3 612 591 526
3 616 698 693
3 745 731 616
3 745 693 698
3 829 870 931
3 906 950 870
3 906 950 931
3 906 829 931
3 847 829 906
3 968 897 951
3 951 897 912
3 974 912 897
3 951 974 912
3 968 974 951
3 1009 897 968
3 968 1009 974
3 1009 884 897
3 1009 935 962
3 1009 962 974
3 630 500 591
3 546 571 630
3 464 571 546
3 464 506 571
3 846 879 751
3 834 879 846
3 751 879 825
3 751 833 834
3 833 751 825
3 846 737 834
3 737 751 834
3 737 846 751
3 706 796 722
3 796 736 722
3 706 745 796
3 745 820 796
3 755 791 727
3 716 791 755
3 685 791 727
3 824 779 785
3 877 863 824
3 824 785 877
3 740 794 730
3 740 836 794
3 796 836 740
3 998 963 896
3 908 998 963
3 908 896 963
3 998 896 908
3 967 907 942
3 821 942 967
3 821 942 907
3 877 967 863
3 877 977 907
3 967 977 907
3 877 907 967
3 933 977 877
3 933 977 967
3 933 891 967
3 863 891 933
3 863 967 891
3 877 863 933
3 794 850 861
3 794 899 850
3 899 861 850
3 794 836 899
3 836 861 820
3 936 817 861
3 817 820 861
3 820 889 796
3 836 796 889
3 936 913 889
3 794 861 836
3 794 861 817
3 699 814 715
3 808 814 715
3 699 715 808
3 707 778 868
3 707 851 778
3 857 778 851
3 857 868 778
3 851 868 857
3 747 851 707
3 859 851 747
3 774 814 823
3 774 868 823
3 868 774 707
3 701 699 707
3 814 699 701
3 808 859 699
3 754 808 715
3 905 817 891
3 961 891 817
3 817 998 961
3 905 998 817
3 877 899 861
3 812 850 887
3 899 850 812
3 887 850 899
3 812 861 899
3 877 861 812
3 812 791 716
3 812 867 791
3 785 716 791
3 812 716 785
3 755 867 791
3 812 866 755
3 867 755 866
3 913 936 1007
3 683 785 716
3 668 785 683
3 668 720 785
3 794 850 812
3 794 785 861
3 812 785 794
3 856 898 934
3 928 934 840
3 928 934 1005
3 840 1005 928
3 918 1005 934
3 898 918 934
3 731 720 785
3 794 731 785
3 730 794 683
3 812 716 683
3 683 794 812
3 854 801 747
3 851 747 792
3 851 801 859
3 801 854 859
3 854 859 851
3 573 676 686
3 573 686 628
3 521 573 628
3 521 563 628
3 573 563 521
3 975 853 893
3 893 1000 975
3 1000 844 853
3 893 844 1000
3 783 854 888
3 789 888 854
3 847 888 789
3 847 789 783
3 915 1005 1002
3 945 915 1002
3 945 887 1002
3 915 887 945
3 980 1005 887
3 915 980 1005
3 975 911 893
3 911 854 959
3 854 859 959
3 854 911 801
3 961 891 861
3 877 891 863
3 877 861 891
3 817 861 863
3 731 861 785
3 720 785 861
3 731 817 861
3 817 720 861
3 928 913 994
3 850 994 928
3 928 887 850
3 928 899 887
3 980 899 928
3 913 899 980
3 928 980 913
3 945 1002 866
3 945 915 866
3 824 791 877
3 739 824 791
3 824 785 739
3 907 945 867
3 915 945 867
3 907 915 945
3 824 867 791
3 907 867 824
3 907 977 915
3 915 977 980
3 933 899 977
3 980 977 933
3 936 913 980
3 933 936 980
3 877 933 861
3 928 1005 887
3 980 928 1005
3 836 864 874
3 932 874 864
3 994 874 932
3 867 945 866
3 727 791 866
3 867 866 791
3 491 529 506
3 402 506 418
3 402 491 506
3 928 819 840
3 928 874 819
3 994 932 964
3 864 932 964
3 874 864 964
3 928 994 964
3 994 874 928
3 934 928 964
3 683 763 655
3 659 635 763
3 756 763 635
3 740 763 756
3 655 763 730
3 740 794 763
3 794 730 763
3 659 654 763
3 683 763 794
3 850 763 794
3 395 513 516
3 435 424 516
3 395 516 424
3 395 513 435
3 803 964 922
3 803 922 837
3 803 874 964
3 837 874 803
3 756 874 819
3 763 874 756
3 819 874 763
3 756 819 803
3 819 874 803
3 756 874 803
3 740 874 803
3 740 836 874
3 840 874 850
3 840 819 874
3 850 836 763
3 836 794 763
3 740 864 803
3 836 864 740
3 874 803 864
3 874 920 964
3 864 920 874
3 932 1003 920
3 932 920 964
3 892 849 822
3 976 892 958
3 892 968 958
3 892 852 838
3 968 838 852
3 892 838 968
3 892 822 852
3 822 968 852
3 740 830 803
3 874 830 864
3 803 830 874
3 736 830 740
3 736 864 830
3 796 858 736
3 796 864 858
3 736 858 864
3 796 836 864
3 796 865 858
3 889 865 796
3 796 865 736
3 858 736 865
3 415 486 551
3 415 538 551
3 482 555 538
3 766 841 869
3 766 758 841
3 800 841 758
3 656 680 758
3 656 766 680
3 766 656 787
3 758 656 787
3 766 787 758
3 758 680 694
3 694 741 758
3 773 733 800
3 773 832 741
3 773 800 832
3 741 832 800
3 800 758 741
3 800 869 841
3 800 846 869
3 846 845 869
3 845 766 869
3 759 750 650
3 708 669 650
3 750 669 708
3 750 669 650
3 759 750 708
3 759 776 650
3 714 650 776
3 759 714 776
3 714 708 650
3 759 708 714
3 770 876 766
3 771 876 770
3 787 766 876
3 771 876 787
3 771 766 787
3 770 766 771
3 842 845 766
3 876 845 912
3 912 897 852
3 852 842 912
3 842 951 912
3 951 876 912
3 951 1006 876
3 951 842 1006
3 766 845 876
3 770 876 848
3 842 770 848
3 770 842 766
3 776 822 708
3 759 750 822
3 822 750 708
3 759 822 776
3 776 708 714
3 822 708 714
3 822 714 793
3 776 793 714
3 822 793 776
3 661 711 622
3 696 711 714
3 711 622 714
3 725 696 661
3 725 781 696
3 661 725 781
3 781 711 696
3 661 781 711
3 554 433 526
3 441 526 433
3 849 822 776
3 759 822 849
3 781 759 711
3 781 776 711
3 711 759 650
3 711 776 650
3 781 849 776
3 892 838 849
3 759 892 838
3 759 849 838
3 781 892 759
3 855 750 838
3 743 838 855
3 743 750 838
3 728 750 855
3 743 807 728
3 855 807 743
3 855 807 728
3 803 696 830
3 740 696 803
3 740 736 696
3 793 713 722
3 736 722 713
3 793 722 736
3 696 713 714
3 793 714 713
3 696 714 793
3 696 736 713
3 776 696 793
3 776 830 696
3 858 793 736
3 874 830 964
3 920 964 830
3 606 513 559
3 559 513 561
3 665 650 669
3 650 669 561
3 665 559 650
3 665 743 708
3 675 708 761
3 922 830 981
3 922 964 830
3 922 964 981
3 964 920 981
3 781 981 909
3 781 922 981
3 781 837 922
3 725 696 803
3 711 714 776
3 531 450 515
3 433 526 515
3 450 433 515
3 531 564 554
3 531 564 622
3 450 531 554
3 385 515 450
3 472 515 385
3 450 564 531
3 483 564 450
3 777 690 751
3 652 742 690
3 833 690 742
3 833 751 690
3 777 751 825
3 777 825 865
3 728 732 703
3 633 728 732
3 633 732 703
3 632 633 703
3 728 703 632
3 632 651 551
3 632 572 551
3 555 572 632
3 555 662 551
3 632 662 555
3 662 651 551
3 632 651 662
3 450 531 454
3 572 555 662
3 743 572 662
3 622 711 650
3 612 708 650
3 665 559 612
3 708 669 665
3 665 612 708
3 561 531 650
3 431 555 482
3 431 572 555
3 399 572 431
3 732 807 703
3 782 732 807
3 782 703 807
3 732 782 703
3 486 530 632
3 486 632 551
3 530 633 632
3 435 572 486
3 530 435 516
3 486 435 530
3 538 651 551
3 662 651 584
3 538 584 651
3 559 482 546
3 482 559 555
3 431 572 395
3 513 395 572
3 395 398 513
3 398 395 310
3 482 546 555
3 610 555 546
3 431 572 435
3 565 584 634
3 634 565 656
3 565 538 584
3 656 584 651
3 651 538 656
3 565 656 538
3 565 538 437
3 651 656 551
3 565 437 551
3 437 415 551
3 656 565 551
3 703 743 770
3 807 770 743
3 807 703 770
3 732 728 807
3 743 703 728
3 976 958 965
3 892 976 965
3 968 924 892
3 965 968 924
3 965 892 924
3 968 965 958
3 632 703 572
3 662 703 632
3 703 662 770
3 743 572 703
3 651 632 703
3 651 703 771
3 662 771 651
3 771 770 703
3 662 770 771
3 758 869 841
3 758 869 766
3 855 852 838
3 855 842 852
3 838 852 822
3 822 750 838
3 842 838 743
3 842 855 838
3 855 807 842
3 842 807 770
3 584 546 636
3 610 546 538
3 855 924 968
3 842 924 925
3 855 925 924
3 842 925 855
3 842 852 924
3 852 968 924
3 968 838 855
3 951 924 852
3 951 924 968
3 852 912 951
3 968 897 852
3 822 838 849
3 982 848 919
3 924 982 919
3 951 1006 982
3 951 982 924
3 842 924 951
3 855 925 807
3 807 925 885
3 842 885 807
3 759 838 750
3 789 880 875
3 789 768 880
3 875 880 768
3 847 789 875
3 789 880 847
3 816 885 848
3 807 848 816
3 842 848 807
3 816 807 885
3 855 924 838
3 892 838 924
3 965 924 925
3 855 965 925
3 855 892 965
3 892 855 838
3 651 771 787
3 651 787 656
3 766 656 651
3 662 766 651
3 894 764 857
3 764 894 828
3 805 764 828
3 771 848 876
3 770 771 848
3 766 787 869
3 787 869 758
3 935 889 986
3 1007 986 935
3 889 957 986
3 957 986 1007
3 957 986 865
3 939 935 986
3 865 986 902
3 939 986 902
3 962 935 939
3 957 865 889
3 703 782 848
3 771 703 848
3 782 816 848
3 782 807 816
3 489 526 439
3 489 389 441
3 389 439 354
3 389 489 439
3 489 508 526
3 489 441 508
3 417 508 489
3 389 417 489
3 489 591 526
3 591 581 589
3 591 489 581
3 589 526 591
3 528 587 581
3 500 528 581
3 591 500 581
3 883 826 831
3 834 883 831
3 834 831 780
3 834 921 883
3 879 834 883
3 846 883 997
3 879 883 846
3 997 879 846
3 834 883 846
3 895 996 904
3 839 996 895
3 839 904 996
3 895 809 839
3 895 890 809
3 890 839 809
3 904 985 895
3 890 985 904
3 895 985 890
3 904 839 890
3 693 722 625
3 693 706 722
3 706 693 625
3 625 690 722
3 777 722 690
3 693 722 777
3 587 690 625
3 693 652 587
3 690 587 652
3 616 587 625
3 616 693 587
3 625 595 616
3 972 846 883
3 997 972 883
3 938 997 972
3 938 846 972
3 1006 951 912
3 930 1006 912
3 930 876 912
3 1006 930 876
3 973 869 938
3 876 973 869
3 930 938 876
3 930 938 973
3 876 930 973
3 787 876 869
3 938 912 876
3 846 972 869
3 845 972 846
3 972 938 869
3 845 938 972
3 930 912 938
3 656 662 680
3 662 651 680
3 656 680 651
3 662 656 651
3 584 662 680
3 825 897 879
3 825 884 897
3 884 761 897
3 751 761 689
3 751 689 713
3 825 761 751
3 722 751 713
3 825 722 713
3 751 722 825
3 793 713 761
3 825 713 793
3 884 793 761
3 825 793 884
3 825 879 761
3 960 827 916
3 882 827 871
3 916 882 827
3 822 761 884
3 884 793 858
3 822 852 761
3 860 832 873
3 806 832 860
3 806 773 832
3 806 773 860
3 873 832 741
3 873 773 741
3 860 773 873
3 719 658 704
3 658 784 704
3 719 704 784
3 658 719 784
3 784 769 717
3 658 717 682
3 658 692 717
3 719 784 692
3 784 717 692
3 873 841 972
3 869 873 841
3 869 972 841
3 972 869 953
3 873 869 953
3 972 953 873
3 860 927 956
3 860 832 927
3 800 832 873
3 972 832 800
3 846 972 800
3 873 841 800
3 927 832 972
3 972 873 927
3 873 956 927
3 860 873 956
3 953 972 927
3 953 927 956
3 873 953 956
3 973 953 869
3 973 972 953
3 973 938 972
3 841 873 741
3 841 741 758
3 510 624 548
3 545 548 624
3 643 562 545
3 737 834 726
3 846 800 883
3 599 495 552
3 599 545 495
3 495 465 552
3 545 552 465
3 495 545 465
3 465 552 522
3 706 777 745
3 777 693 745
3 825 865 722
3 825 722 777
3 777 796 865
3 722 865 736
3 777 706 796
3 820 796 777
3 693 820 777
3 693 745 820
3 583 587 548
3 587 528 548
3 587 625 581
3 539 616 587
3 619 511 568
3 596 568 511
3 648 596 653
3 653 619 648
3 648 568 596
3 571 529 506
3 392 506 418
3 600 552 505
3 600 646 552
3 600 545 646
3 545 505 552
3 751 834 780
3 780 726 751
3 714 589 713
3 589 722 713
3 589 713 581
3 591 581 713
3 636 571 630
3 571 636 584
3 662 636 680
3 634 680 741
3 741 680 758
3 634 758 741
3 634 656 758
3 625 722 581
3 722 713 581
3 571 630 663
3 751 825 690
3 825 722 690
3 751 722 690
3 793 858 722
3 858 736 722
3 587 652 614
3 614 690 581
3 587 581 690
3 587 614 528
3 463 511 552
3 596 511 527
3 527 552 505
3 588 527 505
3 463 552 527
3 477 505 527
3 689 690 614
3 689 751 690
3 689 722 591
3 722 713 591
3 751 722 689
3 418 510 506
3 418 376 510
3 374 418 506
3 392 374 506
3 846 737 761
3 749 761 737
3 927 984 832
3 860 832 984
3 860 984 927
3 956 927 984
3 860 956 944
3 839 944 860
3 839 984 944
3 806 839 860
3 806 832 839
3 832 984 839
3 984 944 956
3 614 548 624
3 614 528 548
3 587 652 583
3 751 761 737
3 884 822 897
3 852 897 822
3 846 737 879
3 751 879 737
3 690 834 780
3 751 834 690
3 780 751 690
3 652 742 780
3 780 690 652
3 911 1004 992
3 911 992 975
3 888 1004 992
3 988 888 911
3 1004 888 988
3 911 988 1004
3 616 670 693
3 698 666 607
3 698 670 666
3 698 693 670
3 583 535 670
3 616 539 583
3 693 583 670
3 693 616 583
3 652 583 670
3 859 911 988
3 854 988 911
3 854 859 988
3 911 859 959
3 911 943 988
3 859 943 988
3 943 911 959
3 959 937 943
3 905 963 896
3 998 905 963
3 957 820 896
3 957 896 908
3 905 797 891
3 905 853 797
3 896 853 905
3 801 880 853
3 801 789 880
3 854 801 888
3 436 522 488
3 847 723 789
3 818 723 847
3 723 719 768
3 784 719 723
3 784 723 818
3 768 789 723
3 780 646 652
3 658 646 704
3 780 704 646
3 523 420 560
3 523 560 592
3 523 592 569
3 479 569 592
3 523 569 457
3 452 523 457
3 488 560 420
3 455 560 523
3 488 560 455
3 569 560 592
3 569 523 560
3 569 523 452
3 831 780 719
3 780 768 719
3 780 831 768
3 719 780 646
3 652 742 646
3 742 719 646
3 742 768 719
3 768 742 831
3 586 638 702
3 710 603 586
3 599 592 682
3 599 717 592
3 717 709 592
3 658 717 599
3 599 682 658
3 854 943 859
3 943 854 988
3 854 906 988
3 906 988 943
3 916 901 960
3 923 916 827
3 923 827 901
3 916 923 901
3 640 762 648
3 640 762 677
3 640 648 677
3 738 829 723
3 718 723 829
3 738 723 718
3 738 762 829
3 718 648 738
3 983 875 847
3 983 847 1004
3 910 993 875
3 983 910 875
3 993 983 910
3 983 993 1004
3 941 993 926
3 1004 941 992
3 993 941 1004
3 588 688 710
3 602 688 588
3 875 833 768
3 768 833 742
3 638 747 699
3 672 747 638
3 783 747 702
3 672 702 747
3 854 888 988
3 847 969 888
3 847 906 969
3 969 1004 888
3 906 969 1004
3 906 1004 988
3 843 862 1011
3 917 949 1011
3 843 1011 949
3 917 862 1011
3 843 862 917
3 475 426 492
3 475 492 577
3 698 670 710
3 679 666 698
3 760 679 698
3 698 710 797
3 698 797 760
3 921 834 926
3 970 883 831
3 993 970 831
3 993 970 926
3 834 883 926
3 910 826 831
3 970 910 940
3 826 940 970
3 826 910 940
3 883 826 970
3 993 910 831
3 970 993 910
3 895 818 847
3 875 818 895
3 895 847 983
3 910 831 895
3 875 895 831
3 910 895 983
3 910 983 996
3 826 996 940
3 910 996 940
3 826 895 996
3 895 983 996
3 550 642 638
3 586 638 553
3 586 550 638
3 586 553 487
3 496 562 467
3 496 479 562
3 485 527 505
3 477 527 453
3 485 453 527
3 485 588 453
3 485 527 477
3 623 598 562
3 543 623 598
3 569 496 598
3 569 562 598
3 496 562 569
3 643 598 682
3 562 598 643
3 643 682 562
3 569 562 592
3 682 592 562
3 571 624 614
3 653 648 718
3 723 653 718
3 738 653 619
3 723 653 738
3 871 788 809
3 871 765 788
3 890 765 871
3 871 809 890
3 790 765 890
3 790 809 765
3 839 809 790
3 839 790 890
3 984 940 904
3 966 904 985
3 984 890 966
3 966 984 904
3 984 839 890
3 839 940 904
3 984 940 839
3 851 857 894
3 792 778 851
3 792 753 778
3 753 857 778
3 753 894 857
3 851 894 893
3 753 893 894
3 369 388 463
3 463 436 511
3 436 463 388
3 818 829 692
3 809 829 818
3 784 818 692
3 809 784 692
3 784 809 818
3 815 790 886
3 775 886 815
3 790 815 775
3 806 886 839
3 839 886 790
3 806 839 790
3 806 886 775
3 705 806 775
3 790 674 705
3 775 674 790
3 775 674 705
3 705 806 790
3 893 828 844
3 828 894 753
3 828 893 894
3 753 844 828
3 679 760 753
3 792 679 753
3 760 844 753
3 1001 987 900
3 895 900 1001
3 895 987 900
3 895 1001 987
3 599 562 592
3 599 479 562
3 599 562 658
3 682 658 562
3 643 645 598
3 694 645 643
3 623 562 645
3 598 645 562
3 598 623 645
3 769 809 839
3 784 809 769
3 847 895 829
3 818 847 829
3 809 829 895
3 895 784 839
3 769 839 784
3 904 940 996
3 927 940 832
3 984 927 940
3 826 832 940
3 997 970 927
3 997 883 927
3 883 940 927
3 970 940 883
3 970 940 927
3 972 997 927
3 826 883 940
3 705 709 790
3 592 660 705
3 717 660 592
3 717 709 660
3 709 705 660
3 592 705 709
3 1001 829 895
3 1001 871 829
3 895 871 890
3 895 985 1001
3 809 829 871
3 871 895 809
3 582 619 692
3 599 692 619
3 599 582 717
3 653 692 738
3 839 966 944
3 984 966 944
3 966 839 890
3 653 723 692
3 723 818 692
3 829 906 969
3 983 1004 969
3 895 969 983
3 895 829 969
3 860 944 886
3 839 890 886
3 806 860 886
3 969 906 931
3 987 969 931
3 987 829 931
3 969 895 987
3 829 987 895
3 890 871 886
3 979 960 901
3 886 979 901
3 886 960 901
3 966 960 979
3 815 871 810
3 815 810 960
3 815 886 871
3 815 960 886
3 815 886 901
3 810 815 901
3 769 809 717
3 717 765 790
3 717 809 765
3 815 765 810
3 810 788 871
3 810 765 788
3 775 765 815
3 790 765 775
3 790 815 890
3 815 886 890
3 752 738 813
3 738 788 813
3 788 752 813
3 582 557 522
3 582 478 557
3 478 522 557
3 436 522 478
3 582 488 478
3 488 455 570
3 560 570 582
3 560 488 570
3 788 827 724
3 871 827 788
3 871 788 799
3 799 827 724
3 724 799 788
3 765 729 810
3 795 724 827
3 882 795 827
3 788 882 795
3 788 871 882
3 709 674 705
3 674 660 717
3 674 709 660
3 717 790 674
3 674 660 705
3 775 729 674
3 765 674 775
3 678 674 729
3 775 810 729
3 775 815 810
3 717 560 765
3 717 592 560
3 660 523 560
3 592 660 560
3 569 705 660
3 523 569 660
3 456 570 542
3 456 499 570
3 455 542 570
3 455 456 542
3 410 570 542
3 523 542 570
3 410 523 542
3 410 455 570
3 560 523 570
3 410 542 456
3 525 366 540
3 523 660 678
3 678 620 594
3 594 542 570
3 594 542 678
3 523 678 542
3 499 594 641
3 456 542 499
3 594 499 542
3 847 829 718
3 818 723 829
3 847 718 723
3 789 718 723
3 871 813 788
3 882 813 871
3 795 788 813
3 882 813 795
3 522 511 552
3 522 436 511
3 601 502 533
3 621 533 502
3 621 540 601
3 502 601 540
3 621 502 540
3 502 533 540
3 601 540 533
3 604 699 715
3 754 715 604
3 647 754 604
3 642 550 647
3 677 802 754
3 677 754 647
3 895 900 829
3 882 813 900
3 946 900 931
3 946 900 813
3 829 900 931
3 752 813 762
3 991 857 851
3 917 868 857
3 917 991 868
3 991 995 868
3 937 991 995
3 777 797 820
3 777 693 797
3 745 797 693
3 557 436 511
3 436 557 522
3 568 557 511
3 436 478 557
3 511 568 550
3 568 642 550
3 621 778 691
3 707 778 621
3 707 744 778
3 744 691 778
3 744 707 691
3 621 691 707
3 795 813 752
3 752 762 640
3 955 900 946
3 882 955 946
3 882 946 813
3 985 987 1001
3 904 996 987
3 969 987 983
3 983 987 996
3 904 987 985
3 843 868 857
3 995 917 1011
3 868 1011 995
3 991 917 995
3 868 862 1011
3 843 757 862
3 757 868 843
3 895 931 900
3 895 987 931
3 987 931 900
3 906 990 870
3 950 906 990
3 950 990 870
3 626 541 525
3 621 553 540
3 626 553 621
3 553 480 540
3 480 525 540
3 480 553 525
3 626 638 553
3 626 525 638
3 553 638 525
3 460 533 590
3 502 533 590
3 460 590 609
3 493 593 556
3 493 494 593
3 480 593 494
3 553 593 480
3 494 556 593
3 990 948 872
3 990 872 870
3 990 906 948
3 929 948 943
3 929 872 948
3 957 908 963
3 902 957 963
3 957 896 986
3 986 896 902
3 957 902 986
3 941 902 963
3 480 401 525
3 487 553 525
3 870 872 802
3 777 797 811
3 820 865 896
3 820 796 865
3 602 646 600
3 646 602 688
3 652 688 602
3 646 688 742
3 602 583 652
3 646 600 688
3 768 646 742
3 719 646 768
3 688 583 670
3 602 583 688
3 735 686 767
3 681 779 748
3 748 735 681
3 828 779 681
3 764 828 681
3 805 764 767
3 764 681 767
3 681 686 767
3 735 686 681
3 764 686 767
3 676 686 764
3 681 760 779
3 828 779 760
3 844 828 760
3 764 828 753
3 667 764 753
3 753 681 667
3 679 681 753
3 760 681 679
3 698 760 666
3 666 779 681
3 760 779 720
3 720 666 760
3 679 666 597
3 597 666 585
3 585 666 605
3 681 605 666
3 585 605 681
3 597 667 679
3 681 679 667
3 844 779 760
3 844 828 779
3 753 679 667
3 1000 891 844
3 947 844 891
3 1000 893 947
3 844 947 893
3 905 891 1000
3 1000 905 947
3 954 891 961
3 954 947 891
3 961 954 947
3 905 961 947
3 959 975 978
3 991 959 978
3 893 947 978
3 947 978 975
3 1000 947 975
3 911 975 959
3 954 891 863
3 954 967 891
3 967 942 954
3 942 954 863
3 863 967 942
3 961 933 891
3 961 933 954
3 933 967 954
3 1000 853 905
3 905 896 1000
3 896 963 1000
3 905 1000 963
3 797 670 693
3 710 670 797
3 524 521 628
3 615 524 628
3 484 521 563
3 524 484 521
3 484 563 503
3 524 503 563
3 720 779 785
3 720 739 779
3 534 541 563
3 534 613 621
3 621 540 534
3 503 563 541
3 503 597 585
3 503 514 597
3 691 778 667
3 691 764 778
3 667 778 764
3 691 667 613
3 468 573 521
3 563 521 468
3 468 541 563
3 851 978 894
3 691 534 621
3 534 691 613
3 618 621 534
3 691 621 618
3 642 550 596
3 596 550 527
3 691 502 618
3 621 502 691
3 642 586 550
3 586 642 672
3 642 672 550
3 586 550 672
3 586 588 672
3 588 596 672
3 604 715 556
3 593 556 715
3 701 593 699
3 715 701 593
3 814 701 715
3 748 779 605
3 494 593 601
3 494 480 601
3 480 593 601
3 676 691 757
3 618 757 676
3 664 757 618
3 638 553 707
3 553 626 707
3 747 707 626
3 747 638 707
3 553 601 593
3 553 480 601
3 494 601 533
3 626 707 621
3 828 891 844
3 828 863 891
3 563 521 390
3 541 563 408
3 390 408 563
3 414 384 521
3 414 563 521
3 484 563 414
3 503 390 563
3 626 597 679
3 484 414 521
3 514 585 520
3 514 503 585
3 607 585 520
3 607 666 585
3 878 942 828
3 863 828 942
3 878 942 821
3 686 676 767
3 805 767 676
3 764 676 805
3 615 628 748
3 585 605 628
3 628 686 735
3 748 628 735
3 605 615 628
3 626 753 792
3 626 667 753
3 917 952 949
3 878 949 952
3 626 778 707
3 753 778 626
3 753 707 778
3 792 747 753
3 707 753 747
3 707 778 747
3 753 747 778
3 757 764 778
3 805 676 757
3 843 805 757
3 843 764 757
3 744 778 868
3 868 774 744
3 954 891 828
3 954 828 894
3 804 823 868
3 903 804 823
3 868 903 862
3 903 1012 862
3 798 1012 862
3 798 804 862
3 1012 798 804
3 903 1012 804
3 1010 903 823
3 1010 823 914
3 995 1010 868
3 995 1010 914
3 995 914 971
3 903 868 1010
3 903 1010 995
3 903 868 995
3 903 995 1011
3 1012 903 1011
3 1012 1011 862
3 844 894 893
3 844 891 894
3 828 894 891
3 804 868 744
3 667 753 778
3 764 828 857
3 894 857 828
3 798 862 757
3 868 823 744
3 774 823 744
3 804 744 823
