OFF
991 6763 0
0.000000 0.000000 0.000000
0.000000 0.000000 100.000000
0.000000 100.000000 100.000000
0.000000 42.879152 12.879072
0.000000 100.000000 49.168871
0.000000 34.876132 17.312802
0.000000 80.498170 0.000000
0.000000 33.908188 80.031658
0.000000 55.533332 27.380431
0.000000 61.853208 15.250630
0.000000 100.000000 0.000000
0.000000 88.339799 60.960838
0.000000 0.000000 76.133796
0.000000 45.354477 17.853605
0.000000 54.648595 46.746363
0.000000 44.567471 10.194837
0.000000 48.128227 18.605137
0.000000 63.837830 45.253350
0.000000 35.602010 80.564886
0.000000 86.590567 77.494805
0.000000 61.145118 51.879293
0.000000 100.000000 76.670111
0.000000 18.904089 71.526513
0.000000 75.940539 11.810765
0.000000 26.405724 0.000000
0.000000 77.809340 53.198218
0.000000 41.683781 0.000000
0.000000 0.000000 57.192159
0.000000 81.435264 68.513724
0.000000 55.999770 0.000000
0.000000 56.120654 80.568336
0.000000 80.606525 28.506479
0.000000 29.639022 0.000000
0.000000 49.565900 37.754717
0.000000 46.461703 42.417562
0.000000 21.405048 86.640244
0.000000 49.423546 57.283185
0.000000 46.733849 0.000000
0.000000 60.699579 11.722438
0.000000 31.028150 15.465397
0.000000 45.790216 22.339570
0.000000 0.000000 17.447146
0.000000 60.613252 100.000000
0.000000 15.204087 69.993850
0.000000 84.625397 49.483299
0.000000 78.994460 83.112088
0.000000 47.459730 48.174867
0.000000 61.897690 100.000000
0.000000 78.133500 0.000000
0.000000 71.176842 79.178005
0.000000 70.336221 54.608703
0.000000 84.104756 40.130994
0.000000 59.565973 79.082686
0.000000 65.095634 24.733584
0.000000 0.000000 85.337281
0.000000 0.000000 81.179411
0.000000 81.509061 53.136409
0.000000 51.348574 30.873165
0.000000 100.000000 56.188811
0.000000 62.983079 84.012932
0.000000 34.869846 88.182625
0.000000 21.419113 13.229338
0.000000 68.086423 11.021520
0.000000 83.185800 45.783226
0.000000 38.624971 83.464189
0.000000 81.321551 82.335348
0.000000 39.579243 69.339900
0.000000 68.375996 60.045593
0.000000 78.606506 100.000000
0.000000 42.235491 58.661513
0.000000 14.067361 58.269973
0.000000 25.469884 28.325300
0.000000 36.797329 54.801752
0.000000 0.000000 59.603942
0.000000 0.000000 77.127706
0.000000 28.816829 53.192407
0.000000 16.063140 13.142896
0.000000 81.479619 100.000000
0.000000 0.000000 63.845027
0.000000 15.059570 83.862950
0.000000 72.760530 61.447754
0.000000 17.995624 89.003586
0.000000 43.020720 100.000000
0.000000 17.748064 79.547833
0.000000 100.000000 16.178513
0.000000 44.494458 100.000000
0.000000 76.441734 21.980140
0.000000 100.000000 66.480160
0.000000 81.218445 48.955255
0.000000 43.529468 57.422394
0.000000 33.534993 29.431859
0.000000 44.436904 47.010565
0.000000 42.243226 100.000000
0.000000 66.962783 22.953800
0.000000 32.681834 45.382777
0.000000 52.794639 0.000000
0.000000 79.710023 20.864449
0.000000 53.072492 85.842919
10.016250 63.383026 35.337032
10.018598 61.355625 34.420775
10.063193 100.000000 0.000000
10.090072 61.992703 44.479143
10.245959 48.610015 0.000000
10.485878 39.382531 63.962367
10.559961 0.000000 31.199896
10.584838 14.910182 57.142755
10.603162 35.408959 0.000000
10.619637 31.398052 44.405911
10.676435 0.000000 100.000000
10.694930 20.920074 0.000000
10.853797 53.388986 80.141898
10.865249 11.282848 76.303471
10.867487 24.857903 0.000000
10.889669 40.731106 33.214199
10.982390 30.889401 27.144856
11.041919 59.219429 66.045363
11.057306 21.434378 60.307631
11.103262 0.000000 61.406593
11.203261 39.060362 70.582546
11.328252 49.556247 74.158640
11.406931 100.000000 33.500122
11.433765 80.948588 63.551711
11.456704 39.601785 38.010767
11.474921 60.898497 100.000000
11.545995 81.265599 68.725696
11.569705 71.013499 28.407664
11.766661 36.857553 87.541667
11.784801 0.000000 29.670482
11.863757 18.506540 23.159353
11.922886 68.901078 86.258145
12.345018 79.492488 72.999168
12.426915 52.585310 46.075279
12.455395 15.760228 18.353684
12.465815 100.000000 25.512490
12.787497 14.648903 57.978816
12.809603 47.834831 12.445341
12.848238 66.992907 58.452867
12.848684 100.000000 75.877805
12.885563 85.952148 100.000000
13.086124 87.788625 41.542565
13.179127 69.941122 100.000000
13.421065 57.350304 56.112616
13.526416 0.000000 53.114008
13.568069 46.405425 86.640279
13.632967 63.031191 30.599558
13.659528 75.377470 100.000000
13.871452 38.199793 11.509436
13.925837 25.179642 66.462831
13.968087 82.393998 18.929071
13.989462 53.149447 55.055122
14.028316 100.000000 57.431496
14.042867 58.893954 70.976323
14.186441 60.754486 35.701635
14.288039 15.973976 14.910307
14.335044 22.810072 83.913935
14.345704 72.253552 14.431744
14.478030 0.000000 20.906719
14.807978 18.431168 65.730240
14.896707 87.173831 19.661214
15.082258 67.187065 58.790014
15.191570 71.312512 13.792657
15.276302 66.776685 75.942641
15.387304 24.792694 82.706171
15.483801 0.000000 41.156973
15.487096 11.227527 81.889959
15.518909 17.646805 58.325410
15.732096 43.286903 79.859362
15.740202 39.946175 56.002841
15.774726 68.020851 28.313450
15.839587 28.740549 56.934396
15.886286 0.000000 37.062792
16.031230 70.427493 68.796962
16.061940 48.351579 21.033396
16.178916 46.201289 100.000000
16.204336 100.000000 69.933452
16.243490 77.925030 100.000000
16.266539 88.722236 72.874926
16.285264 100.000000 11.490776
16.320140 0.000000 31.440818
16.366769 50.064454 85.898663
16.429400 84.390392 57.567009
16.638953 100.000000 63.811229
16.682589 22.669814 80.202301
16.708792 53.306537 32.863077
16.930710 22.437596 54.375169
16.968014 41.875028 59.890951
17.332215 41.450517 33.290561
17.346832 21.119036 69.149827
17.578231 0.000000 63.140808
17.582295 84.568791 33.050509
17.767904 43.491879 100.000000
17.921976 86.640123 37.596905
17.940558 78.435228 52.953233
18.034024 25.461542 89.158916
18.102942 21.968569 36.292884
18.128405 20.967815 66.456018
18.206827 45.295831 0.000000
18.296555 64.131576 59.661770
18.302071 100.000000 100.000000
18.348346 0.000000 31.436338
18.513504 71.299956 68.376103
19.051749 19.277451 38.588216
19.173895 77.975250 0.000000
19.309453 32.573921 100.000000
19.439013 36.193077 63.923397
19.557841 45.772966 16.887750
19.709195 50.391727 39.285988
19.813494 0.000000 100.000000
19.865128 100.000000 50.432106
19.896029 46.261703 65.960422
19.913581 86.825136 23.096947
19.914947 32.787722 100.000000
19.994941 0.000000 77.123713
20.019796 0.000000 45.781558
20.058212 19.696375 66.092509
20.107270 73.982414 22.882398
20.216020 16.725221 71.390084
20.370546 31.898977 20.429352
20.504408 73.032861 34.763966
20.596464 36.281913 14.054898
20.605016 28.411857 48.121292
20.646457 40.448943 52.150218
20.669968 53.803813 79.266478
20.849493 79.037099 56.913415
20.876689 100.000000 33.589786
21.028867 28.471990 32.806257
21.084614 57.376677 100.000000
21.096683 80.430110 75.247266
21.164227 81.311646 26.131609
21.267506 30.142462 74.182642
21.275277 25.103801 18.026327
21.475808 87.547865 100.000000
21.519344 20.686246 49.843263
21.605177 45.860318 32.883144
21.672403 18.870620 89.737787
21.739767 32.529511 0.000000
21.767389 100.000000 0.000000
21.844179 28.949745 85.147581
21.945664 42.428920 64.143470
22.040782 0.000000 60.510960
22.050647 70.030909 29.276074
22.119755 36.304732 39.036962
22.159607 60.858439 79.895305
22.167080 73.167074 62.335582
22.228527 85.296108 67.660622
22.344945 67.715363 25.645207
22.548441 100.000000 100.000000
22.593489 50.524636 81.006730
22.653156 10.846772 30.376229
22.893167 66.241370 13.936315
22.940373 22.726026 0.000000
22.984008 0.000000 100.000000
23.178314 23.936413 75.119719
23.196595 100.000000 0.000000
23.199294 15.494327 21.981373
23.295642 87.365356 63.799871
23.354874 21.059396 32.580629
23.382079 100.000000 58.017433
23.387365 31.022061 100.000000
23.452495 40.838045 35.243506
23.624814 89.038991 40.508800
23.919830 85.632735 50.740314
23.965254 30.151061 70.671996
23.997518 10.671608 0.000000
24.098217 78.830590 71.061177
24.148681 78.529952 38.379926
24.250500 100.000000 11.836581
24.290709 22.704388 12.351446
24.356858 31.533424 46.870176
24.388943 17.353551 58.184201
24.538451 0.000000 70.422633
24.975282 69.699549 27.760032
25.121183 24.766320 45.669887
25.170040 21.946953 0.000000
25.222288 57.275338 42.700307
25.269066 0.000000 64.108224
25.428098 28.342419 0.000000
25.485994 89.381239 73.186425
25.532636 85.677270 52.146336
25.609788 0.000000 73.192325
25.762163 25.368622 27.443387
26.005099 18.829974 50.187246
26.026307 22.347298 100.000000
26.033480 80.664699 100.000000
26.080078 68.812072 10.622103
26.110024 71.861593 0.000000
26.166706 35.522600 42.318302
26.224171 11.851027 45.198831
26.376339 37.117047 23.382297
26.450687 52.164787 0.000000
26.475753 73.617719 51.709400
26.566347 100.000000 28.067095
26.889974 100.000000 81.077724
26.902102 75.691098 35.559901
27.053625 51.711210 20.526220
27.086201 85.090979 100.000000
27.152228 88.652187 75.910615
27.224469 58.228208 67.402007
27.452122 49.110472 67.414572
27.660257 58.744443 74.035261
27.695726 36.734768 81.982769
27.716579 84.195615 85.660317
27.761977 0.000000 43.596605
27.791223 46.824999 87.030201
28.037988 41.797289 15.831005
28.283533 100.000000 79.339063
28.508504 10.607338 53.275830
28.923224 0.000000 73.463122
29.011631 0.000000 17.495789
29.292936 28.809576 0.000000
29.301600 0.000000 58.399051
29.328635 0.000000 19.361209
29.426760 38.724792 65.516678
29.477010 100.000000 100.000000
29.633981 22.896179 24.903385
29.981264 22.330663 24.805980
30.008338 76.346495 29.980476
30.204110 27.644256 51.383598
30.314050 75.679311 100.000000
30.344832 0.000000 58.234990
30.464953 87.458422 59.044618
30.560938 78.432403 36.131872
30.585084 0.000000 35.147597
30.628313 27.136553 74.800174
30.733066 49.929026 14.565803
30.886509 45.973608 45.190755
30.959596 20.765169 89.783855
30.982932 24.115599 26.009511
31.175200 52.814173 64.993644
31.699388 61.360492 66.205661
31.746356 52.256052 21.235350
31.931535 82.384893 39.483923
32.097301 47.226859 84.584212
32.112538 0.000000 40.681175
32.647581 0.000000 27.189421
32.689026 50.843326 82.740765
32.715637 86.946144 30.246734
32.767150 46.175253 62.299645
32.790018 69.317364 81.955491
33.190812 0.000000 0.000000
33.257309 29.149868 0.000000
33.551277 82.651813 28.786028
33.574591 0.000000 0.000000
33.659209 72.098770 100.000000
33.665361 66.797483 26.361402
33.696014 50.740981 24.867952
33.706313 48.889427 12.785163
33.770004 51.062356 0.000000
33.854395 36.307598 61.483886
33.869154 27.907301 44.720201
33.953705 76.868840 0.000000
34.092202 70.511145 40.128159
34.355002 80.000710 100.000000
34.362720 0.000000 13.968094
34.440889 18.883768 0.000000
34.483097 69.602038 64.390114
34.704163 48.457255 0.000000
34.786721 86.366045 62.354796
34.949025 33.853291 80.054647
35.012159 37.720624 0.000000
35.034579 51.408293 27.679684
35.143750 19.804627 48.449374
35.684004 0.000000 88.414786
35.756101 21.533803 0.000000
36.145889 51.193177 25.055110
36.156434 73.804172 50.498012
36.301327 54.296951 100.000000
36.383930 69.915206 15.054101
36.439562 27.260695 0.000000
36.486025 100.000000 0.000000
36.509793 36.577759 0.000000
36.585748 83.908156 0.000000
36.639306 67.224632 31.487656
36.649514 0.000000 41.423681
36.761104 40.048639 17.606347
36.862271 13.636559 15.017661
36.959387 0.000000 22.447804
37.131394 100.000000 14.135566
37.163924 77.078584 29.584388
37.208651 20.588134 28.538916
37.249109 60.927249 22.798904
37.375715 17.392708 78.540415
37.494518 14.913373 0.000000
37.529871 84.043507 0.000000
37.576204 31.102328 52.468837
37.653441 74.610064 100.000000
37.712648 89.731141 63.252890
37.746252 100.000000 67.023657
37.904116 83.884956 23.580829
37.968140 32.860804 62.158681
38.672232 0.000000 19.548212
38.704540 73.455744 37.991551
38.849961 22.608354 0.000000
39.113353 89.947645 31.257305
39.272012 72.993546 52.350892
39.350827 25.499633 31.978479
39.443309 29.059789 18.315053
39.516077 0.000000 100.000000
40.024139 38.642595 0.000000
40.197896 41.078194 34.510877
40.276174 87.861452 49.077598
40.436005 17.858603 0.000000
40.554701 100.000000 53.246791
40.624280 14.785823 27.764501
40.828497 85.500275 65.013610
40.929185 55.315503 28.455195
40.955482 86.444480 81.686418
41.024863 78.227254 10.968571
41.200859 100.000000 19.360685
41.339012 79.955756 35.383532
41.454835 82.327897 12.069755
41.470478 83.331853 57.364355
41.622954 100.000000 69.142600
41.739729 60.937545 81.976404
41.763076 73.968555 36.164664
41.802289 46.338795 14.366543
41.856186 40.687693 40.111664
41.934362 0.000000 15.826122
42.103206 67.730509 56.409051
42.129512 73.912547 86.590068
42.221784 37.769652 22.921713
42.556598 100.000000 72.112476
42.683867 0.000000 50.285791
42.733129 12.517965 25.183932
43.008110 0.000000 78.303517
43.059639 88.771970 61.054472
43.151767 54.270976 73.378263
43.234087 49.018410 49.178417
43.245356 46.513452 11.056817
43.262099 22.891685 50.586506
43.395861 42.110847 39.962215
43.417393 42.421581 33.216636
43.454748 100.000000 10.102727
43.459016 64.803361 100.000000
43.481230 59.461795 30.966587
43.570547 50.668513 28.180346
43.654200 15.841904 75.362010
44.010491 100.000000 13.457098
44.141385 13.238574 40.031306
44.334079 23.952674 80.666232
44.395872 85.537557 43.980177
44.412191 68.730944 46.731641
44.435426 69.335435 11.947132
44.576434 13.383684 34.999584
44.627740 33.647302 68.136666
44.665521 16.150566 0.000000
44.803380 86.300651 57.776442
44.804036 0.000000 100.000000
44.925010 0.000000 0.000000
45.008802 87.798150 27.703732
45.216352 22.849844 55.809242
45.337945 16.118543 58.389768
45.376849 34.231554 40.156469
45.525498 21.294258 44.546982
45.525660 38.072170 100.000000
45.583058 100.000000 65.576451
45.588459 100.000000 43.235949
45.693158 35.835346 85.195311
45.765730 30.312751 27.467159
45.845665 28.349097 77.236118
46.433689 0.000000 38.878017
46.455744 67.457810 100.000000
46.519819 67.305488 42.673372
46.538647 81.631256 36.587003
46.569303 0.000000 0.000000
46.714602 100.000000 83.982035
46.727689 78.468741 55.847072
46.962053 100.000000 54.394476
47.141122 48.162160 50.184675
47.151190 0.000000 29.902010
47.240964 28.158326 32.080031
47.275928 84.990892 100.000000
47.418656 85.277662 86.872755
47.420313 10.259592 79.270103
47.462540 66.314472 11.832285
47.509385 100.000000 26.467507
47.879865 47.476195 0.000000
47.911425 51.937889 88.116300
47.988647 0.000000 47.520866
48.089734 77.042057 100.000000
48.385551 86.670429 0.000000
48.522882 28.051438 79.312160
48.580804 87.319099 24.952785
48.694449 41.909124 61.678987
48.708664 23.376086 41.761019
48.738216 21.409906 57.587850
48.746108 55.345031 71.091072
48.876424 24.797131 35.404143
48.906498 88.807172 67.660963
48.998727 0.000000 51.813622
49.008857 14.928280 51.368642
49.041093 100.000000 12.950446
49.047305 45.914947 88.974682
49.112253 55.620321 84.879318
49.196850 31.678497 38.352933
49.278183 68.688264 84.896012
49.600631 0.000000 40.945408
49.655520 26.525909 0.000000
49.834613 43.924460 53.142249
49.873085 55.424933 46.848177
50.373967 48.502613 21.284712
50.459895 49.271110 21.433594
50.463025 0.000000 19.586333
50.501110 15.474938 16.835456
50.532501 66.360176 43.152614
50.580333 41.384482 88.619468
50.638579 31.621817 57.220589
50.683558 57.290510 100.000000
50.801809 21.679272 48.227806
50.938921 84.972880 19.406812
51.109730 86.483925 81.043610
51.194912 100.000000 72.314818
51.204590 21.077843 0.000000
51.312311 73.270736 64.748948
51.363685 0.000000 13.802448
51.434382 80.262783 67.044933
51.518565 100.000000 17.249971
51.665980 55.240316 52.683287
51.705344 47.429431 0.000000
51.883168 28.423091 67.856642
52.070553 0.000000 100.000000
52.185987 61.047598 35.785978
52.221440 100.000000 82.693872
52.241177 35.045106 69.624365
52.279729 89.239500 81.676464
52.302163 81.654828 0.000000
52.358407 82.901974 71.462992
52.371367 65.407817 34.260315
52.488511 82.594276 0.000000
52.497856 54.267863 25.507271
52.539925 21.370412 0.000000
52.556960 55.344452 70.050249
52.600365 25.330889 71.671608
52.662811 34.005819 30.538741
52.803958 70.220512 70.658863
52.826428 100.000000 48.229805
53.216361 71.630060 42.568010
53.280431 27.919614 100.000000
53.376407 66.680643 22.395323
53.609423 59.790298 0.000000
53.612827 37.523911 87.446377
53.841495 100.000000 10.767281
54.107381 40.438669 72.048302
54.114856 15.201097 28.572049
54.191949 46.114107 30.400314
54.202480 88.748239 14.363408
54.280250 57.461663 25.457351
54.362246 0.000000 72.283556
54.457266 68.670230 0.000000
54.538833 0.000000 28.175110
54.636832 73.356593 100.000000
54.703905 58.512869 38.983570
54.793629 37.494965 78.161147
54.936378 28.147926 35.621610
54.974594 39.753508 0.000000
55.234213 28.034493 36.043199
55.288133 51.152397 65.029964
55.465339 46.164223 76.234263
55.947826 59.224724 0.000000
56.003825 0.000000 100.000000
56.028155 63.673790 74.360708
56.220811 30.939867 100.000000
56.290609 73.606273 86.608092
56.323654 46.041038 49.609172
56.632994 81.908313 56.148164
56.635512 100.000000 37.661832
56.688183 57.110779 23.033635
56.817562 79.398673 73.014933
56.833173 100.000000 17.848089
56.878677 64.744808 47.678631
57.030049 36.707838 88.444435
57.065658 74.963259 0.000000
57.285676 50.749207 50.897955
57.310866 82.757874 0.000000
57.334576 89.289774 40.185177
57.484505 10.343487 11.378016
57.899272 33.192845 12.581407
58.051664 82.945124 54.061498
58.058629 85.553038 100.000000
58.138477 64.531207 87.869430
58.179788 60.768526 66.523945
58.269644 59.773431 71.285104
58.374932 82.126992 100.000000
58.567450 68.387536 76.774267
58.702084 58.612177 70.869041
58.750114 58.676902 64.392832
58.760509 82.101512 43.204882
58.832545 59.557775 21.216255
58.879420 63.760796 65.549517
58.912359 51.719469 100.000000
58.924515 36.505768 72.953149
58.936588 10.319142 40.458474
58.976973 28.906076 52.958721
59.023621 16.942149 58.639329
59.075435 87.849083 75.684812
59.124537 40.628639 30.375013
59.241841 100.000000 0.000000
59.313846 48.506311 63.780314
59.380725 0.000000 0.000000
59.471123 45.326200 100.000000
59.495149 19.064788 27.584965
59.973822 52.718299 100.000000
60.086511 55.670678 61.332685
60.147302 81.205200 64.892461
60.213564 41.090782 0.000000
60.365606 48.675719 64.473313
60.372237 54.455629 58.040169
60.447038 46.782012 10.637108
60.538606 18.198994 60.746745
60.648072 41.304154 29.692233
60.684454 31.485276 66.358888
60.980162 87.936005 62.582276
61.337841 0.000000 17.798342
61.348228 10.340738 62.375881
61.524080 44.792663 100.000000
61.535281 73.138999 78.895605
61.547202 73.858950 67.299076
61.581887 44.053630 33.244570
61.658646 100.000000 11.796878
61.703970 82.047742 49.649518
61.849519 31.216970 26.093195
62.041345 17.007768 100.000000
62.075911 100.000000 10.994758
62.091692 0.000000 46.123623
62.126603 84.952672 60.574657
62.432608 60.832275 47.732254
62.480339 33.093950 0.000000
62.745150 42.321290 0.000000
62.844879 74.499315 70.702889
62.919827 88.303723 48.651347
63.113269 42.706712 74.719332
63.266313 100.000000 42.498131
63.630987 44.639960 85.778975
63.649114 63.719451 78.470983
63.669726 66.537629 44.510951
63.781863 52.537955 75.428735
64.172318 100.000000 16.738152
64.190638 11.997725 100.000000
64.505142 100.000000 11.502890
64.578298 60.203770 69.078417
64.700693 84.703675 65.656026
64.716561 33.131239 89.886595
64.756838 78.110616 48.002655
64.789087 100.000000 34.196898
64.850875 39.825815 100.000000
64.935184 54.493200 66.530467
65.507888 0.000000 42.917615
65.595271 57.686428 34.533909
65.720493 27.331048 31.857677
65.723372 18.497108 71.105270
65.861014 56.809936 87.149290
66.030269 56.490198 39.795829
66.366234 67.730356 81.607259
66.387750 51.372899 0.000000
66.408927 0.000000 82.336261
66.724220 79.767055 53.986208
66.783485 38.752902 100.000000
66.882532 68.158374 53.375916
66.904852 47.343744 52.164278
66.991770 40.395760 29.157292
67.229165 60.707928 56.225590
67.256741 100.000000 77.839241
67.287415 0.000000 35.939660
67.300117 0.000000 0.000000
67.416449 55.437216 100.000000
67.515943 0.000000 83.488596
67.521992 40.448187 67.265261
67.623284 75.011575 28.992211
67.623908 18.953528 47.565958
67.765589 73.663083 100.000000
67.771689 62.992073 0.000000
67.805014 14.711276 45.522225
67.877068 100.000000 0.000000
67.946674 26.577440 15.250034
67.979130 0.000000 48.837526
68.029561 100.000000 27.998700
68.161050 53.348422 100.000000
68.254295 28.178104 13.684856
68.351195 100.000000 13.969239
68.366146 86.793040 75.506718
68.377590 46.553326 30.211934
68.431166 100.000000 100.000000
68.518287 63.571253 0.000000
68.580980 33.884997 27.087164
68.714859 47.252521 60.249344
68.726410 25.016906 31.989947
68.858607 62.897536 40.552437
68.975494 21.165895 18.129946
68.976798 36.610922 47.099712
69.177662 53.002633 0.000000
69.525615 72.718106 66.318665
69.638527 85.795255 71.547532
69.859572 89.635165 64.063838
70.158259 28.668880 25.529443
70.277378 86.910382 69.104385
70.512241 100.000000 17.918744
70.670984 31.673880 48.767223
70.845040 22.872752 18.339992
70.883687 58.517399 43.071735
71.184023 61.435392 49.468059
71.245921 0.000000 22.712232
71.261254 67.975810 11.137843
71.318659 75.636639 77.832353
71.473235 59.363815 0.000000
71.645849 0.000000 0.000000
71.654584 26.928381 76.338216
71.744483 27.137279 17.597141
72.440113 76.079205 71.801283
72.461262 46.118893 81.575545
72.481548 100.000000 20.353655
72.531779 76.913591 16.370255
72.611403 30.171465 33.076291
72.713433 11.406285 57.081984
72.870423 80.149482 25.637565
72.938715 75.486911 76.254759
72.946588 59.871124 62.624974
73.267786 83.611270 31.628189
73.328288 10.916271 42.911334
73.372685 55.989144 50.566569
73.868565 68.918647 49.086308
73.892124 69.883389 84.804634
74.001791 28.087825 21.450825
74.038895 21.734886 79.856289
74.045897 100.000000 12.469423
74.055951 57.205160 53.666647
74.110961 43.463262 34.201488
74.145232 82.142627 88.155087
74.149594 0.000000 55.378992
74.271889 28.137378 78.647550
74.505359 100.000000 46.018018
74.627275 57.052434 79.914023
74.769707 49.254580 87.904227
74.800071 0.000000 100.000000
74.992941 21.329353 23.784647
75.087779 40.070454 13.454213
75.122249 0.000000 39.538765
75.160364 68.519672 44.306691
75.291447 70.470226 83.538996
75.542711 72.830265 54.524358
75.620857 34.741656 81.500286
75.621946 72.924727 70.650790
75.625321 21.673346 85.191180
75.625618 29.052559 80.650347
76.040169 53.479646 16.104943
76.095811 27.158652 100.000000
76.097778 19.240331 0.000000
76.102580 69.750405 40.918080
76.158368 100.000000 18.669223
76.194267 78.406874 16.236942
76.316757 0.000000 70.277093
76.418035 22.441989 30.192040
76.482706 82.707588 100.000000
76.540995 42.893958 19.142387
76.579793 0.000000 36.978540
76.800269 80.276043 49.263908
76.823926 54.196286 56.858979
76.927978 15.286157 13.200208
76.945653 46.277760 100.000000
76.995619 100.000000 89.865846
77.119653 45.870272 22.379664
77.423769 63.891485 49.284009
77.454033 78.728361 0.000000
77.476634 71.895859 78.573899
77.583827 100.000000 37.259569
77.691311 87.837305 20.721873
77.701838 35.806212 74.367219
77.718238 0.000000 59.805972
77.793280 60.185832 19.557954
77.881565 82.148292 65.938970
77.984699 18.619137 50.594836
78.118523 57.377350 52.089507
78.187076 0.000000 55.712935
78.323348 57.755378 27.811206
78.329893 26.478783 63.052455
78.340842 55.801687 63.828312
78.441687 37.341929 87.007657
78.700574 37.804535 0.000000
78.706971 0.000000 0.000000
78.724999 29.807070 18.034901
78.750613 28.018475 33.858996
78.861654 76.700461 56.429366
78.863160 48.178964 12.952439
78.972775 100.000000 65.953314
79.132878 0.000000 80.534941
79.195223 63.811071 0.000000
79.245242 41.312259 21.421964
79.279349 0.000000 50.574291
79.328688 67.342684 68.528486
79.411041 0.000000 100.000000
79.518743 65.232797 100.000000
79.532028 81.364456 31.178463
79.696393 0.000000 50.713120
79.728534 28.996513 54.862678
79.950503 0.000000 28.726571
80.280878 64.583624 63.072318
80.392539 100.000000 76.653319
80.439740 23.591651 15.609003
80.628690 51.235924 82.303859
80.742838 48.640741 57.121740
80.749567 55.468419 82.594448
80.828511 52.521052 46.390825
80.844922 36.726821 77.529668
80.857655 52.299788 44.396604
80.971269 10.336743 38.866254
81.123615 0.000000 0.000000
81.206599 100.000000 14.712651
81.259284 0.000000 11.865196
81.324799 39.838058 50.238946
81.331293 23.295904 0.000000
81.558475 0.000000 58.446511
81.635336 41.812954 100.000000
81.659971 85.246938 0.000000
81.732930 61.565534 39.658740
81.861321 15.002938 31.101129
81.878005 65.757716 0.000000
81.884731 67.110799 37.123022
82.061145 19.439027 24.619959
82.169670 77.050722 19.713499
82.210524 0.000000 42.720171
82.354240 35.855573 62.612560
82.375483 67.787685 20.227640
82.451973 79.233836 24.136432
82.550971 72.783626 32.723907
82.701497 64.499695 77.312951
82.743501 54.595661 14.465904
82.903968 52.064745 26.891883
82.915326 100.000000 33.152827
83.020586 100.000000 21.410090
83.392816 80.934158 0.000000
83.486963 100.000000 21.846548
83.572066 77.318896 33.438079
83.766740 45.425396 100.000000
83.793376 13.375927 48.450239
83.918872 63.084961 100.000000
84.074084 79.398219 55.536759
84.133717 84.451858 41.902991
84.217203 70.458910 37.271625
84.245109 54.807812 28.903727
84.281614 31.509120 47.519368
84.332080 73.517161 24.054739
84.345411 0.000000 55.728445
84.509994 87.757884 0.000000
84.668896 0.000000 64.069498
84.917069 52.554347 0.000000
84.976879 16.680398 37.085587
85.006223 86.751860 20.469006
85.017612 36.786448 21.838915
85.180123 57.505807 100.000000
85.222948 39.858402 100.000000
85.379098 0.000000 79.334628
85.553752 0.000000 0.000000
85.564752 53.066735 59.266916
85.567646 58.308918 100.000000
85.576955 69.083201 100.000000
85.664037 0.000000 25.697361
85.668345 100.000000 0.000000
85.720128 0.000000 73.362092
85.780520 100.000000 73.944781
85.813696 66.559768 72.579905
85.864387 14.026069 60.291191
85.944684 62.543459 51.376113
85.973078 33.674788 51.784276
86.172780 100.000000 88.438367
86.245979 84.451630 72.488582
86.403889 51.697615 25.280695
86.448884 49.879648 0.000000
86.906350 0.000000 23.155992
86.944286 52.354019 35.404766
86.969108 84.527056 100.000000
87.353203 0.000000 0.000000
87.427875 34.834780 19.971363
87.438856 61.160962 0.000000
87.467666 45.784122 100.000000
87.583331 51.286450 88.410003
87.694043 31.857973 41.792405
87.706610 66.761283 66.217298
87.710746 34.229702 100.000000
87.721922 43.041417 64.935253
87.803887 87.638094 11.586229
87.991988 79.423174 82.613117
88.041138 28.877413 55.844467
88.181306 78.304563 29.191964
88.227295 0.000000 0.000000
88.242135 100.000000 46.721932
88.312188 59.456440 87.763485
88.341282 38.082101 76.268644
88.530715 78.811117 63.770460
88.565711 100.000000 71.423365
88.674695 14.880023 40.436619
88.831871 86.153583 0.000000
88.851409 25.382448 100.000000
89.307318 24.281327 100.000000
89.329004 66.550879 35.395707
89.433137 100.000000 26.108025
89.487558 0.000000 35.367834
89.505790 100.000000 47.806860
89.534725 88.967498 18.090503
89.599692 0.000000 11.144584
89.737103 61.258499 32.466585
89.775419 73.189360 13.507190
89.798050 14.909103 50.941858
89.907929 78.056052 35.160946
89.931185 15.377803 62.808486
89.997266 11.486944 100.000000
100.000000 100.000000 30.227777
100.000000 41.467453 45.850819
100.000000 29.865271 0.000000
100.000000 49.243230 86.728462
100.000000 50.302871 74.219988
100.000000 59.052781 47.131064
100.000000 87.971318 86.642935
100.000000 100.000000 30.940720
100.000000 62.278124 100.000000
100.000000 100.000000 70.229217
100.000000 45.600601 45.410564
100.000000 44.248999 65.701970
100.000000 32.869568 84.817125
100.000000 37.267153 65.884636
100.000000 67.633645 81.163681
100.000000 46.126136 11.910723
100.000000 28.243746 31.148593
100.000000 65.785731 15.600321
100.000000 76.938477 32.496901
100.000000 100.000000 72.040896
100.000000 79.182057 52.535257
100.000000 0.000000 18.086476
100.000000 71.557409 34.458601
100.000000 57.021495 33.517776
100.000000 12.733201 58.631845
100.000000 43.001785 55.877992
100.000000 46.455063 100.000000
100.000000 54.254544 100.000000
100.000000 42.038957 100.000000
100.000000 0.000000 53.528117
100.000000 64.165017 20.023655
100.000000 19.617297 22.925501
100.000000 54.446034 31.659545
100.000000 33.700206 76.008181
100.000000 82.263796 50.328133
100.000000 23.427264 70.399307
100.000000 10.250699 60.958765
100.000000 50.762160 85.548118
100.000000 76.504194 51.821287
100.000000 100.000000 13.568541
100.000000 100.000000 100.000000
100.000000 13.337447 24.342727
100.000000 31.948737 45.685547
100.000000 61.400621 40.488718
100.000000 79.523681 44.489712
100.000000 100.000000 57.744314
100.000000 25.340564 63.886833
100.000000 100.000000 64.286381
100.000000 0.000000 86.108435
100.000000 49.165336 27.145391
100.000000 0.000000 35.406614
100.000000 46.739187 60.429761
100.000000 21.462194 46.971718
100.000000 0.000000 54.959236
100.000000 75.591497 62.748147
100.000000 23.311094 71.018110
100.000000 26.660601 22.081979
100.000000 41.688717 36.337572
100.000000 56.286924 28.293377
100.000000 61.463596 12.434233
100.000000 86.024458 34.916302
100.000000 63.535792 53.225685
100.000000 41.775741 100.000000
100.000000 100.000000 21.858658
100.000000 32.989524 61.521274
100.000000 43.776277 36.102824
100.000000 26.031298 51.747620
100.000000 100.000000 86.976306
100.000000 40.371524 76.786056
100.000000 35.355381 20.507004
100.000000 35.035345 100.000000
100.000000 79.882867 59.999544
100.000000 61.156087 49.668457
100.000000 76.446007 47.244234
100.000000 79.844512 66.560279
100.000000 72.446714 0.000000
100.000000 32.947718 32.678146
100.000000 34.476493 63.559811
100.000000 72.235844 59.073868
100.000000 23.542106 38.621731
100.000000 42.534167 89.081031
100.000000 100.000000 81.365524
100.000000 0.000000 23.879914
100.000000 49.112683 0.000000
100.000000 0.000000 0.000000
100.000000 0.000000 100.000000
100.000000 100.000000 0.000000
3 593 668 671
3 593 591 668
3 591 671 668
3 591 593 671
3 555 668 508
3 490 668 593
3 593 591 490
3 490 508 668
3 490 591 508
3 555 487 591
3 484 591 487
3 484 487 555
3 484 508 591
3 555 508 484
3 555 671 668
3 591 671 555
3 53 9 8
3 9 8 144
3 9 144 53
3 99 8 53
3 99 144 8
3 53 144 99
3 16 15 135
3 13 16 15
3 3 13 15
3 135 15 3
3 3 13 135
3 13 16 135
3 16 9 172
3 38 16 9
3 38 135 9
3 102 95 135
3 38 95 102
3 102 135 38
3 15 38 95
3 135 95 15
3 16 38 15
3 135 172 9
3 13 172 135
3 13 16 172
3 162 147 229
3 182 147 162
3 182 162 229
3 187 147 182
3 187 229 147
3 182 229 252
3 187 252 229
3 252 187 214
3 157 187 216
3 195 187 157
3 195 214 187
3 195 157 214
3 157 216 214
3 252 214 216
3 182 216 187
3 252 216 182
3 76 153 0
3 109 153 76
3 109 0 153
3 61 109 76
3 61 112 109
3 24 112 61
3 24 112 109
3 61 24 76
3 24 109 0
3 76 24 0
3 670 682 703
3 670 703 689
3 701 689 670
3 701 703 689
3 701 682 703
3 670 682 701
3 287 302 322
3 333 302 287
3 333 302 322
3 287 322 333
3 277 296 176
3 227 296 277
3 264 301 296
3 227 301 264
3 264 296 227
3 176 301 227
3 176 296 301
3 264 227 277
3 244 227 264
3 277 264 244
3 176 227 244
3 277 176 244
3 264 277 296
3 276 267 235
3 250 235 267
3 250 235 276
3 273 250 276
3 309 273 276
3 309 267 276
3 273 267 309
3 250 267 273
3 110 151 119
3 52 110 119
3 151 110 52
3 115 119 151
3 115 30 119
3 52 119 30
3 52 30 115
3 151 52 115
3 379 315 403
3 248 315 379
3 254 315 248
3 254 403 315
3 248 403 254
3 379 403 248
3 404 488 412
3 421 412 488
3 488 404 421
3 386 412 421
3 404 412 386
3 404 386 421
3 425 412 386
3 488 455 425
3 488 412 455
3 412 425 455
3 488 425 386
3 488 386 404
3 254 230 315
3 254 267 230
3 315 230 267
3 254 375 267
3 315 375 254
3 267 396 315
3 267 368 340
3 396 340 368
3 267 340 396
3 363 368 267
3 363 396 368
3 363 375 396
3 273 363 354
3 267 354 273
3 267 273 363
3 375 354 267
3 375 363 354
3 315 396 375
3 267 314 230
3 314 315 230
3 267 396 314
3 327 396 315
3 327 314 396
3 327 315 314
3 396 230 267
3 396 314 230
3 277 174 387
3 277 181 174
3 277 257 181
3 257 181 174
3 257 174 387
3 277 255 257
3 255 387 257
3 255 387 277
3 352 406 295
3 313 295 301
3 406 301 295
3 313 301 406
3 313 295 352
3 471 313 352
3 313 406 471
3 472 352 471
3 472 406 352
3 471 406 472
3 313 472 471
3 313 406 472
3 260 291 336
3 260 336 189
3 291 260 224
3 191 260 189
3 191 224 260
3 189 224 191
3 291 224 189
3 210 336 291
3 388 341 336
3 388 210 341
3 210 388 336
3 210 228 341
3 336 341 228
3 228 189 336
3 210 189 228
3 291 189 210
3 156 127 132
3 41 156 127
3 128 127 41
3 132 127 128
3 128 41 132
3 132 41 153
3 153 41 156
3 132 153 156
3 5 146 39
3 3 146 5
3 5 3 39
3 3 106 146
3 39 146 106
3 32 3 26
3 106 32 26
3 106 3 26
3 32 39 106
3 3 32 39
3 88 101 17
3 63 101 88
3 63 17 101
3 88 63 17
3 593 623 613
3 593 671 623
3 591 623 671
3 490 623 591
3 489 623 490
3 489 613 623
3 490 613 489
3 593 613 490
3 892 901 822
3 892 836 901
3 892 822 836
3 830 901 836
3 822 901 830
3 746 830 836
3 746 822 830
3 836 822 746
3 822 881 830
3 892 881 822
3 901 881 892
3 790 881 901
3 830 881 790
3 790 901 830
3 805 723 878
3 747 805 723
3 764 723 747
3 747 805 764
3 764 878 723
3 805 878 896
3 845 896 878
3 805 896 845
3 764 845 878
3 764 805 845
3 379 395 361
3 443 395 379
3 438 395 443
3 379 438 443
3 438 453 395
3 453 361 395
3 453 438 361
3 379 361 438
3 778 733 816
3 778 721 733
3 721 816 733
3 721 778 750
3 778 816 750
3 816 721 750
3 721 750 733
3 816 733 750
3 769 668 671
3 769 712 668
3 712 671 668
3 769 671 717
3 712 717 671
3 769 717 712
3 151 197 115
3 200 197 151
3 200 171 197
3 151 171 200
3 171 159 197
3 115 159 171
3 115 197 159
3 151 115 171
3 151 297 115
3 200 297 299
3 151 299 297
3 151 242 299
3 161 242 151
3 299 242 161
3 200 161 151
3 200 299 161
3 243 297 329
3 200 329 297
3 243 329 200
3 243 197 297
3 200 197 243
3 197 115 297
3 200 242 161
3 299 242 200
3 444 436 389
3 444 519 436
3 451 519 444
3 436 519 532
3 485 519 451
3 485 532 519
3 451 532 485
3 436 532 451
3 323 436 451
3 323 389 436
3 323 451 389
3 450 451 444
3 389 451 450
3 450 444 389
3 110 123 129
3 97 123 110
3 42 123 47
3 59 42 47
3 59 123 47
3 97 42 123
3 59 97 42
3 59 129 123
3 97 129 59
3 110 129 97
3 349 453 429
3 361 429 453
3 349 429 361
3 361 453 349
3 453 429 452
3 384 429 361
3 361 349 384
3 384 452 429
3 452 384 349
3 395 349 361
3 395 452 349
3 484 452 395
3 453 452 484
3 453 487 395
3 487 484 395
3 453 484 487
3 470 452 395
3 470 487 452
3 470 395 487
3 484 508 494
3 484 452 508
3 452 494 508
3 487 494 452
3 484 494 487
3 134 116 105
3 157 105 116
3 134 105 157
3 165 116 134
3 165 157 116
3 134 157 165
3 335 247 242
3 299 247 335
3 299 335 242
3 299 222 247
3 222 242 247
3 299 242 222
3 298 247 332
3 335 332 247
3 335 298 332
3 297 298 328
3 297 299 298
3 299 297 328
3 335 328 298
3 299 328 335
3 222 298 299
3 222 247 298
3 778 706 677
3 796 706 721
3 778 721 706
3 796 721 778
3 796 677 706
3 778 677 796
3 924 938 975
3 834 975 924
3 834 949 975
3 949 975 938
3 834 938 949
3 924 938 834
3 193 126 237
3 162 154 182
3 193 182 154
3 162 182 193
3 126 154 162
3 126 193 154
3 162 229 126
3 237 229 162
3 237 126 229
3 193 237 162
3 256 315 280
3 314 280 315
3 280 314 256
3 379 327 315
3 256 379 315
3 327 379 256
3 256 314 327
3 280 225 349
3 395 225 280
3 286 225 395
3 349 225 286
3 286 395 349
3 280 349 395
3 423 543 503
3 458 503 543
3 423 503 458
3 423 403 543
3 403 423 458
3 484 543 443
3 487 543 484
3 484 443 487
3 403 443 543
3 487 443 403
3 470 543 487
3 487 403 470
3 470 458 543
3 403 458 470
3 484 443 438
3 453 443 487
3 453 438 443
3 484 438 453
3 403 470 395
3 379 403 395
3 379 443 403
3 84 31 133
3 84 120 51
3 120 31 51
3 31 51 84
3 120 133 31
3 84 120 133
3 168 249 144
3 168 144 160
3 249 245 160
3 249 168 245
3 215 245 168
3 160 245 215
3 215 168 160
3 249 245 144
3 294 172 245
3 249 294 245
3 172 294 249
3 172 144 245
3 172 160 144
3 249 160 172
3 463 527 536
3 414 527 463
3 462 527 414
3 504 527 462
3 536 527 504
3 441 536 504
3 462 536 441
3 441 504 499
3 462 499 504
3 462 441 499
3 414 536 462
3 463 536 414
3 324 196 304
3 196 324 289
3 324 205 289
3 135 289 205
3 196 289 135
3 135 205 196
3 205 304 196
3 324 304 205
3 778 785 846
3 778 752 785
3 778 734 752
3 734 785 752
3 734 846 785
3 776 734 778
3 870 734 776
3 776 778 870
3 846 734 870
3 816 846 870
3 778 846 816
3 816 870 778
3 277 137 176
3 292 174 137
3 277 174 137
3 277 305 174
3 292 305 277
3 292 305 174
3 292 176 137
3 277 176 292
3 128 61 39
3 61 132 39
3 132 128 39
3 76 128 132
3 76 41 71
3 128 41 71
3 76 41 128
3 61 76 71
3 61 128 71
3 76 132 61
3 61 71 39
3 128 71 39
3 219 196 146
3 146 196 205
3 205 219 146
3 219 304 196
3 205 304 219
3 409 391 321
3 378 391 414
3 409 414 391
3 463 414 409
3 378 414 463
3 463 409 378
3 316 391 378
3 321 391 316
3 316 378 321
3 409 321 378
3 355 290 329
3 197 329 290
3 197 355 329
3 243 290 355
3 159 290 243
3 159 197 290
3 243 197 159
3 355 197 243
3 860 965 942
3 982 965 860
3 982 965 942
3 834 982 860
3 942 982 834
3 834 860 942
3 875 965 860
3 982 965 875
3 958 982 875
3 886 982 958
3 978 875 886
3 978 958 875
3 886 958 978
3 886 834 982
3 834 886 875
3 834 875 780
3 860 794 875
3 780 875 794
3 780 794 738
3 860 760 794
3 860 738 760
3 738 794 760
3 860 780 738
3 780 860 834
3 0 41 153
3 76 0 41
3 76 153 41
3 67 136 50
3 80 136 67
3 136 80 25
3 50 80 25
3 50 136 25
3 67 80 50
3 446 466 411
3 400 466 446
3 400 411 466
3 400 425 411
3 446 425 400
3 446 411 425
3 375 503 392
3 375 423 503
3 423 396 503
3 423 375 396
3 392 396 363
3 363 375 392
3 445 497 512
3 503 512 445
3 497 512 503
3 392 503 445
3 445 392 497
3 396 392 497
3 576 503 396
3 576 497 503
3 396 497 576
3 654 749 613
3 783 654 749
3 783 649 749
3 783 654 649
3 649 613 749
3 654 613 649
3 285 350 442
3 347 285 350
3 347 442 350
3 347 367 442
3 367 285 442
3 367 284 285
3 367 347 284
3 347 289 284
3 285 347 289
3 285 284 289
3 274 405 434
3 405 274 360
3 274 325 360
3 325 405 360
3 325 434 405
3 274 434 325
3 636 638 618
3 545 618 636
3 545 638 618
3 678 545 636
3 638 545 678
3 636 678 638
3 388 210 410
3 388 228 341
3 284 228 215
3 388 215 228
3 284 215 388
3 284 210 228
3 284 407 410
3 388 407 284
3 388 410 407
3 350 210 284
3 350 410 210
3 284 410 350
3 98 17 101
3 63 17 98
3 139 101 63
3 218 101 139
3 139 63 218
3 218 98 101
3 63 98 218
3 303 454 332
3 303 366 454
3 303 332 366
3 492 454 366
3 492 332 454
3 477 366 332
3 492 366 477
3 335 332 492
3 335 477 332
3 492 477 335
3 335 366 332
3 413 366 335
3 477 366 413
3 493 335 477
3 493 413 335
3 477 413 493
3 375 392 401
3 363 392 401
3 354 363 401
3 382 354 401
3 375 401 382
3 382 354 375
3 164 279 307
3 212 279 164
3 212 279 307
3 164 307 212
3 851 908 774
3 877 908 851
3 877 774 908
3 877 851 774
3 858 908 774
3 858 875 908
3 851 875 858
3 955 875 851
3 955 908 875
3 915 955 908
3 877 908 915
3 915 851 877
3 955 851 915
3 851 858 774
3 102 29 285
3 160 29 285
3 38 160 102
3 38 29 160
3 38 102 29
3 249 285 102
3 249 284 285
3 249 160 284
3 160 285 284
3 102 160 135
3 249 135 160
3 102 135 249
3 102 289 249
3 196 102 289
3 102 135 196
3 324 249 289
3 135 249 324
3 205 135 324
3 294 249 324
3 205 249 294
3 294 324 205
3 135 249 205
3 67 171 80
3 20 136 50
3 20 67 50
3 20 115 136
3 67 115 20
3 136 159 171
3 136 115 159
3 67 136 171
3 115 161 151
3 171 200 161
3 115 49 161
3 49 171 161
3 49 45 65
3 130 45 65
3 49 45 130
3 28 49 65
3 28 65 19
3 124 19 28
3 124 130 19
3 28 130 124
3 65 19 130
3 28 80 130
3 28 80 49
3 80 171 130
3 171 49 130
3 49 115 80
3 80 115 67
3 67 52 115
3 49 67 52
3 49 115 52
3 49 80 67
3 168 152 144
3 168 240 152
3 144 152 245
3 240 245 152
3 144 245 240
3 168 144 240
3 168 245 240
3 260 331 393
3 400 331 260
3 400 393 331
3 393 440 456
3 400 440 393
3 400 456 440
3 260 456 400
3 260 393 456
3 593 592 485
3 608 592 593
3 592 608 506
3 608 485 506
3 485 592 506
3 593 451 608
3 451 485 608
3 593 485 451
3 367 442 346
3 347 474 442
3 346 474 347
3 346 442 474
3 347 367 346
3 325 221 268
3 325 348 221
3 384 348 325
3 384 221 348
3 384 268 221
3 384 317 268
3 286 317 384
3 286 268 317
3 286 325 268
3 286 349 325
3 286 384 349
3 384 325 349
3 286 241 225
3 272 241 286
3 268 241 272
3 268 225 241
3 220 268 272
3 225 268 220
3 225 220 272
3 349 225 272
3 272 268 349
3 272 286 268
3 286 349 268
3 592 519 506
3 610 608 519
3 592 610 519
3 608 610 592
3 608 506 519
3 970 902 928
3 950 902 970
3 950 928 902
3 970 950 928
3 261 260 208
3 278 208 257
3 402 208 257
3 278 257 320
3 402 320 257
3 278 320 402
3 260 224 208
3 224 208 402
3 224 260 402
3 278 402 260
3 278 261 208
3 260 261 278
3 257 261 208
3 278 261 257
3 183 131 206
3 152 131 183
3 274 131 101
3 99 131 152
3 99 101 131
3 99 152 101
3 274 101 152
3 206 131 274
3 206 274 152
3 206 152 183
3 274 152 183
3 274 183 206
3 579 562 495
3 579 550 562
3 550 495 562
3 495 550 479
3 461 550 479
3 495 479 461
3 579 461 550
3 495 461 579
3 265 192 290
3 261 192 265
3 261 223 192
3 261 290 223
3 290 192 223
3 331 290 261
3 331 265 290
3 261 260 331
3 260 265 331
3 261 265 260
3 120 208 139
3 224 120 208
3 224 120 139
3 260 139 208
3 139 260 191
3 191 224 139
3 36 119 30
3 66 30 119
3 36 66 30
3 103 119 36
3 103 118 119
3 118 66 119
3 103 66 118
3 69 66 103
3 69 66 36
3 103 36 69
3 379 403 287
3 248 287 403
3 256 287 201
3 248 201 287
3 194 248 256
3 201 248 194
3 194 272 201
3 256 272 194
3 256 201 272
3 256 379 287
3 248 315 256
3 431 416 452
3 430 452 416
3 431 452 430
3 431 399 416
3 399 430 416
3 399 405 430
3 435 405 399
3 435 430 405
3 435 431 430
3 399 431 435
3 194 71 114
3 128 71 201
3 201 71 194
3 201 194 128
3 128 114 71
3 128 225 114
3 225 194 114
3 128 194 225
3 128 230 114
3 128 280 230
3 314 217 230
3 280 217 314
3 314 230 280
3 114 217 280
3 114 230 217
3 280 225 114
3 256 128 225
3 280 256 225
3 128 256 280
3 44 192 56
3 44 88 192
3 56 192 25
3 88 25 192
3 56 88 25
3 44 88 56
3 101 192 139
3 50 192 136
3 101 136 192
3 141 159 197
3 101 197 159
3 141 197 101
3 136 159 141
3 136 101 159
3 136 141 197
3 141 115 197
3 136 197 159
3 20 115 141
3 131 101 20
3 14 20 141
3 14 131 20
3 141 149 14
3 131 149 141
3 131 14 149
3 141 101 131
3 20 101 50
3 50 25 192
3 50 101 25
3 88 25 101
3 88 63 139
3 44 139 192
3 88 139 44
3 325 337 328
3 149 337 221
3 325 348 337
3 348 312 337
3 221 312 348
3 238 312 221
3 238 337 312
3 221 337 238
3 325 149 221
3 149 328 337
3 274 328 149
3 325 328 274
3 274 149 325
3 488 524 406
3 488 510 524
3 406 524 510
3 406 526 488
3 510 526 406
3 510 488 526
3 594 526 524
3 488 526 594
3 421 511 524
3 421 488 511
3 406 421 524
3 404 406 488
3 404 406 386
3 386 406 421
3 488 594 511
3 594 524 511
3 510 524 526
3 107 241 268
3 225 241 107
3 225 220 241
3 194 220 225
3 272 201 220
3 194 272 220
3 201 107 220
3 107 201 194
3 194 225 107
3 268 241 220
3 107 268 220
3 194 272 225
3 517 483 556
3 486 556 483
3 517 556 486
3 468 483 517
3 468 427 483
3 517 427 468
3 427 486 483
3 517 486 427
3 450 317 361
3 269 317 450
3 269 281 317
3 361 281 269
3 272 281 361
3 232 281 272
3 232 317 281
3 272 317 232
3 361 317 272
3 450 361 269
3 361 422 306
3 361 438 422
3 438 361 306
3 438 478 422
3 460 478 422
3 496 438 460
3 478 438 496
3 496 478 460
3 373 460 422
3 460 438 373
3 373 306 422
3 438 306 287
3 287 373 438
3 333 306 302
3 373 302 306
3 333 373 302
3 333 287 306
3 373 287 333
3 373 438 333
3 333 438 287
3 460 443 373
3 438 373 443
3 496 443 460
3 496 438 443
3 118 229 166
3 118 162 229
3 162 118 126
3 126 166 229
3 118 166 126
3 85 143 82
3 97 143 85
3 110 143 179
3 97 179 143
3 110 179 97
3 110 64 143
3 97 64 110
3 85 97 64
3 64 60 126
3 82 126 92
3 60 92 126
3 82 60 92
3 60 82 64
3 143 126 82
3 143 64 126
3 85 64 82
3 973 870 980
3 870 846 980
3 961 980 846
3 961 980 973
3 846 973 953
3 961 973 953
3 969 961 953
3 846 953 969
3 846 969 961
3 973 846 870
3 973 953 870
3 846 870 953
3 337 328 298
3 328 426 298
3 335 298 426
3 337 298 335
3 335 426 337
3 426 328 337
3 426 335 413
3 299 413 335
3 299 329 413
3 426 413 329
3 329 299 426
3 328 426 299
3 328 426 329
3 197 297 328
3 329 297 197
3 197 328 329
3 299 297 329
3 423 469 403
3 423 376 469
3 334 376 423
3 334 376 469
3 443 469 334
3 403 469 443
3 334 403 443
3 423 403 334
3 972 941 885
3 907 972 941
3 907 885 941
3 972 885 907
3 395 379 349
3 256 349 361
3 379 361 349
3 379 287 361
3 256 361 287
3 256 280 349
3 256 395 280
3 379 395 256
3 204 312 348
3 204 221 312
3 384 317 348
3 268 221 317
3 204 317 221
3 204 262 317
3 262 348 317
3 204 348 262
3 262 312 348
3 238 204 312
3 238 312 262
3 262 204 238
3 272 317 220
3 232 184 317
3 184 220 317
3 232 107 184
3 107 220 184
3 107 232 220
3 272 220 232
3 294 245 380
3 249 330 380
3 294 380 330
3 294 330 249
3 344 245 249
3 380 245 344
3 249 380 344
3 294 245 360
3 360 245 344
3 294 360 344
3 294 344 380
3 294 360 345
3 294 330 360
3 330 345 360
3 330 294 345
3 344 380 360
3 399 360 364
3 345 360 399
3 399 364 345
3 380 364 360
3 345 364 380
3 330 345 380
3 330 380 344
3 294 330 344
3 231 283 295
3 301 295 231
3 301 283 295
3 175 283 301
3 231 175 283
3 231 175 301
3 399 349 416
3 286 416 349
3 286 399 416
3 452 349 399
3 470 452 399
3 399 395 458
3 470 458 395
3 399 458 470
3 399 259 395
3 399 286 259
3 286 395 259
3 556 542 557
3 486 542 556
3 486 557 542
3 517 556 531
3 486 517 531
3 557 531 556
3 557 486 531
3 872 931 847
3 872 873 847
3 872 930 931
3 873 930 931
3 872 930 873
3 852 847 873
3 852 847 931
3 884 852 873
3 884 931 852
3 931 884 873
3 379 470 395
3 379 458 470
3 379 403 458
3 458 395 379
3 134 239 188
3 142 239 134
3 142 239 188
3 117 142 134
3 117 142 188
3 134 188 117
3 280 259 395
3 288 259 280
3 280 395 288
3 399 259 288
3 458 420 395
3 420 458 431
3 399 431 458
3 420 431 399
3 327 395 420
3 327 288 395
3 374 420 288
3 396 420 428
3 374 428 420
3 396 428 374
3 396 374 288
3 327 420 396
3 327 396 288
3 399 288 420
3 517 504 499
3 517 569 504
3 418 441 569
3 588 569 585
3 606 569 517
3 585 569 606
3 606 517 585
3 517 588 585
3 513 569 588
3 513 418 569
3 588 418 513
3 517 418 588
3 517 441 418
3 441 504 569
3 441 517 499
3 441 418 499
3 517 499 418
3 588 585 418
3 517 418 585
3 466 569 513
3 466 513 418
3 466 441 569
3 441 466 394
3 355 466 418
3 355 394 466
3 418 394 355
3 441 394 418
3 643 675 482
3 568 643 675
3 568 482 675
3 568 516 482
3 475 568 516
3 475 482 516
3 643 475 565
3 482 565 643
3 482 475 565
3 475 643 568
3 248 156 311
3 199 156 311
3 199 156 248
3 334 199 311
3 334 248 311
3 248 322 199
3 334 322 248
3 334 322 199
3 153 308 254
3 156 308 153
3 254 156 132
3 254 132 153
3 311 156 308
3 311 254 308
3 156 254 248
3 334 254 311
3 254 334 248
3 261 331 278
3 290 278 365
3 331 365 278
3 290 365 331
3 261 278 290
3 400 402 260
3 400 278 402
3 400 320 278
3 320 400 411
3 400 394 411
3 394 365 411
3 400 365 394
3 365 357 411
3 320 411 357
3 365 320 357
3 365 278 320
3 331 365 400
3 400 411 357
3 400 357 320
3 561 570 540
3 505 570 561
3 540 505 561
3 632 570 505
3 540 570 632
3 540 632 557
3 505 492 632
3 492 477 632
3 477 493 632
3 492 493 477
3 493 557 632
3 492 557 493
3 492 505 557
3 540 557 505
3 552 570 632
3 540 570 552
3 552 632 557
3 552 557 540
3 492 557 477
3 493 477 557
3 182 22 111
3 83 22 182
3 83 111 22
3 154 83 182
3 182 111 154
3 79 83 154
3 79 111 83
3 111 79 164
3 154 81 35
3 79 81 35
3 79 154 35
3 164 79 81
3 81 154 234
3 164 234 154
3 81 234 164
3 111 164 154
3 840 957 842
3 940 842 840
3 940 856 842
3 856 842 957
3 940 957 856
3 840 957 940
3 427 405 430
3 427 434 405
3 325 434 427
3 325 430 405
3 427 430 325
3 450 317 384
3 361 384 317
3 450 384 429
3 361 450 429
3 659 609 620
3 659 595 609
3 595 576 609
3 620 576 595
3 620 609 576
3 659 620 595
3 595 609 617
3 659 617 609
3 595 617 648
3 659 648 617
3 620 648 659
3 620 595 648
3 620 659 576
3 659 609 576
3 773 742 801
3 728 742 773
3 728 801 742
3 765 801 728
3 773 801 765
3 728 773 765
3 439 326 381
3 473 326 439
3 473 381 326
3 436 473 439
3 381 473 436
3 439 459 436
3 381 459 439
3 381 436 459
3 323 381 252
3 323 216 381
3 252 381 216
3 323 252 216
3 214 381 323
3 214 216 381
3 252 214 323
3 409 440 391
3 409 414 440
3 441 391 440
3 441 414 391
3 463 441 440
3 414 441 463
3 463 440 414
3 712 771 786
3 791 771 712
3 791 771 786
3 712 786 791
3 590 610 519
3 523 519 610
3 523 590 519
3 542 523 610
3 542 590 523
3 610 590 542
3 728 773 722
3 728 705 773
3 705 722 773
3 641 722 705
3 641 728 722
3 641 705 728
3 970 902 900
3 928 859 902
3 859 900 902
3 928 900 859
3 970 928 956
3 900 956 970
3 933 956 900
3 933 956 928
3 900 957 933
3 957 933 928
3 900 928 957
3 556 597 542
3 483 597 556
3 542 523 483
3 597 523 542
3 597 483 523
3 556 542 483
3 118 18 166
3 64 18 118
3 166 126 64
3 18 126 166
3 18 64 126
3 64 118 119
3 166 119 118
3 166 64 119
3 787 740 886
3 787 768 740
3 768 886 740
3 787 780 768
3 794 787 875
3 780 787 794
3 886 875 787
3 886 780 834
3 886 768 780
3 768 740 780
3 787 780 740
3 834 768 780
3 768 834 886
3 477 433 507
3 493 507 433
3 493 477 507
3 433 477 493
3 433 366 507
3 477 366 507
3 433 366 338
3 413 338 366
3 433 338 413
3 433 413 493
3 290 223 320
3 278 223 261
3 278 320 223
3 290 320 278
3 981 968 880
3 981 819 968
3 819 880 968
3 819 981 880
3 880 950 968
3 981 950 968
3 950 880 819
3 819 981 950
3 981 968 877
3 929 981 968
3 929 877 968
3 917 981 929
3 915 917 929
3 877 955 915
3 877 929 955
3 929 955 915
3 915 917 877
3 981 877 917
3 326 439 537
3 473 537 439
3 473 621 537
3 447 520 621
3 473 637 621
3 473 559 637
3 559 637 520
3 473 520 559
3 520 637 621
3 447 520 473
3 447 621 537
3 397 447 537
3 326 537 397
3 397 447 326
3 381 326 362
3 473 381 362
3 362 326 447
3 473 362 447
3 641 537 561
3 641 570 537
3 570 561 537
3 644 570 641
3 641 561 644
3 614 570 644
3 614 599 570
3 614 599 644
3 644 599 561
3 505 570 599
3 454 561 505
3 599 454 561
3 505 599 454
3 465 472 313
3 406 472 465
3 292 406 465
3 313 406 292
3 292 313 465
3 421 524 465
3 296 421 406
3 305 406 296
3 421 305 296
3 305 292 406
3 305 292 465
3 421 305 465
3 472 524 406
3 472 465 524
3 817 764 845
3 748 845 764
3 748 817 845
3 764 821 748
3 817 748 821
3 764 817 821
3 764 845 821
3 817 821 845
3 764 710 748
3 713 710 764
3 713 748 710
3 822 821 713
3 822 830 821
3 830 790 821
3 746 790 830
3 822 790 746
3 713 790 822
3 790 764 821
3 716 764 790
3 713 764 716
3 713 667 790
3 716 790 667
3 667 509 716
3 713 509 667
3 713 716 509
3 817 748 713
3 713 821 817
3 633 639 583
3 690 639 633
3 690 628 639
3 633 628 690
3 628 583 639
3 633 583 628
3 718 698 658
3 625 698 718
3 718 658 625
3 651 698 625
3 651 658 698
3 625 658 651
3 632 601 614
3 676 664 601
3 650 664 601
3 676 664 650
3 601 632 589
3 492 589 599
3 632 599 589
3 641 632 570
3 656 641 644
3 656 632 641
3 644 632 656
3 632 644 614
3 599 632 614
3 505 492 599
3 477 589 492
3 477 650 589
3 493 650 477
3 493 632 650
3 650 601 589
3 676 650 632
3 676 601 614
3 632 614 676
3 632 589 614
3 601 589 614
3 367 407 350
3 284 407 367
3 410 350 407
3 367 350 285
3 284 285 350
3 652 762 740
3 762 714 740
3 714 652 740
3 702 714 762
3 702 652 714
3 762 652 702
3 684 660 724
3 606 658 660
3 684 606 660
3 597 658 606
3 684 605 606
3 605 597 606
3 597 605 684
3 658 597 684
3 718 660 658
3 718 724 660
3 658 724 718
3 658 755 724
3 798 755 658
3 684 755 798
3 658 684 798
3 684 724 755
3 517 572 498
3 468 572 517
3 468 563 572
3 498 563 468
3 498 572 563
3 483 498 468
3 483 517 498
3 556 606 572
3 556 517 606
3 517 572 606
3 597 563 498
3 597 572 563
3 597 556 572
3 498 556 597
3 483 556 498
3 583 495 560
3 633 560 493
3 579 560 633
3 633 493 579
3 495 493 560
3 495 579 493
3 579 583 560
3 583 562 495
3 615 562 583
3 579 562 615
3 583 579 615
3 583 534 560
3 495 534 583
3 413 534 495
3 560 534 413
3 493 560 413
3 493 413 495
3 798 800 755
3 798 770 800
3 755 800 770
3 770 798 755
3 770 851 755
3 851 800 798
3 851 770 800
3 798 755 851
3 661 522 524
3 681 661 522
3 681 524 522
3 661 524 578
3 681 578 524
3 681 661 578
3 442 407 350
3 367 407 442
3 746 754 642
3 736 754 746
3 736 719 754
3 738 754 719
3 780 754 738
3 655 754 780
3 655 780 738
3 655 642 754
3 738 642 655
3 738 719 642
3 719 736 642
3 746 642 736
3 544 609 680
3 617 680 609
3 680 617 544
3 544 595 609
3 595 494 617
3 595 544 533
3 494 533 544
3 494 595 533
3 494 430 617
3 544 617 430
3 494 544 430
3 688 617 494
3 688 658 617
3 658 563 617
3 658 688 563
3 494 563 688
3 494 452 563
3 452 430 563
3 452 494 430
3 544 617 563
3 499 544 563
3 430 544 551
3 499 551 544
3 430 551 499
3 430 468 563
3 468 499 563
3 468 430 499
3 51 139 4
3 63 218 51
3 139 51 218
3 44 139 63
3 4 139 44
3 63 44 4
3 51 63 4
3 825 837 867
3 864 837 825
3 864 867 837
3 867 864 846
3 825 846 864
3 867 846 825
3 476 518 554
3 428 554 476
3 428 518 554
3 476 518 428
3 280 286 225
3 286 280 259
3 259 241 225
3 286 241 259
3 280 259 225
3 712 766 809
3 859 766 712
3 809 766 859
3 712 771 859
3 712 809 771
3 809 859 771
3 331 351 365
3 351 290 365
3 351 293 290
3 293 265 290
3 351 265 293
3 351 331 321
3 265 321 331
3 351 321 265
3 593 668 712
3 593 613 671
3 613 712 671
3 593 712 613
3 336 341 321
3 336 316 341
3 316 321 341
3 228 321 316
3 228 293 321
3 265 293 228
3 321 293 265
3 265 336 321
3 265 189 336
3 228 189 265
3 316 336 228
3 388 316 341
3 388 228 316
3 197 141 297
3 297 141 209
3 115 209 141
3 115 151 209
3 151 298 209
3 151 297 298
3 297 209 298
3 141 209 149
3 297 149 209
3 197 149 297
3 141 149 197
3 328 209 298
3 328 149 209
3 328 297 149
3 255 181 277
3 255 150 181
3 150 181 257
3 255 257 150
3 274 328 329
3 274 141 149
3 141 274 197
3 274 329 197
3 884 852 847
3 799 847 873
3 799 884 847
3 873 884 799
3 316 293 351
3 316 321 293
3 351 321 316
3 481 537 457
3 439 537 481
3 439 481 457
3 282 537 326
3 282 537 454
3 326 454 282
3 454 457 537
3 457 454 326
3 439 457 326
3 743 607 781
3 743 759 607
3 759 752 607
3 759 743 752
3 752 734 607
3 743 734 752
3 734 781 607
3 734 743 781
3 823 884 858
3 884 908 858
3 918 941 908
3 941 908 884
3 884 918 941
3 918 858 908
3 918 823 858
3 884 823 918
3 823 908 858
3 884 908 823
3 873 908 799
3 799 908 823
3 799 823 884
3 941 908 873
3 884 941 873
3 553 533 494
3 555 533 553
3 595 533 555
3 595 555 494
3 553 494 555
3 692 535 611
3 467 511 535
3 611 535 467
3 611 455 511
3 467 455 511
3 467 455 611
3 611 511 692
3 782 535 692
3 782 535 511
3 692 511 782
3 452 506 494
3 592 506 452
3 484 508 592
3 484 592 494
3 506 508 494
3 485 592 508
3 450 508 506
3 485 508 450
3 450 506 485
3 452 494 592
3 955 965 875
3 908 955 965
3 982 908 965
3 908 875 982
3 892 815 836
3 898 815 892
3 898 822 815
3 892 822 898
3 822 746 815
3 736 746 836
3 736 815 746
3 836 760 736
3 836 815 760
3 815 736 760
3 690 740 787
3 690 780 740
3 787 794 738
3 780 690 738
3 787 738 690
3 715 660 690
3 715 657 660
3 690 660 657
3 657 715 738
3 715 794 738
3 690 794 715
3 787 794 690
3 690 657 738
3 715 738 660
3 657 660 738
3 649 773 608
3 705 773 649
3 610 773 705
3 649 532 705
3 610 532 649
3 610 705 532
3 608 773 592
3 610 592 773
3 649 608 610
3 918 875 858
3 918 982 875
3 958 918 982
3 918 958 978
3 978 858 875
3 918 858 978
3 916 885 742
3 775 885 916
3 801 885 775
3 742 885 801
3 801 739 742
3 775 739 801
3 775 742 739
3 916 742 775
3 755 774 794
3 715 774 755
3 787 774 715
3 787 794 774
3 787 715 794
3 755 794 715
3 772 812 802
3 772 837 812
3 867 812 837
3 772 867 837
3 867 802 812
3 772 802 867
3 861 838 946
3 880 838 861
3 970 838 880
3 874 838 970
3 946 838 874
3 946 874 970
3 880 946 970
3 861 946 880
3 874 956 838
3 900 956 874
3 874 838 900
3 880 956 900
3 880 970 956
3 838 956 970
3 900 838 880
3 698 760 699
3 718 699 760
3 718 698 699
3 770 698 718
3 770 760 698
3 718 760 770
3 763 826 835
3 790 826 763
3 790 881 826
3 881 835 826
3 790 835 881
3 763 835 790
3 800 860 812
3 860 815 812
3 760 812 815
3 860 760 815
3 770 800 760
3 860 800 770
3 770 760 860
3 802 812 760
3 800 812 802
3 800 802 760
3 860 812 867
3 867 802 860
3 860 802 800
3 659 683 734
3 752 734 683
3 659 734 752
3 785 752 683
3 659 752 785
3 725 683 659
3 725 711 683
3 711 785 683
3 725 785 711
3 759 725 680
3 659 680 725
3 759 680 659
3 759 785 725
3 659 785 759
3 233 206 186
3 259 206 233
3 241 206 259
3 241 186 206
3 259 186 241
3 233 186 259
3 825 824 743
3 767 701 824
3 701 743 824
3 701 767 743
3 825 743 772
3 767 772 743
3 825 772 767
3 864 824 825
3 864 767 824
3 825 767 864
3 415 474 428
3 415 346 474
3 428 346 415
3 347 346 428
3 474 347 539
3 476 347 539
3 476 474 539
3 476 428 474
3 356 347 476
3 398 356 476
3 398 428 476
3 359 356 398
3 428 398 359
3 359 356 428
3 356 347 428
3 287 272 281
3 287 281 361
3 272 287 361
3 272 281 201
3 287 201 281
3 256 361 272
3 772 667 647
3 815 667 772
3 746 667 815
3 746 686 667
3 815 686 746
3 698 772 686
3 698 686 812
3 772 698 812
3 815 812 686
3 772 812 815
3 686 647 667
3 772 647 686
3 674 671 712
3 674 717 671
3 727 717 674
3 727 712 717
3 712 727 674
3 543 591 600
3 487 591 543
3 555 487 543
3 600 555 543
3 648 671 555
3 685 671 648
3 685 591 671
3 685 648 591
3 648 600 591
3 555 600 648
3 712 859 769
3 792 859 773
3 792 769 859
3 773 668 792
3 769 668 773
3 769 792 668
3 712 769 773
3 649 859 712
3 649 773 859
3 608 712 773
3 608 649 613
3 712 613 649
3 451 613 593
3 451 608 613
3 593 712 608
3 13 146 135
3 172 135 146
3 40 146 13
3 40 172 146
3 40 13 172
3 517 585 531
3 584 585 556
3 580 585 584
3 580 531 585
3 584 531 580
3 584 556 531
3 602 585 517
3 602 556 585
3 517 606 602
3 602 606 556
3 76 153 132
3 838 807 725
3 807 688 725
3 688 807 838
3 779 711 688
3 725 711 779
3 659 711 683
3 659 688 711
3 659 725 688
3 838 725 874
3 779 874 725
3 838 874 779
3 688 696 779
3 688 838 696
3 779 696 838
3 741 742 959
3 722 959 742
3 741 959 722
3 741 728 742
3 728 722 742
3 741 722 728
3 959 742 728
3 728 722 959
3 963 987 865
3 871 987 865
3 871 963 865
3 987 979 963
3 871 979 963
3 987 871 979
3 250 109 112
3 267 112 250
3 109 153 267
3 112 153 109
3 267 230 112
3 153 230 267
3 153 112 230
3 250 109 267
3 250 153 267
3 109 153 250
3 379 396 423
3 327 396 379
3 379 375 315
3 423 375 403
3 379 403 375
3 423 403 379
3 658 563 572
3 658 651 563
3 651 572 563
3 572 651 625
3 625 658 572
3 954 945 894
3 894 945 888
3 954 894 888
3 983 954 945
3 983 888 945
3 954 983 956
3 888 956 954
3 983 956 888
3 685 733 687
3 693 733 685
3 693 721 733
3 697 733 721
3 721 693 697
3 697 687 733
3 693 687 697
3 685 687 693
3 254 375 308
3 263 273 354
3 263 273 267
3 263 354 382
3 263 375 382
3 263 267 254
3 353 375 263
3 353 308 375
3 263 308 353
3 263 156 308
3 263 153 156
3 263 254 153
3 843 703 781
3 743 781 703
3 743 824 781
3 703 824 743
3 703 843 824
3 824 865 781
3 865 843 781
3 824 843 865
3 689 781 734
3 734 781 776
3 689 734 776
3 689 703 781
3 703 843 689
3 689 843 776
3 865 776 781
3 843 865 776
3 814 824 767
3 767 824 784
3 701 767 784
3 701 814 767
3 784 814 701
3 814 871 824
3 784 814 871
3 843 824 871
3 871 843 784
3 843 703 784
3 743 784 824
3 703 784 743
3 146 196 102
3 102 135 146
3 205 146 172
3 172 135 205
3 806 850 897
3 756 897 806
3 756 882 897
3 869 882 756
3 869 882 897
3 869 897 850
3 756 850 869
3 806 850 756
3 327 280 395
3 314 327 288
3 280 314 288
3 327 256 280
3 327 256 395
3 796 733 697
3 796 778 733
3 796 816 778
3 816 813 733
3 816 756 813
3 756 733 813
3 796 756 945
3 816 945 756
3 816 796 945
3 756 697 733
3 796 697 677
3 756 677 697
3 756 796 677
3 659 617 725
3 680 609 659
3 680 725 617
3 263 339 156
3 0 263 339
3 0 339 156
3 0 156 41
3 132 230 254
3 132 153 230
3 263 250 273
3 250 263 109
3 263 0 109
3 448 342 382
3 375 353 382
3 448 375 382
3 417 375 448
3 390 375 417
3 353 375 390
3 390 353 417
3 417 353 448
3 353 342 382
3 448 353 342
3 373 334 469
3 460 373 469
3 460 443 469
3 373 322 443
3 322 334 443
3 373 322 334
3 546 551 521
3 546 529 551
3 521 551 529
3 529 546 521
3 521 544 529
3 551 544 521
3 647 617 551
3 544 617 647
3 544 551 617
3 546 544 647
3 647 551 546
3 529 544 546
3 647 551 521
3 546 647 521
3 43 116 157
3 43 105 116
3 134 105 43
3 134 43 157
3 348 498 427
3 348 483 498
3 427 498 483
3 348 337 483
3 427 337 348
3 337 486 483
3 427 517 337
3 517 328 337
3 426 486 337
3 328 486 426
3 517 486 328
3 427 328 337
3 427 517 328
3 170 213 287
3 163 287 213
3 201 287 163
3 201 170 287
3 163 170 201
3 213 163 170
3 248 302 287
3 170 302 248
3 170 248 201
3 213 170 302
3 213 287 302
3 103 169 116
3 72 169 167
3 103 167 169
3 103 69 167
3 69 72 167
3 72 69 103
3 75 169 72
3 75 72 103
3 184 169 75
3 116 169 184
3 184 75 116
3 116 147 103
3 116 75 147
3 75 103 147
3 201 107 94
3 107 75 94
3 107 70 75
3 70 75 94
3 201 94 70
3 107 201 70
3 70 71 27
3 70 104 27
3 71 27 104
3 128 71 104
3 127 248 128
3 127 104 248
3 127 128 104
3 104 201 248
3 201 128 248
3 104 170 201
3 163 104 170
3 70 105 163
3 201 105 70
3 201 232 105
3 232 287 105
3 232 281 287
3 232 201 281
3 134 105 287
3 134 213 105
3 213 134 287
3 213 163 105
3 104 70 163
3 94 71 70
3 107 71 114
3 122 107 114
3 186 113 225
3 186 206 113
3 122 206 186
3 113 206 122
3 186 225 122
3 114 113 122
3 114 225 113
3 107 122 241
3 225 241 122
3 94 90 71
3 107 90 71
3 107 94 90
3 830 839 881
3 830 822 839
3 822 892 839
3 926 839 892
3 926 881 839
3 926 901 881
3 926 892 901
3 588 569 660
3 588 606 585
3 625 569 606
3 660 569 625
3 625 606 660
3 588 660 585
3 602 585 660
3 588 585 602
3 606 602 660
3 588 602 606
3 384 506 389
3 384 450 506
3 384 389 450
3 444 506 450
3 444 389 506
3 170 199 322
3 170 322 302
3 248 322 302
3 170 199 248
3 287 443 403
3 287 438 443
3 287 361 438
3 490 422 451
3 361 422 490
3 490 306 361
3 451 422 319
3 306 319 422
3 451 319 306
3 490 451 306
3 809 766 771
3 712 727 771
3 727 771 766
3 613 766 727
3 613 712 766
3 727 712 613
3 458 470 600
3 470 553 600
3 533 600 553
3 494 470 533
3 487 553 470
3 487 494 553
3 470 494 452
3 620 600 533
3 503 458 600
3 620 503 600
3 620 458 503
3 458 620 533
3 470 458 533
3 503 543 600
3 600 543 487
3 487 470 600
3 458 576 533
3 576 503 620
3 458 503 396
3 420 576 458
3 420 396 576
3 396 420 458
3 620 533 576
3 156 248 178
3 199 178 248
3 156 199 178
3 178 248 170
3 170 178 199
3 254 248 256
3 128 248 254
3 254 256 280
3 280 128 254
3 256 194 225
3 178 248 104
3 104 178 170
3 339 353 308
3 156 339 308
3 339 353 263
3 254 248 132
3 127 248 178
3 127 156 178
3 128 132 248
3 104 127 178
3 662 813 793
3 733 813 662
3 700 813 733
3 700 733 662
3 700 793 813
3 662 700 793
3 276 235 219
3 309 276 235
3 309 219 235
3 309 276 219
3 337 209 298
3 149 209 337
3 339 263 382
3 342 339 382
3 353 342 375
3 342 339 375
3 353 375 339
3 484 429 508
3 453 429 484
3 429 450 508
3 450 429 506
3 452 506 429
3 490 489 422
3 478 489 490
3 478 489 422
3 361 453 490
3 453 508 490
3 438 508 453
3 438 490 508
3 478 490 438
3 53 99 98
3 99 8 98
3 53 98 8
3 99 17 98
3 8 17 99
3 53 8 17
3 98 17 53
3 786 771 727
3 712 727 786
3 483 523 444
3 506 519 610
3 523 519 506
3 610 523 483
3 506 610 483
3 444 523 506
3 483 384 506
3 384 483 389
3 483 444 389
3 195 184 214
3 165 184 195
3 165 214 184
3 157 165 195
3 134 214 165
3 134 157 214
3 203 92 1
3 81 1 203
3 81 1 92
3 203 35 193
3 154 193 35
3 81 193 154
3 203 193 81
3 203 60 35
3 60 35 81
3 92 60 81
3 203 92 126
3 60 203 126
3 60 35 126
3 60 193 35
3 193 126 35
3 193 60 126
3 193 203 126
3 60 35 154
3 60 154 126
3 269 389 262
3 323 389 269
3 269 262 214
3 214 262 323
3 269 214 323
3 323 348 389
3 348 262 389
3 323 312 348
3 262 312 323
3 269 389 317
3 262 269 317
3 348 384 389
3 384 317 389
3 451 269 381
3 269 216 381
3 269 214 216
3 361 451 429
3 451 450 429
3 361 269 451
3 323 436 381
3 451 381 436
3 269 381 436
3 269 436 306
3 451 306 436
3 269 306 451
3 165 105 184
3 165 134 105
3 134 184 105
3 134 232 184
3 232 165 184
3 134 165 232
3 232 287 134
3 184 105 201
3 232 184 201
3 134 111 157
3 111 43 157
3 134 117 111
3 117 134 105
3 43 70 105
3 70 117 105
3 70 43 117
3 78 117 43
3 78 111 117
3 111 78 43
3 157 134 117
3 188 117 111
3 157 117 188
3 111 212 270
3 212 216 279
3 270 307 279
3 216 307 279
3 270 307 216
3 270 279 212
3 111 216 164
3 212 164 216
3 111 164 212
3 270 216 275
3 188 239 275
3 216 239 275
3 216 188 239
3 188 275 270
3 111 270 188
3 214 188 216
3 214 157 188
3 111 187 216
3 157 187 111
3 134 188 157
3 1 81 54
3 108 1 54
3 108 79 54
3 108 81 79
3 81 79 54
3 81 108 1
3 322 438 333
3 373 438 322
3 322 373 333
3 677 620 673
3 620 687 673
3 693 687 620
3 673 697 693
3 673 687 697
3 693 683 673
3 620 683 693
3 683 677 673
3 683 576 677
3 620 576 683
3 620 677 576
3 677 576 673
3 620 600 576
3 620 673 600
3 673 576 600
3 376 423 375
3 334 375 311
3 353 311 375
3 311 308 353
3 334 248 403
3 334 376 375
3 403 376 334
3 403 423 376
3 256 272 349
3 423 376 390
3 469 376 390
3 502 469 390
3 423 390 417
3 502 390 417
3 423 417 502
3 502 549 469
3 423 549 469
3 502 549 423
3 503 575 530
3 503 576 575
3 576 530 575
3 497 530 576
3 497 503 530
3 322 403 287
3 322 334 403
3 512 497 530
3 512 503 530
3 596 573 622
3 480 596 573
3 528 480 573
3 545 573 528
3 480 545 528
3 545 480 541
3 596 541 480
3 596 545 541
3 545 622 573
3 596 622 545
3 316 240 271
3 316 218 240
3 316 293 218
3 240 218 293
3 351 240 293
3 271 240 351
3 351 293 271
3 316 271 293
3 254 315 314
3 254 314 280
3 625 569 517
3 625 572 606
3 625 517 572
3 267 309 340
3 273 309 363
3 363 309 340
3 363 340 368
3 375 401 445
3 382 401 445
3 375 445 382
3 701 743 784
3 342 353 339
3 376 375 390
3 376 334 311
3 376 311 390
3 311 353 390
3 549 700 662
3 600 700 662
3 549 612 600
3 612 700 600
3 549 612 700
3 549 543 662
3 543 591 662
3 591 600 662
3 549 600 543
3 612 543 549
3 612 600 543
3 448 382 445
3 417 445 448
3 417 375 445
3 756 745 687
3 673 687 745
3 673 756 687
3 677 673 745
3 756 673 677
3 796 745 756
3 808 745 796
3 808 677 745
3 796 677 808
3 711 668 696
3 685 668 711
3 685 648 668
3 696 668 592
3 592 668 508
3 487 543 553
3 555 553 543
3 592 494 555
3 696 592 555
3 671 668 648
3 648 696 555
3 648 685 696
3 711 696 685
3 648 711 696
3 648 685 711
3 677 706 697
3 721 697 706
3 496 549 662
3 496 591 662
3 469 549 591
3 496 469 591
3 549 496 469
3 543 591 549
3 946 970 956
3 874 956 946
3 392 363 368
3 392 396 368
3 367 380 346
3 367 474 380
3 474 346 380
3 367 442 474
3 442 380 367
3 442 474 380
3 267 146 230
3 267 219 146
3 219 230 146
3 267 230 219
3 219 217 146
3 217 230 146
3 267 217 219
3 267 288 217
3 230 217 288
3 267 230 288
3 288 217 219
3 288 219 267
3 638 573 622
3 672 573 638
3 596 672 573
3 672 596 622
3 638 672 622
3 294 172 205
3 172 294 183
3 233 183 294
3 233 172 183
3 233 205 172
3 294 205 233
3 280 225 217
3 288 186 217
3 288 217 225
3 280 288 225
3 225 186 241
3 288 259 186
3 186 114 217
3 186 113 114
3 288 217 280
3 230 39 128
3 230 114 39
3 114 71 39
3 235 106 196
3 106 102 196
3 102 146 106
3 106 146 235
3 219 196 235
3 235 146 219
3 442 388 407
3 442 367 388
3 284 388 367
3 122 90 113
3 90 114 113
3 107 90 122
3 114 90 71
3 396 219 288
3 396 304 219
3 304 288 219
3 374 304 396
3 374 288 304
3 233 345 259
3 294 345 233
3 294 288 345
3 330 324 304
3 330 294 324
3 294 345 304
3 330 304 345
3 288 304 205
3 294 304 288
3 233 288 205
3 288 259 345
3 233 259 288
3 267 219 396
3 267 304 219
3 309 340 304
3 267 309 304
3 374 359 340
3 304 359 374
3 304 340 359
3 370 398 374
3 370 396 398
3 396 374 398
3 370 374 340
3 340 396 370
3 267 276 219
3 309 304 219
3 370 359 398
3 370 340 359
3 428 398 374
3 346 415 374
3 374 415 428
3 347 346 356
3 359 356 346
3 304 359 346
3 374 324 346
3 304 324 374
3 346 324 304
3 205 217 219
3 172 217 205
3 172 288 217
3 288 172 205
3 336 265 331
3 393 336 331
3 260 336 393
3 265 191 260
3 189 191 265
3 38 29 95
3 102 95 29
3 459 519 523
3 532 519 459
3 532 523 519
3 439 532 459
3 481 532 439
3 481 457 459
3 439 459 457
3 481 523 532
3 481 459 523
3 796 808 906
3 935 808 796
3 935 906 808
3 960 935 796
3 960 935 906
3 796 870 960
3 906 870 796
3 973 870 906
3 960 973 920
3 870 920 960
3 870 973 920
3 973 960 906
3 434 380 529
3 405 529 380
3 434 529 405
3 380 434 405
3 380 529 546
3 434 546 521
3 435 521 529
3 434 521 435
3 435 529 405
3 430 405 434
3 430 434 435
3 380 546 434
3 855 841 672
3 723 855 672
3 761 672 638
3 723 672 638
3 761 638 723
3 811 761 672
3 811 761 723
3 841 811 672
3 841 811 723
3 805 855 723
3 841 723 805
3 805 855 841
3 861 838 792
3 807 838 874
3 861 874 838
3 807 874 861
3 819 696 807
3 792 696 819
3 792 819 807
3 838 696 792
3 807 696 688
3 792 807 861
3 819 807 861
3 819 861 792
3 355 264 243
3 355 200 264
3 200 243 264
3 200 355 243
3 200 264 299
3 355 299 264
3 355 329 299
3 355 243 329
3 651 617 658
3 651 647 617
3 651 551 647
3 551 572 563
3 499 551 625
3 572 551 499
3 499 517 572
3 625 517 499
3 651 625 551
3 499 551 563
3 734 626 627
3 734 776 626
3 776 626 627
3 653 776 627
3 653 734 627
3 653 689 734
3 653 689 776
3 431 544 430
3 533 544 431
3 430 494 533
3 431 430 533
3 435 544 529
3 435 551 544
3 435 434 551
3 434 521 551
3 485 508 490
3 450 485 490
3 429 490 508
3 450 490 429
3 593 508 490
3 485 508 593
3 593 490 451
3 485 451 490
3 464 514 445
3 448 464 514
3 448 445 514
3 464 448 445
3 609 501 500
3 544 501 609
3 609 500 544
3 405 435 501
3 529 405 501
3 544 529 501
3 435 500 501
3 435 431 500
3 544 500 431
3 499 434 551
3 435 434 499
3 430 435 499
3 91 34 94
3 122 90 94
3 122 34 113
3 34 90 113
3 34 90 94
3 91 34 122
3 107 94 91
3 107 122 94
3 91 122 107
3 33 90 113
3 34 33 90
3 122 33 113
3 34 33 122
3 458 396 395
3 396 379 395
3 494 431 430
3 458 533 431
3 458 452 533
3 399 452 458
3 399 416 452
3 494 533 452
3 494 452 431
3 458 452 470
3 349 317 268
3 286 317 349
3 220 268 317
3 11 150 121
3 150 180 121
3 180 11 121
3 44 180 150
3 44 56 180
3 56 11 180
3 44 56 11
3 44 150 11
3 11 121 56
3 56 121 180
3 386 387 257
3 320 257 255
3 320 255 387
3 320 386 257
3 320 387 386
3 255 386 320
3 255 386 387
3 133 158 31
3 84 158 133
3 158 148 31
3 148 96 31
3 158 96 148
3 96 31 84
3 158 84 96
3 151 209 119
3 115 103 209
3 103 115 119
3 118 209 103
3 166 209 238
3 118 238 209
3 166 238 118
3 166 119 209
3 5 39 114
3 5 39 71
3 90 5 114
3 71 90 5
3 717 750 671
3 779 750 717
3 779 685 750
3 685 668 750
3 685 779 668
3 779 717 668
3 668 671 750
3 671 668 717
3 769 668 779
3 779 844 769
3 717 844 779
3 769 803 717
3 832 844 803
3 769 832 803
3 844 832 769
3 844 717 803
3 110 119 166
3 143 119 110
3 143 166 119
3 110 166 143
3 222 119 166
3 110 119 222
3 179 222 166
3 143 179 166
3 110 222 179
3 209 247 298
3 222 247 209
3 151 298 222
3 222 209 119
3 110 151 222
3 347 356 289
3 346 289 347
3 346 304 289
3 359 196 289
3 324 289 304
3 359 235 196
3 304 235 219
3 359 235 304
3 356 359 289
3 359 304 356
3 304 346 356
3 359 235 219
3 359 219 304
3 40 146 5
3 3 146 13
3 13 3 5
3 40 13 5
3 274 149 131
3 274 206 149
3 131 149 206
3 131 221 206
3 131 167 221
3 149 167 131
3 221 167 149
3 325 274 221
3 274 206 221
3 152 101 218
3 144 168 98
3 168 218 98
3 144 218 168
3 152 144 98
3 218 144 152
3 17 101 99
3 99 152 98
3 144 98 99
3 152 144 99
3 46 14 131
3 34 46 14
3 46 131 91
3 34 91 131
3 46 34 91
3 33 34 14
3 34 131 33
3 101 14 33
3 101 20 17
3 14 20 17
3 17 14 99
3 99 14 101
3 33 131 101
3 93 125 144
3 168 125 93
3 168 144 125
3 9 144 168
3 93 144 9
3 9 168 93
3 150 58 44
3 11 58 150
3 11 58 44
3 274 365 418
3 351 365 274
3 351 441 365
3 351 274 441
3 394 365 441
3 394 418 365
3 274 418 441
3 113 183 122
3 113 186 183
3 186 233 183
3 233 206 183
3 206 122 183
3 148 125 228
3 155 125 168
3 215 168 125
3 215 155 168
3 148 215 125
3 155 215 148
3 93 125 155
3 93 86 125
3 86 93 155
3 155 96 86
3 155 148 96
3 148 86 96
3 86 31 125
3 86 148 31
3 31 189 125
3 158 189 31
3 158 210 189
3 210 148 189
3 158 148 202
3 210 202 148
3 158 202 210
3 189 228 125
3 228 189 148
3 148 228 210
3 86 31 96
3 215 210 228
3 284 210 215
3 284 148 215
3 284 210 148
3 228 215 125
3 114 146 5
3 114 217 146
3 172 217 114
3 113 172 114
3 40 57 113
3 40 172 57
3 172 183 57
3 33 57 183
3 113 57 33
3 33 183 113
3 186 233 172
3 186 172 113
3 114 40 113
3 114 5 40
3 408 449 393
3 388 449 408
3 388 393 449
3 388 377 336
3 377 408 336
3 408 377 388
3 408 393 336
3 393 388 336
3 233 360 183
3 245 152 183
3 274 152 245
3 294 183 360
3 294 144 183
3 144 245 183
3 294 245 144
3 274 245 271
3 344 271 245
3 274 271 344
3 274 344 360
3 325 360 399
3 259 399 360
3 325 241 259
3 286 241 325
3 286 325 416
3 399 416 325
3 233 259 360
3 233 325 259
3 274 325 233
3 274 233 206
3 325 233 206
3 274 325 206
3 32 24 39
3 32 112 39
3 112 24 39
3 32 112 24
3 23 86 96
3 23 155 96
3 23 48 155
3 62 23 48
3 160 48 62
3 160 155 48
3 155 160 62
3 93 155 9
3 9 155 62
3 93 62 9
3 86 62 93
3 23 62 86
3 359 309 235
3 340 309 359
3 128 132 230
3 90 40 5
3 114 90 40
3 388 291 336
3 291 377 336
3 291 210 377
3 388 210 291
3 266 210 388
3 266 377 210
3 377 266 388
3 61 39 112
3 24 61 39
3 112 146 230
3 106 146 112
3 112 106 235
3 250 112 235
3 3 146 15
3 146 135 15
3 321 331 341
3 336 341 331
3 102 15 37
3 26 15 37
3 102 26 37
3 102 135 15
3 106 15 146
3 106 26 15
3 102 106 26
3 3 15 26
3 102 37 95
3 15 95 37
3 39 217 146
3 114 217 39
3 61 146 39
3 61 112 146
3 230 153 146
3 76 61 153
3 39 146 153
3 61 39 153
3 112 32 106
3 153 39 128
3 132 153 128
3 132 39 153
3 463 536 440
3 463 441 536
3 466 536 569
3 504 569 536
3 440 536 466
3 394 411 466
3 400 440 466
3 440 365 394
3 400 365 440
3 441 440 394
3 463 586 440
3 536 586 463
3 466 577 586
3 440 586 577
3 577 466 440
3 536 466 586
3 100 10 84
3 6 84 10
3 100 6 10
3 177 100 84
3 177 158 133
3 84 133 177
3 158 177 100
3 158 148 6
3 100 148 158
3 100 6 148
3 23 96 84
3 23 96 158
3 23 84 6
3 23 158 6
3 6 23 148
3 23 158 148
3 155 148 202
3 23 155 202
3 202 148 100
3 100 202 6
3 23 202 48
3 6 202 48
3 23 6 48
3 351 218 293
3 274 218 351
3 274 240 218
3 274 271 240
3 372 351 271
3 344 372 271
3 274 372 344
3 351 372 274
3 172 144 183
3 367 380 249
3 284 380 367
3 284 249 380
3 367 249 284
3 249 284 215
3 367 215 284
3 367 271 215
3 249 271 245
3 367 344 271
3 367 380 344
3 249 215 271
3 133 189 120
3 210 189 133
3 158 210 133
3 31 139 189
3 120 139 51
3 31 51 139
3 191 139 120
3 191 189 139
3 120 189 191
3 442 378 388
3 367 378 442
3 316 378 367
3 316 388 378
3 215 388 316
3 215 316 271
3 316 344 271
3 367 344 316
3 371 266 410
3 371 369 266
3 369 266 377
3 371 377 369
3 377 410 266
3 383 377 371
3 383 410 377
3 371 410 383
3 371 210 410
3 266 210 371
3 410 408 377
3 410 388 408
3 367 324 380
3 324 367 284
3 330 380 324
3 324 284 249
3 62 29 160
3 38 62 29
3 38 9 160
3 9 62 160
3 38 9 62
3 525 571 548
3 442 548 407
3 525 407 548
3 442 407 525
3 442 571 548
3 525 571 442
3 8 183 57
3 172 8 57
3 144 8 172
3 183 8 99
3 152 183 99
3 40 57 8
3 16 40 8
3 9 160 168
3 16 8 9
3 13 40 16
3 33 131 183
3 33 99 101
3 33 57 99
3 8 99 57
3 405 372 360
3 434 372 405
3 274 372 434
3 372 344 360
3 259 288 360
3 345 360 288
3 345 420 364
3 399 364 431
3 435 364 420
3 431 364 435
3 435 420 431
3 374 345 330
3 374 330 324
3 374 420 345
3 345 360 259
3 900 888 832
3 900 874 888
3 874 838 888
3 838 832 888
3 900 832 838
3 347 284 346
3 346 284 324
3 330 380 346
3 330 346 324
3 347 284 324
3 347 324 346
3 249 289 284
3 102 285 289
3 344 316 372
3 316 378 372
3 378 344 372
3 367 344 378
3 576 673 530
3 677 530 673
3 576 530 677
3 673 575 576
3 677 575 673
3 530 575 677
3 626 745 677
3 530 626 745
3 626 677 530
3 530 575 745
3 756 745 575
3 687 756 575
3 673 687 575
3 350 525 548
3 407 350 525
3 442 539 350
3 548 539 442
3 548 539 350
3 284 285 202
3 350 285 202
3 350 210 202
3 284 160 148
3 160 202 148
3 160 284 202
3 285 202 160
3 155 160 148
3 155 168 160
3 215 271 245
3 482 378 449
3 388 378 482
3 388 449 378
3 408 482 449
3 410 509 408
3 482 509 410
3 482 408 509
3 388 482 410
3 545 622 541
3 618 622 545
3 618 622 541
3 568 636 618
3 675 545 568
3 675 636 545
3 568 675 636
3 568 618 541
3 545 541 491
3 516 541 491
3 437 516 545
3 491 437 516
3 437 545 491
3 568 541 516
3 545 516 568
3 408 475 516
3 475 482 408
3 437 408 516
3 437 482 516
3 408 482 437
3 177 202 158
3 266 202 177
3 236 202 266
3 266 236 177
3 100 236 202
3 236 100 177
3 387 402 257
3 387 402 386
3 320 386 402
3 545 571 525
3 573 571 545
3 573 571 525
3 545 525 528
3 573 525 528
3 480 383 369
3 383 371 369
3 432 369 377
3 432 383 377
3 383 432 480
3 596 480 369
3 596 369 432
3 596 432 541
3 480 491 541
3 491 541 432
3 480 432 491
3 350 410 371
3 371 350 202
3 158 266 210
3 158 177 266
3 253 371 202
3 253 266 202
3 369 371 253
3 369 253 266
3 160 202 62
3 48 62 202
3 120 139 4
3 84 51 4
3 120 84 4
3 29 202 62
3 29 202 285
3 236 253 202
3 253 236 266
3 29 48 202
3 29 62 48
3 158 177 210
3 266 177 133
3 291 266 133
3 224 291 133
3 210 189 224
3 133 120 224
3 291 210 224
3 291 377 266
3 177 133 210
3 393 341 336
3 393 409 341
3 388 341 409
3 393 463 409
3 393 449 463
3 482 463 449
3 482 409 463
3 449 409 482
3 388 409 378
3 409 449 378
3 409 341 336
3 409 336 393
3 204 221 185
3 238 185 221
3 204 185 238
3 316 372 293
3 351 293 372
3 449 565 475
3 456 565 574
3 449 574 565
3 586 574 463
3 586 440 574
3 449 463 574
3 440 463 449
3 440 535 574
3 456 535 440
3 456 574 535
3 393 440 449
3 393 449 456
3 456 565 475
3 449 475 456
3 643 574 565
3 482 574 643
3 449 574 482
3 482 475 449
3 569 657 642
3 564 642 657
3 564 569 642
3 660 657 569
3 657 660 588
3 657 588 513
3 564 657 513
3 466 536 564
3 564 536 569
3 564 513 466
3 255 180 257
3 261 180 278
3 257 180 208
3 261 208 180
3 278 255 257
3 255 223 180
3 223 278 180
3 243 223 255
3 243 320 223
3 255 320 243
3 255 278 320
3 63 98 51
3 144 125 98
3 168 218 125
3 125 51 98
3 218 51 125
3 768 694 692
3 640 694 768
3 640 768 692
3 611 694 640
3 611 692 694
3 640 692 611
3 291 408 377
3 291 393 336
3 475 393 291
3 475 449 393
3 291 475 408
3 93 144 53
3 93 9 53
3 88 44 63
3 456 467 535
3 400 535 456
3 400 467 535
3 400 402 467
3 456 402 400
3 456 402 467
3 261 191 260
3 261 192 191
3 265 191 192
3 150 87 181
3 11 181 150
3 11 87 181
3 58 11 87
3 58 87 150
3 144 53 125
3 53 93 125
3 86 93 31
3 31 98 53
3 31 125 98
3 93 53 31
3 291 456 393
3 475 291 456
3 594 511 611
3 488 611 511
3 594 603 567
3 526 567 603
3 594 567 526
3 640 603 594
3 640 611 603
3 594 611 640
3 611 526 603
3 611 488 526
3 139 180 261
3 150 180 139
3 208 180 150
3 139 208 150
3 261 191 139
3 291 224 456
3 224 402 456
3 440 331 400
3 409 331 440
3 409 336 331
3 63 51 17
3 31 17 98
3 51 31 17
3 31 125 51
3 31 189 51
3 139 125 218
3 139 189 125
3 189 139 51
3 355 411 466
3 355 394 365
3 357 411 404
3 355 404 411
3 357 404 355
3 355 320 357
3 355 243 320
3 243 290 223
3 357 320 290
3 290 365 357
3 355 365 290
3 415 364 374
3 345 374 364
3 415 428 420
3 435 364 415
3 435 500 420
3 415 500 435
3 415 420 500
3 603 616 690
3 603 640 616
3 640 628 616
3 628 690 616
3 707 628 691
3 640 691 628
3 707 691 640
3 690 628 707
3 707 640 690
3 603 690 640
3 603 628 616
3 640 628 603
3 341 378 409
3 388 378 341
3 321 331 409
3 90 33 57
3 40 90 57
3 474 539 442
3 474 558 539
3 474 548 558
3 548 558 539
3 474 442 548
3 874 956 983
3 946 956 983
3 980 946 983
3 920 980 983
3 920 874 983
3 980 874 920
3 980 961 874
3 946 961 905
3 874 905 946
3 874 961 905
3 961 946 980
3 351 391 372
3 351 331 391
3 331 321 391
3 414 462 391
3 372 462 414
3 372 391 462
3 378 372 414
3 746 815 812
3 736 686 746
3 736 812 686
3 746 812 736
3 651 634 686
3 651 647 634
3 647 686 634
3 625 686 698
3 651 686 625
3 647 698 686
3 651 698 647
3 686 625 634
3 651 634 625
3 345 330 364
3 330 346 364
3 346 374 364
3 415 364 380
3 415 380 330
3 330 346 415
3 546 587 527
3 647 587 566
3 546 566 587
3 647 566 546
3 546 527 521
3 551 527 647
3 551 521 527
3 667 587 647
3 647 527 667
3 538 587 667
3 538 527 587
3 667 527 538
3 400 386 425
3 400 411 386
3 411 357 386
3 255 357 386
3 255 357 320
3 402 425 386
3 446 425 402
3 400 446 402
3 274 418 427
3 274 462 441
3 427 462 274
3 441 462 427
3 499 427 418
3 441 427 499
3 462 427 499
3 718 699 660
3 718 770 699
3 770 724 699
3 718 724 770
3 760 699 724
3 760 660 699
3 724 660 760
3 698 686 736
3 760 699 736
3 698 736 699
3 812 698 760
3 427 434 499
3 430 427 499
3 521 551 499
3 434 521 499
3 521 504 462
3 551 504 521
3 551 499 504
3 434 521 462
3 351 434 462
3 351 372 434
3 274 351 462
3 427 325 274
3 414 434 462
3 372 434 414
3 351 391 462
3 683 693 706
3 673 697 756
3 683 706 673
3 683 677 706
3 693 673 706
3 721 683 706
3 693 683 721
3 716 642 754
3 629 754 642
3 642 619 629
3 619 586 629
3 642 586 619
3 586 716 629
3 642 716 586
3 629 729 754
3 631 729 629
3 763 631 729
3 763 716 729
3 763 631 716
3 716 631 629
3 835 754 729
3 754 835 790
3 716 790 835
3 716 754 790
3 729 716 835
3 399 360 405
3 435 360 431
3 364 431 360
3 435 405 360
3 399 430 360
3 430 405 360
3 416 325 430
3 101 25 17
3 50 25 17
3 20 50 17
3 12 43 78
3 111 78 12
3 12 74 43
3 43 83 22
3 111 22 43
3 83 43 74
3 111 74 83
3 12 74 111
3 326 300 358
3 237 300 326
3 237 358 300
3 237 323 358
3 323 326 358
3 252 237 326
3 323 252 326
3 323 237 252
3 122 131 206
3 113 131 122
3 113 183 131
3 220 167 221
3 167 220 169
3 107 169 184
3 220 184 169
3 107 167 169
3 107 221 167
3 220 221 107
3 93 9 160
3 93 160 155
3 110 242 222
3 110 161 242
3 151 161 110
3 151 222 242
3 351 391 365
3 331 365 391
3 414 462 441
3 228 218 240
3 293 218 228
3 228 240 271
3 215 228 271
3 122 34 131
3 191 218 139
3 191 265 218
3 189 218 228
3 293 218 290
3 218 265 290
3 189 139 218
3 265 218 139
3 265 139 191
3 240 125 218
3 240 168 125
3 228 240 215
3 274 245 240
3 228 215 218
3 215 240 218
3 240 168 218
3 46 167 89
3 46 91 167
3 91 89 167
3 46 91 89
3 221 122 167
3 268 286 221
3 286 241 221
3 241 122 221
3 184 107 75
3 107 72 75
3 103 89 167
3 103 69 89
3 69 89 72
3 91 72 89
3 107 94 72
3 94 72 91
3 122 107 167
3 149 167 46
3 46 131 149
3 31 53 17
3 57 17 8
3 17 33 14
3 33 17 57
3 214 195 169
3 195 116 169
3 184 116 195
3 184 214 169
3 36 115 119
3 103 89 36
3 149 89 103
3 149 36 89
3 115 36 141
3 149 141 36
3 115 141 149
3 103 115 149
3 45 129 145
3 59 68 129
3 45 49 129
3 49 59 129
3 45 49 59
3 68 45 59
3 68 145 129
3 45 145 68
3 164 381 216
3 234 381 164
3 381 234 326
3 193 237 326
3 234 193 326
3 193 234 237
3 237 234 252
3 381 326 323
3 234 216 252
3 164 216 234
3 68 59 47
3 140 68 47
3 140 129 47
3 318 129 140
3 175 129 318
3 318 175 140
3 145 129 175
3 175 145 140
3 68 140 145
3 129 123 47
3 140 47 123
3 226 140 123
3 226 129 123
3 140 129 226
3 328 418 329
3 355 418 486
3 329 418 355
3 355 486 329
3 329 486 426
3 517 418 328
3 418 531 486
3 588 585 580
3 513 588 580
3 513 580 418
3 418 580 531
3 49 52 59
3 161 59 49
3 161 52 59
3 161 151 52
3 243 264 357
3 243 244 264
3 255 244 243
3 255 264 244
3 255 320 264
3 320 357 264
3 243 357 320
3 357 255 244
3 357 244 264
3 268 220 221
3 221 268 169
3 220 169 268
3 221 169 167
3 169 317 220
3 169 204 317
3 221 204 169
3 103 204 169
3 103 167 185
3 204 185 167
3 238 103 185
3 103 238 204
3 204 167 221
3 159 223 243
3 159 192 223
3 243 223 192
3 159 290 192
3 290 243 192
3 87 137 176
3 174 87 137
3 277 174 176
3 87 176 174
3 204 169 147
3 195 147 169
3 116 147 195
3 204 147 103
3 274 290 365
3 218 290 101
3 197 290 274
3 159 101 290
3 313 231 295
3 313 246 301
3 231 301 246
3 313 246 231
3 238 149 185
3 238 185 209
3 149 238 209
3 103 185 149
3 103 209 185
3 238 149 337
3 149 103 167
3 338 242 299
3 299 335 338
3 226 242 338
3 226 335 242
3 343 226 338
3 366 343 226
3 433 343 366
3 343 338 433
3 366 335 226
3 413 338 335
3 387 421 412
3 386 412 387
3 387 386 421
3 404 357 425
3 357 386 425
3 404 425 446
3 446 411 404
3 694 691 707
3 768 691 694
3 694 707 768
3 679 691 863
3 714 691 679
3 679 863 714
3 768 863 691
3 714 863 768
3 714 707 691
3 714 768 707
3 863 707 714
3 863 768 707
3 635 730 650
3 708 730 635
3 708 650 730
3 708 632 650
3 632 635 650
3 708 635 630
3 632 630 635
3 632 708 630
3 184 269 169
3 269 317 169
3 204 262 169
3 147 169 262
3 195 187 262
3 187 229 262
3 147 262 229
3 187 195 147
3 214 195 262
3 214 269 184
3 269 281 232
3 232 184 269
3 418 290 365
3 418 355 290
3 517 418 427
3 325 337 427
3 726 681 751
3 681 751 868
3 681 758 868
3 758 751 868
3 758 726 751
3 681 726 758
3 486 426 557
3 493 486 531
3 557 493 531
3 426 486 493
3 426 493 477
3 505 557 457
3 457 492 505
3 457 557 426
3 426 492 457
3 426 477 492
3 577 535 467
3 535 577 629
3 611 629 577
3 611 535 629
3 611 577 564
3 577 446 564
3 446 611 564
3 488 611 446
3 488 455 611
3 467 455 488
3 446 425 488
3 425 467 488
3 446 467 425
3 577 467 446
3 301 283 318
3 352 295 301
3 352 295 283
3 352 283 318
3 301 318 352
3 726 582 578
3 562 582 550
3 669 582 550
3 550 669 562
3 726 669 582
3 562 669 726
3 578 582 562
3 562 524 578
3 726 524 562
3 661 524 594
3 726 594 524
3 661 679 726
3 594 679 661
3 594 726 679
3 661 726 578
3 479 550 582
3 550 562 479
3 471 479 582
3 471 472 582
3 471 479 472
3 472 479 562
3 472 578 582
3 472 524 578
3 562 524 472
3 495 562 419
3 472 419 562
3 479 419 472
3 479 495 419
3 471 419 472
3 479 419 471
3 80 121 124
3 80 171 121
3 171 124 121
3 171 130 124
3 80 124 130
3 161 338 242
3 200 338 161
3 299 338 264
3 200 264 338
3 200 121 171
3 200 264 121
3 124 121 264
3 200 124 264
3 200 171 124
3 200 130 264
3 264 227 124
3 130 227 264
3 130 124 227
3 171 130 200
3 200 227 264
3 171 227 200
3 171 130 227
3 638 710 678
3 545 710 638
3 545 713 710
3 764 713 545
3 764 678 710
3 764 545 636
3 764 636 678
3 495 534 419
3 526 534 495
3 515 534 526
3 419 534 515
3 419 515 526
3 495 419 526
3 889 979 878
3 899 878 979
3 878 899 889
3 828 889 979
3 828 899 979
3 889 899 828
3 714 628 707
3 707 690 714
3 652 628 615
3 702 615 628
3 652 615 702
3 714 702 628
3 652 690 628
3 652 714 690
3 292 301 406
3 231 301 292
3 292 246 231
3 313 292 246
3 661 681 758
3 679 758 661
3 726 795 679
3 758 795 726
3 758 679 795
3 681 578 751
3 578 582 751
3 669 751 726
3 669 751 582
3 535 631 611
3 611 631 629
3 535 574 631
3 535 629 574
3 574 643 631
3 643 629 631
3 574 629 643
3 643 565 631
3 565 535 631
3 456 535 565
3 782 694 795
3 661 694 692
3 782 692 694
3 661 782 511
3 661 692 511
3 679 694 661
3 594 691 694
3 594 679 691
3 594 694 679
3 679 795 691
3 795 694 691
3 661 795 679
3 782 661 795
3 495 413 433
3 419 413 495
3 338 413 419
3 338 419 433
3 495 433 461
3 419 461 433
3 495 461 419
3 404 526 488
3 404 515 526
3 404 406 515
3 406 526 515
3 567 616 603
3 567 628 616
3 640 567 603
3 567 691 628
3 640 691 567
3 877 798 774
3 798 851 774
3 798 929 851
3 798 877 929
3 929 955 851
3 567 526 534
3 495 526 567
3 583 628 534
3 628 567 534
3 567 628 583
3 495 567 583
3 387 412 455
3 386 455 387
3 412 455 386
3 402 387 455
3 467 402 455
3 446 467 402
3 200 121 243
3 243 121 223
3 136 121 159
3 171 121 136
3 80 25 121
3 56 121 25
3 192 121 180
3 44 192 180
3 159 192 136
3 192 223 121
3 171 159 121
3 243 159 171
3 171 200 243
3 171 200 159
3 200 197 159
3 292 301 137
3 176 137 301
3 305 301 292
3 305 296 301
3 292 296 305
3 176 296 292
3 720 702 615
3 720 737 702
3 762 702 737
3 762 726 702
3 737 726 762
3 720 726 737
3 726 615 702
3 652 726 720
3 615 726 652
3 615 652 720
3 313 681 465
3 471 465 472
3 471 578 465
3 681 471 578
3 681 465 578
3 313 471 681
3 406 296 301
3 4 150 208
3 4 44 58
3 150 4 58
3 139 192 180
3 120 4 208
3 223 255 244
3 243 223 244
3 255 176 180
3 255 244 176
3 244 180 176
3 223 180 121
3 244 121 180
3 244 264 121
3 138 231 198
3 137 231 198
3 138 231 137
3 2 138 198
3 2 198 137
3 21 19 2
3 137 21 2
3 137 21 19
3 19 65 2
3 65 77 2
3 138 2 77
3 65 77 138
3 65 138 19
3 176 138 137
3 176 19 138
3 137 19 176
3 180 150 181
3 255 180 181
3 257 208 150
3 88 17 25
3 139 192 191
3 265 218 192
3 218 290 192
3 404 338 264
3 404 355 338
3 329 338 355
3 329 299 338
3 357 264 404
3 11 176 124
3 11 121 176
3 124 176 121
3 80 56 25
3 80 28 121
3 80 28 56
3 28 11 56
3 28 124 121
3 11 124 28
3 255 277 244
3 255 174 176
3 255 181 174
3 510 526 567
3 419 526 510
3 495 419 510
3 562 567 495
3 615 567 562
3 510 567 615
3 562 510 615
3 495 510 562
3 130 138 227
3 138 301 227
3 138 176 301
3 130 227 176
3 130 65 138
3 176 65 130
3 65 176 19
3 912 918 910
3 912 853 910
3 918 853 912
3 853 879 910
3 879 918 910
3 853 918 879
3 121 176 181
3 180 121 181
3 87 176 11
3 181 176 174
3 174 181 87
3 121 180 176
3 124 176 244
3 124 244 121
3 277 387 296
3 387 421 296
3 421 387 305
3 174 305 387
3 11 28 19
3 124 130 176
3 87 11 19
3 87 19 21
3 137 87 21
3 162 182 237
3 81 193 234
3 234 182 154
3 182 252 237
3 182 234 252
3 292 137 198
3 246 292 198
3 246 198 231
3 137 231 292
3 222 166 247
3 179 303 166
3 247 303 179
3 247 166 303
3 242 247 179
3 242 179 222
3 385 433 419
3 461 385 433
3 479 385 461
3 385 419 479
3 385 419 343
3 318 419 385
3 318 343 419
3 385 318 343
3 355 413 338
3 355 329 413
3 385 419 352
3 471 385 479
3 385 471 352
3 472 510 419
3 472 524 510
3 406 419 510
3 406 352 419
3 486 534 426
3 426 534 413
3 486 426 413
3 560 534 486
3 486 413 560
3 661 611 692
3 594 611 661
3 594 692 611
3 594 694 692
3 318 419 352
3 318 385 352
3 461 507 550
3 579 601 550
3 601 550 507
3 579 589 601
3 579 507 589
3 507 589 601
3 579 495 507
3 495 461 507
3 633 579 652
3 615 583 652
3 579 615 652
3 583 633 652
3 633 583 560
3 615 633 652
3 583 633 615
3 684 774 666
3 684 755 774
3 755 798 774
3 666 798 684
3 666 774 765
3 877 765 774
3 666 765 877
3 798 666 877
3 515 534 513
3 567 513 534
3 515 513 567
3 567 526 515
3 338 419 343
3 385 343 433
3 231 301 138
3 534 580 560
3 531 580 534
3 560 581 531
3 580 581 560
3 584 581 580
3 584 493 581
3 531 581 493
3 493 584 531
3 534 560 531
3 868 853 910
3 944 912 910
3 944 868 910
3 912 944 868
3 853 912 868
3 161 129 59
3 110 129 161
3 110 52 129
3 59 129 52
3 110 59 30
3 97 59 30
3 110 119 97
3 110 30 119
3 30 97 119
3 110 52 59
3 605 635 556
3 584 635 531
3 584 556 635
3 557 531 635
3 605 597 557
3 556 597 605
3 556 557 597
3 605 645 635
3 605 630 645
3 635 645 630
3 557 635 630
3 605 557 630
3 556 645 602
3 605 645 556
3 584 645 605
3 584 605 556
3 645 584 639
3 584 580 639
3 585 639 580
3 645 639 585
3 602 645 585
3 602 639 585
3 645 639 602
3 269 275 307
3 307 270 275
3 216 269 307
3 306 239 275
3 269 306 275
3 239 306 269
3 216 239 269
3 130 161 171
3 130 129 161
3 227 129 130
3 227 161 129
3 200 161 264
3 227 264 161
3 227 338 264
3 301 338 227
3 296 338 301
3 264 338 296
3 404 338 406
3 264 406 404
3 301 406 419
3 338 419 406
3 338 301 419
3 264 296 406
3 715 774 730
3 645 774 715
3 635 774 645
3 635 730 774
3 635 645 730
3 715 639 645
3 730 639 715
3 645 639 730
3 318 343 338
3 318 338 301
3 46 36 149
3 14 46 36
3 20 14 36
3 20 14 149
3 67 20 36
3 52 67 36
3 52 115 36
3 20 149 141
3 222 297 298
3 297 222 299
3 237 229 252
3 461 433 507
3 495 493 507
3 486 531 560
3 493 560 581
3 426 413 493
3 579 477 589
3 477 507 589
3 579 493 477
3 477 589 601
3 493 601 579
3 493 477 601
3 404 513 515
3 355 513 418
3 404 466 513
3 404 411 466
3 355 515 513
3 404 515 355
3 787 639 715
3 787 715 730
3 633 639 787
3 633 730 639
3 787 730 633
3 708 731 730
3 731 708 650
3 799 730 731
3 799 650 730
3 731 650 799
3 323 358 389
3 312 358 323
3 312 389 358
3 444 389 312
3 444 348 389
3 312 348 444
3 741 637 732
3 788 637 732
3 788 741 732
3 621 637 744
3 741 744 621
3 741 722 637
3 722 621 637
3 741 621 722
3 903 891 744
3 891 890 744
3 741 890 744
3 741 891 890
3 891 741 903
3 903 744 637
3 903 637 788
3 903 741 788
3 338 161 227
3 64 119 110
3 166 126 143
3 179 123 110
3 97 123 143
3 179 143 123
3 282 81 203
3 193 81 282
3 258 211 203
3 193 211 203
3 193 237 211
3 258 237 193
3 258 300 237
3 211 300 258
3 211 237 300
3 282 258 203
3 258 193 282
3 157 195 147
3 187 157 147
3 187 22 147
3 157 22 187
3 7 147 22
3 118 147 7
3 118 66 147
3 18 66 118
3 7 18 66
3 18 118 7
3 22 7 66
3 103 147 66
3 72 75 66
3 69 72 66
3 22 66 75
3 116 75 22
3 43 116 22
3 22 157 43
3 195 116 157
3 226 123 173
3 226 179 173
3 179 226 123
3 143 173 179
3 143 123 173
3 52 30 59
3 179 110 129
3 242 179 129
3 161 242 129
3 138 129 175
3 138 145 129
3 175 138 145
3 226 129 242
3 226 242 179
3 138 77 45
3 145 138 77
3 68 145 77
3 68 77 45
3 138 45 145
3 65 45 77
3 65 129 138
3 45 129 65
3 138 130 129
3 301 129 283
3 175 283 129
3 227 129 301
3 175 231 138
3 242 338 129
3 175 318 283
3 227 129 338
3 226 318 140
3 343 318 226
3 807 800 798
3 800 807 914
3 807 851 914
3 909 914 851
3 909 800 914
3 851 770 860
3 909 860 800
3 851 860 909
3 807 798 851
3 914 807 905
3 807 861 905
3 861 929 905
3 861 807 929
3 929 905 914
3 929 851 914
3 807 798 929
3 108 164 234
3 108 207 164
3 234 207 108
3 207 251 164
3 251 234 164
3 207 234 251
3 123 85 173
3 143 85 173
3 42 97 85
3 42 85 123
3 209 300 298
3 166 300 209
3 166 209 298
3 247 300 166
3 247 298 300
3 166 298 247
3 143 303 300
3 179 303 143
3 247 300 303
3 143 300 166
3 303 332 335
3 226 303 335
3 247 303 226
3 226 179 247
3 179 173 303
3 190 303 173
3 226 173 190
3 211 258 303
3 190 211 303
3 258 190 211
3 258 366 303
3 190 258 366
3 226 190 366
3 282 207 251
3 282 326 251
3 282 234 326
3 234 251 326
3 282 108 234
3 282 108 207
3 30 64 97
3 18 64 66
3 30 66 64
3 203 1 108
3 282 203 108
3 108 164 79
3 81 234 282
3 438 591 496
3 443 591 438
3 443 469 591
3 496 460 469
3 323 252 262
3 252 229 262
3 323 229 262
3 323 252 229
3 335 242 303
3 242 247 303
3 60 126 7
3 60 64 18
3 18 7 126
3 60 18 7
3 173 126 190
3 173 143 126
3 85 82 173
3 82 92 173
3 203 211 126
3 190 126 211
3 211 190 203
3 92 203 190
3 173 92 190
3 162 60 126
3 162 7 60
3 7 162 147
3 204 238 229
3 229 238 262
3 118 103 204
3 204 229 118
3 164 252 182
3 164 216 252
3 164 182 154
3 54 55 212
3 164 212 54
3 55 212 164
3 111 164 54
3 111 55 164
3 54 55 111
3 55 74 212
3 12 212 111
3 74 12 212
3 55 74 111
3 22 187 182
3 209 300 238
3 312 300 298
3 312 238 300
3 337 312 298
3 337 298 238
3 209 238 298
3 654 649 621
3 722 649 654
3 722 621 649
3 741 665 732
3 637 732 665
3 654 665 741
3 654 637 665
3 722 654 741
3 654 621 637
3 111 54 79
3 55 54 79
3 74 55 79
3 79 83 74
3 108 54 212
3 108 164 212
3 162 22 182
3 83 22 162
3 162 154 83
3 41 104 27
3 71 41 27
3 127 104 41
3 7 22 83
3 35 7 83
3 35 83 79
3 7 154 35
3 162 154 7
3 60 7 35
3 70 22 75
3 70 43 116
3 70 43 22
3 70 105 75
3 105 116 75
3 70 116 105
3 239 310 275
3 306 310 275
3 239 310 306
3 70 73 117
3 78 70 73
3 78 73 117
3 70 78 43
3 70 105 27
3 70 142 105
3 142 27 105
3 70 163 142
3 163 142 27
3 104 163 27
3 163 142 105
3 213 105 142
3 213 142 134
3 117 27 142
3 73 70 27
3 73 27 117
3 165 116 184
3 184 107 105
3 70 105 107
3 30 52 36
3 213 142 163
3 302 373 422
3 319 302 422
3 310 302 319
3 310 319 275
3 319 275 306
3 302 306 310
3 269 188 239
3 269 214 188
3 281 306 287
3 281 361 306
3 12 78 117
3 212 12 117
3 188 212 117
3 212 188 270
3 134 306 269
3 269 165 134
3 269 184 165
3 239 306 142
3 134 287 306
3 134 142 287
3 287 213 306
3 213 142 306
3 213 287 142
3 722 641 649
3 641 722 621
3 641 481 649
3 481 641 621
3 481 532 649
3 473 532 481
3 473 649 532
3 537 481 621
3 537 621 439
3 473 439 621
3 481 439 473
3 654 473 637
3 473 547 649
3 654 547 473
3 547 613 649
3 547 654 613
3 473 613 649
3 547 613 473
3 641 532 552
3 552 532 523
3 590 523 532
3 552 523 444
3 542 444 523
3 552 444 542
3 552 542 590
3 610 590 532
3 705 590 610
3 705 552 590
3 552 705 641
3 481 532 641
3 481 705 532
3 481 649 705
3 641 705 649
3 610 519 532
3 592 658 684
3 688 684 658
3 658 592 688
3 666 684 688
3 666 592 684
3 688 696 666
3 592 696 688
3 592 610 696
3 666 696 610
3 610 592 666
3 384 498 427
3 384 483 498
3 483 389 348
3 384 416 452
3 430 416 427
3 384 427 416
3 323 300 358
3 323 229 300
3 229 262 300
3 358 300 262
3 262 323 358
3 237 229 300
3 94 75 72
3 36 89 69
3 247 303 332
3 36 46 89
3 166 300 126
3 229 300 238
3 204 238 118
3 166 237 229
3 237 126 300
3 166 126 237
3 547 613 489
3 547 451 613
3 424 489 547
3 424 451 547
3 319 489 424
3 451 424 436
3 307 319 424
3 307 436 424
3 319 436 307
3 319 306 436
3 319 422 489
3 451 422 489
3 490 451 489
3 258 326 282
3 358 258 300
3 326 258 358
3 103 204 209
3 204 238 209
3 416 498 468
3 452 498 416
3 483 498 506
3 498 452 506
3 468 427 416
3 430 498 468
3 416 498 430
3 430 468 416
3 452 498 563
3 592 597 684
3 592 563 597
3 658 563 592
3 658 606 572
3 597 572 606
3 741 722 641
3 641 742 741
3 641 728 742
3 540 537 561
3 454 537 540
3 454 537 561
3 505 454 540
3 540 457 537
3 505 457 540
3 457 505 454
3 666 696 792
3 773 792 696
3 792 773 666
3 666 773 610
3 592 773 696
3 281 232 306
3 269 306 232
3 361 490 429
3 450 519 451
3 485 519 450
3 438 591 484
3 490 591 438
3 484 508 438
3 213 239 142
3 302 310 213
3 213 310 239
3 727 547 674
3 613 547 674
3 727 547 613
3 623 674 671
3 613 674 623
3 269 306 165
3 134 165 306
3 728 705 765
3 666 765 705
3 819 877 666
3 819 765 877
3 773 765 819
3 792 773 819
3 819 666 792
3 705 610 666
3 552 630 641
3 552 590 630
3 590 641 630
3 552 641 590
3 632 630 641
3 552 570 641
3 632 557 630
3 557 542 630
3 552 542 557
3 542 590 630
3 444 459 358
3 323 459 439
3 439 381 323
3 444 436 459
3 444 323 436
3 323 358 459
3 389 444 358
3 323 444 389
3 216 381 307
3 436 307 381
3 319 307 275
3 319 269 275
3 269 319 306
3 358 457 326
3 358 459 457
3 439 459 358
3 439 358 381
3 381 358 323
3 559 665 637
3 732 559 665
3 559 732 637
3 300 303 332
3 312 332 298
3 300 332 312
3 557 542 426
3 444 426 542
3 426 444 483
3 486 426 483
3 312 300 262
3 358 300 312
3 358 332 457
3 426 332 358
3 358 457 426
3 492 505 454
3 457 332 454
3 426 335 332
3 307 424 362
3 212 307 362
3 164 362 212
3 234 362 164
3 234 326 362
3 436 424 381
3 473 424 362
3 381 424 473
3 436 424 473
3 362 251 326
3 212 362 251
3 207 108 212
3 251 207 212
3 282 326 397
3 282 251 397
3 397 362 447
3 251 362 397
3 337 358 312
3 337 444 358
3 348 444 337
3 211 203 237
3 193 237 203
3 258 303 300
3 179 173 190
3 143 179 190
3 143 126 303
3 190 126 143
3 300 303 126
3 457 300 454
3 300 332 454
3 300 358 332
3 300 457 358
3 335 332 358
3 335 358 312
3 426 444 358
3 426 312 337
3 426 335 312
3 335 298 312
3 238 229 312
3 229 262 312
3 366 258 454
3 258 454 300
3 481 552 641
3 444 459 523
3 444 552 459
3 552 481 459
3 444 457 459
3 444 542 457
3 552 457 542
3 481 570 641
3 540 570 481
3 481 537 540
3 457 552 540
3 457 426 542
3 552 457 557
3 457 505 552
3 505 540 552
3 561 621 744
3 561 641 744
3 641 561 621
3 741 744 775
3 775 744 641
3 741 775 742
3 641 739 775
3 641 742 739
3 358 258 454
3 457 358 454
3 258 282 454
3 879 863 978
3 886 863 879
3 886 978 863
3 879 858 886
3 918 858 879
3 918 879 978
3 978 886 858
3 863 858 886
3 863 879 858
3 538 474 566
3 529 544 566
3 546 566 544
3 474 529 566
3 546 529 474
3 434 538 527
3 546 538 434
3 434 527 521
3 538 566 587
3 474 538 546
3 474 587 538
3 474 566 587
3 819 885 877
3 801 885 765
3 877 885 801
3 765 877 801
3 773 885 819
3 773 765 885
3 801 885 773
3 708 632 731
3 664 650 731
3 676 664 731
3 614 676 731
3 632 614 731
3 819 877 981
3 819 880 877
3 861 968 929
3 798 877 807
3 819 877 861
3 819 807 877
3 861 880 968
3 877 880 861
3 939 885 819
3 959 742 885
3 728 959 773
3 939 937 885
3 937 959 885
3 939 937 959
3 939 773 959
3 939 950 773
3 819 950 939
3 861 792 880
3 792 773 880
3 950 880 773
3 633 650 579
3 493 579 650
3 633 635 650
3 493 635 633
3 557 635 493
3 741 722 665
3 654 665 722
3 783 665 741
3 741 722 783
3 654 783 665
3 722 749 856
3 783 749 856
3 722 856 783
3 722 649 749
3 599 614 589
3 592 593 668
3 593 608 668
3 608 696 668
3 592 696 608
3 774 794 875
3 851 875 794
3 774 875 858
3 794 774 851
3 794 875 858
3 794 858 774
3 559 654 665
3 520 654 559
3 424 654 473
3 424 654 520
3 424 520 447
3 424 447 362
3 597 590 542
3 610 590 597
3 592 610 597
3 592 597 506
3 506 597 483
3 783 732 665
3 788 732 783
3 741 783 788
3 443 591 543
3 537 621 561
3 450 519 506
3 523 519 444
3 809 840 842
3 809 859 842
3 771 840 859
3 771 840 809
3 859 902 842
3 940 902 859
3 856 902 940
3 856 842 902
3 859 840 940
3 282 397 537
3 773 902 959
3 773 722 902
3 722 959 902
3 717 671 685
3 717 591 671
3 600 717 685
3 600 591 717
3 685 591 600
3 762 652 737
3 737 652 720
3 436 613 473
3 547 613 436
3 473 547 436
3 451 613 436
3 654 424 547
3 590 630 705
3 666 630 542
3 590 666 542
3 666 705 630
3 590 610 666
3 705 739 590
3 728 742 739
3 705 728 739
3 641 632 739
3 708 739 632
3 708 630 739
3 630 590 739
3 765 739 742
3 765 801 739
3 728 765 742
3 872 966 932
3 872 984 932
3 984 932 966
3 848 984 872
3 848 966 984
3 872 848 966
3 436 459 519
3 605 557 542
3 666 630 605
3 605 597 666
3 610 666 597
3 605 542 597
3 983 945 935
3 844 935 920
3 983 935 920
3 920 983 844
3 844 945 935
3 888 945 844
3 844 983 888
3 867 905 914
3 867 961 905
3 867 874 961
3 914 905 874
3 807 914 874
3 802 914 800
3 807 802 800
3 802 867 914
3 807 867 802
3 807 874 867
3 861 905 946
3 786 791 832
3 712 832 771
3 791 771 832
3 712 786 832
3 717 818 803
3 803 818 832
3 717 803 832
3 786 818 717
3 712 717 832
3 786 717 727
3 791 786 818
3 791 832 818
3 769 832 712
3 688 555 696
3 494 555 688
3 688 592 494
3 489 623 674
3 547 489 674
3 909 867 914
3 867 909 802
3 909 860 802
3 773 939 902
3 939 950 902
3 950 773 902
3 856 902 959
3 856 959 940
3 928 859 940
3 950 939 928
3 928 939 940
3 940 939 959
3 656 744 810
3 656 810 757
3 656 775 757
3 810 757 775
3 775 744 810
3 561 744 656
3 656 644 561
3 656 641 775
3 613 532 649
3 608 532 613
3 608 519 532
3 446 535 440
3 446 467 535
3 400 446 440
3 446 440 466
3 577 629 574
3 577 574 586
3 446 564 466
3 577 466 564
3 473 532 436
3 666 610 684
3 610 597 684
3 666 645 684
3 605 645 666
3 605 684 645
3 436 532 613
3 890 775 876
3 890 744 775
3 741 916 742
3 741 890 916
3 974 916 984
3 876 984 974
3 974 916 876
3 775 984 848
3 876 966 984
3 848 876 966
3 775 848 876
3 916 984 885
3 775 885 984
3 890 876 916
3 594 524 510
3 562 510 524
3 562 594 510
3 594 567 679
3 615 567 594
3 633 615 628
3 615 583 567
3 679 628 615
3 679 691 628
3 567 691 679
3 679 702 726
3 679 615 702
3 615 562 726
3 594 562 615
3 715 774 684
3 724 794 715
3 724 755 794
3 715 660 724
3 684 660 715
3 498 563 592
3 494 498 592
3 494 452 498
3 592 506 498
3 931 912 852
3 884 912 852
3 931 912 884
3 873 907 941
3 931 907 941
3 930 907 931
3 907 873 930
3 912 931 941
3 912 941 918
3 884 853 833
3 912 853 833
3 833 852 884
3 833 852 912
3 918 853 884
3 927 947 914
3 867 914 969
3 927 914 969
3 936 927 969
3 867 953 936
3 864 953 867
3 864 969 953
3 864 867 969
3 969 953 936
3 927 867 936
3 947 909 914
3 909 867 947
3 927 947 867
3 970 880 902
3 950 880 970
3 859 902 880
3 859 773 902
3 792 859 880
3 421 511 455
3 421 455 412
3 718 800 698
3 718 770 800
3 802 698 800
3 812 698 802
3 602 660 645
3 639 660 715
3 639 645 660
3 715 684 645
3 684 606 645
3 602 645 606
3 605 602 597
3 597 602 556
3 605 606 602
3 684 819 798
3 819 877 798
3 819 684 666
3 566 617 544
3 680 617 566
3 566 609 680
3 544 609 566
3 787 774 858
3 787 823 774
3 823 787 858
3 823 799 774
3 799 858 774
3 823 858 799
3 915 908 972
3 877 972 915
3 972 885 908
3 972 877 885
3 885 797 908
3 885 877 797
3 877 774 797
3 799 908 797
3 797 774 730
3 799 730 774
3 797 730 799
3 666 765 630
3 765 739 630
3 483 563 597
3 506 597 563
3 483 498 563
3 506 563 498
3 727 766 749
3 613 766 749
3 547 727 749
3 654 547 749
3 569 625 634
3 719 657 634
3 699 719 634
3 760 719 736
3 699 736 719
3 657 719 760
3 657 760 699
3 625 699 634
3 660 699 625
3 660 657 699
3 657 660 625
3 657 569 634
3 657 625 569
3 403 503 396
3 403 396 379
3 403 423 503
3 423 396 403
3 816 854 866
3 813 866 854
3 813 816 866
3 854 816 813
3 816 813 793
3 854 793 813
3 816 897 866
3 816 756 897
3 806 897 866
3 806 756 866
3 756 854 866
3 756 793 854
3 756 816 793
3 496 478 591
3 478 489 591
3 489 623 591
3 769 832 838
3 769 900 832
3 900 769 838
3 900 832 859
3 769 859 832
3 900 859 880
3 792 769 880
3 900 880 769
3 792 769 838
3 594 510 567
3 952 940 959
3 856 952 849
3 902 849 856
3 902 959 849
3 952 849 959
3 957 952 856
3 957 940 952
3 674 646 735
3 662 735 717
3 662 735 646
3 646 662 717
3 646 717 674
3 786 674 735
3 786 735 818
3 717 735 818
3 786 727 674
3 952 903 849
3 903 783 849
3 783 849 788
3 903 788 783
3 788 849 952
3 903 788 989
3 952 989 903
3 952 989 788
3 722 859 649
3 722 773 859
3 722 902 856
3 859 856 842
3 722 856 859
3 842 859 749
3 712 613 749
3 712 749 766
3 859 766 749
3 856 749 842
3 842 749 766
3 766 809 842
3 722 849 783
3 856 849 722
3 856 849 783
3 903 916 959
3 891 916 903
3 891 959 916
3 891 741 959
3 741 849 959
3 741 783 849
3 903 959 952
3 891 890 916
3 937 916 885
3 959 937 916
3 741 902 959
3 741 722 902
3 744 876 848
3 775 848 810
3 848 810 744
3 890 876 744
3 974 984 966
3 876 974 966
3 775 831 810
3 848 831 775
3 848 831 810
3 862 910 868
3 879 910 862
3 853 879 868
3 726 879 862
3 726 868 879
3 726 751 868
3 758 862 868
3 726 862 758
3 886 975 942
3 924 975 886
3 924 975 942
3 886 942 924
3 789 833 853
3 789 833 884
3 789 737 853
3 737 884 853
3 737 720 884
3 737 789 720
3 789 799 720
3 799 884 720
3 789 884 799
3 959 916 952
3 989 952 916
3 989 903 916
3 974 989 916
3 974 876 890
3 891 974 890
3 891 903 974
3 974 903 989
3 775 708 739
3 632 775 739
3 632 708 775
3 775 731 797
3 708 797 731
3 708 775 797
3 731 757 656
3 731 775 757
3 644 731 656
3 644 614 731
3 737 730 762
3 823 762 730
3 737 762 823
3 799 730 737
3 799 823 730
3 737 823 799
3 917 885 981
3 937 981 885
3 917 937 981
3 937 885 972
3 917 972 937
3 915 885 917
3 972 885 915
3 917 915 972
3 787 740 633
3 762 740 787
3 787 633 762
3 652 633 740
3 762 633 652
3 730 633 652
3 730 720 737
3 652 720 730
3 823 787 730
3 762 858 823
3 762 787 858
3 972 907 984
3 885 984 972
3 885 907 984
3 916 972 984
3 916 937 972
3 910 918 978
3 910 879 978
3 939 950 885
3 981 885 950
3 939 950 981
3 939 981 937
3 819 981 917
3 819 917 877
3 765 797 708
3 801 797 765
3 765 708 801
3 708 739 801
3 885 797 801
3 873 797 885
3 775 797 873
3 984 775 873
3 873 885 941
3 984 873 907
3 731 810 757
3 731 831 810
3 757 873 831
3 757 731 873
3 831 731 757
3 731 797 873
3 930 984 907
3 930 872 932
3 930 932 984
3 848 873 872
3 831 873 848
3 831 757 810
3 831 873 872
3 872 831 848
3 737 823 884
3 730 720 799
3 465 681 522
3 465 578 522
3 524 522 578
3 964 845 896
3 881 845 964
3 881 896 845
3 922 896 881
3 964 896 922
3 881 964 922
3 824 963 921
3 934 963 824
3 934 963 921
3 820 824 921
3 934 820 921
3 820 934 824
3 820 963 921
3 871 963 899
3 843 963 871
3 824 963 843
3 814 899 824
3 871 899 814
3 820 899 963
3 820 824 899
3 814 899 820
3 767 820 824
3 820 767 814
3 921 899 963
3 899 921 820
3 731 847 757
3 873 847 731
3 831 872 847
3 757 831 847
3 633 584 639
3 584 635 639
3 584 633 635
3 645 639 635
3 633 730 650
3 789 847 884
3 789 847 833
3 852 833 847
3 731 676 757
3 847 676 757
3 789 676 731
3 789 676 847
3 789 731 847
3 614 644 676
3 757 676 644
3 656 757 644
3 492 507 454
3 492 477 507
3 599 589 507
3 599 507 454
3 650 720 789
3 650 652 720
3 650 633 652
3 664 650 789
3 676 789 664
3 731 797 799
3 797 873 908
3 886 942 982
3 924 942 977
3 924 834 977
3 834 942 977
3 834 975 886
3 366 454 507
3 493 589 601
3 493 477 589
3 664 601 579
3 579 650 664
3 862 985 857
3 910 857 862
3 910 985 857
3 862 971 910
3 985 862 971
3 985 971 910
3 681 862 758
3 944 681 868
3 944 910 971
3 862 944 971
3 681 944 862
3 493 584 635
3 446 515 488
3 446 411 515
3 411 404 515
3 488 515 526
3 386 296 404
3 404 296 357
3 357 296 277
3 277 296 386
3 386 357 277
3 579 669 562
3 664 669 650
3 579 650 669
3 664 669 550
3 664 550 601
3 714 762 863
3 879 863 762
3 879 726 863
3 726 714 863
3 726 879 714
3 762 714 879
3 737 879 762
3 737 726 879
3 726 702 714
3 355 419 404
3 355 406 419
3 406 404 419
3 355 404 406
3 338 419 355
3 355 534 513
3 338 534 355
3 338 419 534
3 581 584 639
3 633 584 581
3 560 581 639
3 560 633 581
3 583 560 639
3 562 652 615
3 669 751 720
3 726 720 751
3 720 562 669
3 562 720 652
3 579 669 652
3 720 652 669
3 720 650 669
3 579 650 720
3 579 720 652
3 594 522 524
3 522 594 511
3 661 511 594
3 661 511 522
3 522 524 511
3 664 789 669
3 720 789 669
3 524 472 522
3 471 522 472
3 471 465 522
3 465 524 522
3 694 640 691
3 594 640 694
3 515 466 513
3 411 466 515
3 515 616 603
3 515 567 616
3 526 515 603
3 471 582 578
3 862 863 795
3 857 863 862
3 795 863 857
3 862 857 795
3 789 751 726
3 789 726 720
3 669 789 751
3 661 758 795
3 619 586 536
3 577 586 619
3 577 536 586
3 619 536 564
3 577 466 536
3 577 642 564
3 577 619 642
3 619 564 642
3 951 978 975
3 886 975 951
3 958 975 886
3 978 958 975
3 951 978 886
3 853 726 720
3 853 751 726
3 789 853 751
3 789 853 720
3 737 853 720
3 823 884 879
3 762 823 879
3 918 879 884
3 853 868 751
3 823 858 879
3 413 534 338
3 634 586 536
3 642 586 634
3 536 619 642
3 536 642 569
3 569 642 634
3 504 634 536
3 569 634 504
3 949 951 975
3 949 886 975
3 949 951 886
3 834 754 736
3 834 768 754
3 768 780 754
3 780 834 738
3 738 736 719
3 738 834 736
3 951 863 887
3 951 886 863
3 887 863 886
3 951 887 886
3 886 782 863
3 782 857 863
3 985 863 857
3 985 887 863
3 857 985 887
3 782 857 887
3 951 949 887
3 834 949 895
3 782 949 895
3 782 834 895
3 768 834 782
3 782 886 768
3 949 782 887
3 588 639 616
3 588 628 639
3 616 639 628
3 588 616 628
3 628 583 616
3 583 534 616
3 588 534 583
3 588 616 534
3 588 580 639
3 580 588 581
3 588 560 581
3 588 583 560
3 534 580 588
3 628 534 616
3 679 702 714
3 879 795 863
3 862 795 879
3 862 795 758
3 863 782 694
3 782 795 857
3 863 694 768
3 768 782 692
3 768 863 886
3 862 863 879
3 716 746 790
3 835 790 830
3 746 835 830
3 835 746 754
3 634 667 642
3 634 686 667
3 746 686 634
3 634 642 736
3 736 746 634
3 716 667 746
3 667 586 642
3 716 574 667
3 586 574 716
3 667 574 586
3 584 635 581
3 635 560 581
3 635 633 560
3 666 645 774
3 718 699 625
3 985 863 910
3 879 910 863
3 913 863 951
3 951 913 978
3 923 863 913
3 913 923 978
3 923 887 863
3 985 923 887
3 985 910 923
3 923 910 978
3 913 863 887
3 913 951 887
3 923 913 887
3 835 901 836
3 835 836 830
3 835 881 901
3 918 908 982
3 822 839 821
3 817 839 881
3 713 839 817
3 821 839 713
3 817 881 821
3 830 821 881
3 465 522 511
3 421 465 511
3 355 426 413
3 355 329 426
3 513 418 534
3 418 486 534
3 513 486 534
3 531 486 580
3 486 513 580
3 474 587 539
3 474 548 587
3 548 558 587
3 558 539 587
3 577 655 619
3 624 655 564
3 577 564 655
3 611 624 564
3 577 624 611
3 619 655 624
3 577 619 624
3 624 640 655
3 768 655 640
3 768 692 655
3 692 624 655
3 692 640 624
3 655 616 690
3 655 603 616
3 768 690 707
3 768 655 690
3 624 603 655
3 624 611 603
3 692 629 624
3 611 629 692
3 611 624 629
3 768 740 707
3 655 690 738
3 768 655 780
3 714 707 740
3 714 740 690
3 714 702 707
3 702 714 691
3 702 691 707
3 588 616 690
3 616 534 513
3 534 580 513
3 616 513 657
3 657 690 616
3 690 660 588
3 692 754 780
3 692 655 754
3 768 692 780
3 655 616 564
3 655 657 642
3 657 719 642
3 657 738 719
3 655 564 657
3 616 513 603
3 603 564 616
3 515 513 564
3 515 603 513
3 603 515 564
3 515 616 513
3 564 624 603
3 564 642 655
3 488 564 515
3 488 611 564
3 603 611 515
3 611 488 515
3 573 761 571
3 573 710 571
3 761 710 573
3 701 571 710
3 761 682 571
3 701 682 571
3 761 682 701
3 710 761 701
3 527 667 536
3 634 536 667
3 527 536 634
3 527 686 647
3 527 634 686
3 595 533 553
3 620 555 648
3 688 617 648
3 688 555 617
3 779 711 696
3 648 711 688
3 555 595 617
3 620 553 555
3 620 595 553
3 620 533 553
3 595 533 620
3 648 683 659
3 693 683 648
3 693 711 683
3 693 685 711
3 648 600 693
3 685 693 600
3 659 688 617
3 372 527 414
3 434 527 372
3 521 462 527
3 941 972 908
3 588 639 690
3 585 660 639
3 787 639 740
3 639 690 740
3 964 826 893
3 881 845 826
3 893 845 881
3 893 826 845
3 964 893 881
3 964 835 826
3 901 835 964
3 881 901 964
3 958 982 975
3 975 982 942
3 787 740 858
3 863 740 768
3 762 740 863
3 762 858 740
3 716 790 763
3 729 763 835
3 851 965 860
3 770 794 724
3 724 755 770
3 770 760 794
3 955 909 976
3 851 909 976
3 955 909 851
3 965 955 976
3 965 851 976
3 947 976 860
3 909 947 976
3 851 860 976
3 947 860 909
3 909 812 947
3 947 812 898
3 898 812 837
3 898 837 867
3 947 898 867
3 860 812 909
3 909 929 914
3 955 929 909
3 765 708 774
3 708 630 666
3 708 666 645
3 708 730 774
3 708 645 635
3 666 630 635
3 708 666 635
3 463 667 586
3 536 667 463
3 761 723 748
3 878 805 841
3 811 878 841
3 764 878 811
3 764 748 723
3 764 811 748
3 761 748 811
3 829 845 826
3 829 827 845
3 827 805 845
3 764 805 827
3 827 829 764
3 790 826 845
3 790 845 821
3 826 790 764
3 829 826 764
3 827 826 764
3 829 827 826
3 881 845 821
3 735 818 803
3 753 803 717
3 753 735 803
3 717 735 753
3 482 716 574
3 482 667 716
3 463 667 482
3 846 864 953
3 864 870 953
3 864 846 870
3 919 846 870
3 919 864 846
3 919 953 864
3 973 919 953
3 919 870 973
3 655 619 629
3 629 754 655
3 619 655 642
3 820 899 839
3 899 921 934
3 934 839 899
3 820 839 934
3 911 893 826
3 911 893 964
3 883 911 826
3 763 883 826
3 883 754 729
3 835 754 883
3 763 729 883
3 883 964 835
3 911 964 883
3 900 956 888
3 874 888 983
3 719 736 634
3 911 904 893
3 964 904 893
3 911 964 904
3 738 719 760
3 660 715 760
3 715 724 760
3 770 760 724
3 718 755 724
3 718 798 755
3 798 718 800
3 658 800 718
3 658 802 800
3 688 802 658
3 688 807 802
3 688 658 807
3 807 684 798
3 658 684 807
3 772 743 587
3 587 743 767
3 772 587 767
3 701 607 743
3 587 607 701
3 587 566 607
3 566 680 607
3 566 587 680
3 759 607 680
3 759 680 743
3 743 680 587
3 701 767 587
3 825 759 772
3 743 759 825
3 772 759 743
3 772 725 680
3 772 825 725
3 680 725 825
3 759 680 825
3 647 680 587
3 772 680 647
3 772 647 587
3 846 980 920
3 846 920 870
3 973 980 920
3 961 914 905
3 969 914 961
3 867 961 969
3 420 544 431
3 420 533 544
3 458 533 420
3 686 699 634
3 698 699 686
3 736 860 760
3 860 836 812
3 836 815 812
3 836 754 746
3 836 834 754
3 738 860 736
3 860 977 836
3 860 965 977
3 965 977 942
3 834 835 938
3 948 835 977
3 948 938 835
3 948 938 977
3 938 977 834
3 836 835 834
3 977 901 836
3 835 901 977
3 948 901 977
3 835 901 948
3 371 383 407
3 350 371 383
3 350 383 525
3 480 525 410
3 407 410 525
3 480 410 407
3 383 480 525
3 480 407 383
3 410 371 407
3 410 383 407
3 922 881 926
3 901 881 922
3 948 926 922
3 948 901 922
3 926 948 977
3 892 836 977
3 926 892 977
3 949 964 895
3 911 949 964
3 883 895 964
3 911 883 895
3 949 911 895
3 834 692 754
3 768 692 834
3 663 530 745
3 704 663 745
3 704 756 745
3 663 756 704
3 756 663 575
3 663 530 575
3 893 845 896
3 893 896 964
3 686 719 736
3 699 719 686
3 380 529 474
3 380 538 434
3 380 474 538
3 551 634 527
3 569 634 551
3 504 569 551
3 619 629 577
3 692 631 729
3 692 629 631
3 834 729 754
3 883 782 895
3 883 834 895
3 729 782 883
3 834 883 729
3 692 729 782
3 834 835 754
3 883 835 834
3 680 617 647
3 782 729 535
3 535 729 631
3 625 634 551
3 625 499 569
3 517 569 499
3 573 545 710
3 761 710 678
3 761 678 723
3 638 678 723
3 638 573 761
3 638 545 622
3 482 509 516
3 482 545 509
3 516 509 545
3 568 545 482
3 568 509 675
3 482 675 509
3 568 545 509
3 943 893 967
3 896 967 943
3 904 967 896
3 893 904 967
3 904 896 893
3 829 896 943
3 829 845 896
3 829 893 845
3 829 893 943
3 667 822 713
3 822 667 815
3 667 767 820
3 772 767 667
3 820 767 772
3 772 822 820
3 839 820 822
3 713 820 839
3 667 820 713
3 713 839 667
3 822 667 839
3 772 815 822
3 949 938 964
3 922 964 948
3 938 948 964
3 883 895 835
3 834 835 895
3 834 895 938
3 949 938 895
3 643 716 631
3 574 629 586
3 643 574 716
3 893 829 826
3 860 892 812
3 815 812 892
3 860 836 892
3 947 892 812
3 965 976 977
3 892 976 977
3 976 892 947
3 976 947 977
3 947 926 977
3 926 892 947
3 938 924 977
3 764 678 695
3 764 723 678
3 723 678 695
3 747 723 695
3 747 764 695
3 716 826 675
3 716 763 826
3 763 826 675
3 643 763 675
3 643 716 675
3 763 643 631
3 747 709 764
3 827 747 709
3 747 827 805
3 826 827 709
3 675 826 709
3 675 764 709
3 675 713 764
3 716 713 675
3 922 943 967
3 922 943 896
3 964 922 967
3 904 964 967
3 618 638 622
3 748 820 710
3 881 817 899
3 839 881 899
3 817 713 820
3 748 899 817
3 817 820 748
3 701 899 748
3 820 899 701
3 710 767 701
3 820 767 710
3 820 701 767
3 748 710 701
3 748 899 828
3 828 889 878
3 828 811 841
3 828 878 841
3 748 811 878
3 761 811 828
3 761 748 828
3 817 845 899
3 896 899 845
3 878 979 896
3 899 896 979
3 845 817 878
3 817 748 878
3 828 761 899
3 748 899 761
3 824 759 743
3 781 759 824
3 743 752 781
3 759 781 752
3 825 767 837
3 837 767 772
3 837 772 820
3 864 820 767
3 864 837 820
3 827 805 896
3 829 827 896
3 943 990 855
3 990 855 878
3 878 943 979
3 889 979 943
3 889 990 878
3 889 943 990
3 805 943 855
3 878 855 841
3 896 943 878
3 805 829 943
3 827 829 805
3 870 781 865
3 865 776 870
3 734 781 870
3 482 538 509
3 667 509 538
3 482 509 667
3 463 538 482
3 527 538 463
3 670 548 701
3 571 670 548
3 701 548 571
3 682 670 571
3 889 841 855
3 889 828 841
3 990 889 855
3 695 678 636
3 764 636 695
3 443 549 543
3 549 443 469
3 388 509 378
3 407 442 509
3 388 407 509
3 509 474 538
3 442 538 474
3 442 474 509
3 378 538 442
3 414 538 378
3 527 538 414
3 482 378 509
3 410 407 509
3 380 538 344
3 372 538 434
3 380 372 434
3 372 344 538
3 380 344 372
3 344 405 380
3 405 344 360
3 919 781 824
3 919 865 781
3 843 871 865
3 987 865 919
3 987 963 919
3 824 963 919
3 596 541 622
3 747 695 709
3 695 709 764
3 814 828 979
3 871 814 979
3 979 921 963
3 921 899 979
3 761 899 814
3 761 828 814
3 525 509 571
3 545 509 525
3 442 571 509
3 474 571 548
3 474 538 571
3 701 571 538
3 710 701 538
3 710 538 667
3 667 509 710
3 509 545 710
3 713 710 667
3 545 713 509
3 474 701 548
3 474 538 701
3 574 643 675
3 713 636 764
3 713 675 636
3 574 675 716
3 675 695 636
3 695 675 709
3 367 538 380
3 367 442 538
3 748 764 678
3 748 723 710
3 761 710 723
3 748 678 723
3 761 710 748
3 817 710 820
3 710 713 820
3 817 748 710
3 432 545 437
3 410 545 480
3 491 545 432
3 410 480 432
3 437 509 408
3 410 437 408
3 545 509 437
3 545 407 509
3 407 545 410
3 410 432 437
3 437 377 408
3 432 377 437
3 347 350 539
3 943 921 979
3 896 921 899
3 943 921 896
3 432 437 491
3 672 761 573
3 922 934 921
3 922 934 899
3 922 899 881
3 943 922 921
3 480 528 525
3 525 407 509
3 410 528 545
3 410 480 528
3 701 587 667
3 538 587 701
3 667 710 701
3 372 538 378
3 670 587 701
3 558 587 670
3 548 558 701
3 670 701 558
3 548 670 558
3 922 934 881
3 839 881 934
3 682 761 784
3 701 784 703
3 682 784 703
3 761 814 701
3 784 761 814
3 734 653 607
3 653 734 781
3 689 607 653
3 701 607 689
3 701 689 743
3 689 781 743
3 689 653 781
3 793 866 854
3 700 866 793
3 756 793 700
3 806 866 700
3 756 700 806
3 405 501 364
3 405 380 501
3 405 364 360
3 474 501 380
3 415 501 474
3 428 501 415
3 428 500 501
3 415 500 428
3 435 364 501
3 435 364 405
3 474 501 529
3 864 846 824
3 919 781 846
3 824 846 781
3 864 824 919
3 772 647 767
3 647 667 767
3 864 759 785
3 825 759 864
3 785 759 825
3 864 785 846
3 825 846 785
3 898 820 837
3 898 839 820
3 892 839 898
3 898 772 822
3 772 898 837
3 898 812 892
3 962 934 864
3 962 898 934
3 898 962 864
3 892 934 898
3 892 839 934
3 864 963 824
3 934 963 864
3 898 864 837
3 927 947 898
3 927 898 936
3 864 953 936
3 962 864 936
3 962 936 898
3 779 711 685
3 779 769 696
3 792 668 696
3 769 792 696
3 769 838 779
3 926 962 934
3 926 962 898
3 926 892 934
3 892 926 898
3 962 927 936
3 962 926 927
3 926 947 927
3 922 926 934
3 990 943 979
3 990 979 889
3 962 936 953
3 963 962 953
3 962 963 934
3 919 963 953
3 781 785 752
3 846 781 870
3 785 781 846
3 423 503 417
3 375 514 503
3 417 514 375
3 502 417 514
3 502 503 514
3 417 503 502
3 846 721 778
3 693 721 711
3 779 721 693
3 693 711 779
3 711 721 846
3 779 711 846
3 778 721 779
3 846 778 779
3 518 653 627
3 604 518 627
3 604 607 627
3 604 554 607
3 518 604 554
3 607 554 518
3 607 653 627
3 653 607 558
3 539 607 518
3 558 607 539
3 539 558 518
3 653 518 558
3 919 870 865
3 906 919 973
3 776 906 808
3 776 870 808
3 796 808 870
3 919 776 906
3 919 865 776
3 987 919 906
3 987 906 865
3 865 906 776
3 796 808 776
3 796 778 870
3 776 778 796
3 864 781 824
3 864 759 781
3 659 752 759
3 870 779 920
3 846 779 870
3 846 980 779
3 980 874 779
3 874 920 779
3 874 779 846
3 980 874 846
3 920 844 779
3 920 816 935
3 813 945 935
3 844 945 813
3 816 813 935
3 816 844 813
3 816 779 844
3 816 920 960
3 796 816 935
3 960 935 816
3 816 750 779
3 779 750 721
3 813 733 750
3 779 813 750
3 779 816 813
3 779 844 750
3 844 813 750
3 779 813 844
3 920 935 960
3 935 988 897
3 906 935 988
3 906 897 988
3 935 897 906
3 806 777 804
3 756 804 806
3 756 777 804
3 806 777 756
3 785 711 779
3 785 846 725
3 779 725 846
3 785 779 846
3 825 837 725
3 867 725 837
3 802 725 867
3 688 725 802
3 428 576 398
3 398 576 554
3 476 554 398
3 607 576 428
3 607 627 576
3 627 604 576
3 554 576 604
3 428 518 607
3 476 539 518
3 428 539 518
3 428 476 539
3 929 968 946
3 929 946 905
3 970 946 968
3 950 970 968
3 687 700 756
3 687 733 700
3 626 677 576
3 497 626 530
3 626 576 627
3 627 626 604
3 554 604 626
3 497 554 626
3 398 576 497
3 497 398 554
3 502 543 549
3 549 502 612
3 575 600 543
3 612 600 575
3 575 502 612
3 503 543 502
3 503 575 543
3 575 514 502
3 575 503 514
3 575 600 503
3 549 543 469
3 423 403 443
3 423 469 543
3 423 443 469
3 680 651 725
3 647 725 651
3 680 725 647
3 651 680 647
3 698 725 651
3 802 725 698
3 600 543 553
3 445 575 514
3 575 464 514
3 445 530 598
3 575 663 598
3 530 663 598
3 512 575 445
3 530 575 512
3 512 530 445
3 464 445 598
3 464 575 598
3 497 368 398
3 370 398 368
3 340 370 368
3 392 368 497
3 428 576 415
3 420 415 576
3 725 617 658
3 718 698 802
3 718 802 658
3 658 688 725
3 684 696 807
3 684 688 696
3 420 544 500
3 687 600 733
3 600 685 750
3 685 733 750
3 813 600 750
3 733 600 813
3 687 693 600
3 778 785 721
3 785 846 721
3 778 752 721
3 734 721 752
3 683 721 734
3 734 721 778
3 685 671 750
3 500 607 501
3 659 607 609
3 659 680 607
3 500 609 607
3 609 500 566
3 566 501 607
3 500 501 566
3 529 501 566
3 670 607 653
3 689 607 670
3 670 689 653
3 474 607 587
3 474 539 607
3 500 607 428
3 474 587 501
3 566 501 587
3 558 607 670
3 587 607 558
3 558 670 653
3 662 803 813
3 717 813 803
3 717 662 813
3 662 753 803
3 662 753 735
3 607 609 576
3 659 683 576
3 677 734 576
3 778 734 706
3 734 677 706
3 734 607 576
3 752 659 680
3 752 680 759
3 734 626 677
3 500 576 415
3 607 576 500
3 595 576 500
3 595 500 544
3 533 500 420
3 544 500 533
3 401 503 445
3 392 503 401
3 401 392 445
3 502 514 612
3 612 514 598
3 575 598 612
3 598 514 464
3 704 806 612
3 663 704 612
3 756 612 575
3 663 612 598
3 756 704 777
3 806 704 777
3 756 700 612
3 700 612 806
3 687 612 575
3 687 700 612
3 417 448 514
3 687 600 503
3 503 575 687
3 700 600 687
3 600 733 662
3 673 600 687
3 620 693 600
3 620 648 553
3 648 555 553
3 646 496 662
3 646 591 662
3 623 496 646
3 623 591 646
3 489 478 623
3 478 496 623
3 503 673 575
3 673 503 687
3 844 874 888
3 779 874 844
3 711 779 750
3 779 693 750
3 693 733 750
3 711 750 685
3 623 646 671
3 623 646 674
3 717 671 646
3 854 945 813
3 866 986 945
3 854 866 945
3 986 854 866
3 954 986 945
3 986 954 894
3 854 986 894
3 854 813 894
3 803 894 813
3 888 894 803
3 803 813 888
3 813 844 888
3 844 888 803
3 813 750 803
3 750 844 803
3 813 750 717
3 925 897 988
3 945 925 988
3 945 897 988
3 925 897 945
3 769 888 832
3 844 832 888
3 769 838 888
3 844 888 838
3 874 844 838
3 808 906 988
3 882 808 988
3 882 988 897
3 808 897 882
3 906 897 808
3 793 854 894
3 793 813 803
3 753 793 894
3 818 753 894
3 818 803 894
3 735 753 818
3 753 793 803
3 662 753 813
3 753 793 813
3 753 662 793
3 900 832 840
3 859 900 840
3 840 832 771
3 806 804 850
3 756 804 850
3 935 945 988
3 935 945 897
3 900 894 818
3 900 888 894
3 900 818 888
3 818 803 888
3 900 818 832
3 933 954 956
3 900 933 888
3 933 894 888
3 954 933 894
3 928 900 940
3 900 957 940
3 840 791 818
3 791 840 771
3 933 840 818
3 818 894 933
3 840 933 957
3 928 940 957
3 986 925 945
3 925 866 897
3 945 866 897
3 986 866 925
3 808 897 756
3 808 882 869
3 808 869 850
3 745 808 850
3 745 850 804
3 745 804 777
3 704 745 777
3 756 745 808
3 778 808 677
3 776 808 745
3 626 776 745
3 776 677 734
3 776 778 677
3 778 796 808
3 796 897 808
3 796 756 897
3 796 945 935
3 756 935 945
3 756 796 935
