9919  1
    0    264   326   386  0        0   1701
    1    264   240   326  0        0   1939
    2    386   240   264  0        0    314
    3    386   326   240  1        0     -1
    4    390   398   495  0        1   2447
    5    390   459   398  0        1   2499
    6    495   459   390  0        1   2484
    7    495   398   459  0        1   2449
    8    501   635   582  0        2   4002
    9    501   537   635  0        2     61
   10    582   537   501  0        2      9
   11    582   635   537  0        2    771
   12    408   397   365  0        3     63
   13    408   319   397  0        3    675
   14    365   319   408  0        3    786
   15    365   397   319  0        3    747
   16    486   603   597  0        4   2799
   17    486   592   603  0        4   2708
   18    597   592   486  0        4   2770
   19    597   603   592  0        4   2655
   20    450   576   508  0        5    709
   21    450   587   576  0        5   2034
   22    508   587   450  0        5   2878
   23    508   576   587  0        5    565
   24    206   179   210  0        6   2071
   25    206   234   179  1        6     -1
   26    210   234   206  0        6   2131
   27    210   179   234  0        6    268
   28    678   736   829  0        7   3790
   29    678   759   736  0        7   1456
   30    829   759   678  1        7     -1
   31    829   736   759  0        7   3754
   32     73   143   114  0        8   2302
   33     73    66   143  0        8   2304
   34    114    66    73  1        8     -1
   35    114   143    66  0        8   2318
   36    582   481   501  0        9     24
   37    537   481   582  0        9   1146
   38    537   501   481  0        9   1166
   39    426   391   537  0       10   1115
   40    426   504   391  0       10     12
   41    537   504   426  0       10    110
   42    537   391   504  0       10   1175
   43    414   410   433  0       11    381
   44    414   363   410  0       11   1622
   45    433   363   414  0       11   1774
   46    433   410   363  0       11    165
   47    391   438   504  0       12   1175
   48    391   426   438  0       12   1152
   49    504   438   426  1       12     -1
   50    186   160    21  0       13   2168
   51    186   145   160  0       13   2194
   52     21   145   186  0       13   2204
   53     21   160   145  0       13   2190
   54    318   340   258  0       14   2238
   55    318   354   340  0       14    201
   56    258   354   318  0       14   2502
   57    258   340   354  1       14     -1
   58     23    74    61  1       15     -1
   59     23   131    74  0       15   1887
   60     61   131    23  0       15   1931
   61     61    74   131  0       15   2103
   62    161   151   150  0       16   1630
   63    161   125   151  0       16   1341
   64    150   125   161  0       16   1597
   65    150   151   125  0       16    179
   66    433   363   479  0       17    165
   67    433   389   363  0       17   1755
   68    479   389   433  0       17    901
   69    479   363   389  0       17     39
   70    128   271   282  0       18    997
   71    128   253   271  0       18    137
   72    282   253   128  0       18    787
   73    282   271   253  0       18    859
   74    183   260   276  0       19   1109
   75    183   244   260  1       19     -1
   76    276   244   183  0       19   1068
   77    276   260   244  0       19   1077
   78    626   679   709  1       20     -1
   79    626   732   679  0       20   3706
   80    709   732   626  0       20   4056
   81    709   679   732  0       20    521
   82    406   259   305  0       21     88
   83    406   370   259  0       21   1496
   84    305   370   406  0       21    907
   85    305   259   370  0       21    872
   86    339   427   330  0       22    365
   87    339   414   427  0       22    895
   88    330   414   339  0       22   1794
   89    330   427   414  0       22   1835
   90    578   529   448  1       23     -1
   91    578   493   529  0       23   1697
   92    448   493   578  0       23   2478
   93    448   529   493  0       23   2704
   94    481   501   440  0       24    141
   95    440   582   481  0       24   1335
   96    440   501   582  0       24   3442
   97    367   352   429  0       25    326
   98    367   398   352  0       25   2460
   99    429   398   367  0       25   2423
  100    429   352   398  0       25   2297
  101    441   471   443  0       26    286
  102    441   498   471  0       26    344
  103    443   498   441  0       26   1980
  104    443   471   498  0       26   2006
  105    179   148   137  0       27    217
  106    179   234   148  0       27   1909
  107    137   234   179  0       27    268
  108    137   148   234  0       27   2605
  109    111    65    31  1       28     -1
  110    111   123    65  0       28     80
  111     31   123   111  0       28    977
  112     31    65   123  0       28   1575
  113    680   613   739  0       29   3052
  114    680   649   613  0       29   2654
  115    739   649   680  0       29   2806
  116    739   613   649  0       29   2719
  117    619   645   748  0       30   3503
  118    619   596   645  0       30   3814
  119    748   596   619  0       30   3758
  120    748   645   596  0       30   3553
  121    418   325   359  1       31     -1
  122    418   410   325  0       31   1839
  123    359   410   418  0       31   1819
  124    359   325   410  0       31    172
  125    435   499   411  0       32    318
  126    435   488   499  0       32   4513
  127    411   488   435  0       32    430
  128    411   499   488  0       32   4529
  129    230   334   297  1       33     -1
  130    230   251   334  0       33    774
  131    297   251   230  0       33    688
  132    297   334   251  0       33    327
  133    576   603   665  0       34   2904
  134    576   614   603  0       34   1718
  135    665   614   576  0       34    433
  136    665   603   614  0       34   2713
  137    889   768   826  0       35   3643
  138    889   751   768  0       35   3686
  139    826   751   889  0       35   3577
  140    826   768   751  0       35    105
  141    408   397   487  0       36    765
  142    408   434   397  0       36     63
  143    487   434   408  0       36    785
  144    487   397   434  0       36    503
  145    252   333   343  0       37    619
  146    252   190   333  0       37    512
  147    343   190   252  0       37    683
  148    343   333   190  0       37   1002
  149    510   542   439  0       38   1074
  150    510   566   542  0       38   3986
  151    439   566   510  0       38   1404
  152    439   542   566  1       38     -1
  153    363   410   479  0       39    165
  154    363   389   410  0       39   1376
  155    479   410   389  0       39   1664
  156    140    98    75  0       40   1308
  157    140    18    98  0       40   1356
  158     75    18   140  0       40   1589
  159     75    98    18  1       40     -1
  160    112   145   142  0       41   2210
  161    112    62   145  0       41   2217
  162    142    62   112  0       41   2164
  163    142   145    62  0       41   1602
  164    339   330   235  0       42   1767
  165    339   363   330  0       42   1794
  166    235   363   339  0       42    991
  167    235   330   363  0       42   1343
  168    889   768   845  0       43   3652
  169    889   867   768  0       43   3498
  170    845   867   889  0       43   3676
  171    845   768   867  0       43   2869
  172    301   212   204  0       44   2257
  173    301   135   212  1       44     -1
  174    204   135   301  0       44    712
  175    204   212   135  0       44   2291
  176    506   549   597  0       45   2567
  177    506   598   549  0       45   2614
  178    597   598   506  0       45   2686
  179    597   549   598  0       45   2766
  180    848   897   750  0       46   4601
  181    848   841   897  0       46   4557
  182    750   841   848  0       46   4563
  183    750   897   841  0       46   3031
  184    373   382   391  0       47   1157
  185    373   426   382  1       47     -1
  186    391   426   373  0       47    490
  187    391   382   426  0       47   1152
  188      4   158   133  0       48    635
  189      4   135   158  1       48     -1
  190    133   135     4  0       48    647
  191    133   158   135  0       48    636
  192    655   584   594  0       49   3742
  193    655   582   584  0       49    133
  194    594   582   655  0       49   3724
  195    594   584   582  0       49    639
  196    186   160   211  0       50   2194
  197    186   249   160  0       50    658
  198    211   249   186  0       50   2231
  199    211   160   249  0       50   2512
  200    598   752   686  0       51   2652
  201    598   710   752  0       51   2728
  202    686   710   598  0       51   2735
  203    686   752   710  0       51   3037
  204    250   315   385  0       52   2568
  205    250   294   315  0       52   2545
  206    385   294   250  0       52   2132
  207    385   315   294  0       52   2405
  208      6   210   150  0       53   2147
  209      6    90   210  0       53   2115
  210    150    90     6  0       53   1446
  211    150   210    90  0       53   2123
  212    501   424   311  0       54   1171
  213    501   387   424  0       54   1381
  214    311   387   501  0       54     96
  215    311   424   387  0       54   1202
  216    732   808   737  0       55   4058
  217    732   671   808  0       55   4404
  218    737   671   732  0       55   4063
  219    737   808   671  0       55   4208
  220    500   461   407  0       56   1310
  221    500   496   461  0       56   2823
  222    407   496   500  0       56   1681
  223    407   461   496  0       56   1691
  224     47   188   117  0       57   1224
  225     47   229   188  1       57     -1
  226    117   229    47  0       57   1236
  227    117   188   229  0       57   1261
  228    655   604   594  0       58   3819
  229    655   517   604  0       58   3856
  230    594   517   655  0       58   3742
  231    594   604   517  0       58   1390
  232    334   416   425  0       59    807
  233    334   293   416  0       59    435
  234    425   293   334  1       59     -1
  235    425   416   293  0       59    815
  236    324   281   199  0       60   1536
  237    324   275   281  0       60   1186
  238    199   275   324  0       60    522
  239    199   281   275  0       60   1504
  240    542   635   501  0       61   3998
  241    542   537   635  0       61   3992
  242    501   537   542  0       61   3962
  243    306   278   217  0       62    459
  244    306   198   278  0       62   1768
  245    217   198   306  0       62   1429
  246    217   278   198  0       62   1702
  247    365   434   397  0       63    965
  248    408   434   365  0       63    845
  249    411   499   487  0       64    780
  250    411   437   499  0       64    542
  251    487   437   411  0       64    818
  252    487   499   437  0       64    223
  253    499   416   408  0       65    812
  254    499   468   416  0       65   4442
  255    408   468   499  0       65    687
  256    408   416   468  0       65    825
  257    613   698   739  0       66   2778
  258    613   629   698  0       66   2744
  259    739   629   613  0       66   2018
  260    739   698   629  0       66   2678
  261    607   612   690  0       67   3293
  262    607   562   612  0       67   1957
  263    690   562   607  0       67   1803
  264    690   612   562  1       67     -1
  265    478   497   540  0       68   1396
  266    478   451   497  0       68    109
  267    540   451   478  0       68   1321
  268    540   497   451  0       68   1262
  269    194   267   125  0       69   1663
  270    194   228   267  0       69   1632
  271    125   228   194  0       69   1657
  272    125   267   228  0       69   1662
  273    138    59    19  0       70    220
  274    138    53    59  1       70     -1
  275     19    53   138  0       70    613
  276     19    59    53  1       70     -1
  277    358   454   387  0       71    422
  278    358   424   454  0       71   1395
  279    387   424   358  0       71   1386
  280    387   454   424  0       71   1381
  281    276   263   159  0       72    604
  282    276   236   263  0       72    864
  283    159   236   276  0       72   1161
  284    159   263   236  1       72     -1
  285    109    79   134  0       73   1312
  286    109    11    79  1       73     -1
  287    134    11   109  0       73   1251
  288    134    79    11  0       73   1258
  289    602   703   678  1       74     -1
  290    602   736   703  0       74   3837
  291    678   736   602  0       74    131
  292    678   703   736  0       74   3811
  293    242   255   189  0       75   2079
  294    242   285   255  0       75   2093
  295    189   285   242  0       75   1677
  296    189   255   285  0       75   2088
  297    473   521   506  0       76   2681
  298    473   420   521  0       76    332
  299    506   420   473  0       76   2565
  300    506   521   420  0       76    299
  301    409   394   304  0       77   1418
  302    409   261   394  0       77   1605
  303    304   261   409  0       77   1454
  304    304   394   261  0       77    231
  305    448   529   464  1       78     -1
  306    448   523   529  0       78   2704
  307    464   523   448  0       78   2479
  308    464   529   523  0       78   4547
  309    358   400   368  0       79     95
  310    358   465   400  0       79   1391
  311    368   465   358  0       79   1384
  312    368   400   465  0       79    106
  313     38    65   111  1       80     -1
  314     38   123    65  0       80   1058
  315    111   123    38  0       80    853
  316    185    70   189  0       81   2081
  317    185   165    70  0       81   2122
  318    189   165   185  0       81   1667
  319    189    70   165  0       81    603
  320    309   316   250  0       82   2557
  321    309   224   316  1       82     -1
  322    250   224   309  0       82   2534
  323    250   316   224  0       82   2199
  324    162   223   150  0       83   2341
  325    162   257   223  0       83   1477
  326    150   257   162  0       83   2057
  327    150   223   257  0       83   2375
  328     98    36   130  0       84   1214
  329     98    51    36  1       84     -1
  330    130    51    98  0       84   1112
  331    130    36    51  0       84   1505
  332    166   229   215  0       85   1290
  333    166   156   229  0       85   1270
  334    215   156   166  1       85     -1
  335    215   229   156  1       85     -1
  336    553   671   579  0       86   4088
  337    553   545   671  0       86   4029
  338    579   545   553  0       86    796
  339    579   671   545  0       86   4085
  340    434   305   397  0       87    965
  341    434   463   305  0       87    742
  342    397   463   434  0       87    503
  343    397   305   463  0       87    870
  344    406   259   331  0       88   1021
  345    331   305   406  0       88    927
  346    331   259   305  0       88   1054
  347    401   414   371  0       89    288
  348    401   330   414  0       89   1750
  349    371   330   401  0       89   1628
  350    371   414   330  0       89   1780
  351    693   636   705  0       90   3009
  352    693   692   636  0       90   2811
  353    705   692   693  0       90    339
  354    705   636   692  0       90   4485
  355    597   574   561  0       91    566
  356    597   592   574  0       91   2464
  357    561   592   597  0       91    301
  358    561   574   592  0       91   2463
  359    356   254   272  0       92   1489
  360    356   376   254  0       92    470
  361    272   376   356  0       92   1111
  362    272   254   376  0       92    926
  363     67   149   181  0       93   2260
  364     67   123   149  0       93    967
  365    181   123    67  0       93   1035
  366    181   149   123  0       93   1432
  367    594   621   604  0       94   3936
  368    594   669   621  0       94   3994
  369    604   669   594  0       94   3819
  370    604   621   669  1       94     -1
  371    368   291   400  1       95     -1
  372    358   291   368  0       95    345
  373    358   400   291  0       95   1244
  374    440   501   311  0       96   1184
  375    440   387   501  0       96   1403
  376    311   387   440  0       96   1203
  377    199    12    72  0       97   1333
  378    199    57    12  0       97   1567
  379     72    57   199  0       97   1556
  380     72    12    57  1       97     -1
  381    246   259   184  0       98   1025
  382    246   284   259  0       98    837
  383    184   284   246  0       98    662
  384    184   259   284  0       98   1516
  385    301   296   204  0       99    712
  386    301   367   296  0       99   2467
  387    204   367   301  0       99   2212
  388    204   296   367  0       99    208
  389    587   674   656  0      100    910
  390    587   580   674  0      100   3166
  391    656   580   587  0      100   3770
  392    656   674   580  0      100    421
  393    282   171   128  0      101    997
  394    282   136   171  0      101    949
  395    128   136   282  0      101    788
  396    128   171   136  0      101    994
  397    189   187   288  0      102   2090
  398    189   255   187  0      102    280
  399    288   255   189  0      102   2088
  400    288   187   255  0      102   2110
  401     80   161    20  0      103    454
  402     80    28   161  0      103   1881
  403     20    28    80  1      103     -1
  404     20   161    28  0      103   1600
  405    750   664   716  0      104   4297
  406    750   662   664  0      104   4521
  407    716   662   750  0      104   4558
  408    716   664   662  0      104   1700
  409    826   731   751  0      105   4194
  410    826   768   731  0      105   3552
  411    751   731   768  0      105   4128
  412    368   400   503  0      106   1393
  413    503   465   368  0      106    126
  414    503   400   465  0      106   1391
  415    258   354   316  1      107     -1
  416    258   338   354  0      107   2588
  417    316   338   258  0      107   2571
  418    316   354   338  0      107   1713
  419    255   187   287  0      108   2111
  420    255   165   187  0      108    280
  421    287   165   255  0      108   2106
  422    287   187   165  0      108   1983
  423    451   497   428  0      109   1173
  424    428   478   451  0      109   1455
  425    428   497   478  0      109   1396
  426    469   426   537  0      110   1167
  427    469   504   426  1      110     -1
  428    537   504   469  0      110   1151
  429    518   490   427  0      111   1801
  430    518   443   490  0      111   3325
  431    427   443   518  0      111   1898
  432    427   490   443  0      111   1824
  433    403   485   424  0      112   1405
  434    403   419   485  1      112     -1
  435    424   419   403  0      112   1218
  436    424   485   419  0      112   1126
  437    845   753   790  0      113   3595
  438    845   748   753  0      113   3691
  439    790   748   845  0      113   3634
  440    790   753   748  0      113   3415
  441    484   467   377  0      114    166
  442    484   347   467  0      114   1110
  443    377   347   484  0      114   1072
  444    377   467   347  0      114   1106
  445    458   370   397  0      115    917
  446    458   333   370  0      115    588
  447    397   333   458  0      115    669
  448    397   370   333  0      115    934
  449    359   432   455  0      116   1773
  450    359   368   432  1      116     -1
  451    455   368   359  0      116   1371
  452    455   432   368  0      116   1182
  453     41   107   194  0      117   1609
  454     41   155   107  0      117   1588
  455    194   155    41  0      117   1526
  456    194   107   155  0      117   1612
  457    141   233   122  0      118   1944
  458    141   240   233  1      118     -1
  459    122   240   141  0      118   1924
  460    122   233   240  0      118   1954
  461    846   851  1025  0      119   3199
  462    846   924   851  0      119   3140
  463   1025   924   846  0      119   3180
  464   1025   851   924  0      119   3182
  465    152    27   195  0      120   1265
  466    152    12    27  0      120   1571
  467    195    12   152  0      120   1563
  468    195    27    12  0      120   1534
  469    909   925  1024  0      121   3425
  470    909   877   925  0      121   1829
  471   1024   877   909  0      121   3390
  472   1024   925   877  0      121   3843
  473    555   637   560  0      122   3740
  474    555   590   637  0      122   4317
  475    560   590   555  0      122   4311
  476    560   637   590  0      122   4294
  477    877   910   976  0      123   3889
  478    877  1006   910  0      123   3434
  479    976  1006   877  0      123   3895
  480    976   910  1006  0      123   3875
  481    497   381   409  0      124    858
  482    497   383   381  0      124   1365
  483    409   383   497  0      124   1498
  484    409   381   383  0      124   1507
  485    242   255   237  0      125    185
  486    242   185   255  0      125   2079
  487    237   185   242  0      125   1709
  488    237   255   185  0      125   2107
  489    503   465   455  0      126   3782
  490    455   368   503  0      126   1393
  491    455   465   368  0      126   1384
  492    633   620   621  0      127   4001
  493    633   570   620  0      127   4010
  494    621   570   633  1      127     -1
  495    621   620   570  0      127   3997
  496    236   373   311  0      128   1205
  497    236   391   373  0      128   1199
  498    311   391   236  0      128   1108
  499    311   373   391  0      128   1157
  500    139    69   121  0      129   1032
  501    139    26    69  0      129   1042
  502    121    26   139  0      129   1089
  503    121    69    26  1      129     -1
  504    134   147   117  0      130   1213
  505    134    55   147  0      130   1273
  506    117    55   134  0      130   1027
  507    117   147    55  0      130   1352
  508    602   591   736  0      131   3791
  509    602   678   591  0      131   1806
  510    736   591   678  0      131   3417
  511    279   308   243  0      132   2525
  512    279   196   308  0      132   2182
  513    243   196   279  0      132   2284
  514    243   308   196  0      132    290
  515    582   584   683  0      133   3800
  516    683   655   582  0      133   3724
  517    683   584   655  0      133    212
  518    218   291   270  0      134   1113
  519    218   188   291  0      134   1315
  520    270   188   218  0      134   1319
  521    270   291   188  1      134     -1
  522    324   376   428  0      135    441
  523    324   440   376  0      135   1372
  524    428   440   324  0      135   1195
  525    428   376   440  0      135   1314
  526     29   166    63  0      136   1264
  527     29     2   166  0      136   1263
  528     63     2    29  1      136     -1
  529     63   166     2  1      136     -1
  530    253   213   128  0      137   1057
  531    253   271   213  0      137   1067
  532    128   213   271  0      137    541
  533    271   171   319  0      138   1001
  534    271   192   171  0      138    329
  535    319   192   271  0      138    821
  536    319   171   192  0      138   1044
  537    311   387   324  0      139   1226
  538    311   391   387  0      139   1203
  539    324   391   311  0      139   1198
  540    324   387   391  0      139   1080
  541    163   214    29  0      140   1275
  542    163   105   214  0      140   1276
  543     29   105   163  0      140   1260
  544     29   214   105  0      140   1131
  545    391   501   440  0      141   1184
  546    391   481   501  0      141   1166
  547    440   481   391  0      141   1194
  548     69   103   139  0      142   1094
  549     69   118   103  0      142    966
  550    139   118    69  0      142   1095
  551    139   103   118  0      142    942
  552    545   637   625  0      143   1465
  553    545   555   637  0      143   4372
  554    625   555   545  0      143   4176
  555    625   637   555  0      143   3740
  556    577   535   537  0      144   4053
  557    577   469   535  1      144     -1
  558    537   469   577  0      144   1151
  559    537   535   469  0      144   4039
  560    474   454   358  0      145   1339
  561    474   403   454  0      145   3983
  562    358   403   474  0      145   1363
  563    358   454   403  0      145   1395
  564    218   198   188  0      146   1345
  565    218   126   198  0      146   1252
  566    188   126   218  0      146   1249
  567    188   198   126  0      146   1313
  568    605   539   515  0      147   2693
  569    605   514   539  0      147   2684
  570    515   514   605  0      147   2419
  571    515   539   514  0      147   2561
  572    554   639   593  0      148   2610
  573    554   515   639  0      148   2717
  574    593   515   554  0      148   2485
  575    593   639   515  0      148   2500
  576    377   484   413  0      149    549
  577    377   475   484  0      149   1022
  578    413   475   377  1      149     -1
  579    413   484   475  0      149    547
  580    496   500   508  0      150    528
  581    496   415   500  0      150   1681
  582    508   415   496  0      150    526
  583    508   500   415  0      150    164
  584     64   127    92  0      151   2275
  585     64    34   127  0      151   2273
  586     92    34    64  1      151     -1
  587     92   127    34  0      151   2253
  588    198   146   140  0      152   1099
  589    198   217   146  0      152    156
  590    140   217   198  0      152   1702
  591    140   146   217  0      152   1215
  592    707   778   834  0      153    236
  593    707   777   778  0      153   3785
  594    834   777   707  0      153    538
  595    834   778   777  0      153   3645
  596    357   483   431  0      154    802
  597    357   472   483  0      154   2444
  598    431   472   357  0      154   2175
  599    431   483   472  0      154   3532
  600    388   292   409  0      155    953
  601    388   458   292  0      155   2030
  602    409   458   388  0      155   1699
  603    409   292   458  0      155    743
  604    227   146   198  0      156   1331
  605    227   217   146  1      156     -1
  606    198   217   227  0      156   1330
  607    356   272   358  0      157    159
  608    356   387   272  0      157   1382
  609    358   387   356  0      157    422
  610    358   272   387  0      157   1368
  611    287   255   237  0      158   2106
  612    287   329   255  0      158   1967
  613    237   329   287  0      158    258
  614    237   255   329  0      158   2023
  615    218   272   358  0      159   1368
  616    218   356   272  0      159   1414
  617    358   356   218  0      159   1426
  618    287   442   380  0      160   1987
  619    287   379   442  0      160   1863
  620    380   379   287  0      160   1779
  621    380   442   379  0      160   1906
  622    433   461   444  0      161   1753
  623    433   500   461  0      161   2941
  624    444   500   433  0      161   3512
  625    444   461   500  0      161   1305
  626    418   325   339  0      162   1839
  627    418   360   325  1      162     -1
  628    339   360   418  0      162   1812
  629    339   325   360  0      162    311
  630    614   714   564  0      163    970
  631    614   672   714  0      163   2958
  632    564   672   614  0      163   2895
  633    564   714   672  0      163   2935
  634    508   500   492  0      164   2774
  635    492   415   508  0      164   1687
  636    492   500   415  0      164   1671
  637    433   410   479  0      165    482
  638    467   469   484  0      166   4040
  639    467   377   469  0      166    835
  640    484   469   377  0      166   1022
  641     80    70   189  0      167   2102
  642     80   161    70  0      167   2104
  643    189   161    80  0      167    570
  644    189    70   161  0      167   2081
  645    593   667   694  0      168   2680
  646    593   653   667  1      168     -1
  647    694   653   593  0      168    171
  648    694   667   653  0      168    437
  649    178   274   170  0      169    721
  650    178   251   274  0      169    692
  651    170   251   178  0      169    696
  652    170   274   251  0      169    718
  653    292   262   388  0      170   2337
  654    292   273   262  0      170   2359
  655    388   273   292  0      170    953
  656    388   262   273  0      170    572
  657    554   653   593  0      171   3185
  658    554   694   653  0      171   3229
  659    593   694   554  0      171   2680
  660    359   325   339  0      172   1784
  661    339   410   359  0      172   1815
  662    339   325   410  0      172   1839
  663    131   172   237  0      173   1826
  664    131   173   172  0      173   1915
  665    237   173   131  0      173   1344
  666    237   172   173  0      173   1907
  667    582   579   540  0      174   3809
  668    582   478   579  0      174   3619
  669    540   478   582  0      174   3388
  670    540   579   478  0      174   3744
  671    304   364   327  0      175   1748
  672    304   394   364  0      175   1654
  673    327   394   304  0      175    231
  674    327   364   394  0      175   1760
  675    417   514   450  0      176   1970
  676    417   369   514  0      176    413
  677    450   369   417  0      176   2600
  678    450   514   369  0      176   2564
  679    289   296   375  1      177     -1
  680    289   367   296  0      177    305
  681    375   367   289  0      177    733
  682    375   296   367  0      177   2466
  683    909  1024   968  0      178   3425
  684    909  1000  1024  0      178    485
  685    968  1000   909  0      178    342
  686    968  1024  1000  1      178     -1
  687     54   151   125  0      179    656
  688     54   150   151  0      179   1613
  689    125   150    54  0      179   1597
  690    107   169   155  0      180   1612
  691    107   140   169  0      180   1856
  692    155   140   107  0      180   1590
  693    155   169   140  0      180   1644
  694     19    59   133  0      181    220
  695     19     4    59  1      181     -1
  696    133     4    19  0      181    665
  697    133    59     4  0      181    635
  698    462   436   407  0      182   2029
  699    462   460   436  0      182   3549
  700    407   460   462  0      182   2031
  701    407   436   460  0      182   2601
  702    339   410   346  0      183   1798
  703    339   278   410  0      183   1789
  704    346   278   339  0      183   1433
  705    346   410   278  0      183   1685
  706    901   985   917  0      184   2991
  707    901   982   985  0      184   1673
  708    917   982   901  0      184    439
  709    917   985   982  1      184     -1
  710    237   330   255  0      185   2023
  711    242   330   237  0      185   1853
  712    242   255   330  0      185   2085
  713    355   245   286  0      186   1885
  714    355   264   245  0      186   1912
  715    286   264   355  0      186   2008
  716    286   245   264  0      186   1910
  717    586   536   491  0      187   3158
  718    586   618   536  0      187   3265
  719    491   618   586  0      187    348
  720    491   536   618  0      187   3268
  721    189   210   187  0      188   2090
  722    189    90   210  0      188   2123
  723    187    90   189  0      188   2119
  724    187   210    90  0      188   2115
  725    158   251   170  0      189    697
  726    158   208   251  0      189    661
  727    170   208   158  0      189    544
  728    170   251   208  0      189    207
  729    808   827   789  0      190   1481
  730    808   895   827  0      190   4204
  731    789   895   808  0      190   4126
  732    789   827   895  1      190     -1
  733    256   354   338  0      191   2588
  734    256   318   354  0      191   2502
  735    338   318   256  0      191   2251
  736    338   354   318  0      191   2587
  737    193    85   154  1      192     -1
  738    193   124    85  0      192   2197
  739    154   124   193  0      192   2188
  740    154    85   124  0      192   2137
  741    238   174   140  0      193   1861
  742    238   278   174  0      193   1862
  743    140   278   238  0      193   1817
  744    140   174   278  0      193   1840
  745    147    79   134  0      194   1483
  746    147   157    79  0      194   1535
  747    134   157   147  0      194   1508
  748    134    79   157  0      194   1549
  749    515   514   417  0      195   2561
  750    515   466   514  0      195    350
  751    417   466   515  0      195   2562
  752    417   514   466  0      195   1710
  753    593   519   554  0      196   3185
  754    593   476   519  1      196     -1
  755    554   476   593  0      196   2485
  756    554   519   476  0      196   3137
  757     16    71    67  1      197     -1
  758     16   149    71  0      197   2256
  759     67   149    16  0      197   1564
  760     67    71   149  0      197   2260
  761    845   768   748  0      198   3691
  762    845   778   768  0      198   2869
  763    748   778   845  0      198   3764
  764    748   768   778  0      198   3685
  765    305   246   333  0      199    928
  766    305   370   246  0      199    888
  767    333   370   305  0      199    934
  768    333   246   370  0      199    930
  769    509   558   422  0      200   2033
  770    509   442   558  0      200   2662
  771    422   442   509  0      200    371
  772    422   558   442  0      200   3246
  773    430   340   318  0      201   2153
  774    430   354   340  1      201     -1
  775    318   354   430  0      201   2586
  776    611   520   521  1      202     -1
  777    611   598   520  0      202   2759
  778    521   598   611  0      202   2552
  779    521   520   598  0      202   2670
  780    150   108     6  0      203   2148
  781    150    95   108  0      203   2312
  782      6    95   150  0      203   1446
  783      6   108    95  1      203     -1
  784    148   160   211  0      204   2261
  785    148   145   160  0      204   2262
  786    211   145   148  0      204   2240
  787    211   160   145  0      204   2194
  788    956   904   884  0      205   4239
  789    956   854   904  0      205   3642
  790    884   854   956  0      205   3612
  791    884   904   854  0      205    492
  792    343   367   252  0      206    915
  793    343   290   367  0      206    726
  794    252   290   343  0      206    683
  795    252   367   290  0      206   2472
  796    208   204   251  0      207    458
  797    170   204   208  0      207    574
  798    170   251   204  0      207    719
  799    204   296   290  0      208    251
  800    290   367   204  0      208   2469
  801    290   296   367  0      208    305
  802    420   351   417  0      209    277
  803    420   392   351  0      209    637
  804    417   392   420  0      209   2710
  805    417   351   392  0      209   2073
  806    281   195   304  0      210   1514
  807    281   254   195  0      210   1134
  808    304   254   281  0      210   1552
  809    304   195   254  0      210   1158
  810     91   136   168  0      211    601
  811     91   128   136  0      211    590
  812    168   128    91  0      211    457
  813    168   136   128  0      211    791
  814    655   666   584  0      212   3851
  815    683   666   655  0      212   3990
  816    683   584   666  0      212   3799
  817    147   272   134  0      213   1508
  818    147   218   272  0      213   1281
  819    134   218   147  0      213   1213
  820    134   272   218  0      213   1207
  821    133    44    89  0      214   1062
  822    133   171    44  0      214    992
  823     89   171   133  0      214   1038
  824     89    44   171  0      214    605
  825    244   260   331  0      215   1077
  826    244   413   260  1      215     -1
  827    331   413   244  0      215    865
  828    331   260   413  0      215   1078
  829    658   758   652  0      216   3523
  830    658   691   758  0      216   1467
  831    652   691   658  0      216   3399
  832    652   758   691  0      216   3529
  833    137   153   148  0      217   2135
  834    179   153   137  0      217   2129
  835    179   148   153  0      217   1909
  836    496   514   460  0      218   2873
  837    496   369   514  0      218   2564
  838    460   369   496  0      218   2608
  839    460   514   369  0      218    413
  840     52   204    17  0      219    248
  841     52   100   204  0      219    654
  842     17   100    52  1      219     -1
  843     17   204   100  0      219    891
  844    133   138    59  0      220    600
  845     19   138   133  0      220    575
  846    279   352   232  0      221   2346
  847    279   398   352  0      221    701
  848    232   398   279  0      221   2228
  849    232   352   398  0      221   2468
  850    658   591   720  0      222   3826
  851    658   645   591  0      222   3817
  852    720   645   658  0      222   3776
  853    720   591   645  0      222   3806
  854    499   507   487  0      223   4428
  855    499   437   507  0      223   4502
  856    487   507   437  0      223    903
  857    271   192   305  0      224    821
  858    271   259   192  0      224    929
  859    305   259   271  0      224   1054
  860    305   192   259  0      224    246
  861    505   589   509  0      225   3331
  862    505   489   589  0      225   3468
  863    509   489   505  0      225   1808
  864    509   589   489  0      225   3464
  865    285   341   371  0      226   2032
  866    285   401   341  0      226   2086
  867    371   401   285  0      226   2092
  868    371   341   401  0      226   2051
  869    938   872   854  0      227   4284
  870    938   856   872  0      227   4271
  871    854   856   938  0      227    303
  872    854   872   856  0      227   4330
  873    249   351   256  0      228   2597
  874    249   338   351  0      228    292
  875    256   338   249  0      228   2581
  876    256   351   338  0      228   2563
  877     21   115   112  1      229     -1
  878     21   148   115  0      229   2250
  879    112   148    21  0      229   2223
  880    112   115   148  0      229    983
  881    355   380   264  0      230   1936
  882    355   329   380  0      230   1995
  883    264   329   355  0      230   2008
  884    264   380   329  0      230   1988
  885    261   327   394  0      231   1383
  886    304   327   261  0      231   1334
  887    458   333   507  0      232    669
  888    458   431   333  0      232    746
  889    507   431   458  0      232    855
  890    507   333   431  0      232    900
  891    199   254   324  0      233   1536
  892    199   272   254  0      233   1522
  893    324   272   199  0      233   1014
  894    324   254   272  0      233    926
  895    266   312   300  0      234   2592
  896    266   395   312  1      234     -1
  897    300   395   266  0      234   1986
  898    300   312   395  0      234   2026
  899    736   835   748  0      235   3430
  900    736   778   835  0      235   3883
  901    748   778   736  0      235   3393
  902    748   835   778  0      235   3764
  903    834   795   778  0      236   3632
  904    707   795   834  0      236    538
  905    707   778   795  0      236   2939
  906    415   450   388  0      237    681
  907    415   508   450  0      237   2876
  908    388   508   415  0      237   1687
  909    388   450   508  0      237   2345
  910    193   145   124  0      238   2197
  911    193   250   145  0      238   2219
  912    124   250   193  0      238   2198
  913    124   145   250  0      238   2246
  914    493   523   459  0      239   2795
  915    493   592   523  0      239   2727
  916    459   592   493  0      239   2848
  917    459   523   592  0      239   2776
  918    817   833   743  0      240   2743
  919    817   798   833  0      240   2832
  920    743   798   817  0      240   2731
  921    743   833   798  1      240     -1
  922    410   522   455  0      241    409
  923    410   559   522  0      241   3448
  924    455   559   410  0      241   3478
  925    455   522   559  0      241   3241
  926    329   341   401  0      242   1851
  927    329   442   341  0      242   2049
  928    401   442   329  0      242   1997
  929    401   341   442  0      242   1741
  930    185   161   242  0      243   1882
  931    185   189   161  0      243   2081
  932    242   189   185  0      243   2079
  933    242   161   189  0      243   1677
  934    239   187   287  0      244   2054
  935    239   300   187  0      244   2089
  936    287   300   239  0      244   1847
  937    287   187   300  0      244   2112
  938    446   486   561  0      245   2518
  939    446   493   486  0      245   2522
  940    561   493   446  0      245   2492
  941    561   486   493  0      245   2523
  942    305   192   184  0      246    989
  943    184   259   305  0      246   1025
  944    184   192   259  0      246    869
  945    112   148    45  0      247   2161
  946    112   142   148  0      247   2210
  947     45   142   112  0      247   2164
  948     45   148   142  0      247    253
  949     52   170    17  0      248    640
  950     52   204   170  0      248    630
  951     17   170   204  0      248    573
  952    232   317   301  0      249   2445
  953    232   352   317  0      249   2346
  954    301   352   232  0      249   2461
  955    301   317   352  0      249   2294
  956    491   395   423  1      250     -1
  957    491   436   395  0      250   2075
  958    423   436   491  0      250   3266
  959    423   395   436  0      250   2037
  960    290   289   296  0      251    305
  961    204   289   290  0      251    716
  962    204   296   289  0      251    663
  963     45   148    48  0      252   2136
  964     45   153   148  0      252    253
  965     48   153    45  0      252   2130
  966     48   148   153  0      252   2135
  967    153   142    45  0      253   1316
  968    153   148   142  0      253    981
  969    385   399   449  0      254   2577
  970    385   506   399  0      254   2521
  971    449   506   385  0      254   2548
  972    449   399   506  0      254   2189
  973     48    78   137  0      255   2065
  974     48   148    78  0      255   2136
  975    137   148    48  0      255   2135
  976    137    78   148  0      255   2162
  977    300   187   341  0      256   2112
  978    300   288   187  0      256   2114
  979    341   288   300  0      256   2641
  980    341   187   288  0      256   2110
  981    131    25   104  0      257   2116
  982    131   167    25  0      257   2118
  983    104   167   131  0      257   1990
  984    104    25   167  1      257     -1
  985    226   287   237  0      258   2105
  986    226   329   287  0      258   2011
  987    237   329   226  0      258   1886
  988    506   520   477  0      259    310
  989    506   598   520  0      259   2722
  990    477   598   506  0      259   2614
  991    477   520   598  0      259   2527
  992    335   488   411  0      260    430
  993    335   457   488  1      260     -1
  994    411   457   335  0      260    738
  995    411   488   457  0      260   4530
  996    458   555   513  0      261   4331
  997    458   370   555  0      261   4380
  998    513   370   458  0      261    917
  999    513   555   370  0      261   4261
 1000    750   664   702  0      262   3461
 1001    750   681   664  0      262   4523
 1002    702   681   750  0      262   4554
 1003    702   664   681  0      262   2992
 1004    108    15   150  0      263   2312
 1005    108   137    15  0      263   2259
 1006    150   137   108  0      263   2148
 1007    150    15   137  0      263   2342
 1008    132   196    64  0      264   2214
 1009    132   164   196  0      264   2170
 1010     64   164   132  0      264   2208
 1011     64   196   164  0      264   2276
 1012    257   303   288  0      265   2609
 1013    257   210   303  0      265   2621
 1014    288   210   257  0      265   1617
 1015    288   303   210  0      265   2159
 1016    607   562   471  0      266   2969
 1017    607   534   562  0      266   1957
 1018    471   534   607  0      266   3216
 1019    471   562   534  0      266    287
 1020    234   303   137  0      267   2594
 1021    234   210   303  0      267   2406
 1022    137   210   234  0      267    268
 1023    137   303   210  0      267   2629
 1024    210   179   137  0      268   2071
 1025    436   341   287  0      269   1625
 1026    436   442   341  0      269   1741
 1027    287   442   436  0      269   1863
 1028    287   341   442  0      269   2049
 1029    417   369   344  0      270   2600
 1030    417   303   369  0      270   2625
 1031    344   303   417  0      270   2566
 1032    344   369   303  0      270   2606
 1033    417   466   460  0      271   1710
 1034    417   369   466  0      271   2055
 1035    460   369   417  0      271    413
 1036    460   466   369  0      271   2040
 1037    137   179   180  0      272   2058
 1038    137    93   179  0      272   2070
 1039    180    93   137  0      272   2146
 1040    180   179    93  1      272     -1
 1041    407   341   462  0      273   2029
 1042    407   401   341  0      273   2051
 1043    462   401   407  0      273   1672
 1044    462   341   401  0      273   1336
 1045    556   530   615  0      274    684
 1046    556   616   530  0      274   4319
 1047    615   616   556  0      274   3768
 1048    615   530   616  0      274   4368
 1049    538   617   482  0      275   4299
 1050    538   571   617  0      275   4086
 1051    482   571   538  0      275   4390
 1052    482   617   571  1      275     -1
 1053    292   472   388  0      276   2030
 1054    292   357   472  0      276   2175
 1055    388   357   292  0      276   1627
 1056    388   472   357  0      276   2435
 1057    420   318   417  0      277   2589
 1058    420   351   318  0      277   2560
 1059    417   318   351  0      277   2493
 1060    177   160    76  0      278   2314
 1061    177    64   160  0      278   2265
 1062     76    64   177  0      278   2278
 1063     76   160    64  0      278   2234
 1064    295   278   346  0      279   1703
 1065    295   241   278  0      279   1585
 1066    346   241   295  0      279   1327
 1067    346   278   241  0      279   1756
 1068    165   187   189  0      280    603
 1069    189   255   165  0      280   1667
 1070     48   137     6  0      281   2134
 1071     48    13   137  0      281   2149
 1072      6    13    48  1      281     -1
 1073      6   137    13  0      281   2097
 1074    327   407   371  0      282   1708
 1075    327   285   407  0      282   1669
 1076    371   285   327  0      282   1727
 1077    371   407   285  0      282   2032
 1078     92   127   186  0      283    284
 1079     92    40   127  0      283   2253
 1080    186    40    92  0      283   2227
 1081    186   127    40  0      283   2264
 1082    186   160   127  0      284   2163
 1083     92   160   186  0      284   2168
 1084     92   127   160  0      284   2275
 1085    877   830   797  0      285   3906
 1086    877   829   830  0      285   3905
 1087    797   829   877  0      285   3862
 1088    797   830   829  1      285     -1
 1089    443   404   471  0      286   1923
 1090    441   404   443  0      286    374
 1091    441   471   404  0      286    344
 1092    534   470   562  1      287     -1
 1093    471   470   534  0      287   3261
 1094    471   562   470  0      287   3307
 1095    461   414   371  0      288   1678
 1096    461   401   414  0      288    296
 1097    371   401   461  0      288   1714
 1098    717   731   632  0      289   4187
 1099    717   625   731  0      289   2843
 1100    632   625   717  0      289   3767
 1101    632   731   625  0      289    548
 1102    196   212   308  0      290   2209
 1103    243   212   196  0      290   2255
 1104    243   308   212  1      290     -1
 1105    186   249   256  0      291   2231
 1106    186   250   249  0      291   2516
 1107    256   250   186  0      291   2200
 1108    256   249   250  0      291   2581
 1109    337   351   249  0      292   2596
 1110    337   338   351  0      292   2585
 1111    249   338   337  0      292   2578
 1112    234   340   318  0      293   2238
 1113    234   312   340  1      293     -1
 1114    318   312   234  0      293   2392
 1115    318   340   312  0      293   1610
 1116    863   932   800  0      294   3139
 1117    863  1028   932  0      294   3332
 1118    800  1028   863  0      294   3359
 1119    800   932  1028  0      294   3202
 1120     80    84   185  0      295   2014
 1121     80   161    84  0      295   1848
 1122    185   161    80  0      295   2104
 1123    185    84   161  0      295   1472
 1124    509   414   461  0      296   3457
 1125    509   401   414  0      296   1711
 1126    461   401   509  0      296   1689
 1127    763   731   824  0      297    359
 1128    763   717   731  0      297   2833
 1129    824   717   763  0      297   4304
 1130    824   731   717  0      297   4235
 1131    285   268   327  0      298   1727
 1132    285   228   268  0      298   1706
 1133    327   228   285  0      298    944
 1134    327   268   228  0      298   1736
 1135    506   521   515  0      299   2723
 1136    515   420   506  0      299   2692
 1137    515   521   420  0      299    351
 1138    629   639   515  0      300   2715
 1139    629   521   639  1      300     -1
 1140    515   521   629  0      300   2725
 1141    515   639   521  0      300   2714
 1142    597   493   592  0      301   2770
 1143    561   493   597  0      301   2523
 1144    561   592   493  0      301   2463
 1145    648   661   598  0      302   2195
 1146    648   752   661  0      302   2732
 1147    598   752   648  0      302   2728
 1148    598   661   752  0      302   2652
 1149    854   844   938  0      303   4069
 1150    856   844   854  0      303   4207
 1151    856   938   844  0      303   4230
 1152    840   764   706  0      304   4263
 1153    840   763   764  0      304   4325
 1154    706   763   840  0      304   4316
 1155    706   764   763  0      304   4307
 1156    290   289   367  0      305    686
 1157    864   930   882  0      306   3149
 1158    864  1009   930  0      306   2736
 1159    882  1009   864  0      306   3219
 1160    882   930  1009  0      306   3161
 1161    672   552   564  0      307   1665
 1162    672   605   552  0      307   1722
 1163    564   605   672  0      307   2895
 1164    564   552   605  0      307   2924
 1165    492   580   508  0      308   2774
 1166    492   472   580  0      308   1653
 1167    508   472   492  0      308    367
 1168    508   580   472  0      308   1717
 1169    535   553   467  0      309   3672
 1170    535   581   553  0      309   4045
 1171    467   581   535  0      309   4038
 1172    467   553   581  0      309   4295
 1173    477   449   520  0      310   2757
 1174    506   449   477  0      310   2548
 1175    506   520   449  0      310    370
 1176    339   216   360  0      311   1782
 1177    339   325   216  0      311   1867
 1178    360   216   325  1      311     -1
 1179    829   759   847  0      312   3754
 1180    829   792   759  0      312   3392
 1181    847   792   829  0      312   3248
 1182    847   759   792  0      312   3496
 1183    503   551   465  0      313   3782
 1184    503   517   551  0      313   3793
 1185    465   517   503  0      313   3458
 1186    465   551   517  0      313   3798
 1187    240   328   386  1      314     -1
 1188    240   264   328  0      314   1942
 1189    386   328   264  0      314   1616
 1190    817   770   686  0      315   3042
 1191    817   752   770  0      315   3099
 1192    686   752   817  0      315   2699
 1193    686   770   752  0      315   3037
 1194    573   646   691  0      316   3573
 1195    573   599   646  0      316   3414
 1196    691   599   573  0      316    387
 1197    691   646   599  0      316   2949
 1198    674   632   580  0      317    421
 1199    674   646   632  0      317   4255
 1200    580   646   674  0      317   2803
 1201    580   632   646  0      317   3520
 1202    435   416   411  0      318    330
 1203    435   499   416  0      318   4409
 1204    411   416   499  0      318    812
 1205    710   770   686  0      319   3037
 1206    710   698   770  0      319   2674
 1207    686   698   710  0      319   2735
 1208    686   770   698  0      319   2974
 1209    698   794   739  0      320   3111
 1210    698   639   794  1      320     -1
 1211    739   639   698  0      320   2678
 1212    739   794   639  0      320   3019
 1213    502   574   578  1      321     -1
 1214    502   493   574  0      321    567
 1215    578   493   502  0      321   2478
 1216    578   574   493  0      321    564
 1217    367   411   251  0      322    477
 1218    367   274   411  0      322    723
 1219    251   274   367  0      322    724
 1220    251   411   274  0      322    736
 1221    886   810   831  0      323   3349
 1222    886   804   810  1      323     -1
 1223    831   804   886  0      323   3337
 1224    831   810   804  0      323   2672
 1225    600   711   651  0      324   4276
 1226    600   631   711  0      324   4198
 1227    651   631   600  0      324   2785
 1228    651   711   631  0      324   2762
 1229    181   197   273  0      325    939
 1230    181   144   197  0      325   1000
 1231    273   144   181  0      325   1101
 1232    273   197   144  0      325    947
 1233    429   396   352  0      326   2152
 1234    367   396   429  0      326   2211
 1235    367   352   396  0      326    704
 1236    334   416   297  0      327    435
 1237    334   251   416  0      327    762
 1238    297   416   251  0      327    828
 1239    100    83   132  1      328     -1
 1240    100   204    83  0      328    891
 1241    132   204   100  0      328   2258
 1242    132    83   204  0      328   2222
 1243    139   171   271  0      329   1076
 1244    139   192   171  0      329   1043
 1245    271   192   139  0      329    929
 1246    411   334   416  0      330    762
 1247    435   334   411  0      330    772
 1248    435   416   334  0      330    807
 1249    800   792   729  0      331    382
 1250    800   767   792  0      331    483
 1251    729   767   800  0      331   3341
 1252    729   792   767  0      331   3501
 1253    473   476   521  1      332     -1
 1254    420   476   473  0      332   2156
 1255    420   521   476  0      332    351
 1256    888   930   864  0      333   3148
 1257    888  1015   930  0      333   3153
 1258    864  1015   888  1      333     -1
 1259    864   930  1015  0      333    914
 1260    893  1001   828  0      334   2780
 1261    893   862  1001  0      334    340
 1262    828   862   893  0      334   4520
 1263    828  1001   862  0      334   3028
 1264    811   868   834  0      335   3890
 1265    811   777   868  0      335   3949
 1266    834   777   811  0      335   3645
 1267    834   868   777  0      335   4132
 1268    647   773   725  1      336     -1
 1269    647   735   773  0      336   2975
 1270    725   735   647  0      336   2786
 1271    725   773   735  0      336   2944
 1272    686   659   597  0      337   1670
 1273    686   592   659  0      337   2155
 1274    597   592   686  0      337   2696
 1275    597   659   592  0      337   2464
 1276    606   664   526  0      338   4552
 1277    606   601   664  0      338   4493
 1278    526   601   606  0      338   4495
 1279    526   664   601  0      338   4553
 1280    705   766   693  0      339   3009
 1281    705   692   766  0      339   4548
 1282    693   766   692  0      339   4474
 1283    966  1001   893  0      340    358
 1284    966   862  1001  0      340   2459
 1285    893   862   966  0      340   4595
 1286    886   878   912  0      341   3369
 1287    886   987   878  0      341   3370
 1288    912   987   886  0      341   3350
 1289    912   878   987  0      341    417
 1290    898   909   968  1      342     -1
 1291    898  1000   909  0      342   3429
 1292    968  1000   898  0      342   3389
 1293    293   314   348  0      343    596
 1294    293   280   314  0      343    592
 1295    348   280   293  0      343    781
 1296    348   314   280  1      343     -1
 1297    404   498   471  0      344   1832
 1298    441   498   404  1      344     -1
 1299    299   291   368  1      345     -1
 1300    299   358   291  0      345   1427
 1301    368   358   299  0      345   1392
 1302    460   514   554  0      346   2642
 1303    460   466   514  0      346   1710
 1304    554   466   460  0      346   3250
 1305    554   514   466  0      346    350
 1306    614   775   665  0      347   2956
 1307    614   714   775  0      347   2958
 1308    665   714   614  0      347   2889
 1309    665   775   714  0      347   2963
 1310    618   519   491  1      348     -1
 1311    618   586   519  0      348   3105
 1312    491   519   586  0      348   3196
 1313    823   875   864  0      349    379
 1314    823   882   875  0      349   2945
 1315    864   882   823  0      349   3083
 1316    864   875   882  0      349   3219
 1317    554   514   515  0      350   2419
 1318    515   466   554  0      350   2636
 1319    515   476   420  0      351   2072
 1320    515   521   476  0      351   2714
 1321    110    24   211  0      352   2373
 1322    110   148    24  0      352   2321
 1323    211   148   110  0      352   2025
 1324    211    24   148  0      352   2319
 1325    785   767   859  1      353     -1
 1326    785   800   767  0      353   3341
 1327    859   800   785  0      353   3361
 1328    859   767   800  0      353    483
 1329    885   955   855  0      354   2067
 1330    885   882   955  0      354   3132
 1331    855   882   885  0      354   3068
 1332    855   955   882  0      354   3567
 1333    680   746   724  0      355   3078
 1334    680   704   746  0      355   2840
 1335    724   704   680  0      355   2896
 1336    724   746   704  0      355   2943
 1337    749   654   640  0      356   3172
 1338    749   608   654  0      356   3260
 1339    640   608   749  0      356   3288
 1340    640   654   608  0      356    360
 1341    995   955   885  0      357   2067
 1342    995   982   955  1      357     -1
 1343    885   982   995  0      357   2967
 1344    885   955   982  0      357   2160
 1345    966  1001   923  1      358     -1
 1346    923   893   966  0      358   2998
 1347    923  1001   893  0      358   2780
 1348    706   731   824  0      359   4349
 1349    706   763   731  0      359   2833
 1350    824   763   706  0      359   4316
 1351    536   654   608  0      360   3290
 1352    536   640   654  0      360   3193
 1353    608   640   536  0      360   3263
 1354    341   362   332  0      361   2004
 1355    341   300   362  0      361   2039
 1356    332   300   341  0      361   2001
 1357    332   362   300  0      361   2046
 1358    949   819   851  0      362   3579
 1359    949   849   819  0      362   3610
 1360    851   849   949  0      362   1822
 1361    851   819   849  0      362   3557
 1362    409   560   458  0      363    749
 1363    409   497   560  0      363    499
 1364    458   497   409  0      363    858
 1365    458   560   497  0      363   4186
 1366    846   784   891  0      364   3204
 1367    846   821   784  0      364    412
 1368    891   821   846  0      364   3189
 1369    891   784   821  1      364     -1
 1370    339   427   286  0      365   1690
 1371    286   330   339  0      365   1502
 1372    286   427   330  0      365   1833
 1373    855   815   775  0      366   2882
 1374    855   885   815  0      366   3068
 1375    775   885   855  0      366   2883
 1376    775   815   885  0      366   3130
 1377    508   472   388  0      367   2345
 1378    388   492   508  0      367   1687
 1379    388   472   492  0      367   1458
 1380     58    43   102  1      368     -1
 1381     58   172    43  0      368   1932
 1382    102   172    58  0      368   1903
 1383    102    43   172  0      368   1914
 1384    472   587   508  0      369   1717
 1385    472   483   587  0      369   2801
 1386    508   483   472  0      369   2397
 1387    508   587   483  0      369    565
 1388    473   520   449  1      370     -1
 1389    473   506   520  0      370   2722
 1390    449   506   473  0      370   2189
 1391    401   442   509  0      371   1744
 1392    401   422   442  0      371   1997
 1393    509   422   401  0      371   1711
 1394    287   436   379  0      372   1863
 1395    287   332   436  0      372   1625
 1396    379   332   287  0      372   1692
 1397    379   436   332  0      372   1652
 1398    855  1016   822  0      373   3551
 1399    855   857  1016  0      373   3275
 1400    822   857   855  0      373   3284
 1401    822  1016   857  0      373   3621
 1402    441   404   386  0      374   1128
 1403    386   443   441  0      374   1980
 1404    386   404   443  0      374   1607
 1405    330   329   401  0      375   2084
 1406    330   422   329  0      375   1991
 1407    401   422   330  0      375   1750
 1408    401   329   422  0      375   1997
 1409    657   682   708  1      376     -1
 1410    657   690   682  0      376   3294
 1411    708   690   657  1      376     -1
 1412    708   682   690  0      376   1937
 1413    846   787   882  0      377   2927
 1414    846   823   787  0      377   3237
 1415    882   823   846  0      377   2945
 1416    882   787   823  0      377   3173
 1417    230   293   138  1      378     -1
 1418    230   136   293  0      378    760
 1419    138   136   230  0      378    699
 1420    138   293   136  0      378    768
 1421    747   875   864  1      379     -1
 1422    747   823   875  0      379   3154
 1423    864   823   747  0      379   3102
 1424    887   886   987  0      380   3354
 1425    887   908   886  0      380   3339
 1426    987   908   887  0      380   3211
 1427    987   886   908  0      380   3080
 1428    414   522   433  0      381   1959
 1429    414   410   522  0      381   3203
 1430    433   522   410  0      381    482
 1431    800   722   729  0      382   3456
 1432    800   792   722  0      382   2928
 1433    729   722   792  0      382   3501
 1434    963  1025   891  0      383   2663
 1435    963   908  1025  0      383    486
 1436    891   908   963  0      383   2679
 1437    891  1025   908  0      383   3187
 1438    573   619   522  0      384   1680
 1439    573   658   619  0      384   1752
 1440    522   658   573  0      384   3432
 1441    522   619   658  0      384   3178
 1442    800   785   729  0      385   3341
 1443    800   738   785  0      385   3361
 1444    729   738   800  0      385   3456
 1445    729   785   738  0      385   3358
 1446    592   659   721  0      386   2763
 1447    592   724   659  0      386   2155
 1448    721   724   592  0      386   2831
 1449    721   659   724  0      386   2697
 1450    691   685   573  0      387   3487
 1451    691   599   685  0      387   2949
 1452    573   685   599  0      387   3524
 1453    880  1000   932  0      388   3382
 1454    880   994  1000  0      388    427
 1455    932   994   880  0      388   3352
 1456    932  1000   994  1      388     -1
 1457    831   730   793  0      389   3278
 1458    831   804   730  0      389   3269
 1459    793   804   831  0      389   3119
 1460    793   730   804  1      389     -1
 1461    889   892   845  0      390   3676
 1462    889   822   892  0      390   2981
 1463    845   822   889  0      390   3306
 1464    845   892   822  0      390   3616
 1465    350   238   278  0      391   1732
 1466    350   325   238  1      391     -1
 1467    278   325   350  0      391   1783
 1468    278   238   325  0      391   1342
 1469    738   624   607  0      392   3447
 1470    738   663   624  0      392   3164
 1471    607   663   738  0      392   3316
 1472    607   624   663  0      392   1302
 1473    995   919   832  0      393   3617
 1474    995   855   919  0      393   3603
 1475    832   855   995  0      393   2983
 1476    832   919   855  0      393   3151
 1477    540   632   497  0      394    489
 1478    540   625   632  0      394   2900
 1479    497   625   540  0      394    841
 1480    497   632   625  0      394    400
 1481    796   809   816  0      395   4293
 1482    796   728   809  0      395   2986
 1483    816   728   796  0      395   2994
 1484    816   809   728  0      395   4184
 1485    915  1014   881  0      396   3920
 1486    915   945  1014  1      396     -1
 1487    881   945   915  0      396   3956
 1488    881  1014   945  0      396   1400
 1489    575   607   654  0      397   3311
 1490    575   684   607  0      397   3351
 1491    654   684   575  0      397   3486
 1492    654   607   684  0      397   1993
 1493    588   682   657  1      398     -1
 1494    588   607   682  0      398   1979
 1495    657   607   588  0      398   3217
 1496    657   682   607  0      398   3294
 1497    575   607   518  0      399   1799
 1498    575   471   607  0      399   3216
 1499    518   471   575  0      399   2000
 1500    518   607   471  0      399   2969
 1501    625   560   632  0      400   4348
 1502    497   560   625  0      400    961
 1503    497   632   560  0      400   3509
 1504    749   730   733  0      401   3259
 1505    749   793   730  0      401   3278
 1506    733   793   749  0      401   3283
 1507    733   730   793  1      401     -1
 1508    765   730   689  0      402    404
 1509    765   749   730  0      402   2041
 1510    689   749   765  0      402   2917
 1511    689   730   749  0      402   3259
 1512    987   878  1007  0      403    417
 1513    987  1011   878  0      403   3304
 1514   1007  1011   987  1      403     -1
 1515   1007   878  1011  1      403     -1
 1516    689   654   730  0      404   1971
 1517    765   654   689  0      404   2917
 1518    765   730   654  0      404    423
 1519    705   650   719  0      405   4193
 1520    705   786   650  0      405   4116
 1521    719   786   705  0      405   4587
 1522    719   650   786  0      405   2847
 1523    667   739   694  0      406   2721
 1524    667   747   739  0      406   3090
 1525    694   747   667  0      406    437
 1526    694   739   747  0      406   2664
 1527    327   461   371  0      407   1565
 1528    327   415   461  0      407   1766
 1529    371   415   327  0      407   1708
 1530    371   461   415  0      407    940
 1531    285   341   342  0      408   1618
 1532    285   407   341  0      408   2032
 1533    342   407   285  0      408   1669
 1534    342   341   407  0      408   2154
 1535    479   522   455  0      409   3813
 1536    479   410   522  0      409    482
 1537    455   410   479  0      409   1772
 1538    831   738   765  0      410    434
 1539    831   730   738  0      410   3269
 1540    765   730   831  0      410   2041
 1541    765   738   730  0      410    423
 1542    943   872  1004  0      411   3719
 1543    943   904   872  0      411   4127
 1544   1004   904   943  0      411   4234
 1545   1004   872   904  0      411   4285
 1546    784   749   821  0      412   2916
 1547    784   846   749  0      412   3150
 1548    821   749   846  0      412   2669
 1549    460   514   417  0      413   1710
 1550    890   980   838  0      414   3648
 1551    890   983   980  0      414   3663
 1552    838   983   890  0      414   3939
 1553    838   980   983  1      414     -1
 1554    197    38   190  0      415    620
 1555    197   111    38  0      415    853
 1556    190   111   197  0      415   1024
 1557    190    38   111  0      415   1016
 1558    431   532   507  0      416   4524
 1559    431   544   532  0      416    846
 1560    507   544   431  0      416    855
 1561    507   532   544  0      416   4468
 1562    912   878  1007  1      417     -1
 1563   1007   987   912  0      417   3344
 1564     81   119   129  0      418   1844
 1565     81    39   119  0      418   1874
 1566    129    39    81  0      418   1871
 1567    129   119    39  0      418   1849
 1568    658   758   792  0      419   3481
 1569    658   722   758  0      419   1124
 1570    792   722   658  0      419   3493
 1571    792   758   722  0      419   2928
 1572    852  1029   969  0      420   4616
 1573    852   940  1029  0      420   4645
 1574    969   940   852  0      420   4657
 1575    969  1029   940  1      420     -1
 1576    656   632   580  0      421   3418
 1577    656   674   632  0      421   4339
 1578    454   356   358  0      422   1394
 1579    454   387   356  0      422   1379
 1580    765   738   654  0      423   3213
 1581    654   738   730  0      423   1971
 1582    387   356   324  0      424   1382
 1583    387   440   356  0      424   1379
 1584    324   440   387  0      424   1080
 1585    324   356   440  0      424   1372
 1586    365   413   434  0      425    861
 1587    365   384   413  0      425    839
 1588    434   384   365  0      425    850
 1589    434   413   384  0      425    866
 1590    505   427   489  0      426   3488
 1591    505   422   427  0      426   1949
 1592    489   422   505  0      426   1808
 1593    489   427   422  0      426   1836
 1594    994   959   880  0      427   3613
 1595    994  1000   959  1      427     -1
 1596    880   959  1000  0      427   3559
 1597    851   857   949  0      428   3579
 1598    851   846   857  0      428   3589
 1599    949   846   851  0      428   3140
 1600    949   857   846  0      428   3441
 1601    649   603   613  0      429   2654
 1602    649   539   603  0      429    440
 1603    613   539   649  0      429   2660
 1604    613   603   539  0      429   2653
 1605    335   435   411  0      430    772
 1606    335   488   435  1      430     -1
 1607    970   893   971  0      431   2165
 1608    970   901   893  0      431   4267
 1609    971   901   970  0      431   2953
 1610    971   893   901  0      431   3067
 1611    141    23    58  0      432   1933
 1612    141   172    23  0      432   1890
 1613     58   172   141  0      432   1791
 1614     58    23   172  0      432   1932
 1615    587   576   665  0      433    739
 1616    587   614   576  0      433   2861
 1617    665   614   587  0      433   2889
 1618    765   863   738  0      434   3205
 1619    831   863   765  0      434   3188
 1620    831   738   863  0      434   3348
 1621    293   416   297  0      435    833
 1622    297   334   293  1      435     -1
 1623     39    84    28  1      436     -1
 1624     39   119    84  0      436   1880
 1625     28   119    39  0      436   1874
 1626     28    84   119  0      436    462
 1627    653   747   667  1      437     -1
 1628    694   747   653  0      437   2677
 1629    402   482   468  0      438    782
 1630    402   511   482  1      438     -1
 1631    468   511   402  0      438    801
 1632    468   482   511  0      438   4333
 1633    982   901   885  0      439   2957
 1634    885   917   982  0      439   2967
 1635    885   901   917  0      439   2783
 1636    649   614   603  0      440   2713
 1637    539   614   649  0      440   2871
 1638    539   603   614  0      440   1718
 1639    324   383   428  0      441   1438
 1640    324   376   383  0      441   1510
 1641    428   383   376  0      441   1453
 1642    748   768   753  0      442   3691
 1643    748   691   768  0      442   3684
 1644    753   691   748  0      442   3415
 1645    753   768   691  0      442    475
 1646    849   892   845  0      443   3391
 1647    849  1023   892  0      443   3286
 1648    845  1023   849  0      443   3340
 1649    845   892  1023  0      443   3578
 1650    614   564   514  0      444    476
 1651    614   605   564  0      444   2895
 1652    514   605   614  0      444   2802
 1653    514   564   605  0      444   2924
 1654   1008   850   817  0      445   3014
 1655   1008   833   850  0      445   3095
 1656    817   833  1008  0      445   3041
 1657    817   850   833  0      445   2750
 1658    450   483   357  0      446   2451
 1659    450   336   483  0      446    899
 1660    357   336   450  0      446    783
 1661    357   483   336  0      446   2444
 1662    765   800   863  0      447   3205
 1663    765   851   800  0      447   3497
 1664    863   851   765  0      447   3188
 1665    863   800   851  0      447   3190
 1666    575   589   652  0      448   1962
 1667    575   558   589  0      448   1973
 1668    652   558   575  0      448   2908
 1669    652   589   558  0      448   3329
 1670    451   567   444  0      449   2925
 1671    451   497   567  0      449   1262
 1672    444   497   451  0      449   1499
 1673    444   567   497  0      449   3660
 1674    720   736   748  0      450   3430
 1675    720   645   736  0      450   3806
 1676    748   645   720  0      450   3503
 1677    748   736   645  0      450   3756
 1678    826   769   832  0      451   4278
 1679    826   714   769  0      451   2937
 1680    832   714   826  0      451   2675
 1681    832   769   714  0      451    552
 1682    724   837   746  0      452   3070
 1683    724   770   837  0      452   3115
 1684    746   770   724  0      452   3078
 1685    746   837   770  0      452   3069
 1686    959   892   927  0      453   3637
 1687    959   849   892  0      453   3286
 1688    927   849   959  0      453   3615
 1689    927   892   849  0      453   3629
 1690    125   161    20  0      454    955
 1691    125    80   161  0      454   1447
 1692     20    80   125  0      454   1525
 1693    601   681   643  0      455   3000
 1694    601   569   681  0      455   2809
 1695    643   569   601  0      455   4145
 1696    643   681   569  1      455     -1
 1697    391   438   311  0      456    887
 1698    391   501   438  0      456   1181
 1699    311   501   391  0      456   1184
 1700    311   438   501  0      456   1171
 1701    168    94    91  1      457     -1
 1702    168   128    94  0      457    585
 1703     91    94   128  0      457   1049
 1704    251   289   204  0      458    716
 1705    251   208   289  0      458    608
 1706    204   289   208  0      458    663
 1707    306   278   350  0      459   1814
 1708    350   217   306  0      459   1428
 1709    350   278   217  0      459   1732
 1710    880   849   800  0      460   3407
 1711    880   792   849  0      460   3201
 1712    800   792   880  0      460   3330
 1713    800   849   792  0      460   3421
 1714    676   816   665  0      461   2966
 1715    676   726   816  0      461   2931
 1716    665   726   676  0      461   2852
 1717    665   816   726  0      461   2980
 1718    119    80    84  0      462   1848
 1719     28    80   119  0      462   1881
 1720     28    84    80  1      462     -1
 1721    671   677   780  0      463   4043
 1722    671   615   677  0      463   4407
 1723    780   615   671  0      463   4387
 1724    780   677   615  0      463   4424
 1725    201   404   264  0      464   1693
 1726    201   326   404  1      464     -1
 1727    264   326   201  0      464   1953
 1728    264   404   326  0      464   1701
 1729    908  1017  1025  0      465    486
 1730    908   987  1017  0      465   3211
 1731   1025   987   908  0      465   3342
 1732   1025  1017   987  1      465     -1
 1733    286   245   277  0      466   1885
 1734    286   202   245  0      466   1911
 1735    277   202   286  0      466   1892
 1736    277   245   202  1      466     -1
 1737    772   812   709  0      467   4055
 1738    772   789   812  0      467   4143
 1739    709   789   772  1      467     -1
 1740    709   812   789  0      467    551
 1741    973   993  1004  1      468     -1
 1742    973   904   993  0      468   3252
 1743   1004   904   973  0      468   4285
 1744   1004   993   904  0      468    734
 1745    169   268   194  0      469   1679
 1746    169   295   268  0      469   1715
 1747    194   295   169  0      469   1639
 1748    194   268   295  0      469   1684
 1749    241   254   356  0      470   1489
 1750    241   376   254  0      470   1520
 1751    356   376   241  0      470   1015
 1752    275   381   259  0      471   1517
 1753    275   406   381  0      471    960
 1754    259   406   275  0      471    968
 1755    259   381   406  0      471   1496
 1756    573   522   509  0      472   1950
 1757    573   489   522  0      472   3471
 1758    509   489   573  0      472   3464
 1759    509   522   489  0      472   3295
 1760    863   994   908  0      473   3403
 1761    863   949   994  0      473   3364
 1762    908   949   863  0      473   3184
 1763    908   994   949  0      473    484
 1764    759   736   847  0      474   3754
 1765    759   720   736  0      474   1456
 1766    847   720   759  0      474   3496
 1767    847   736   720  0      474   3869
 1768    691   646   768  0      475   3684
 1769    753   646   691  0      475   1705
 1770    753   768   646  0      475   3657
 1771    614   564   450  0      476   2881
 1772    450   514   614  0      476   2867
 1773    450   564   514  0      476   2859
 1774    335   411   251  0      477    606
 1775    335   367   411  0      477    618
 1776    251   367   335  0      477    732
 1777    938   943   856  0      478   4271
 1778    938  1013   943  1      478     -1
 1779    856  1013   938  0      478   4230
 1780    856   943  1013  0      478   2626
 1781    845   835   790  0      479   3634
 1782    845   847   835  0      479   3699
 1783    790   847   845  0      479   3424
 1784    790   835   847  0      479   3689
 1785    973   840   879  0      480   3901
 1786    973   907   840  0      480   4217
 1787    879   907   973  0      480   3024
 1788    879   840   907  0      480   2777
 1789    965   935   882  0      481   3576
 1790    965   857   935  0      481   3088
 1791    882   857   965  0      481   3587
 1792    882   935   857  0      481   3565
 1793    433   522   479  0      482   3521
 1794    859   792   800  0      483   3383
 1795    859   767   792  0      483   3303
 1796    949   987   994  1      484     -1
 1797    908   987   949  0      484   3342
 1798    908   994   987  0      484   3403
 1799    909   847  1024  0      485   3390
 1800   1000   847   909  0      485   3427
 1801   1000  1024   847  0      485   3200
 1802   1025   963  1017  1      486     -1
 1803    908  1017   963  0      486   3338
 1804    218   198   117  0      487   1252
 1805    218   147   198  0      487   1119
 1806    117   147   218  0      487   1213
 1807    117   198   147  0      487   1354
 1808    504   438   537  0      488   1175
 1809    504   501   438  0      488   1177
 1810    537   501   504  0      488   3962
 1811    537   438   501  0      488   1181
 1812    497   567   632  0      489   3509
 1813    540   567   497  0      489   1262
 1814    540   632   567  0      489   3531
 1815    426   373   347  0      490    886
 1816    347   391   426  0      490    986
 1817    347   373   391  0      490   1199
 1818    799   900   777  0      491   4052
 1819    799   842   900  0      491   4004
 1820    777   842   799  0      491   4103
 1821    777   900   842  0      491   4074
 1822    854   860   904  0      492   4211
 1823    884   860   854  0      492   4123
 1824    884   904   860  0      492   4239
 1825    333   292   252  0      493    512
 1826    333   431   292  0      493    746
 1827    252   431   333  0      493    619
 1828    252   292   431  0      493   1606
 1829    580   560   492  0      494   3556
 1830    580   567   560  0      494   2863
 1831    492   567   580  0      494   3534
 1832    492   560   567  0      494   3675
 1833    827   844   791  0      495   4120
 1834    827   911   844  0      495   4177
 1835    791   911   827  1      495     -1
 1836    791   844   911  0      495   4189
 1837     64    73   132  0      496   2214
 1838     64    17    73  1      496     -1
 1839    132    17    64  0      496   2187
 1840    132    73    17  0      496   2226
 1841    346   376   356  0      497   1452
 1842    346   465   376  0      497   1436
 1843    356   465   346  0      497   1355
 1844    356   376   465  0      497   1323
 1845    582   517   594  0      498    639
 1846    582   501   517  0      498   3442
 1847    594   501   582  0      498   4002
 1848    594   517   501  0      498   3763
 1849    497   560   492  0      499   2667
 1850    492   409   497  0      499    594
 1851    492   560   409  0      499    749
 1852    542   630   537  0      500   3992
 1853    542   504   630  1      500     -1
 1854    537   504   542  0      500   3962
 1855    537   630   504  0      500   3989
 1856    302   271   253  0      501   1067
 1857    302   365   271  0      501    643
 1858    253   365   302  0      501    842
 1859    253   271   365  0      501    859
 1860    565   516   455  0      502   2922
 1861    565   447   516  1      502     -1
 1862    455   447   565  0      502   3480
 1863    455   516   447  0      502   3778
 1864    487   463   434  0      503   4410
 1865    487   397   463  0      503    876
 1866    406   347   276  0      504    516
 1867    406   259   347  0      504    968
 1868    276   259   406  0      504   1021
 1869    276   347   259  0      504   1147
 1870    806   901   816  0      505   3015
 1871    806   832   901  0      505    911
 1872    816   832   806  0      505   2921
 1873    816   901   832  0      505   4237
 1874    371   268   242  0      506   1374
 1875    371   363   268  0      506   1764
 1876    242   363   371  0      506   1028
 1877    242   268   363  0      506   1408
 1878    911   839   913  0      507   4008
 1879    911  1002   839  0      507   4061
 1880    913  1002   911  0      507   4163
 1881    913   839  1002  0      507   4658
 1882    892   867   845  0      508   3676
 1883    892   962   867  0      508   3694
 1884    845   962   892  0      508   3591
 1885    845   867   962  0      508   3820
 1886    292   197   190  0      509    982
 1887    292   144   197  0      509    947
 1888    190   144   292  0      509    985
 1889    190   197   144  0      509    976
 1890    537   553   581  0      510   4045
 1891    537   627   553  0      510   4041
 1892    581   627   537  0      510   4064
 1893    581   553   627  0      510   4042
 1894    561   506   597  0      511   2477
 1895    561   486   506  0      511   2556
 1896    597   486   561  0      511   2523
 1897    597   506   486  0      511   2685
 1898    190   292   252  0      512    985
 1899    190   333   292  0      512    982
 1900    347   391   428  0      513   1193
 1901    347   467   391  0      513    986
 1902    428   467   347  0      513    990
 1903    428   391   467  0      513   1172
 1904    889   824   867  0      514   3498
 1905    889   860   824  0      514   4240
 1906    867   860   889  0      514   3700
 1907    867   824   860  0      514   3705
 1908    366   347   236  0      515   1200
 1909    366   263   347  0      515   1122
 1910    236   263   366  1      515     -1
 1911    236   347   263  0      515    864
 1912    377   347   276  0      516    873
 1913    377   406   347  0      516   1072
 1914    276   406   377  0      516    879
 1915    260   263   276  0      517   1109
 1916    260   377   263  1      517     -1
 1917    276   377   260  0      517    798
 1918    276   263   377  0      517   1148
 1919    647   662   523  0      518   2820
 1920    647   644   662  0      518    595
 1921    523   644   647  0      518   2827
 1922    523   662   644  0      518   2834
 1923    832   855   714  0      519   2675
 1924    832   775   855  0      519   2883
 1925    714   775   832  0      519    552
 1926    714   855   775  0      519   2973
 1927    467   426   366  0      520   1170
 1928    467   347   426  0      520    986
 1929    366   347   467  0      520   1106
 1930    366   426   347  0      520    886
 1931    679   789   709  1      521     -1
 1932    679   732   789  0      521   4395
 1933    709   789   732  0      521    551
 1934    275   324   311  0      522   1198
 1935    311   199   275  0      522   1287
 1936    311   324   199  0      522   1283
 1937    431   528   437  0      523   4535
 1938    431   507   528  0      523   4524
 1939    437   507   431  0      523    840
 1940    437   528   507  0      523    659
 1941    619   645   522  0      524   3816
 1942    619   559   645  0      524   3775
 1943    522   559   619  0      524   3178
 1944    522   645   559  0      524   1328
 1945    376   241   389  0      525   1523
 1946    376   346   241  0      525   1145
 1947    389   346   376  0      525   1436
 1948    389   241   346  0      525   1327
 1949    415   564   508  0      526   2876
 1950    415   496   564  0      526    880
 1951    508   564   496  0      526    528
 1952    576   603   539  0      527   1718
 1953    576   495   603  0      527    875
 1954    539   495   576  0      527   2887
 1955    539   603   495  0      527   2874
 1956    496   500   564  0      528   1545
 1957    508   564   500  0      528   2705
 1958    660   671   581  0      529   4026
 1959    660   732   671  0      529   4063
 1960    581   732   660  0      529   1164
 1961    581   671   732  0      529   4098
 1962    974   900   884  0      530    810
 1963    974   834   900  0      530    532
 1964    884   834   974  0      530   2989
 1965    884   900   834  0      530   4133
 1966    503   516   547  0      531   3831
 1967    503   432   516  0      531   3805
 1968    547   432   503  0      531   1180
 1969    547   516   432  1      531     -1
 1970    868   900   974  0      532   4100
 1971    868   834   900  0      532   4132
 1972    974   834   868  0      532   2962
 1973    816   796   832  0      533   4273
 1974    816   907   796  0      533   4293
 1975    832   907   816  0      533   4237
 1976    832   796   907  0      533   4277
 1977    981   904   956  0      534   4233
 1978    981  1004   904  0      534    734
 1979    956  1004   981  1      534     -1
 1980    956   904  1004  0      534   3642
 1981    662   664   600  0      535   4357
 1982    662   711   664  0      535   4521
 1983    600   711   662  0      535   4198
 1984    600   664   711  0      535   2836
 1985    934   844   920  0      536   3917
 1986    934   827   844  0      536   4177
 1987    920   827   934  0      536   4095
 1988    920   844   827  0      536   4192
 1989    953   868   881  0      537   2429
 1990    953   986   868  0      537   1479
 1991    881   986   953  0      537   3929
 1992    881   868   986  0      537   3914
 1993    795   777   707  0      538   3733
 1994    795   834   777  0      538   3651
 1995    456   353   494  1      539     -1
 1996    456   425   353  0      539    759
 1997    494   425   456  0      539   4515
 1998    494   353   425  1      539     -1
 1999    353   314   293  0      540    596
 2000    353   425   314  0      540    759
 2001    293   425   353  1      540     -1
 2002    293   314   425  0      540    815
 2003    271   171   213  0      541   1076
 2004    128   171   271  0      541    997
 2005    128   213   171  0      541    555
 2006    437   526   411  0      542   4508
 2007    437   499   526  0      542   4502
 2008    411   526   499  0      542   4529
 2009    523   528   429  0      543   4496
 2010    523   459   528  0      543   4531
 2011    429   459   523  0      543   2424
 2012    429   528   459  0      543   4539
 2013    135   158   170  0      544    636
 2014    135   208   158  1      544     -1
 2015    170   208   135  0      544    574
 2016    899   950   873  0      545   2913
 2017    899   833   950  1      545     -1
 2018    873   833   899  0      545   2650
 2019    873   950   833  0      545   3050
 2020    839   896   836  0      546   4600
 2021    839  1029   896  0      546   4667
 2022    836  1029   839  0      546   4643
 2023    836   896  1029  0      546   4671
 2024    413   484   434  0      547    885
 2025    434   475   413  0      547    806
 2026    434   484   475  0      547    883
 2027    632   731   656  0      548   4339
 2028    656   625   632  0      548   3741
 2029    656   731   625  0      548   2842
 2030    413   331   484  0      549    885
 2031    377   331   413  0      549   1078
 2032    377   484   331  0      549    757
 2033    949   851  1025  0      550   3182
 2034    949   908   851  0      550   3184
 2035   1025   908   949  0      550   3342
 2036   1025   851   908  0      550   3199
 2037    789   732   812  0      551   4018
 2038    709   812   732  0      551   4060
 2039    769   775   832  0      552   2960
 2040    769   714   775  0      552   2964
 2041    581   556   545  0      553   4068
 2042    581   553   556  0      553   4295
 2043    545   553   581  0      553   4029
 2044    545   556   553  0      553   4373
 2045    434   484   331  0      554    885
 2046    434   406   484  0      554    882
 2047    331   406   434  0      554    927
 2048    331   484   406  0      554    757
 2049    171   121   213  0      555   1075
 2050    128   121   171  0      555   1073
 2051    128   213   121  0      555    628
 2052    177   232   279  0      556   2361
 2053    177   196   232  0      556   2332
 2054    279   196   177  0      556   2283
 2055    279   232   196  0      556   2473
 2056    701   572   638  1      557     -1
 2057    701   622   572  1      557     -1
 2058    638   622   701  0      557    730
 2059    638   572   622  0      557   4166
 2060    735   813   725  0      558   4586
 2061    735   841   813  0      558   4279
 2062    725   841   735  0      558   4602
 2063    725   813   841  0      558   4571
 2064    786   820   879  0      559   4561
 2065    786   809   820  0      559   4583
 2066    879   809   786  0      559    804
 2067    879   820   809  0      559   4556
 2068    572   563   622  0      560   4166
 2069    572   543   563  0      560   4509
 2070    622   543   572  1      560     -1
 2071    622   563   543  0      560    563
 2072    766   762   750  0      561   4391
 2073    766   702   762  0      561   4456
 2074    750   702   766  0      561   2787
 2075    750   762   702  0      561   4554
 2076    745   692   617  0      562   4429
 2077    745   723   692  0      562   4655
 2078    617   723   745  1      562     -1
 2079    617   692   723  0      562   4484
 2080    622   563   525  0      563   4511
 2081    525   543   622  0      563   4411
 2082    525   563   543  0      563   1096
 2083    493   592   574  0      564   2463
 2084    578   592   493  0      564   2727
 2085    578   574   592  0      564   2729
 2086    587   483   576  0      565   2872
 2087    508   576   483  0      565    709
 2088    561   659   574  1      566     -1
 2089    597   659   561  0      566   2229
 2090    597   574   659  0      566   2464
 2091    493   574   561  0      567   2463
 2092    561   502   493  0      567   2492
 2093    561   574   502  1      567     -1
 2094    133    44    33  0      568    951
 2095    133    19    44  0      568   1062
 2096     33    19   133  0      568    584
 2097     33    44    19  1      568     -1
 2098     19    52   133  0      569    666
 2099     19    89    52  1      569     -1
 2100    133    89    19  0      569   1062
 2101    133    52    89  0      569    583
 2102    189   161   150  0      570   1675
 2103    150    80   189  0      570    971
 2104    150   161    80  0      570   1569
 2105    133   136    33  0      571    584
 2106    133   128   136  0      571    994
 2107     33   128   133  0      571    951
 2108     33   136   128  0      571    590
 2109    273   261   262  0      572   2133
 2110    388   261   273  0      572    725
 2111    388   262   261  0      572   2347
 2112    204   114   170  0      573   2401
 2113     17   114   204  0      573   2299
 2114     17   170   114  0      573    640
 2115    204   208   135  0      574    645
 2116    135   170   204  0      574    630
 2117    136   138   133  0      575    700
 2118    136    19   138  0      575    613
 2119    133    19   136  0      575    584
 2120     38    99   207  0      576    623
 2121     38    89    99  1      576     -1
 2122    207    89    38  0      576    708
 2123    207    99    89  0      576   1061
 2124    213   244   331  0      577   1085
 2125    213   302   244  1      577     -1
 2126    331   302   213  0      577   1060
 2127    331   244   302  0      577   1029
 2128    613   539   597  0      578   2653
 2129    613   506   539  0      578    740
 2130    597   506   613  0      578   2686
 2131    597   539   506  0      578   2685
 2132    383   304   389  0      579   1758
 2133    383   376   304  0      579   1551
 2134    389   376   383  0      579   1192
 2135    389   304   376  0      579    954
 2136    344   450   417  0      580   2600
 2137    344   392   450  0      580   2425
 2138    417   392   344  0      580   2378
 2139    417   450   392  0      580   2711
 2140    136   293   182  0      581    768
 2141    136   205   293  0      581    773
 2142    182   205   136  0      581    790
 2143    182   293   205  1      581     -1
 2144    537   391   467  0      582   1115
 2145    537   481   391  0      582   1166
 2146    467   481   537  0      582   4050
 2147    467   391   481  0      582   1172
 2148     52   170   133  0      583    666
 2149     52    89   170  0      583    621
 2150    133   170    89  0      583    638
 2151     19   136    33  0      584    615
 2152    168   121    94  1      585     -1
 2153    128   121   168  0      585    628
 2154    128    94   121  0      585    834
 2155    265   191   211  0      586   1531
 2156    265   162   191  0      586   2415
 2157    211   162   265  0      586   1130
 2158    211   191   162  0      586   1638
 2159     88    44   128  0      587   1063
 2160     88   171    44  0      587   1065
 2161    128   171    88  0      587    609
 2162    128    44   171  0      587    992
 2163    333   370   409  0      588    952
 2164    409   458   333  0      588    743
 2165    409   370   458  0      588   1007
 2166     91   136     0  0      589    610
 2167     91   182   136  0      589    601
 2168      0   182    91  1      589     -1
 2169      0   136   182  0      589    612
 2170     33   136    91  0      590    614
 2171     91   128    33  0      590   1049
 2172    160   191   265  0      591   1531
 2173    160   231   191  0      591   2174
 2174    265   231   160  0      591   2355
 2175    265   191   231  0      591    923
 2176    280   314   282  0      592    764
 2177    282   293   280  0      592    770
 2178    282   314   293  0      592    832
 2179    181   123   200  0      593   1432
 2180    181   197   123  0      593   1036
 2181    200   197   181  0      593    939
 2182    200   123   197  0      593    856
 2183    492   444   497  0      594   2667
 2184    409   444   492  0      594   1532
 2185    409   497   444  0      594   1498
 2186    647   735   662  0      595   2786
 2187    644   735   647  0      595   2805
 2188    644   662   735  0      595   2844
 2189    348   353   314  1      596     -1
 2190    293   353   348  1      596     -1
 2191    282   274   133  0      597    646
 2192    282   251   274  0      597    728
 2193    133   251   282  0      597    698
 2194    133   274   251  0      597    692
 2195    114   170    52  0      598    640
 2196    114    97   170  0      598    632
 2197     52    97   114  1      598     -1
 2198     52   170    97  0      598    621
 2199    581   550   484  0      599   4432
 2200    581   535   550  0      599   4072
 2201    484   535   581  0      599   4038
 2202    484   550   535  0      599   4170
 2203    138   158   133  0      600    695
 2204    138    59   158  1      600     -1
 2205    133   158    59  0      600    635
 2206    168   182   136  0      601    789
 2207     91   182   168  1      601     -1
 2208     72   199   109  0      602   1116
 2209     72   134   199  0      602   1566
 2210    109   134    72  0      602   1312
 2211    109   199   134  0      602   1117
 2212    165   187    70  0      603   2095
 2213    189    70   187  0      603   2119
 2214    183   263   159  1      604     -1
 2215    183   276   263  0      604   1109
 2216    159   276   183  0      604   1140
 2217     89    99   171  0      605   1061
 2218     89    44    99  1      605     -1
 2219    171    99    44  0      605   1065
 2220    411   334   335  0      606    772
 2221    411   251   334  0      606    762
 2222    335   334   251  0      606    774
 2223    160   113    76  0      607   2314
 2224    160    24   113  0      607   1735
 2225     76    24   160  0      607   2252
 2226     76   113    24  1      607     -1
 2227    289   335   208  1      608     -1
 2228    289   251   335  0      608    732
 2229    208   335   251  0      608    660
 2230     88   139   171  0      609   1043
 2231    128   139    88  0      609    627
 2232    128   171   139  0      609   1073
 2233     91    53     0  1      610     -1
 2234     91   136    53  0      610    614
 2235      0    53   136  0      610    612
 2236    138    53   136  0      611    613
 2237    138   182    53  1      611     -1
 2238    136   182   138  0      611    768
 2239    136    53   182  0      611    612
 2240      0    53   182  1      612     -1
 2241     19    53   136  0      613    615
 2242     33    53    91  1      614     -1
 2243     33   136    53  0      614    615
 2244     19    53    33  1      615     -1
 2245    367   457   375  0      616    752
 2246    367   411   457  0      616    753
 2247    375   411   367  0      616    618
 2248    375   457   411  0      616    738
 2249    383   394   409  0      617   1418
 2250    383   444   394  0      617   1623
 2251    409   444   383  0      617   1498
 2252    409   394   444  0      617   1532
 2253    375   335   367  0      618    733
 2254    375   411   335  0      618    738
 2255    431   333   343  0      619    900
 2256    343   252   431  0      619    915
 2257    207    38   190  0      620   1005
 2258    207   197    38  0      620   1030
 2259    190   197   207  0      620    980
 2260     97    89   170  0      621    679
 2261     52    89    97  1      621     -1
 2262    411   416   251  0      622    762
 2263    411   345   416  0      622    811
 2264    251   345   411  0      622    736
 2265    251   416   345  0      622    829
 2266    192    99   207  0      623    948
 2267    192    38    99  0      623   1066
 2268    207    38   192  0      623   1059
 2269     65    99    88  1      624     -1
 2270     65   139    99  0      624   1045
 2271     88   139    65  0      624   1026
 2272     88    99   139  0      624   1052
 2273    123    65    60  0      625   1576
 2274    123   184    65  0      625   1050
 2275     60   184   123  0      625   1574
 2276     60    65   184  0      625    950
 2277    135   170     4  0      626    647
 2278    135    52   170  0      626    630
 2279      4    52   135  0      626    642
 2280      4   170    52  0      626    664
 2281    128   121    88  0      627    834
 2282    128   139   121  0      627   1073
 2283     88   121   139  0      627   1089
 2284    128   213   168  0      628   1057
 2285    168   213   121  1      628     -1
 2286    464   448   429  0      629   2479
 2287    464   396   448  1      629     -1
 2288    429   396   464  0      629   2211
 2289    429   448   396  0      629   2152
 2290    135    52   204  0      630    653
 2291    184   123   246  0      631    988
 2292    184   200   123  0      631   1560
 2293    246   200   184  0      631    662
 2294    246   123   200  0      631    856
 2295    190   170   114  0      632   2396
 2296    190    97   170  0      632    677
 2297    114    97   190  0      632   2388
 2298     20    71    16  1      633     -1
 2299     20   125    71  0      633    962
 2300     16   125    20  0      633   1599
 2301     16    71   125  0      633   2256
 2302    271   305   365  0      634    959
 2303    271   331   305  0      634   1054
 2304    365   331   271  0      634    643
 2305    365   305   331  0      634    964
 2306      4   158    59  1      635     -1
 2307    170   133   158  0      636    697
 2308    135   133   170  0      636    647
 2309    420   486   351  0      637   2582
 2310    392   486   420  0      637   2706
 2311    392   351   486  0      637   2584
 2312    133   178    89  0      638   1038
 2313    133   170   178  0      638    696
 2314     89   178   170  0      638    679
 2315    594   584   517  0      639   3742
 2316    582   517   584  0      639   1451
 2317     52   114    17  1      640     -1
 2318    345   397   411  0      641    691
 2319    345   408   397  0      641    675
 2320    411   408   345  0      641    811
 2321    411   397   408  0      641    765
 2322     52    10     4  1      642     -1
 2323     52   135    10  0      642    653
 2324      4    10   135  1      642     -1
 2325    271   302   331  0      643   1060
 2326    365   331   302  0      643    854
 2327    541   624   518  0      644   1445
 2328    541   427   624  0      644   1787
 2329    518   427   541  0      644   1801
 2330    518   624   427  0      644   1737
 2331    208   296   204  0      645    663
 2332    208   135   296  1      645     -1
 2333    204   296   135  0      645    712
 2334    133   178   274  0      646    692
 2335    282   178   133  0      646    973
 2336    282   274   178  0      646    974
 2337    133   170     4  0      647    665
 2338    397   333   343  0      648    671
 2339    397   507   333  0      648    669
 2340    343   507   397  0      648    902
 2341    343   333   507  0      648    900
 2342    284   370   273  0      649    657
 2343    284   333   370  0      649    930
 2344    273   333   284  0      649    894
 2345    273   370   333  0      649    952
 2346    464   396   367  0      650   2211
 2347    464   453   396  1      650     -1
 2348    367   453   464  0      650    745
 2349    367   396   453  0      650   2465
 2350     17   196   132  0      651   2226
 2351     17   204   196  0      651   2298
 2352    132   204    17  0      651   2222
 2353    132   196   204  0      651   2272
 2354    100   204   135  0      652   2291
 2355    100    10   204  0      652    654
 2356    135    10   100  1      652     -1
 2357    135   204    10  0      652    653
 2358     52   204    10  0      653    654
 2359     52   100    10  1      654     -1
 2360    825   799   818  0      655   3397
 2361    825   890   799  0      655   3928
 2362    818   890   825  0      655   3678
 2363    818   799   890  0      655   3873
 2364     54    71   125  0      656    962
 2365     54   151    71  0      656   2310
 2366    125    71   151  0      656    741
 2367    409   370   273  0      657    952
 2368    409   284   370  0      657   1491
 2369    273   284   409  0      657    956
 2370    177   160   186  0      658   2290
 2371    177   249   160  0      658   2513
 2372    186   249   177  0      658   2286
 2373    526   528   507  0      659    898
 2374    526   437   528  0      659   4494
 2375    507   437   526  0      659   4502
 2376    208   335   230  1      660     -1
 2377    230   251   208  0      660    661
 2378    230   335   251  0      660    774
 2379    230   158   208  1      661     -1
 2380    230   251   158  0      661    694
 2381    246   200   284  0      662   1011
 2382    284   200   184  0      662   1515
 2383    208   296   289  1      663     -1
 2384     52    19   170  0      664    666
 2385      4    19    52  1      664     -1
 2386      4   170    19  0      664    665
 2387    133   170    19  0      665    666
 2388    170   252   190  0      667    717
 2389    170   204   252  0      667    713
 2390    190   204   170  0      667   2305
 2391    190   252   204  0      667   2269
 2392    456   543   511  1      668     -1
 2393    456   525   543  0      668   1096
 2394    511   525   456  0      668   4066
 2395    511   543   525  0      668    814
 2396    397   507   458  0      669    857
 2397    261   149   304  0      670   1649
 2398    261   200   149  0      670    823
 2399    304   200   261  0      670   1485
 2400    304   149   200  0      670   1546
 2401    319   333   343  0      671    999
 2402    319   397   333  0      671    936
 2403    343   397   319  0      671    676
 2404    483   576   450  0      672    709
 2405    483   495   576  0      672   2879
 2406    450   495   483  0      672   2452
 2407    450   576   495  0      672   2887
 2408    942   872   943  0      673    862
 2409    942   856   872  0      673   4196
 2410    943   856   942  0      673   2626
 2411    943   872   856  0      673   4271
 2412    920   938   936  1      674     -1
 2413    920   854   938  0      674   4069
 2414    936   854   920  0      674   4226
 2415    936   938   854  0      674   4236
 2416    345   319   397  0      675    676
 2417    408   319   345  0      675    808
 2418    343   397   345  0      676    852
 2419    345   319   343  0      676    817
 2420     97   178   190  0      677    678
 2421     97   170   178  0      677    679
 2422    190   178   170  0      677    722
 2423    190    89   178  0      678   1017
 2424     97    89   190  0      678    890
 2425     97   178    89  0      678    679
 2426    144   191   151  0      680   2366
 2427    144    96   191  0      680   2322
 2428    151    96   144  0      680   1543
 2429    151   191    96  0      680   1460
 2430    388   336   450  0      681   2422
 2431    415   336   388  0      681   2410
 2432    415   450   336  0      681   2438
 2433    343   290   190  0      682    683
 2434    343   274   290  0      682    726
 2435    190   274   343  0      682   1003
 2436    190   290   274  0      682    720
 2437    190   252   290  0      683    717
 2438    484   530   615  0      684    779
 2439    484   556   530  0      684   4396
 2440    615   556   484  0      684    707
 2441    113   191    37  0      685    918
 2442    113   162   191  0      685   2333
 2443     37   162   113  0      685   1615
 2444     37   191   162  0      685   1981
 2445    289   367   251  0      686    732
 2446    251   290   289  0      686    716
 2447    251   367   290  0      686    724
 2448    468   499   487  0      687   4431
 2449    487   408   468  0      687    785
 2450    487   499   408  0      687    780
 2451    230   136   251  0      688    699
 2452    297   136   230  0      688    760
 2453    297   251   136  0      688    689
 2454    297   251   282  0      689    828
 2455    282   136   297  0      689    767
 2456    282   251   136  0      689    698
 2457    523   548   592  0      690   2776
 2458    523   644   548  0      690   2838
 2459    592   644   523  0      690   2826
 2460    592   548   644  0      690   2837
 2461    345   397   437  0      691    852
 2462    437   411   345  0      691    763
 2463    437   397   411  0      691    818
 2464    133   178   251  0      692    696
 2465    724   798   754  0      693   2488
 2466    724   828   798  0      693   3071
 2467    754   828   724  0      693   3005
 2468    754   798   828  0      693   2816
 2469    158   138   251  0      694    695
 2470    230   138   158  1      694     -1
 2471    230   251   138  0      694    699
 2472    138   251   133  0      695    700
 2473    133   251   158  0      695    697
 2474    170   251   133  0      696    697
 2475    136   133   251  0      698    700
 2476    282   133   136  0      698    949
 2477    136   251   138  0      699    700
 2478    398   412   279  0      701   2515
 2479    398   352   412  0      701   2510
 2480    279   412   352  0      701   2476
 2481    839  1029  1002  0      702   4658
 2482    839   969  1029  0      702   4616
 2483   1002   969   839  0      702   4153
 2484   1002  1029   969  1      702     -1
 2485    169   268   242  0      703   1646
 2486    169   161   268  0      703   1679
 2487    242   161   169  0      703   1883
 2488    242   268   161  0      703   1497
 2489    367   352   301  0      704   2212
 2490    301   396   367  0      704   2467
 2491    301   352   396  0      704   2294
 2492    540   668   707  0      705   3784
 2493    540   632   668  0      705   2900
 2494    707   632   540  0      705   3656
 2495    707   668   632  0      705   3766
 2496    679   742   732  0      706   4395
 2497    679   677   742  1      706     -1
 2498    732   677   679  0      706   4073
 2499    732   742   677  0      706   4383
 2500    581   556   484  0      707   4283
 2501    581   615   556  0      707   4102
 2502    484   615   581  0      707   4433
 2503     89    38   178  0      708   1017
 2504    178   207    89  0      708   1051
 2505    178    38   207  0      708   1005
 2506    450   483   508  0      709   2397
 2507    345   319   282  0      710    808
 2508    345   274   319  0      710    817
 2509    282   274   345  0      710    728
 2510    282   319   274  0      710    938
 2511     64    73   177  0      711   2278
 2512     64   196    73  0      711   2214
 2513    177   196    64  0      711   2276
 2514    177    73   196  0      711    889
 2515    135   301   296  1      712     -1
 2516    252   290   204  0      713   2295
 2517    252   170   290  0      713    717
 2518    204   290   170  0      713    719
 2519    923   972   905  0      714   2739
 2520    923   873   972  0      714   3018
 2521    905   873   923  0      714   3075
 2522    905   972   873  0      714   2738
 2523    411   437   343  0      715    763
 2524    411   367   437  0      715    753
 2525    343   367   411  0      715    723
 2526    343   437   367  0      715    913
 2527    251   290   204  0      716    719
 2528    170   290   190  0      717    722
 2529    170   290   251  0      718    719
 2530    170   274   290  0      718    721
 2531    251   290   274  0      718    724
 2532    190   290   178  0      720    722
 2533    178   274   190  0      720    744
 2534    178   290   274  0      720    721
 2535    178   290   170  0      721    722
 2536    274   411   343  0      723    761
 2537    343   367   274  0      723    726
 2538    290   274   367  0      724    726
 2539    273   409   261  0      725   1454
 2540    388   409   273  0      725    953
 2541    388   261   409  0      725   1605
 2542    769   731   656  0      727   4350
 2543    769   674   731  0      727   2822
 2544    656   674   769  0      727   1470
 2545    656   731   674  0      727   4339
 2546    251   345   282  0      728    829
 2547    251   274   345  0      728    736
 2548    826   731   824  0      729   3552
 2549    826   796   731  0      729   2835
 2550    824   796   826  0      729   2899
 2551    824   731   796  0      729   4349
 2552    701   688   622  0      730    778
 2553    638   688   701  0      730   4466
 2554    638   622   688  0      730   4510
 2555    610   530   615  0      731   4368
 2556    610   538   530  0      731    766
 2557    615   538   610  0      731   4448
 2558    615   530   538  0      731    779
 2559    289   367   335  0      732    733
 2560    289   375   335  1      733     -1
 2561   1004   993   981  1      734     -1
 2562    981   993   904  0      734   4228
 2563    253   402   282  0      735    843
 2564    253   314   402  1      735     -1
 2565    282   314   253  0      735    764
 2566    282   402   314  0      735    800
 2567    411   274   345  0      736    761
 2568    431   398   429  0      737   2423
 2569    431   459   398  0      737   2381
 2570    429   459   431  0      737   4539
 2571    429   398   459  0      737   2297
 2572    375   457   335  1      738     -1
 2573    676   576   665  0      739   2890
 2574    676   587   576  0      739   2891
 2575    665   587   676  0      739   2923
 2576    506   539   515  0      740   2692
 2577    515   613   506  0      740   2724
 2578    515   539   613  0      740   2660
 2579    151   149    71  0      741   2315
 2580    125   149   151  0      741   1603
 2581    125    71   149  0      741   2256
 2582    406   305   434  0      742    927
 2583    406   463   305  0      742    907
 2584    434   463   406  0      742    882
 2585    458   333   292  0      743    746
 2586    409   292   333  0      743    957
 2587    178   207   190  0      744   1005
 2588    178   274   207  0      744    974
 2589    190   207   274  0      744   1003
 2590    367   429   464  0      745   2211
 2591    367   453   429  0      745   4506
 2592    464   429   453  0      745   4360
 2593    431   292   458  0      746   1695
 2594    365   305   319  0      747    959
 2595    365   397   305  0      747    965
 2596    319   305   397  0      747    936
 2597    513   370   463  0      748   4261
 2598    513   397   370  0      748    917
 2599    463   397   513  0      748    876
 2600    463   370   397  0      748    870
 2601    492   560   458  0      749   3718
 2602    458   409   492  0      749   2009
 2603    724   735   721  0      750   2230
 2604    724   644   735  0      750   2866
 2605    721   644   724  0      750   2831
 2606    721   735   644  0      750   2458
 2607    582   660   683  0      751   3976
 2608    582   579   660  0      751   4021
 2609    683   579   582  0      751   1380
 2610    683   660   579  0      751    775
 2611    375   453   457  1      752     -1
 2612    367   453   375  0      752   2465
 2613    367   457   453  0      752   2781
 2614    437   457   367  0      753   4499
 2615    437   411   457  0      753   4508
 2616    435   563   425  1      754     -1
 2617    435   416   563  0      754   4409
 2618    425   416   435  0      754    807
 2619    425   563   416  0      754    797
 2620    568   636   616  0      755    756
 2621    568   507   636  0      755   4376
 2622    616   507   568  0      755   4320
 2623    616   636   507  0      755   2814
 2624    692   636   616  0      756   4485
 2625    692   568   636  0      756   2811
 2626    616   568   692  0      756   4467
 2627    377   406   331  0      757    879
 2628    377   484   406  0      757   1072
 2629    750   766   693  0      758   2787
 2630    750   636   766  0      758   4549
 2631    693   636   750  0      758   4536
 2632    693   766   636  0      758   3009
 2633    425   314   456  0      759    813
 2634    456   314   353  1      759     -1
 2635    136   293   297  0      760    767
 2636    297   293   230  1      760     -1
 2637    274   345   343  0      761    817
 2638    343   345   411  0      761    763
 2639    343   345   437  0      763    852
 2640    253   280   314  1      764     -1
 2641    282   280   253  0      764    787
 2642    411   397   487  0      765    818
 2643    487   408   411  0      765    780
 2644    538   530   468  0      766   4332
 2645    468   610   538  0      766   4244
 2646    468   530   610  0      766   4430
 2647    282   293   297  0      767    833
 2648    282   136   293  0      767    770
 2649    182   138   293  1      768     -1
 2650    688   563   638  0      769   4510
 2651    688   595   563  0      769   4479
 2652    638   595   688  0      769    824
 2653    638   563   595  0      769   4497
 2654    136   280   282  0      770    788
 2655    136   293   280  0      770    773
 2656    635   660   582  0      771   3976
 2657    635   537   660  0      771   1406
 2658    582   660   537  0      771   4021
 2659    335   435   334  1      772     -1
 2660    205   280   136  0      773    790
 2661    205   293   280  0      773    781
 2662    335   334   230  1      774     -1
 2663    579   668   660  0      775   4097
 2664    683   668   579  0      775   1380
 2665    683   660   668  0      775   3681
 2666    499   563   416  0      776   4409
 2667    499   525   563  0      776   4461
 2668    416   525   499  0      776   4442
 2669    416   563   525  0      776    797
 2670    719   664   650  0      777   4362
 2671    719   636   664  0      777   2934
 2672    650   636   719  0      777   4193
 2673    650   664   636  0      777   3771
 2674    688   622   723  0      778   4483
 2675    723   701   688  0      778   4464
 2676    723   622   701  1      778     -1
 2677    484   538   615  0      779   4433
 2678    484   530   538  0      779   4375
 2679    411   499   408  0      780    812
 2680    348   280   205  1      781     -1
 2681    205   293   348  1      781     -1
 2682    402   384   468  0      782    848
 2683    402   482   384  1      782     -1
 2684    468   384   482  0      782    849
 2685    392   450   357  0      783   2451
 2686    392   336   450  0      783   2425
 2687    357   336   392  0      783   2391
 2688    839   745   791  0      784   4367
 2689    839   836   745  0      784   4656
 2690    791   836   839  0      784   4199
 2691    791   745   836  1      784     -1
 2692    408   468   434  0      785    845
 2693    487   434   468  0      785   4384
 2694    282   319   408  0      786    808
 2695    282   365   319  0      786    803
 2696    408   365   282  0      786    819
 2697    253   128   280  0      787    792
 2698    282   280   128  0      787    788
 2699    128   136   280  0      788    791
 2700    182   280   168  1      789     -1
 2701    182   136   280  0      789    790
 2702    168   280   136  0      789    791
 2703    205   280   182  1      790     -1
 2704    168   280   128  0      791    792
 2705    168   253   128  0      792   1057
 2706    168   280   253  1      792     -1
 2707    701   782   688  0      793   4464
 2708    701   801   782  1      793     -1
 2709    688   801   701  0      793   4466
 2710    688   782   801  0      793   4664
 2711    347   275   311  0      794   1197
 2712    347   236   275  0      794   1156
 2713    311   236   347  0      794   1108
 2714    311   275   236  0      794   1154
 2715    545   556   671  0      795   4068
 2716    545   670   556  0      795   4374
 2717    671   670   545  0      795   4318
 2718    671   556   670  0      795   4122
 2719    579   452   553  0      796   4044
 2720    545   452   579  0      796   3751
 2721    545   553   452  0      796   4373
 2722    425   525   416  0      797   4460
 2723    425   563   525  0      797   4465
 2724    276   331   260  0      798   1077
 2725    377   331   276  0      798    879
 2726    377   260   331  0      798   1078
 2727    458   544   507  0      799    855
 2728    458   513   544  0      799   4331
 2729    507   513   458  0      799    857
 2730    507   544   513  0      799   4346
 2731    282   408   314  0      800    831
 2732    282   402   408  0      800    819
 2733    314   408   402  0      800    816
 2734    511   402   456  1      801     -1
 2735    456   468   511  0      801   4066
 2736    456   402   468  0      801    827
 2737    357   398   431  0      802   2220
 2738    357   483   398  0      802   2232
 2739    431   398   483  0      802   2381
 2740    365   271   282  0      803    859
 2741    365   319   271  0      803    959
 2742    282   271   319  0      803   1001
 2743    786   796   809  0      804   4246
 2744    879   796   786  0      804   4286
 2745    879   809   796  0      804   4292
 2746    298   221   344  0      805   2446
 2747    298   265   221  0      805   2351
 2748    344   265   298  0      805   1647
 2749    344   221   265  0      805   2413
 2750    413   482   475  1      806     -1
 2751    434   482   413  0      806    866
 2752    434   475   482  0      806    883
 2753    425   334   435  1      807     -1
 2754    282   345   408  0      808    830
 2755    241   155   140  0      809   1644
 2756    241   198   155  0      809   1524
 2757    140   198   241  0      809   1769
 2758    140   155   198  0      809   1475
 2759    884  1019   900  0      810   4107
 2760    974  1019   884  0      810   3639
 2761    974   900  1019  0      810   4104
 2762    408   416   411  0      811    812
 2763    408   345   416  0      811    830
 2764    425   416   456  0      813   4460
 2765    425   314   416  0      813    815
 2766    456   416   314  0      813    826
 2767    511   543   617  1      814     -1
 2768    617   525   511  0      814   3406
 2769    617   543   525  0      814   4411
 2770    293   314   416  0      815    832
 2771    314   416   402  0      816    826
 2772    314   408   416  0      816    831
 2773    402   416   408  0      816    825
 2774    274   319   343  0      817    972
 2775    437   397   487  0      818    903
 2776    402   365   282  0      819    843
 2777    402   408   365  0      819    847
 2778    697   812   683  0      820   3915
 2779    697   732   812  0      820   4060
 2780    683   732   697  0      820   4090
 2781    683   812   732  0      820   3732
 2782    305   319   192  0      821    963
 2783    271   319   305  0      821    959
 2784    702   606   693  0      822   1721
 2785    702   687   606  1      822     -1
 2786    693   687   702  0      822   4577
 2787    693   606   687  0      822   4480
 2788    200   149   181  0      823   1432
 2789    181   261   200  0      823   1149
 2790    181   149   261  0      823   1660
 2791    688   687   595  0      824   4444
 2792    638   687   688  0      824   4400
 2793    638   595   687  0      824   2810
 2794    402   468   408  0      825    847
 2795    402   416   468  0      825    827
 2796    456   402   314  1      826     -1
 2797    456   416   402  0      826    827
 2798    456   416   468  0      827   4453
 2799    297   416   282  0      828    833
 2800    282   416   251  0      828    829
 2801    282   416   345  0      829    830
 2802    282   416   408  0      830    831
 2803    282   416   314  0      831    832
 2804    282   416   293  0      832    833
 2805    128    94    88  0      834   1039
 2806     88    94   121  0      834   1087
 2807    467   366   469  0      835   1170
 2808    377   366   467  0      835   1106
 2809    377   469   366  1      835     -1
 2810    157    79   199  0      836   1549
 2811    157    12    79  0      836   1237
 2812    199    12   157  0      836   1435
 2813    199    79    12  0      836   1333
 2814    284   259   305  0      837    872
 2815    305   246   284  0      837    888
 2816    305   259   246  0      837   1025
 2817    159   199   220  0      838   1144
 2818    159   134   199  0      838   1117
 2819    220   134   159  0      838   1071
 2820    220   199   134  0      838   1278
 2821    331   413   365  0      839    861
 2822    331   384   413  0      839    865
 2823    365   384   331  0      839    854
 2824    507   431   343  0      840    900
 2825    343   437   507  0      840    902
 2826    343   431   437  0      840    913
 2827    497   545   540  0      841   3748
 2828    497   625   545  0      841    961
 2829    540   545   625  0      841    884
 2830    302   402   365  0      842    844
 2831    253   402   302  1      842     -1
 2832    253   365   402  0      842    843
 2833    253   365   282  0      843    859
 2834    302   384   365  0      844    854
 2835    402   384   302  1      844     -1
 2836    402   365   384  0      844    848
 2837    468   365   408  0      845    847
 2838    468   434   365  0      845    851
 2839    458   532   431  0      846   4203
 2840    458   544   532  0      846   3659
 2841    431   544   458  0      846    855
 2842    468   365   402  0      847    848
 2843    468   365   384  0      848    849
 2844    468   365   482  0      849    851
 2845    482   365   384  0      849    850
 2846    482   434   384  0      850    866
 2847    482   365   434  0      850    851
 2848    468   434   482  0      851   1133
 2849    343   397   437  0      852    902
 2850    111   123   197  0      853   1034
 2851    197   123    38  0      853   1030
 2852    384   331   302  0      854   1029
 2853    246   197   200  0      856   1011
 2854    246   123   197  0      856    979
 2855    513   458   397  0      857    917
 2856    397   507   513  0      857    863
 2857    458   381   409  0      858   1007
 2858    458   497   381  0      858   4378
 2859    207   171   282  0      860    996
 2860    207   178   171  0      860   1051
 2861    282   178   207  0      860    974
 2862    282   171   178  0      860    973
 2863    434   331   413  0      861    885
 2864    365   331   434  0      861    964
 2865    942   872   973  0      862   3007
 2866    973   943   942  1      862     -1
 2867    973   872   943  0      862   3719
 2868    487   513   397  0      863    876
 2869    487   507   513  0      863   2798
 2870    397   507   487  0      863    903
 2871    236   347   276  0      864   1156
 2872    276   347   263  0      864   1122
 2873    384   244   331  0      865   1029
 2874    384   413   244  1      865     -1
 2875    384   482   413  1      866     -1
 2876    246   207   305  0      867   1037
 2877    246   319   207  0      867    998
 2878    305   319   246  0      867    928
 2879    305   207   319  0      867    963
 2880    207   197   333  0      868    980
 2881    207   246   197  0      868    979
 2882    333   246   207  0      868    998
 2883    333   197   246  0      868   1012
 2884    259   139   192  0      869    929
 2885    184   139   259  0      869   1123
 2886    184   192   139  0      869   1041
 2887    397   305   370  0      870    934
 2888    463   370   305  0      870    907
 2889    144   111   197  0      871    984
 2890    144    68   111  0      871   1020
 2891    197    68   144  0      871    976
 2892    197   111    68  0      871   1024
 2893    370   284   259  0      872   1492
 2894    305   284   370  0      872    888
 2895    276   366   347  0      873   1122
 2896    377   366   276  0      873   1148
 2897    377   347   366  0      873   1106
 2898    662   601   643  0      874   4355
 2899    662   523   601  0      874   4487
 2900    643   523   662  0      874   2820
 2901    643   601   523  0      874    905
 2902    495   603   592  0      875   2708
 2903    592   576   495  0      875   2430
 2904    592   603   576  0      875   2909
 2905    487   513   463  0      876   4195
 2906    458   555   590  0      877   4311
 2907    458   544   555  0      877   4331
 2908    590   544   458  0      877   4025
 2909    590   555   544  0      877   4317
 2910    367   431   429  0      878   2423
 2911    367   437   431  0      878    913
 2912    429   437   367  0      878   4507
 2913    429   431   437  0      878   4535
 2914    276   406   331  0      879   1021
 2915    450   564   415  0      880   2876
 2916    450   496   564  0      880   2859
 2917    415   496   450  0      880   2441
 2918    371   461   462  0      881   1714
 2919    371   407   461  0      881    940
 2920    462   407   371  0      881   1672
 2921    462   461   407  0      881   1691
 2922    463   484   434  0      882   4408
 2923    463   406   484  0      882   1487
 2924    475   482   484  0      883   4436
 2925    434   484   482  0      883   4399
 2926    545   579   540  0      884   3748
 2927    545   625   579  0      884   4085
 2928    540   579   625  0      884   3683
 2929    366   373   347  0      886   1200
 2930    366   426   373  1      886     -1
 2931    311   382   438  0      887   1179
 2932    391   382   311  0      887   1157
 2933    391   438   382  0      887   1152
 2934    284   370   246  0      888    930
 2935     73   143   177  0      889   2367
 2936     73   196   143  0      889   2302
 2937    177   143   196  0      889   2332
 2938    190    38    89  0      890   1017
 2939    190    97    38  0      890   1016
 2940     89    38    97  1      890     -1
 2941    204    83    17  0      891   2222
 2942     17    83   100  1      891     -1
 2943    279   398   357  0      892   2404
 2944    279   390   398  0      892   2515
 2945    357   390   279  0      892   2507
 2946    357   398   390  0      892   2232
 2947    777   737   660  0      893   4075
 2948    777   732   737  0      893   3876
 2949    660   732   777  0      893   4059
 2950    660   737   732  0      893   4063
 2951    284   246   333  0      894    930
 2952    284   273   246  0      894   1010
 2953    333   246   273  0      894   1012
 2954    489   427   339  0      895   1107
 2955    489   414   427  0      895   1836
 2956    339   414   489  0      895   1688
 2957    577   627   581  0      896   4064
 2958    577   535   627  1      896     -1
 2959    581   535   577  0      896   4053
 2960    581   627   535  0      896   4370
 2961    606   636   595  0      897   2812
 2962    606   526   636  0      897   4552
 2963    595   526   606  0      897   4526
 2964    595   636   526  0      897   2800
 2965    507   636   528  0      898   4353
 2966    526   636   507  0      898   4376
 2967    526   528   636  0      898   4551
 2968    472   483   450  0      899   2397
 2969    472   336   483  0      899   2444
 2970    450   336   472  0      899   2422
 2971    479   451   433  0      901   1793
 2972    389   451   479  0      901   1362
 2973    389   433   451  0      901   1674
 2974    397   437   507  0      902    903
 2975    440   478   356  0      904   2043
 2976    440   376   478  0      904   1314
 2977    356   376   440  0      904   1372
 2978    356   478   376  0      904   1323
 2979    529   601   523  0      905   4547
 2980    529   643   601  0      905   4145
 2981    523   643   529  0      905   2821
 2982    155    12   157  0      906   1582
 2983    155   195    12  0      906   1581
 2984    157   195   155  0      906   1484
 2985    157    12   195  0      906   1563
 2986    463   370   406  0      907   1488
 2987      5    55    56  1      908     -1
 2988      5   117    55  0      908   1350
 2989     56   117     5  0      908   1212
 2990     56    55   117  0      908   1100
 2991    897   922   861  0      909   4581
 2992    897   960   922  0      909   4596
 2993    861   960   897  0      909   4500
 2994    861   922   960  0      909   4568
 2995    676   674   656  0      910   1470
 2996    676   587   674  0      910   3308
 2997    656   587   676  0      910   3716
 2998    885   901   806  0      911   3058
 2999    885   832   901  0      911   2783
 3000    806   832   885  0      911   2915
 3001    513   556   463  0      912   4173
 3002    513   555   556  0      912   4364
 3003    463   555   513  0      912   4261
 3004    463   556   555  0      912   4312
 3005    343   431   367  0      913    915
 3006    951   930  1015  1      914     -1
 3007    951   864   930  0      914   2736
 3008   1015   864   951  1      914     -1
 3009    367   252   431  0      915   1528
 3010    144   283   292  0      916    924
 3011    144   191   283  0      916   2363
 3012    292   191   144  0      916   2350
 3013    292   283   191  0      916    921
 3014     37   143   191  0      918   2263
 3015    113   143    37  0      918   2384
 3016    113   191   143  0      918   2334
 3017    597   613   686  0      919   2682
 3018    597   680   613  0      919   2772
 3019    686   680   597  0      919   2695
 3020    686   613   680  0      919   3020
 3021    252   283   231  0      920   2338
 3022    252   357   283  0      920    922
 3023    231   357   252  0      920   2420
 3024    231   283   357  0      920   2329
 3025    292   283   262  0      921   2337
 3026    262   191   292  0      921   2350
 3027    262   283   191  0      921   2328
 3028    292   283   252  0      922    924
 3029    292   357   283  0      922   1627
 3030    252   357   292  0      922   1606
 3031    191   283   265  0      923   2309
 3032    191   231   283  0      923   2344
 3033    265   283   231  0      923   2329
 3034    144   283   252  0      924   2338
 3035    252   292   144  0      924    985
 3036    495   486   392  0      925   2683
 3037    495   390   486  0      925   2495
 3038    392   390   495  0      925   2453
 3039    392   486   390  0      925   2584
 3040    324   376   272  0      926   1111
 3041    324   254   376  0      926    932
 3042    331   305   434  0      927    964
 3043    319   333   305  0      928    936
 3044    319   246   333  0      928    998
 3045    139   271   259  0      929   1055
 3046    194   169    41  0      931   1609
 3047    194   125   169  0      931   1411
 3048     41   125   194  0      931   1598
 3049     41   169   125  0      931   1642
 3050    376   281   254  0      932   1553
 3051    324   281   376  0      932   1510
 3052    324   254   281  0      932   1536
 3053    389   479   465  0      933   1463
 3054    389   346   479  0      933   1664
 3055    465   346   389  0      933   1436
 3056    465   479   346  0      933   1790
 3057    397   305   333  0      934    936
 3058    281   304   381  0      935   1159
 3059    281   383   304  0      935   1552
 3060    381   383   281  0      935   1512
 3061    381   304   383  0      935   1507
 3062    238   209   129  1      937     -1
 3063    238   174   209  0      937   1889
 3064    129   174   238  0      937   1860
 3065    129   209   174  0      937   1562
 3066    282   207   274  0      938    974
 3067    282   319   207  0      938    996
 3068    274   207   319  0      938    972
 3069    200   197   273  0      939   1009
 3070    273   181   200  0      939   1149
 3071    415   407   461  0      940   1310
 3072    371   407   415  0      940   1708
 3073    123   192    65  0      941   1058
 3074    123   139   192  0      941   1041
 3075     65   139   123  0      941   1050
 3076     65   192   139  0      941   1045
 3077    103   175   139  0      942   1097
 3078    103   118   175  0      942   1142
 3079    139   175   118  0      942   1138
 3080    194   195   149  0      943    978
 3081    194   155   195  0      943   1557
 3082    149   155   194  0      943   1561
 3083    149   195   155  0      943   1580
 3084    285   223   228  0      944   2377
 3085    285   327   223  0      944   1656
 3086    228   223   327  0      944   2202
 3087    262   223   228  0      945   2202
 3088    262   261   223  0      945   2113
 3089    228   261   262  0      945   2233
 3090    228   223   261  0      945   1542
 3091    256   148   298  0      946   2617
 3092    256   211   148  0      946   2240
 3093    298   211   256  0      946   2598
 3094    298   148   211  0      946   2127
 3095    273   197   292  0      947   1013
 3096    292   144   273  0      947   2359
 3097    207   171    99  0      948   1061
 3098    192   171   207  0      948   1044
 3099    192    99   171  0      948   1064
 3100    133   171   282  0      949    973
 3101    133   136   171  0      949    994
 3102     65   139    60  0      950   1026
 3103     65   184   139  0      950   1050
 3104     60   139   184  0      950   1137
 3105    133    44   128  0      951    992
 3106    128    44    33  0      951   1063
 3107    409   333   273  0      952    957
 3108    409   273   292  0      953    957
 3109    389   304   295  0      954   1519
 3110    295   376   389  0      954   1523
 3111    295   304   376  0      954   1500
 3112     20   169   161  0      955   1600
 3113    125   169    20  0      955   1642
 3114    125   161   169  0      955   1411
 3115    273   304   409  0      956   1454
 3116    273   284   304  0      956   1457
 3117    409   304   284  0      956   1501
 3118    333   273   292  0      957   1013
 3119    117    47   120  0      958   1236
 3120    117    29    47  0      958   1155
 3121    120    29   117  0      958   1046
 3122    120    47    29  0      958   1257
 3123    275   347   381  0      960   1495
 3124    406   347   275  0      960    968
 3125    406   381   347  0      960   1490
 3126    560   545   497  0      961   2792
 3127    560   625   545  0      961   4176
 3128     54    71    20  1      962     -1
 3129     20   125    54  0      962   1525
 3130    207   192   305  0      963   1037
 3131    207   319   192  0      963   1044
 3132    365   305   434  0      964    965
 3133     49   103    69  1      966     -1
 3134     49   118   103  0      966   1047
 3135     69   118    49  1      966     -1
 3136    123    27    67  0      967   1593
 3137    123   149    27  0      967   1217
 3138     67    27   149  0      967   1564
 3139    347   275   259  0      968   1147
 3140    140   174   130  0      969   1861
 3141    140    36   174  0      969   1633
 3142    130    36   140  0      969   1214
 3143    130   174    36  0      969   1527
 3144    564   587   714  0      970   1908
 3145    614   587   564  0      970   2861
 3146    614   714   587  0      970   2889
 3147    150    95   189  0      971   2038
 3148     80    95   150  0      971   1120
 3149     80   189    95  0      971   2102
 3150    274   207   343  0      972   1003
 3151    343   207   319  0      972    999
 3152    133   171   178  0      973   1038
 3153    223   191   162  0      975   2416
 3154    223   151   191  0      975   2166
 3155    162   151   223  0      975   2341
 3156    162   191   151  0      975   1460
 3157    197    68   190  0      976   1024
 3158    190    68   144  0      976   2365
 3159     67   123   111  0      977   1033
 3160     67    31   123  0      977   1593
 3161    111    31    67  1      977     -1
 3162    194   195   304  0      978   1540
 3163    304   149   194  0      978   1636
 3164    304   195   149  0      978   1546
 3165    197   207   123  0      979   1030
 3166    246   123   207  0      979   1040
 3167    190   197   333  0      980    982
 3168    333   207   190  0      980   1002
 3169    153   148   256  0      981   2599
 3170    256   142   153  0      981   2142
 3171    256   148   142  0      981   2196
 3172    292   197   333  0      982   1013
 3173    148    78   115  0      983   2320
 3174    112    78   148  0      983   2161
 3175    112   115    78  1      983     -1
 3176    197    35   111  0      984   1034
 3177    144    35   197  0      984   1000
 3178    144   111    35  0      984   1020
 3179    190   144   252  0      985   2389
 3180    426   467   391  0      986   1115
 3181    198   241   272  0      987   1086
 3182    198   306   241  0      987   1768
 3183    272   306   198  0      987   1307
 3184    272   241   306  0      987   1311
 3185    184   192   246  0      988    989
 3186    184   123   192  0      988   1041
 3187    246   192   123  0      988   1040
 3188    305   246   184  0      989   1025
 3189    305   192   246  0      989   1037
 3190    347   406   467  0      990   1110
 3191    428   406   347  0      990   1490
 3192    428   467   406  0      990   1480
 3193    278   339   235  0      991   1842
 3194    278   363   339  0      991   1433
 3195    235   363   278  0      991   1648
 3196    133   171   128  0      992    994
 3197    169   174   235  0      993   1866
 3198    169   241   174  0      993   1845
 3199    235   241   169  0      993   1640
 3200    235   174   241  0      993   1855
 3201    199   275   175  0      995   1504
 3202    199   276   275  0      995   1162
 3203    175   276   199  0      995   1104
 3204    175   275   276  0      995   1150
 3205    319   171   282  0      996   1001
 3206    319   207   171  0      996   1044
 3207    282   171   271  0      997   1001
 3208    319   207   333  0      998    999
 3209    343   207   333  0      999   1002
 3210    144    35   181  0     1000   2316
 3211    181    35   197  0     1000   1036
 3212    343   207   190  0     1002   1003
 3213    323   337   393  0     1004   2540
 3214    323   308   337  0     1004   2542
 3215    393   308   323  1     1004     -1
 3216    393   337   308  0     1004   2480
 3217    178    38   190  0     1005   1017
 3218    123    57    31  0     1006   1575
 3219    123   152    57  0     1006   1572
 3220     31   152   123  0     1006   1592
 3221     31    57   152  0     1006   1591
 3222    370   381   409  0     1007   1491
 3223    370   458   381  0     1007   4380
 3224    134   157   199  0     1008   1549
 3225    134   272   157  0     1008   1508
 3226    199   272   134  0     1008   1370
 3227    199   157   272  0     1008   1522
 3228    284   197   273  0     1009   1010
 3229    284   200   197  0     1009   1011
 3230    273   200   284  0     1009   1375
 3231    273   246   197  0     1010   1012
 3232    284   197   246  0     1010   1011
 3233    333   197   273  0     1012   1013
 3234    199   214   272  0     1014   1370
 3235    324   214   199  0     1014   1283
 3236    324   272   214  0     1014   1069
 3237    376   241   306  0     1015   1145
 3238    306   356   376  0     1015   1452
 3239    306   241   356  0     1015   1311
 3240    111    97    38  1     1016     -1
 3241    190    97   111  0     1016   1023
 3242    315   421   294  0     1018   2405
 3243    315   323   421  0     1018   1586
 3244    294   323   315  0     1018   2399
 3245    294   421   323  1     1018     -1
 3246    219   127   186  0     1019   2266
 3247    219   164   127  1     1019     -1
 3248    186   164   219  0     1019   2270
 3249    186   127   164  0     1019   2163
 3250     35    68   111  1     1020     -1
 3251    144    68    35  0     1020   2280
 3252    276   259   331  0     1021   1056
 3253    484   469   475  0     1022   3824
 3254    475   469   377  1     1022     -1
 3255    190    68   111  0     1023   1024
 3256     97    68   190  0     1023   2387
 3257     97   111    68  1     1023     -1
 3258     88   139    60  0     1026   1090
 3259     60    65    88  1     1026     -1
 3260     11    55   134  0     1027   1258
 3261     11   117    55  0     1027   1306
 3262    134   117    11  0     1027   1208
 3263    242   330   371  0     1028   1628
 3264    242   363   330  0     1028   1408
 3265    371   330   363  0     1028   1780
 3266    384   244   302  1     1029     -1
 3267     38   207   123  0     1030   1059
 3268    276   175   139  0     1031   1139
 3269    276   259   175  0     1031   1150
 3270    139   259   276  0     1031   1056
 3271    139   175   259  0     1031   1123
 3272    183    69   121  1     1032     -1
 3273    183   139    69  0     1032   1095
 3274    121   139   183  0     1032   1081
 3275    111    35   123  0     1033   1034
 3276     67    35   111  1     1033     -1
 3277     67   123    35  0     1033   1035
 3278     35   123   197  0     1034   1036
 3279    181   123    35  0     1035   1036
 3280     35    67   181  0     1035   1635
 3281    246   207   192  0     1037   1040
 3282    178    89   171  0     1038   1051
 3283     33    94    88  1     1039     -1
 3284     33   128    94  0     1039   1049
 3285     88   128    33  0     1039   1063
 3286    123   207   192  0     1040   1059
 3287    123   139   184  0     1041   1050
 3288     60    69   139  0     1042   1048
 3289     60    26    69  1     1042     -1
 3290    139    26    60  0     1042   1090
 3291    192   171    88  0     1043   1064
 3292     88   139   192  0     1043   1052
 3293    192    99    65  0     1045   1066
 3294    192   139    99  0     1045   1052
 3295     29   166   120  0     1046   1263
 3296     29   117   166  0     1046   1238
 3297    120   166   117  0     1046   1253
 3298    109   103    49  1     1047     -1
 3299    109   118   103  0     1047   1142
 3300     49   118   109  0     1047   1088
 3301     60     8   139  0     1048   1136
 3302     60    69     8  1     1048     -1
 3303    139     8    69  0     1048   1094
 3304     91    94    33  1     1049     -1
 3305    207    89   171  0     1051   1061
 3306     88    99   192  0     1052   1064
 3307    564   599   580  0     1053   3547
 3308    564   500   599  0     1053   1545
 3309    580   500   564  0     1053   2705
 3310    580   599   500  0     1053   2139
 3311    331   259   271  0     1054   1055
 3312    139   331   259  0     1055   1056
 3313    271   331   139  0     1055   1084
 3314    276   139   331  0     1056   1070
 3315    253   213   168  1     1057     -1
 3316     65    38   192  0     1058   1066
 3317    123   192    38  0     1058   1059
 3318    331   271   213  0     1060   1085
 3319    302   213   271  0     1060   1067
 3320     89    19    44  1     1062     -1
 3321     88    44    33  1     1063     -1
 3322     88    99   171  0     1064   1065
 3323     88    99    44  1     1065     -1
 3324     38    99    65  1     1066     -1
 3325    302   213   253  1     1067     -1
 3326    276   244   139  0     1068   1070
 3327    139   183   276  0     1068   1139
 3328    139   244   183  0     1068   1081
 3329    324   272   311  0     1069   1226
 3330    311   214   324  0     1069   1283
 3331    311   272   214  0     1069   1169
 3332    139   331   244  0     1070   1084
 3333    276   244   331  0     1070   1077
 3334    109   134   159  0     1071   1117
 3335    109   220   134  0     1071   1092
 3336    159   220   109  0     1071   1272
 3337    484   406   347  0     1072   1110
 3338    171   139   121  0     1073   1075
 3339    439   501   542  0     1074   1176
 3340    510   501   439  0     1074   1225
 3341    510   542   501  0     1074   3986
 3342    121   213   139  0     1075   1082
 3343    139   213   171  0     1075   1076
 3344    139   213   271  0     1076   1083
 3345    377   260   413  1     1078     -1
 3346    715   799   825  0     1079   3397
 3347    715   741   799  0     1079   3722
 3348    825   741   715  0     1079   3668
 3349    825   799   741  0     1079   4031
 3350    391   440   387  0     1080   1203
 3351    324   440   391  0     1080   1195
 3352    139   244   121  0     1081   1082
 3353    121   244   183  1     1081     -1
 3354    121   213   244  1     1082     -1
 3355    139   244   213  0     1082   1083
 3356    213   271   244  0     1083   1085
 3357    139   244   271  0     1083   1084
 3358    331   244   271  0     1084   1085
 3359    272   218   241  0     1086   1281
 3360    198   218   272  0     1086   1307
 3361    198   241   218  0     1086   1119
 3362     94    26    88  1     1087     -1
 3363     94   121    26  1     1087     -1
 3364     88    26   121  0     1087   1089
 3365     49    14   109  1     1088     -1
 3366     49   118    14  1     1088     -1
 3367    109    14   118  0     1088   1098
 3368     88    26   139  0     1089   1090
 3369     88    26    60  1     1090     -1
 3370    642   620   566  0     1091   3996
 3371    642   630   620  0     1091   3985
 3372    566   630   642  1     1091     -1
 3373    566   620   630  0     1091   1178
 3374    220   163   109  0     1092   1272
 3375    220   134   163  0     1092   1185
 3376    109   163   134  0     1092   1103
 3377     14    42   109  1     1093     -1
 3378     14   159    42  1     1093     -1
 3379    109   159    14  0     1093   1098
 3380    109    42   159  0     1093   1271
 3381     69   103     8  1     1094     -1
 3382    139     8   103  0     1094   1097
 3383     69   183   118  1     1095     -1
 3384    139   118   183  0     1095   1138
 3385    525   563   456  0     1096   4465
 3386    456   563   543  0     1096   4514
 3387      8   175   139  0     1097   1136
 3388      8   103   175  0     1097   1554
 3389    118   159    14  1     1098     -1
 3390    109   159   118  0     1098   1118
 3391     98   146   140  0     1099   1358
 3392     98   198   146  0     1099   1357
 3393    140   198    98  0     1099   1348
 3394    106    55   117  0     1100   1268
 3395    106    56    55  1     1100     -1
 3396    117    56   106  0     1100   1304
 3397    181   262   144  0     1101   2183
 3398    181   273   262  0     1101   2133
 3399    144   262   273  0     1101   2359
 3400    117   214   134  0     1102   1245
 3401    117    29   214  0     1102   1238
 3402    134    29   117  0     1102   1208
 3403    134   214    29  0     1102   1131
 3404    134   105   163  0     1103   1276
 3405    109   105   134  0     1103   1251
 3406    109   163   105  0     1103   1266
 3407    276   199   159  0     1104   1162
 3408    159   175   276  0     1104   1140
 3409    159   199   175  0     1104   1129
 3410    149    16   194  0     1105   1595
 3411    149    77    16  0     1105   1135
 3412    194    77   149  0     1105   1561
 3413    194    16    77  0     1105   1594
 3414    410   427   339  0     1107   1770
 3415    410   489   427  0     1107   3476
 3416    339   489   410  0     1107   1688
 3417    236   347   391  0     1108   1199
 3418    311   391   347  0     1108   1197
 3419    260   263   183  1     1109     -1
 3420    406   467   484  0     1110   1486
 3421    324   356   272  0     1111   1382
 3422    324   376   356  0     1111   1372
 3423     98    32    51  1     1112     -1
 3424     98   130    32  0     1112   1359
 3425     51    32   130  1     1112     -1
 3426    270   358   291  0     1113   1361
 3427    218   358   270  0     1113   1338
 3428    218   291   358  0     1113   1441
 3429    394   415   388  0     1114   1696
 3430    394   492   415  0     1114   1671
 3431    388   492   394  0     1114   1373
 3432    388   415   492  0     1114   1687
 3433    537   426   467  0     1115   1167
 3434    109   175   199  0     1116   1127
 3435     72   175   109  0     1116   1143
 3436     72   199   175  0     1116   1556
 3437    109   199   159  0     1117   1118
 3438    159   118   199  0     1118   1129
 3439    109   199   118  0     1118   1127
 3440    198   241   147  0     1119   1524
 3441    147   241   218  0     1119   1281
 3442     95   150    54  0     1120   2313
 3443     54    80    95  1     1120     -1
 3444     54   150    80  0     1120   1569
 3445    275   281   175  0     1121   1504
 3446    275   259   281  0     1121   1517
 3447    175   259   275  0     1121   1150
 3448    175   281   259  0     1121   1513
 3449    276   366   263  0     1122   1148
 3450    259   184   175  0     1123   1513
 3451    139   175   184  0     1123   1137
 3452    722   758   684  0     1124   3400
 3453    684   658   722  0     1124   1410
 3454    684   758   658  0     1124   1366
 3455    439   349   322  0     1125   1255
 3456    439   419   349  0     1125   1229
 3457    322   419   439  0     1125   1241
 3458    322   349   419  0     1125   1242
 3459    424   485   510  0     1126   1243
 3460    510   419   424  0     1126   1234
 3461    510   485   419  0     1126   1239
 3462    118   175   199  0     1127   1129
 3463    109   175   118  0     1127   1142
 3464    374   404   386  0     1128   1802
 3465    374   441   404  1     1128     -1
 3466    386   441   374  1     1128     -1
 3467    159   118   175  0     1129   1141
 3468    265   221   162  0     1130   2418
 3469    211   221   265  0     1130   2351
 3470    211   162   221  0     1130   2358
 3471    134   105    29  0     1131   1209
 3472    134   214   105  0     1131   1276
 3473    220   320   311  0     1132   1277
 3474    220   382   320  1     1132     -1
 3475    311   382   220  0     1132   1204
 3476    311   320   382  0     1132   1179
 3477    482   538   434  0     1133   4399
 3478    482   468   538  0     1133   4333
 3479    434   538   468  0     1133   4332
 3480    199   195   281  0     1134   1547
 3481    199   254   195  0     1134   1538
 3482    281   254   199  0     1134   1536
 3483    149    27    16  0     1135   1564
 3484     77    27   149  0     1135   1533
 3485     77    16    27  1     1135     -1
 3486      8   175    60  0     1136   1578
 3487     60   175   139  0     1136   1137
 3488     60   175   184  0     1137   1577
 3489    118   183   175  0     1138   1141
 3490    139   175   183  0     1138   1139
 3491    276   175   183  0     1139   1140
 3492    159   175   183  0     1140   1141
 3493    159   118   183  1     1141     -1
 3494    109   175   103  0     1142   1143
 3495    103    72   175  0     1143   1555
 3496    109    72   103  1     1143     -1
 3497    159   236   220  1     1144     -1
 3498    159   199   236  0     1144   1163
 3499    220   236   199  0     1144   1153
 3500    346   241   306  0     1145   1756
 3501    306   376   346  0     1145   1452
 3502    537   579   582  0     1146   4021
 3503    537   481   579  0     1146   3670
 3504    582   579   481  0     1146   3619
 3505    276   275   259  0     1147   1150
 3506    276   347   275  0     1147   1156
 3507    377   366   263  1     1148     -1
 3508    273   261   200  0     1149   1375
 3509    273   181   261  0     1149   2133
 3510    469   577   504  1     1151     -1
 3511    537   504   577  0     1151   3989
 3512    382   426   438  1     1152     -1
 3513    236   275   220  0     1153   1154
 3514    236   199   275  0     1153   1163
 3515    220   275   199  0     1153   1286
 3516    311   275   220  0     1154   1285
 3517    220   236   311  0     1154   1204
 3518    106    47   117  0     1155   1224
 3519    106    29    47  1     1155     -1
 3520    117    29   106  0     1155   1268
 3521    236   275   276  0     1156   1161
 3522    373   382   311  0     1157   1205
 3523    304   195   241  0     1158   1540
 3524    241   254   304  0     1158   1439
 3525    241   195   254  0     1158   1558
 3526    284   304   381  0     1159   1501
 3527    284   281   304  0     1159   1160
 3528    381   281   284  0     1159   1518
 3529    200   304   284  0     1160   1485
 3530    200   281   304  0     1160   1514
 3531    284   281   200  0     1160   1515
 3532    159   275   276  0     1161   1162
 3533    159   236   275  0     1161   1163
 3534    159   275   199  0     1162   1163
 3535    660   627   732  0     1164   3728
 3536    581   627   660  0     1164   4042
 3537    581   732   627  0     1164   4099
 3538    633   620   713  0     1165   4000
 3539    633   761   620  0     1165   4001
 3540    713   761   633  1     1165     -1
 3541    713   620   761  0     1165   1189
 3542    537   501   391  0     1166   1181
 3543    467   469   426  0     1167   1170
 3544    537   469   467  0     1167   4039
 3545    501   438   424  0     1168   1171
 3546    501   439   438  0     1168   1176
 3547    424   439   501  0     1168   1225
 3548    424   438   439  0     1168   1233
 3549    214   218   272  0     1169   1207
 3550    311   218   214  0     1169   1322
 3551    311   272   218  0     1169   1364
 3552    366   469   426  1     1170     -1
 3553    311   438   424  0     1171   1230
 3554    428   481   467  0     1172   1478
 3555    428   391   481  0     1172   1194
 3556    451   383   428  0     1173   1455
 3557    451   497   383  0     1173   1499
 3558    428   383   497  0     1173   1464
 3559    275   324   428  0     1174   1186
 3560    275   347   324  0     1174   1196
 3561    428   347   275  0     1174   1495
 3562    428   324   347  0     1174   1193
 3563    537   391   438  0     1175   1181
 3564    438   542   439  1     1176     -1
 3565    438   501   542  0     1176   1177
 3566    501   542   504  0     1177   3962
 3567    504   542   438  1     1177     -1
 3568    620   635   566  0     1178   3861
 3569    620   630   635  0     1178   3985
 3570    566   635   630  0     1178   3902
 3571    320   438   311  0     1179   1231
 3572    320   382   438  1     1179     -1
 3573    503   474   432  0     1180   1378
 3574    547   474   503  0     1180   3781
 3575    547   432   474  1     1180     -1
 3576    368   400   432  1     1182     -1
 3577    455   400   368  0     1182   1393
 3578    455   432   400  0     1182   1190
 3579    227   291   198  0     1183   1442
 3580    227   218   291  0     1183   1315
 3581    198   218   227  0     1183   1345
 3582    198   291   218  0     1183   1440
 3583    311   440   391  0     1184   1203
 3584    134   214   220  0     1185   1278
 3585    134   163   214  0     1185   1276
 3586    220   214   163  0     1185   1274
 3587    275   281   428  0     1186   1511
 3588    428   281   324  0     1186   1438
 3589    428   381   406  0     1187   1490
 3590    428   452   381  0     1187   1494
 3591    406   452   428  0     1187   1480
 3592    406   381   452  0     1187   1493
 3593    706   637   656  0     1188   1466
 3594    706   625   637  0     1188   4298
 3595    656   625   706  0     1188   2842
 3596    656   637   625  0     1188   3741
 3597    713   715   761  0     1189   4016
 3598    713   620   715  0     1189   4011
 3599    761   715   620  0     1189   1191
 3600    400   503   432  0     1190   1378
 3601    455   503   400  0     1190   1393
 3602    455   432   503  0     1190   3805
 3603    761   715   621  0     1191   4017
 3604    621   620   761  0     1191   4001
 3605    621   715   620  0     1191   3961
 3606    451   383   389  0     1192   1682
 3607    451   376   383  0     1192   1423
 3608    389   376   451  0     1192   1448
 3609    428   324   391  0     1193   1195
 3610    347   391   324  0     1193   1196
 3611    428   440   481  0     1194   1284
 3612    428   391   440  0     1194   1195
 3613    324   275   391  0     1196   1198
 3614    347   391   275  0     1196   1197
 3615    311   391   275  0     1197   1198
 3616    347   373   236  0     1199   1200
 3617    366   373   236  1     1200     -1
 3618    635   715   630  0     1201   4014
 3619    635   642   715  0     1201   4012
 3620    630   642   635  0     1201   3985
 3621    630   715   642  0     1201   3796
 3622    311   424   322  0     1202   1230
 3623    322   387   311  0     1202   1425
 3624    322   424   387  0     1202   1386
 3625    220   236   382  1     1204     -1
 3626    311   382   236  0     1204   1205
 3627    236   373   382  1     1205     -1
 3628    105   163    42  0     1206   1266
 3629    105    63   163  0     1206   1260
 3630     42    63   105  1     1206     -1
 3631     42   163    63  1     1206     -1
 3632    134   214   218  0     1207   1245
 3633    134   272   214  0     1207   1370
 3634    134    29    11  0     1208   1209
 3635    117    11    29  0     1208   1306
 3636    105    11   134  0     1209   1251
 3637    105    29    11  1     1209     -1
 3638    510   570   480  0     1210   1377
 3639    510   485   570  0     1210   3963
 3640    480   485   510  0     1210   1239
 3641    480   570   485  1     1210     -1
 3642    635   741   683  0     1211   3970
 3643    635   715   741  0     1211   3822
 3644    683   715   635  0     1211   3944
 3645    683   741   715  0     1211   3722
 3646    117   126    56  0     1212   1304
 3647    117     5   126  0     1212   1349
 3648     56   126     5  1     1212     -1
 3649    134   218   117  0     1213   1245
 3650    140    98    36  0     1214   1356
 3651    130    98   140  0     1214   1358
 3652    140   146   130  0     1215   1358
 3653    130   217   140  0     1215   1329
 3654    130   146   217  1     1215     -1
 3655    222   119   185  0     1216   1820
 3656    222   173   119  0     1216   1777
 3657    185   173   222  0     1216   1864
 3658    185   119   173  0     1216   1749
 3659    152    27   123  0     1217   1592
 3660    152   149    27  0     1217   1265
 3661    123   149   152  0     1217   1548
 3662    419   403   322  0     1218   1298
 3663    322   424   419  0     1218   1241
 3664    322   403   424  0     1218   1385
 3665    547   604   503  0     1219   3853
 3666    547   546   604  1     1219     -1
 3667    503   546   547  0     1219   3781
 3668    503   604   546  0     1219   3802
 3669    485   531   403  1     1220     -1
 3670    485   454   531  0     1220   3834
 3671    403   454   485  0     1220   1405
 3672    403   531   454  0     1220   3983
 3673    811   741   744  0     1221   3987
 3674    811   757   741  0     1221   3984
 3675    744   757   811  0     1221   3979
 3676    744   741   757  0     1221   4006
 3677    788   757   781  0     1222   3972
 3678    788   669   757  0     1222   3934
 3679    781   669   788  1     1222     -1
 3680    781   757   669  0     1222   3981
 3681    465   410   455  0     1223   1772
 3682    465   346   410  0     1223   1790
 3683    455   346   465  0     1223   1420
 3684    455   410   346  0     1223   1788
 3685    106   188   117  0     1224   1303
 3686    106    47   188  1     1224     -1
 3687    510   424   439  0     1225   1234
 3688    501   424   510  0     1225   1399
 3689    311   387   272  0     1226   1425
 3690    324   272   387  0     1226   1382
 3691    117   229   156  0     1227   1270
 3692    117   120   229  0     1227   1236
 3693    156   120   117  0     1227   1253
 3694    156   229   120  1     1227     -1
 3695    673   757   655  0     1228   3974
 3696    673   669   757  0     1228   3980
 3697    655   669   673  0     1228   1775
 3698    655   757   669  0     1228   3967
 3699    419   349   480  1     1229     -1
 3700    480   439   419  0     1229   1235
 3701    480   349   439  1     1229     -1
 3702    311   438   322  0     1230   1231
 3703    322   438   424  0     1230   1233
 3704    322   320   438  0     1231   1232
 3705    311   320   322  0     1231   1288
 3706    322   439   438  0     1232   1233
 3707    320   439   322  0     1232   1254
 3708    320   438   439  1     1232     -1
 3709    322   439   424  0     1233   1241
 3710    424   439   419  0     1234   1241
 3711    510   419   439  0     1234   1235
 3712    510   480   439  0     1235   1404
 3713    510   419   480  0     1235   1239
 3714     47   120   229  1     1236     -1
 3715     12    79     7  1     1237     -1
 3716      7   157    12  0     1237   1583
 3717      7    79   157  0     1237   1535
 3718    117   166   214  0     1238   1296
 3719     29   214   166  0     1238   1275
 3720    480   485   419  1     1239     -1
 3721    485   531   510  0     1240   1243
 3722    485   621   531  1     1240     -1
 3723    510   621   485  0     1240   3963
 3724    510   531   621  0     1240   3607
 3725    419   321   349  1     1242     -1
 3726    322   321   419  0     1242   1294
 3727    322   349   321  0     1242   1250
 3728    424   531   510  0     1243   3913
 3729    424   485   531  0     1243   3834
 3730    291   403   400  1     1244     -1
 3731    358   403   291  0     1244   1361
 3732    358   400   403  0     1244   1363
 3733    117   214   218  0     1245   1320
 3734    147    98     7  0     1246   1351
 3735    147    75    98  0     1246   1308
 3736      7    75   147  0     1246   1521
 3737      7    98    75  1     1246     -1
 3738    330   222   237  0     1247   1853
 3739    330   286   222  0     1247   1502
 3740    237   286   330  0     1247   1804
 3741    237   222   286  0     1247   1854
 3742    126    32     5  1     1248     -1
 3743    126    98    32  0     1248   1360
 3744      5    98   126  0     1248   1349
 3745      5    32    98  1     1248     -1
 3746    117   218   188  0     1249   1318
 3747    117   126   218  0     1249   1252
 3748    188   126   117  0     1249   1303
 3749    349   247   322  0     1250   1255
 3750    349   321   247  1     1250     -1
 3751    322   247   321  0     1250   1292
 3752    109   105    11  1     1251     -1
 3753    126   198   117  0     1252   1353
 3754    156   166   117  0     1253   1270
 3755    156   120   166  1     1253     -1
 3756    320   247   322  0     1254   1289
 3757    320   439   247  1     1254     -1
 3758    322   247   439  0     1254   1255
 3759    439   349   247  1     1255     -1
 3760    206   266   300  0     1256   2592
 3761    206   180   266  1     1256     -1
 3762    300   180   206  0     1256   2083
 3763    300   266   180  0     1256   2078
 3764     29     2    47  1     1257     -1
 3765    120     2    29  0     1257   1263
 3766    120    47     2  1     1257     -1
 3767     11    55    79  1     1258     -1
 3768    134    79    55  0     1258   1570
 3769    503   454   465  0     1259   3458
 3770    503   358   454  0     1259   1337
 3771    465   358   503  0     1259   1391
 3772    465   454   358  0     1259   1394
 3773     63    29   105  1     1260     -1
 3774     63   163    29  0     1260   1264
 3775    229   269   188  1     1261     -1
 3776    117   269   229  0     1261   1269
 3777    117   188   269  0     1261   1318
 3778    540   567   451  0     1262   2856
 3779      2   166   120  1     1263     -1
 3780    163   166    63  1     1264     -1
 3781    163    29   166  0     1264   1275
 3782    195   149    27  0     1265   1533
 3783    152   149   195  0     1265   1544
 3784    109    42   105  1     1266     -1
 3785    109   163    42  0     1266   1271
 3786    166   214   163  0     1267   1275
 3787    166   247   214  0     1267   1279
 3788    163   247   166  1     1267     -1
 3789    163   214   247  0     1267   1280
 3790    117    29    55  0     1268   1306
 3791    106    55    29  1     1268     -1
 3792    322   229   117  0     1269   1297
 3793    322   269   229  0     1269   1299
 3794    117   269   322  0     1269   1325
 3795    117   229   166  0     1270   1296
 3796     42   159   163  1     1271     -1
 3797    109   163   159  0     1271   1272
 3798    220   163   159  1     1272     -1
 3799      7   147   134  0     1273   1483
 3800      7    55   147  0     1273   1351
 3801    134    55     7  0     1273   1570
 3802    163   320   214  0     1274   1280
 3803    220   320   163  1     1274     -1
 3804    220   214   320  0     1274   1277
 3805    220   214   311  0     1277   1285
 3806    311   214   320  0     1277   1288
 3807    199   214   220  0     1278   1286
 3808    199   134   214  0     1278   1370
 3809    247   214   322  0     1279   1289
 3810    322   166   247  0     1279   1291
 3811    322   214   166  0     1279   1295
 3812    320   247   163  1     1280     -1
 3813    320   214   247  0     1280   1289
 3814    147   241   272  0     1281   1397
 3815    235   222   339  0     1282   1767
 3816    235   174   222  0     1282   1850
 3817    339   174   235  0     1282   1842
 3818    339   222   174  0     1282   1888
 3819    311   214   199  0     1283   1287
 3820    440   478   428  0     1284   1314
 3821    440   481   478  0     1284   1335
 3822    428   478   481  0     1284   3745
 3823    311   275   214  0     1285   1287
 3824    220   214   275  0     1285   1286
 3825    275   199   214  0     1286   1287
 3826    311   214   322  0     1288   1322
 3827    322   214   320  0     1288   1289
 3828    247   229   215  0     1290   1293
 3829    247   166   229  0     1290   1291
 3830    215   166   247  1     1290     -1
 3831    322   229   247  0     1291   1292
 3832    322   166   229  0     1291   1295
 3833    322   229   321  0     1292   1294
 3834    321   229   247  0     1292   1293
 3835    321   215   247  1     1293     -1
 3836    321   229   215  1     1293     -1
 3837    322   229   419  0     1294   1298
 3838    419   229   321  1     1294     -1
 3839    322   214   229  0     1295   1297
 3840    166   229   214  0     1295   1296
 3841    214   117   229  0     1296   1297
 3842    322   214   117  0     1297   1320
 3843    419   403   229  1     1298     -1
 3844    322   229   403  0     1298   1299
 3845    403   269   229  1     1299     -1
 3846    322   269   403  0     1299   1388
 3847    706   637   670  0     1300   3655
 3848    706   650   637  0     1300   1466
 3849    670   650   706  0     1300   1719
 3850    670   637   650  0     1300   2604
 3851     36    82   129  0     1301   1838
 3852     36   130    82  0     1301   1505
 3853    129   130    36  0     1301   1527
 3854    129    82   130  1     1301     -1
 3855    663   557   624  0     1302   1785
 3856    607   557   663  0     1302   3318
 3857    607   624   557  0     1302   3444
 3858    188   126   106  1     1303     -1
 3859    106   126   117  0     1303   1304
 3860    106   126    56  1     1304     -1
 3861    500   415   461  0     1305   1310
 3862    444   415   500  0     1305   1596
 3863    444   461   415  0     1305   1765
 3864     11    29    55  1     1306     -1
 3865    218   306   198  0     1307   1440
 3866    218   272   306  0     1307   1414
 3867    140   147    75  0     1308   1476
 3868    140    98   147  0     1308   1348
 3869    147   254   241  0     1309   1397
 3870    147   155   254  0     1309   1332
 3871    241   155   147  0     1309   1524
 3872    241   254   155  0     1309   1558
 3873    415   407   500  0     1310   1681
 3874    272   356   306  0     1311   1414
 3875    272   241   356  0     1311   1489
 3876     72    79   134  0     1312   1566
 3877     72   109    79  1     1312     -1
 3878    198   227   188  0     1313   1345
 3879    198   126   227  0     1313   1331
 3880    188   227   126  1     1313     -1
 3881    376   478   428  0     1314   1453
 3882    227   188   291  1     1315     -1
 3883    218   188   227  0     1315   1345
 3884    153   142    87  1     1316     -1
 3885     87    45   153  0     1316   2130
 3886     87   142    45  0     1316   2186
 3887    474   454   503  0     1317   1811
 3888    474   400   454  0     1317   1339
 3889    503   400   474  0     1317   1378
 3890    503   454   400  0     1317   1337
 3891    188   269   218  0     1318   1319
 3892    117   218   269  0     1318   1325
 3893    269   218   270  0     1319   1324
 3894    270   188   269  1     1319     -1
 3895    214   218   322  0     1320   1322
 3896    322   218   117  0     1320   1325
 3897    451   479   540  0     1321   3736
 3898    451   478   479  0     1321   1362
 3899    540   479   478  0     1321   1401
 3900    311   218   322  0     1322   1364
 3901    376   465   478  0     1323   1413
 3902    356   478   465  0     1323   3679
 3903    322   218   270  0     1324   1338
 3904    322   269   218  0     1324   1325
 3905    270   269   322  0     1324   1387
 3906    281   152   199  0     1326   1547
 3907    281   175   152  0     1326   1559
 3908    199   175   281  0     1326   1504
 3909    199   152   175  0     1326   1539
 3910    389   241   295  0     1327   1523
 3911    295   346   389  0     1327   1707
 3912    645   591   522  0     1328   3818
 3913    645   559   591  0     1328   3817
 3914    522   591   559  0     1328   3241
 3915    130   238   140  0     1329   1861
 3916    130   217   238  1     1329     -1
 3917    140   238   217  0     1329   1817
 3918    227   299   217  1     1330     -1
 3919    227   198   299  0     1330   1443
 3920    217   299   198  0     1330   1429
 3921    126   146   198  0     1331   1357
 3922    126   227   146  1     1331     -1
 3923    254   157   155  0     1332   1484
 3924    254   147   157  0     1332   1509
 3925    155   157   147  0     1332   1541
 3926    199    79    72  0     1333   1566
 3927     72    79    12  1     1333     -1
 3928    267   327   261  0     1334   1658
 3929    267   304   327  0     1334   1748
 3930    261   304   267  0     1334   1649
 3931    481   478   582  0     1335   3619
 3932    582   478   440  0     1335   3492
 3933    401   436   341  0     1336   1741
 3934    462   436   401  0     1336   1417
 3935    462   341   436  0     1336   2029
 3936    358   400   503  0     1337   1391
 3937    358   454   400  0     1337   1339
 3938    322   358   270  0     1338   1387
 3939    322   218   358  0     1338   1369
 3940    358   474   400  0     1339   1363
 3941     41   169   107  0     1340   1609
 3942     41    28   169  0     1340   1641
 3943    107    28    41  1     1340     -1
 3944    107   169    28  0     1340   1877
 3945    151   228   125  0     1341   1603
 3946    151   161   228  0     1341   1630
 3947    125   228   161  0     1341   1662
 3948    278   238   339  0     1342   1862
 3949    339   325   278  0     1342   1783
 3950    339   238   325  0     1342   1867
 3951    363   268   330  0     1343   1408
 3952    235   268   363  0     1343   1725
 3953    235   330   268  0     1343   1730
 3954    185   173   131  0     1344   1922
 3955    185   237   173  0     1344   1864
 3956    131   237   185  0     1344   2109
 3957    304   194   295  0     1346   1637
 3958    304   241   194  0     1346   1540
 3959    295   241   304  0     1346   1439
 3960    295   194   241  0     1346   1639
 3961    261   267   149  0     1347   1649
 3962    261   228   267  0     1347   1658
 3963    149   228   261  0     1347   1660
 3964    149   267   228  0     1347   1632
 3965    198    98   147  0     1348   1354
 3966    147   140   198  0     1348   1475
 3967    126   117    98  0     1349   1353
 3968      5    98   117  0     1349   1350
 3969    117    55    98  0     1350   1352
 3970      5    98    55  1     1350     -1
 3971     55    98     7  1     1351     -1
 3972     55   147    98  0     1351   1352
 3973    147    98   117  0     1352   1354
 3974    126   198    98  0     1353   1357
 3975    117    98   198  0     1353   1354
 3976    356   306   346  0     1355   1452
 3977    465   306   356  0     1355   1416
 3978    465   346   306  0     1355   1420
 3979     18    36   140  0     1356   1852
 3980     18    98    36  1     1356     -1
 3981    126   146    98  0     1357   1360
 3982    130    98   146  0     1358   1359
 3983     32   146   130  1     1359     -1
 3984     32    98   146  0     1359   1360
 3985    126   146    32  1     1360     -1
 3986    403   291   270  1     1361     -1
 3987    270   358   403  0     1361   1389
 3988    478   389   451  0     1362   1448
 3989    478   479   389  0     1362   1463
 3990    403   474   400  1     1363     -1
 3991    311   272   322  0     1364   1425
 3992    322   272   218  0     1364   1424
 3993    383   381   452  0     1365   1494
 3994    452   497   383  0     1365   1464
 3995    452   381   497  0     1365   4377
 3996    658   589   758  0     1366   3523
 3997    684   589   658  0     1366   1410
 3998    684   758   589  0     1366   3522
 3999    478   517   465  0     1367   3679
 4000    478   584   517  0     1367   1451
 4001    465   584   478  0     1367   3794
 4002    465   517   584  0     1367   3798
 4003    218   387   358  0     1368   1369
 4004    218   272   387  0     1368   1424
 4005    387   358   322  0     1369   1386
 4006    322   218   387  0     1369   1424
 4007    368   350   455  0     1371   1430
 4008    368   359   350  1     1371     -1
 4009    455   350   359  0     1371   1816
 4010    492   394   409  0     1373   1532
 4011    409   388   492  0     1373   1458
 4012    409   394   388  0     1373   1605
 4013    242   285   268  0     1374   1497
 4014    371   285   242  0     1374   2093
 4015    371   268   285  0     1374   1727
 4016    200   284   261  0     1375   1485
 4017    273   261   284  0     1375   1457
 4018    389   410   346  0     1376   1664
 4019    346   363   389  0     1376   1707
 4020    346   410   363  0     1376   1798
 4021    570   566   510  0     1377   3664
 4022    570   480   566  1     1377     -1
 4023    510   566   480  0     1377   1404
 4024    400   474   432  1     1378     -1
 4025    454   440   356  0     1379   3702
 4026    387   440   454  0     1379   1403
 4027    579   582   668  0     1380   3807
 4028    683   668   582  0     1380   3800
 4029    424   501   454  0     1381   1399
 4030    387   454   501  0     1381   1403
 4031    327   394   388  0     1383   1696
 4032    388   261   327  0     1383   2347
 4033    388   394   261  0     1383   1605
 4034    465   358   455  0     1384   1419
 4035    455   358   368  0     1384   1415
 4036    403   358   322  0     1385   1388
 4037    403   424   358  0     1385   1395
 4038    322   358   424  0     1385   1386
 4039    270   269   358  0     1387   1389
 4040    322   358   269  0     1387   1388
 4041    269   403   358  0     1388   1389
 4042    270   269   403  1     1389     -1
 4043    517   546   604  0     1390   3802
 4044    594   546   517  0     1390   3395
 4045    594   604   546  0     1390   3777
 4046    358   306   368  0     1392   1415
 4047    358   299   306  0     1392   1427
 4048    368   306   299  0     1392   1431
 4049    465   356   358  0     1394   1416
 4050    465   454   356  0     1394   3779
 4051    424   454   403  0     1395   1405
 4052    428   497   540  0     1396   3747
 4053    540   478   428  0     1396   3744
 4054    241   272   254  0     1397   1489
 4055    147   254   272  0     1397   1509
 4056    666   551   596  0     1398   1412
 4057    666   645   551  0     1398   3849
 4058    596   645   666  0     1398   3553
 4059    596   551   645  0     1398   3814
 4060    501   454   510  0     1399   2947
 4061    510   454   424  0     1399   3913
 4062    881  1014   910  0     1400   3921
 4063    910   945   881  0     1400   3919
 4064    910  1014   945  0     1400   3396
 4065    479   551   540  0     1401   1449
 4066    479   478   551  0     1401   3760
 4067    540   551   478  0     1401   3797
 4068    596   551   479  0     1402   1449
 4069    596   522   551  0     1402   3815
 4070    479   522   596  0     1402   3752
 4071    479   551   522  0     1402   3813
 4072    440   454   501  0     1403   3485
 4073    439   566   480  1     1404     -1
 4074    485   424   454  0     1405   3834
 4075    537   626   635  0     1406   3966
 4076    537   660   626  0     1406   4062
 4077    635   626   660  0     1406   3735
 4078    509   552   496  0     1407   3538
 4079    509   599   552  0     1407   1720
 4080    496   599   509  0     1407   2455
 4081    496   552   599  0     1407   2035
 4082    268   330   242  0     1408   1730
 4083    749   819   846  0     1409   3085
 4084    749   755   819  0     1409   3422
 4085    846   755   749  0     1409   3568
 4086    846   819   755  0     1409   3581
 4087    722   589   658  0     1410   3453
 4088    684   589   722  0     1410   3423
 4089    169   194   161  0     1411   1679
 4090    125   161   194  0     1411   1663
 4091    596   584   551  0     1412   3708
 4092    666   584   596  0     1412   3804
 4093    666   551   584  0     1412   3850
 4094    376   389   478  0     1413   1448
 4095    465   389   376  0     1413   1436
 4096    465   478   389  0     1413   1463
 4097    356   306   218  0     1414   1426
 4098    455   306   368  0     1415   1430
 4099    455   358   306  0     1415   1419
 4100    356   358   306  0     1416   1426
 4101    465   306   358  0     1416   1419
 4102    401   442   436  0     1417   1741
 4103    462   442   401  0     1417   1744
 4104    462   436   442  0     1417   3247
 4105    383   304   409  0     1418   1507
 4106    383   394   304  0     1418   1623
 4107    465   306   455  0     1419   1420
 4108    455   346   306  0     1420   1788
 4109    706   637   717  0     1421   4298
 4110    706   763   637  0     1421   3655
 4111    717   763   706  0     1421   2833
 4112    717   637   763  0     1421   3731
 4113    641   658   675  0     1422   3507
 4114    641   624   658  0     1422   3466
 4115    675   624   641  0     1422   3450
 4116    675   658   624  0     1422   3433
 4117    451   478   383  0     1423   1455
 4118    376   478   451  0     1423   1448
 4119    376   383   478  0     1423   1453
 4120    322   272   387  0     1424   1425
 4121    358   306   218  0     1426   1441
 4122    291   306   358  0     1427   1441
 4123    291   299   306  0     1427   1444
 4124    217   306   299  0     1428   1429
 4125    299   350   217  1     1428     -1
 4126    299   306   350  0     1428   1431
 4127    299   198   306  0     1429   1443
 4128    368   350   306  0     1430   1431
 4129    455   306   350  0     1430   1813
 4130    368   350   299  1     1431     -1
 4131    200   149   123  0     1432   1548
 4132    363   339   346  0     1433   1798
 4133    346   278   363  0     1433   1703
 4134    641   624   609  0     1434   3450
 4135    641   559   624  0     1434   3466
 4136    609   559   641  0     1434   3473
 4137    609   624   559  0     1434   3452
 4138    157   152    12  0     1435   1563
 4139    199   152   157  0     1435   1437
 4140    199    12   152  0     1435   1567
 4141    152   195   199  0     1437   1547
 4142    152   157   195  0     1437   1563
 4143    199   195   157  0     1437   1538
 4144    324   383   281  0     1438   1510
 4145    428   281   383  0     1438   1512
 4146    241   254   295  0     1439   1520
 4147    295   254   304  0     1439   1500
 4148    198   291   306  0     1440   1442
 4149    218   306   291  0     1440   1441
 4150    227   306   198  0     1442   1443
 4151    227   291   306  0     1442   1444
 4152    227   306   299  0     1443   1444
 4153    227   291   299  1     1444     -1
 4154    557   624   518  0     1445   3444
 4155    557   541   624  0     1445   1776
 4156    518   541   557  0     1445   3439
 4157    150    90    95  0     1446   2038
 4158     95    90     6  1     1446     -1
 4159     54   161   125  0     1447   1597
 4160     54    80   161  0     1447   1569
 4161    125    80    54  0     1447   1525
 4162    540   596   551  0     1449   3708
 4163    479   596   540  0     1449   3736
 4164    675   624   729  0     1450   1795
 4165    675   609   624  0     1450   3450
 4166    729   609   675  1     1450     -1
 4167    729   624   609  0     1450   3234
 4168    582   478   584  0     1451   3388
 4169    582   517   478  0     1451   3492
 4170    428   383   478  0     1453   1455
 4171    304   261   273  0     1454   1457
 4172    720   736   678  0     1456   3417
 4173    678   759   720  0     1456   3505
 4174    284   304   261  0     1457   1485
 4175    388   472   409  0     1458   1699
 4176    409   472   492  0     1458   2009
 4177    184   152   200  0     1459   1560
 4178    184   281   152  0     1459   1559
 4179    200   281   184  0     1459   1515
 4180    200   152   281  0     1459   1503
 4181     96   162   191  0     1460   1981
 4182    151   162    96  0     1460   2169
 4183    654   607   690  0     1461   3293
 4184    654   738   607  0     1461   1993
 4185    690   738   654  0     1461   3235
 4186    690   607   738  0     1461   3328
 4187     18   174   140  0     1462   1857
 4188     18    81   174  0     1462   1858
 4189    140    81    18  0     1462   1852
 4190    140   174    81  0     1462   1633
 4191    478   479   465  0     1463   3760
 4192    428   452   497  0     1464   3743
 4193    428   383   452  0     1464   1494
 4194    625   670   637  0     1465   4352
 4195    545   670   625  0     1465   4318
 4196    545   637   670  0     1465   4374
 4197    656   650   637  0     1466   4130
 4198    706   650   656  0     1466   2421
 4199    790   758   658  0     1467   1468
 4200    790   691   758  0     1467   2858
 4201    658   691   790  0     1467   3469
 4202    658   720   758  0     1468   3481
 4203    790   720   658  0     1468   3469
 4204    790   758   720  0     1468   1807
 4205    573   527   500  0     1469   2854
 4206    573   461   527  0     1469   2926
 4207    500   461   573  0     1469   3508
 4208    500   527   461  0     1469   2941
 4209    676   769   656  0     1470   4274
 4210    676   674   769  0     1470   3449
 4211    461   509   462  0     1471   1689
 4212    461   496   509  0     1471   2455
 4213    462   496   461  0     1471   1691
 4214    462   509   496  0     1471   3538
 4215    161   119    84  0     1472   1848
 4216    185   119   161  0     1472   1882
 4217    185    84   119  0     1472   1749
 4218    646   674   685  0     1473   3546
 4219    646   599   674  0     1473   2803
 4220    685   599   646  0     1473   2949
 4221    685   674   599  0     1473   3519
 4222    267   268   161  0     1474   1726
 4223    267   228   268  0     1474   1736
 4224    161   228   267  0     1474   1662
 4225    161   268   228  0     1474   1706
 4226    140   155   147  0     1475   1476
 4227    147   155   198  0     1475   1524
 4228     75   155   147  0     1476   1521
 4229     75   140   155  0     1476   1590
 4230    257   223   221  0     1477   2412
 4231    221   162   257  0     1477   2340
 4232    221   223   162  0     1477   2417
 4233    428   452   467  0     1478   1480
 4234    428   481   452  0     1478   3750
 4235    467   452   481  0     1478   3654
 4236    868   900   986  0     1479   4137
 4237    868   953   900  0     1479   4100
 4238    986   900   953  0     1479   4101
 4239    406   452   467  0     1480   1486
 4240    808   742   789  0     1481   4174
 4241    808   827   742  0     1481   4334
 4242    789   742   827  1     1481     -1
 4243    615   695   776  0     1482   4427
 4244    615   696   695  0     1482   4446
 4245    776   696   615  0     1482   4416
 4246    776   695   696  0     1482   4469
 4247      7    79   134  0     1483   1570
 4248      7   147    79  0     1483   1535
 4249    157   195   254  0     1484   1538
 4250    254   195   155  0     1484   1558
 4251    406   452   484  0     1486   1487
 4252    484   452   467  0     1486   4365
 4253    484   463   452  0     1487   4221
 4254    406   452   463  0     1487   1488
 4255    370   452   463  0     1488   2846
 4256    370   406   452  0     1488   1493
 4257    428   381   347  0     1490   1495
 4258    284   381   409  0     1491   1501
 4259    284   370   381  0     1491   1492
 4260    259   381   284  0     1492   1518
 4261    259   370   381  0     1492   1496
 4262    406   381   370  0     1493   1496
 4263    370   381   452  0     1493   4379
 4264    383   381   428  0     1494   1512
 4265    428   381   275  0     1495   1511
 4266    161   285   268  0     1497   1706
 4267    242   285   161  0     1497   1677
 4268    444   383   497  0     1498   1499
 4269    444   383   451  0     1499   1631
 4270    295   254   376  0     1500   1520
 4271    376   254   304  0     1500   1551
 4272    409   304   381  0     1501   1507
 4273    330   339   222  0     1502   1767
 4274    286   222   339  0     1502   1893
 4275    200   195   281  0     1503   1514
 4276    200   152   195  0     1503   1544
 4277    281   195   152  0     1503   1547
 4278    130    82    51  1     1505     -1
 4279     51    82    36  1     1505     -1
 4280     75    77     7  1     1506     -1
 4281     75   155    77  0     1506   1587
 4282      7   155    75  0     1506   1521
 4283      7    77   155  0     1506   1584
 4284    147   272   157  0     1508   1509
 4285    254   272   157  0     1509   1522
 4286    376   383   281  0     1510   1553
 4287    428   381   281  0     1511   1512
 4288    275   281   381  0     1511   1517
 4289    184   281   259  0     1513   1516
 4290    184   175   281  0     1513   1559
 4291    200   195   304  0     1514   1546
 4292    284   281   184  0     1515   1516
 4293    284   281   259  0     1516   1518
 4294    381   259   281  0     1517   1518
 4295    389   364   295  0     1519   1757
 4296    389   304   364  0     1519   1758
 4297    295   364   304  0     1519   1537
 4298    295   241   376  0     1520   1523
 4299      7   155   147  0     1521   1541
 4300    199   157   254  0     1522   1538
 4301     80    54    20  1     1525     -1
 4302     41    77   155  0     1526   1588
 4303     41   194    77  0     1526   1594
 4304    155    77   194  0     1526   1561
 4305     36   129   174  0     1527   1529
 4306    130   174   129  0     1527   1860
 4307    252   398   367  0     1528   2460
 4308    252   431   398  0     1528   2220
 4309    367   398   431  0     1528   2423
 4310     81   174    36  0     1529   1633
 4311     81   129   174  0     1529   1844
 4312     36   129    81  0     1529   1731
 4313    137   162   110  0     1530   2356
 4314    137    15   162  0     1530   2342
 4315    110    15   137  0     1530   2259
 4316    110   162    15  0     1530   2323
 4317    160   191   211  0     1531   1638
 4318    211   265   160  0     1531   2360
 4319    492   394   444  0     1532   1651
 4320    195    77    27  0     1533   1534
 4321    149    77   195  0     1533   1580
 4322     77    27    12  1     1534     -1
 4323     12   195    77  0     1534   1581
 4324      7   147   157  0     1535   1541
 4325    304   267   364  0     1537   1748
 4326    295   267   304  0     1537   1637
 4327    295   364   267  0     1537   1762
 4328    152    57   199  0     1539   1567
 4329    152   175    57  0     1539   1573
 4330    199    57   175  0     1539   1556
 4331    241   194   195  0     1540   1557
 4332    155   157     7  0     1541   1584
 4333    228   223   151  0     1542   2221
 4334    151   261   228  0     1542   1661
 4335    151   223   261  0     1542   2113
 4336    144    71    96  0     1543   2307
 4337    151    71   144  0     1543   2317
 4338    151    96    71  0     1543   2310
 4339    149   195   200  0     1544   1546
 4340    200   152   149  0     1544   1548
 4341    564   496   599  0     1545   2035
 4342    500   599   496  0     1545   2823
 4343    200   152   123  0     1548   1560
 4344    134    79   199  0     1549   1566
 4345    167   239   287  0     1550   1797
 4346    167   248   239  1     1550     -1
 4347    287   248   167  0     1550   2080
 4348    287   239   248  0     1550   1925
 4349    376   254   383  0     1551   1553
 4350    383   254   304  0     1551   1552
 4351    383   254   281  0     1552   1553
 4352    103    57     8  1     1554     -1
 4353    103   175    57  0     1554   1555
 4354      8    57   175  0     1554   1578
 4355     72    57   103  1     1555     -1
 4356     72   175    57  0     1555   1556
 4357    155   195   241  0     1557   1558
 4358    241   194   155  0     1557   1643
 4359    175   152   184  0     1559   1573
 4360    184   152   123  0     1560   1572
 4361    155    77   149  0     1561   1580
 4362    174   222   209  0     1562   1888
 4363    129   222   174  0     1562   1875
 4364    129   209   222  0     1562   1781
 4365     67    27    16  1     1564     -1
 4366    327   364   371  0     1565   1763
 4367    327   461   364  0     1565   1766
 4368    371   364   461  0     1565   1754
 4369    152    57    12  0     1567   1571
 4370    187   137     6  0     1568   2097
 4371    187   210   137  0     1568   2053
 4372      6   210   187  0     1568   2115
 4373      6   137   210  0     1568   2147
 4374    150   161    54  0     1569   1597
 4375     55     7    79  1     1570     -1
 4376     12    27    57  1     1571     -1
 4377     57    27   152  0     1571   1591
 4378    184    57   123  0     1572   1574
 4379    184   152    57  0     1572   1573
 4380    175    57   184  0     1573   1577
 4381    184    57    60  0     1574   1577
 4382     60    57   123  0     1574   1576
 4383     65    57    31  1     1575     -1
 4384     65   123    57  0     1575   1576
 4385     60    57    65  1     1576     -1
 4386     60   175    57  0     1577   1578
 4387      8    57    60  1     1578     -1
 4388    235   222   242  0     1579   1878
 4389    235   330   222  0     1579   1767
 4390    242   330   235  0     1579   1730
 4391    242   222   330  0     1579   1853
 4392    155    77   195  0     1580   1581
 4393    155    77    12  0     1581   1582
 4394    155    77   157  0     1582   1584
 4395    157    77    12  0     1582   1583
 4396     12     7    77  1     1583     -1
 4397    157    77     7  0     1583   1584
 4398    241   278   235  0     1585   1855
 4399    235   295   241  0     1585   1640
 4400    235   278   295  0     1585   1648
 4401    323   421   446  1     1586     -1
 4402    446   315   323  0     1586   2539
 4403    446   421   315  0     1586   2398
 4404    155   107    75  0     1587   1590
 4405    155    77   107  0     1587   1588
 4406     75   107    77  1     1587     -1
 4407     41    77   107  1     1588     -1
 4408     18   107    75  1     1589     -1
 4409     18   140   107  0     1589   1857
 4410     75   107   140  0     1589   1590
 4411     57    27    31  1     1591     -1
 4412     31    27   152  0     1591   1592
 4413     31    27   123  0     1592   1593
 4414     31    27    67  1     1593     -1
 4415     77    41    16  1     1594     -1
 4416    194    16    41  0     1594   1598
 4417     16   125   149  0     1595   2256
 4418     16   194   125  0     1595   1598
 4419    149   125   194  0     1595   1657
 4420    415   500   394  0     1596   1671
 4421    394   444   415  0     1596   1747
 4422    394   500   444  0     1596   1651
 4423     16    41   125  0     1598   1599
 4424     41   125    20  0     1599   1642
 4425     20    16    41  1     1599     -1
 4426     28   169   161  0     1600   1868
 4427     20   169    28  0     1600   1641
 4428    150   257   189  0     1601   2324
 4429    150   210   257  0     1601   2057
 4430    189   210   150  0     1601   2123
 4431    189   257   210  0     1601   1617
 4432    142   145   124  0     1602   2225
 4433    124    62   142  1     1602     -1
 4434    124   145    62  0     1602   2203
 4435    149   228   125  0     1603   1657
 4436    149   151   228  0     1603   1659
 4437     50    30    23  1     1604     -1
 4438     50   122    30  0     1604   1771
 4439     23   122    50  0     1604   1941
 4440     23    30   122  0     1604   1928
 4441    252   357   431  0     1606   2220
 4442    431   357   292  0     1606   2175
 4443    404   380   386  0     1607   1985
 4444    404   443   380  0     1607   1923
 4445    386   380   443  0     1607   2010
 4446    304   364   444  0     1608   1654
 4447    304   383   364  0     1608   1758
 4448    444   383   304  0     1608   1623
 4449    444   364   383  0     1608   1631
 4450    107   194   169  0     1609   1612
 4451    318   361   312  0     1610   2024
 4452    318   340   361  0     1610   2052
 4453    312   361   340  0     1610   2047
 4454    232   143   177  0     1611   2332
 4455    232   231   143  0     1611   2393
 4456    177   231   232  0     1611   2361
 4457    177   143   231  0     1611   2380
 4458    194   169   155  0     1612   1643
 4459    151    96   150  0     1613   2169
 4460    151    54    96  0     1613   2310
 4461    150    96    54  0     1613   2370
 4462    187   101   104  0     1614   2077
 4463    187    13   101  0     1614   2059
 4464    104    13   187  0     1614   2094
 4465    104   101    13  1     1614     -1
 4466     37   162   110  0     1615   2323
 4467    110   113    37  1     1615     -1
 4468    110   162   113  0     1615   2372
 4469    386   328   355  0     1616   1977
 4470    355   264   386  0     1616   1936
 4471    355   328   264  0     1616   1912
 4472    189   257   288  0     1617   2173
 4473    288   210   189  0     1617   2090
 4474    342   288   341  0     1618   2331
 4475    285   288   342  0     1618   1650
 4476    285   341   288  0     1618   2087
 4477    187   137   206  0     1619   2053
 4478    187   180   137  0     1619   2146
 4479    206   180   187  0     1619   2083
 4480    206   137   180  0     1619   2058
 4481    342   415   327  0     1620   2411
 4482    342   407   415  0     1620   2632
 4483    327   407   342  0     1620   1669
 4484    327   415   407  0     1620   1708
 4485    249   337   279  0     1621   2526
 4486    249   307   337  0     1621   2596
 4487    279   307   249  0     1621   2489
 4488    279   337   307  0     1621   2498
 4489    414   339   410  0     1622   1688
 4490    363   339   414  0     1622   1794
 4491    363   410   339  0     1622   1798
 4492    304   444   394  0     1623   1654
 4493    323   315   243  0     1624   2543
 4494    323   219   315  0     1624   2399
 4495    243   219   323  1     1624     -1
 4496    243   315   219  0     1624   2293
 4497    436   341   332  0     1625   2004
 4498    332   341   287  0     1625   2001
 4499    313   239   300  0     1626   1847
 4500    313   266   239  1     1626     -1
 4501    300   266   313  0     1626   1913
 4502    300   239   266  0     1626   2089
 4503    388   283   292  0     1627   2337
 4504    388   357   283  0     1627   2353
 4505    242   401   371  0     1628   2091
 4506    242   330   401  0     1628   2085
 4507    172   226   237  0     1629   1826
 4508    172   264   226  0     1629   1929
 4509    237   264   172  0     1629   1891
 4510    237   226   264  0     1629   1886
 4511    161   228   150  0     1630   1676
 4512    150   228   151  0     1630   2221
 4513    444   364   451  0     1631   1683
 4514    451   364   383  0     1631   1682
 4515    149   267   194  0     1632   1636
 4516    194   228   149  0     1632   1657
 4517     36    81   140  0     1633   1852
 4518    339   216   286  0     1634   1893
 4519    339   277   216  0     1634   1782
 4520    286   277   339  0     1634   1830
 4521    286   216   277  0     1634   1895
 4522     35    71   181  0     1635   2316
 4523     35    67    71  1     1635     -1
 4524    181    71    67  0     1635   2260
 4525    194   304   267  0     1636   1637
 4526    149   267   304  0     1636   1649
 4527    295   267   194  0     1637   1684
 4528    160   162   211  0     1638   2177
 4529    160   191   162  0     1638   2333
 4530    194   241   169  0     1639   1643
 4531    295   169   241  0     1639   1640
 4532    295   169   235  0     1640   1715
 4533     20   169    41  0     1641   1642
 4534     41    28    20  1     1641     -1
 4535    155   241   169  0     1643   1644
 4536    241   169   140  0     1644   1845
 4537    144    96    35  0     1645   2307
 4538    144    66    96  0     1645   2322
 4539     35    66   144  0     1645   2280
 4540     35    96    66  1     1645     -1
 4541    235   268   242  0     1646   1730
 4542    235   169   268  0     1646   1715
 4543    242   169   235  0     1646   1879
 4544    265   392   344  0     1647   2362
 4545    265   298   392  0     1647   2519
 4546    344   392   298  0     1647   2378
 4547    295   363   278  0     1648   1703
 4548    235   363   295  0     1648   1725
 4549    288   257   285  0     1650   2173
 4550    288   342   257  0     1650   2141
 4551    285   257   342  0     1650   2325
 4552    394   500   492  0     1651   1671
 4553    492   500   444  0     1651   3535
 4554    332   423   436  0     1652   2045
 4555    379   423   332  1     1652     -1
 4556    379   436   423  0     1652   2036
 4557    580   590   472  0     1653   3769
 4558    580   492   590  0     1653   3556
 4559    472   590   492  0     1653   2612
 4560    444   394   364  0     1654   1747
 4561    380   379   404  0     1655   1704
 4562    380   310   379  0     1655   1779
 4563    404   310   380  0     1655   1969
 4564    404   379   310  1     1655     -1
 4565    342   223   285  0     1656   2325
 4566    342   327   223  0     1656   2181
 4567    285   327   342  0     1656   1669
 4568    228   327   261  0     1658   2233
 4569    228   267   327  0     1658   1736
 4570    181   228   149  0     1659   1660
 4571    181   151   228  0     1659   1661
 4572    149   151   181  0     1659   2315
 4573    181   228   261  0     1660   1661
 4574    181   151   261  0     1661   2352
 4575    125   267   161  0     1662   1663
 4576    194   267   161  0     1663   1726
 4577    479   410   346  0     1664   1790
 4578    672   623   564  0     1665   3251
 4579    672   552   623  0     1665   2656
 4580    564   623   552  0     1665   3257
 4581     43    23   131  0     1666   1931
 4582     43   172    23  0     1666   1932
 4583    131   172    43  0     1666   1915
 4584    131    23   172  0     1666   1926
 4585    185   255   165  0     1667   2107
 4586    189   255   185  0     1667   2079
 4587    699   749   689  0     1668   3287
 4588    699   733   749  0     1668   3230
 4589    689   733   699  1     1668     -1
 4590    689   749   733  0     1668   3259
 4591    597   661   659  0     1670   2229
 4592    686   661   597  0     1670   2767
 4593    686   659   661  0     1670   2235
 4594    462   401   371  0     1672   1714
 4595    371   401   407  0     1672   2051
 4596    982   985   971  1     1673     -1
 4597    971   901   982  0     1673   2957
 4598    971   985   901  0     1673   2953
 4599    389   364   451  0     1674   1682
 4600    389   433   364  0     1674   1755
 4601    451   364   433  0     1674   1683
 4602    189   285   150  0     1675   2324
 4603    189   161   285  0     1675   1677
 4604    150   285   161  0     1675   1676
 4605    161   228   285  0     1676   1706
 4606    150   285   228  0     1676   2377
 4607    371   363   414  0     1678   1780
 4608    461   363   371  0     1678   1751
 4609    461   414   363  0     1678   1774
 4610    194   161   268  0     1679   1726
 4611    619   527   573  0     1680   3555
 4612    619   522   527  0     1680   3753
 4613    573   527   522  0     1680   2926
 4614    496   415   407  0     1681   2441
 4615    389   364   383  0     1682   1758
 4616    433   444   364  0     1683   1753
 4617    451   444   433  0     1683   3515
 4618    295   267   268  0     1684   1762
 4619    194   268   267  0     1684   1726
 4620    278   306   410  0     1685   1814
 4621    346   306   278  0     1685   1756
 4622    346   410   306  0     1685   1788
 4623    712   623   586  0     1686   2013
 4624    712   640   623  0     1686   3560
 4625    586   640   712  0     1686   2016
 4626    586   623   640  0     1686   3271
 4627    414   489   410  0     1688   3203
 4628    401   509   462  0     1689   1744
 4629    462   461   401  0     1689   1714
 4630    339   427   360  0     1690   1812
 4631    360   286   339  0     1690   1830
 4632    360   427   286  0     1690   1810
 4633    462   496   407  0     1691   2031
 4634    332   287   313  0     1692   1998
 4635    313   379   332  1     1692     -1
 4636    313   287   379  0     1692   1843
 4637    201   310   264  0     1693   1978
 4638    201   404   310  1     1693     -1
 4639    264   310   404  0     1693   1969
 4640    513   637   616  0     1694   2985
 4641    513   555   637  0     1694   3738
 4642    616   555   513  0     1694   4364
 4643    616   637   555  0     1694   3574
 4644    292   472   431  0     1695   2175
 4645    292   458   472  0     1695   2030
 4646    431   472   458  0     1695   4203
 4647    327   415   388  0     1696   2410
 4648    327   394   415  0     1696   1760
 4649    523   529   578  0     1697   2462
 4650    523   493   529  0     1697   2704
 4651    578   493   523  0     1697   2727
 4652    448   412   459  0     1698   2482
 4653    448   352   412  0     1698   2268
 4654    459   352   448  0     1698   2475
 4655    459   412   352  0     1698   2510
 4656    409   458   472  0     1699   2009
 4657    388   472   458  0     1699   2030
 4658    716   664   601  0     1700   4297
 4659    601   662   716  0     1700   4355
 4660    601   664   662  0     1700   4357
 4661    264   404   386  0     1701   1985
 4662    386   404   326  0     1701   1802
 4663    217   278   140  0     1702   1817
 4664    140   278   198  0     1702   1769
 4665    346   295   363  0     1703   1707
 4666    470   379   404  1     1704     -1
 4667    470   380   379  0     1704   1906
 4668    404   380   470  0     1704   2002
 4669    691   685   646  0     1705   2949
 4670    753   685   691  0     1705   3305
 4671    753   646   685  0     1705   1734
 4672    389   295   363  0     1707   1757
 4673    237   222   242  0     1709   1853
 4674    237   185   222  0     1709   1864
 4675    242   222   185  0     1709   1820
 4676    422   414   509  0     1711   1786
 4677    422   401   414  0     1711   1750
 4678    443   380   355  0     1712   2010
 4679    443   471   380  0     1712   1923
 4680    355   471   443  0     1712   1934
 4681    355   380   471  0     1712   1992
 4682    316   354   399  1     1713     -1
 4683    399   338   316  0     1713   2486
 4684    399   354   338  0     1713   2138
 4685    295   268   235  0     1715   1725
 4686    728   769   676  0     1716   2995
 4687    728   816   769  0     1716   2994
 4688    676   816   728  0     1716   2931
 4689    676   769   816  0     1716   2965
 4690    580   587   508  0     1717   2694
 4691    580   472   587  0     1717   3769
 4692    539   576   614  0     1718   2796
 4693    706   705   650  0     1719   4116
 4694    670   705   706  0     1719   3653
 4695    670   650   705  0     1719   2797
 4696    599   552   558  0     1720   3543
 4697    558   509   599  0     1720   3542
 4698    558   552   509  0     1720   2877
 4699    702   664   693  0     1721   3461
 4700    702   606   664  0     1721   2992
 4701    693   664   606  0     1721   4550
 4702    586   552   672  0     1722   2656
 4703    586   605   552  0     1722   3537
 4704    672   605   586  0     1722   3212
 4705    904   921   889  0     1723   3667
 4706    904   824   921  0     1723   4175
 4707    889   824   904  0     1723   4240
 4708    889   921   824  0     1723   4180
 4709    679   677   581  0     1724   4388
 4710    679   627   677  1     1724     -1
 4711    581   627   679  0     1724   4099
 4712    581   677   627  0     1724   4389
 4713    295   268   363  0     1725   1761
 4714    371   268   327  0     1727   1763
 4715    703   673   547  0     1728   3821
 4716    703   604   673  0     1728   3710
 4717    547   604   703  1     1728     -1
 4718    547   673   604  0     1728   3853
 4719    327   364   267  0     1729   1748
 4720    327   268   364  0     1729   1763
 4721    267   268   327  0     1729   1736
 4722    267   364   268  0     1729   1762
 4723     22    81    36  1     1731     -1
 4724     22   129    81  0     1731   1871
 4725     36   129    22  0     1731   1838
 4726    278   217   238  0     1732   1817
 4727    350   238   217  1     1732     -1
 4728    640   552   586  0     1733   3271
 4729    640   536   552  0     1733   2066
 4730    586   536   640  0     1733   3263
 4731    586   552   536  0     1733   3539
 4732    646   751   753  0     1734   3657
 4733    646   685   751  0     1734   3546
 4734    753   751   685  0     1734   3592
 4735     24   113   211  0     1735   2374
 4736    211   160    24  0     1735   2082
 4737    211   113   160  0     1735   2177
 4738    518   624   505  0     1737   3467
 4739    505   427   518  0     1737   1898
 4740    505   624   427  0     1737   3408
 4741    189    70    95  0     1738   2102
 4742    189    90    70  0     1738   2119
 4743     95    90   189  0     1738   2038
 4744     95    70    90  1     1738     -1
 4745    203   187   104  0     1739   1870
 4746    203   165   187  0     1739   1983
 4747    104   165   203  0     1739   2050
 4748    104   187   165  0     1739   2061
 4749    187    70    90  0     1740   2119
 4750    187    86    70  0     1740   2095
 4751     90    86   187  0     1740   2062
 4752     90    70    86  1     1740     -1
 4753      9   145   124  0     1742   2203
 4754      9    85   145  0     1742   2243
 4755    124    85     9  0     1742   2184
 4756    124   145    85  0     1742   2197
 4757    453   528   464  0     1743   4360
 4758    453   526   528  0     1743   4538
 4759    464   526   453  0     1743   4356
 4760    464   528   526  0     1743   4363
 4761    509   462   442  0     1744   2662
 4762      6    13   187  0     1745   2097
 4763      6    90    13  1     1745     -1
 4764    187    90     6  0     1745   2115
 4765    187    13    90  0     1745   2062
 4766    618   608   699  1     1746     -1
 4767    618   586   608  0     1746   3265
 4768    699   586   618  0     1746   3239
 4769    699   608   586  0     1746   3195
 4770    444   415   364  0     1747   1765
 4771    394   364   415  0     1747   1760
 4772    185    84   173  0     1749   1921
 4773    173    84   119  0     1749   1918
 4774    422   330   414  0     1750   1835
 4775    433   363   371  0     1751   1759
 4776    433   461   363  0     1751   1774
 4777    371   461   433  0     1751   1754
 4778    691   619   573  0     1752   3573
 4779    691   658   619  0     1752   3089
 4780    573   658   691  0     1752   3399
 4781    433   461   364  0     1753   1754
 4782    444   364   461  0     1753   1765
 4783    371   364   433  0     1754   1759
 4784    363   364   389  0     1755   1757
 4785    363   433   364  0     1755   1759
 4786    241   306   278  0     1756   1768
 4787    295   363   364  0     1757   1761
 4788    371   364   363  0     1759   1764
 4789    415   327   364  0     1760   1766
 4790    295   268   364  0     1761   1762
 4791    363   364   268  0     1761   1764
 4792    371   268   364  0     1763   1764
 4793    415   364   461  0     1765   1766
 4794    241   198   278  0     1768   1769
 4795    140   278   241  0     1769   1840
 4796    339   418   427  0     1770   1812
 4797    410   418   339  0     1770   1839
 4798    410   427   418  0     1770   3475
 4799      3    30    50  1     1771     -1
 4800      3   122    30  1     1771     -1
 4801     50   122     3  0     1771   1940
 4802    465   479   455  0     1772   3812
 4803    465   410   479  0     1772   1790
 4804    359   447   455  0     1773   1818
 4805    359   432   447  1     1773     -1
 4806    455   447   432  0     1773   3778
 4807    461   414   433  0     1774   1959
 4808    669   673   604  0     1775   3710
 4809    604   655   669  0     1775   3819
 4810    604   673   655  0     1775   3856
 4811    541   624   609  0     1776   3452
 4812    609   557   541  1     1776     -1
 4813    609   624   557  0     1776   1785
 4814    173   119   129  0     1777   1778
 4815    129   222   173  0     1777   1781
 4816    129   119   222  0     1777   1875
 4817    173   102   129  0     1778   1846
 4818    173   119   102  0     1778   1919
 4819    129   102   119  0     1778   1849
 4820    310   287   380  0     1779   1974
 4821    310   379   287  0     1779   1843
 4822    330   363   414  0     1780   1794
 4823    173   209   222  0     1781   1896
 4824    173   129   209  0     1781   1902
 4825    277   216   360  1     1782     -1
 4826    360   339   277  0     1782   1830
 4827    350   339   325  0     1783   1784
 4828    278   339   350  0     1783   1789
 4829    359   350   339  0     1784   1815
 4830    359   325   350  1     1784     -1
 4831    609   663   557  1     1785     -1
 4832    609   624   663  0     1785   3234
 4833    509   489   414  0     1786   3295
 4834    422   489   509  0     1786   1808
 4835    422   414   489  0     1786   1836
 4836    559   624   541  0     1787   3452
 4837    559   427   624  0     1787   3408
 4838    541   427   559  0     1787   3489
 4839    455   410   306  0     1788   1813
 4840    278   410   350  0     1789   1814
 4841    350   410   339  0     1789   1815
 4842    202   141    58  1     1791     -1
 4843    202   172   141  0     1791   1948
 4844     58   172   202  0     1791   1859
 4845    380   442   471  0     1792   1905
 4846    380   470   442  0     1792   1906
 4847    471   470   380  0     1792   2002
 4848    471   442   470  0     1792   3135
 4849    451   527   479  0     1793   3737
 4850    451   433   527  0     1793   3515
 4851    479   527   433  0     1793   3521
 4852    675   722   729  0     1795   3500
 4853    675   624   722  0     1795   3433
 4854    729   722   624  0     1795   1805
 4855    286   277   355  0     1796   1885
 4856    286   427   277  0     1796   1810
 4857    355   427   286  0     1796   1834
 4858    355   277   427  0     1796   1965
 4859    203   239   287  0     1797   2054
 4860    203   167   239  1     1797     -1
 4861    287   167   203  0     1797   2064
 4862    575   624   518  0     1799   3437
 4863    575   607   624  0     1799   3351
 4864    518   624   607  0     1799   3444
 4865    594   620   669  0     1800   3994
 4866    594   757   620  0     1800   3969
 4867    669   757   594  0     1800   3967
 4868    669   620   757  0     1800   3995
 4869    518   490   541  0     1801   3439
 4870    427   541   490  0     1801   3356
 4871    326   374   404  1     1802     -1
 4872    386   374   326  1     1802     -1
 4873    690   562   657  1     1803     -1
 4874    657   607   690  0     1803   3294
 4875    657   562   607  0     1803   3217
 4876    286   329   237  0     1804   2007
 4877    286   330   329  0     1804   1991
 4878    237   329   330  0     1804   2023
 4879    729   722   738  0     1805   3456
 4880    738   624   729  0     1805   3164
 4881    738   722   624  0     1805   3443
 4882    678   591   565  0     1806   3830
 4883    565   602   678  1     1806     -1
 4884    565   591   602  0     1806   3755
 4885    790   758   792  0     1807   2857
 4886    792   720   790  0     1807   3506
 4887    792   758   720  0     1807   3481
 4888    422   505   509  0     1808   2033
 4889    360   427   418  0     1809   1812
 4890    360   512   427  0     1809   1961
 4891    418   512   360  1     1809     -1
 4892    418   427   512  0     1809   3484
 4893    427   277   360  0     1810   1963
 4894    360   277   286  0     1810   1830
 4895    474   546   503  0     1811   3781
 4896    474   454   546  0     1811   3495
 4897    503   546   454  0     1811   3789
 4898    455   410   350  0     1813   1816
 4899    350   410   306  0     1813   1814
 4900    350   410   359  0     1815   1816
 4901    455   410   359  0     1816   1818
 4902    455   410   447  0     1818   3478
 4903    359   447   410  0     1818   1819
 4904    410   418   447  0     1819   3477
 4905    359   447   418  1     1819     -1
 4906    242   119   185  0     1820   1882
 4907    242   222   119  0     1820   1878
 4908    962   867   981  0     1821   3673
 4909    962   933   867  0     1821   3696
 4910    981   933   962  1     1821     -1
 4911    981   867   933  0     1821   3709
 4912    994   849   949  0     1822   3614
 4913    994   851   849  0     1822   3302
 4914    949   851   994  0     1822   3364
 4915    846  1018   965  0     1823   3562
 4916    846   857  1018  0     1823   2946
 4917    965   857   846  0     1823   3587
 4918    965  1018   857  0     1823   3088
 4919    490   405   427  0     1824   1825
 4920    490   443   405  0     1824   1975
 4921    427   405   443  0     1824   1966
 4922    512   405   427  0     1825   1961
 4923    512   490   405  1     1825     -1
 4924    427   490   512  0     1825   3356
 4925    131   226   237  0     1826   2108
 4926    131   172   226  0     1826   1930
 4927    427   443   355  0     1827   1966
 4928    427   422   443  0     1827   1949
 4929    355   422   427  0     1827   1834
 4930    355   443   422  0     1827   1934
 4931    851   880   863  0     1828   3190
 4932    851   994   880  0     1828   3302
 4933    863   994   851  0     1828   3364
 4934    863   880   994  0     1828   3352
 4935    947   925   909  1     1829     -1
 4936    947   877   925  0     1829   3843
 4937    909   877   947  0     1829   3435
 4938     61    84   131  0     1831   1916
 4939     61   185    84  0     1831   2121
 4940    131   185    61  0     1831   2021
 4941    131    84   185  0     1831   1920
 4942    404   470   471  0     1832   2002
 4943    498   470   404  1     1832     -1
 4944    498   471   470  0     1832   3307
 4945    422   427   330  0     1833   1835
 4946    422   286   427  0     1833   1834
 4947    330   286   422  0     1833   1991
 4948    355   422   286  0     1834   1958
 4949    422   427   414  0     1835   1836
 4950    102   116   129  0     1837   1846
 4951    102    22   116  1     1837     -1
 4952    129    22   102  0     1837   1884
 4953    129   116    22  1     1837     -1
 4954     82    22    36  1     1838     -1
 4955     82   129    22  1     1838     -1
 4956    140   174   241  0     1840   1845
 4957    241   174   278  0     1840   1855
 4958    339   216   238  0     1841   1867
 4959    339   209   216  0     1841   1894
 4960    238   209   339  0     1841   1889
 4961    238   216   209  1     1841     -1
 4962    278   174   235  0     1842   1855
 4963    278   339   174  0     1842   1862
 4964    313   310   379  1     1843     -1
 4965    313   287   310  0     1843   2015
 4966    174   119   129  0     1844   1875
 4967    174    81   119  0     1844   1869
 4968    140   174   169  0     1845   1856
 4969    173   116   129  0     1846   1899
 4970    173   102   116  0     1846   1904
 4971    313   287   300  0     1847   1998
 4972    313   239   287  0     1847   1925
 4973     80   161   119  0     1848   1881
 4974    129   102    39  0     1849   1884
 4975     39   102   119  0     1849   1880
 4976    174   119   235  0     1850   1866
 4977    174   222   119  0     1850   1875
 4978    235   119   222  0     1850   1878
 4979    329   255   401  0     1851   2084
 4980    329   341   255  0     1851   1967
 4981    401   255   341  0     1851   2086
 4982     18    36    81  1     1852     -1
 4983    237   173   286  0     1854   1907
 4984    237   222   173  0     1854   1864
 4985    286   173   222  0     1854   1897
 4986    140   174   107  0     1856   1857
 4987    107   174   169  0     1856   1872
 4988    107    18   174  0     1857   1858
 4989    107    81   174  0     1858   1869
 4990     18    81   107  1     1858     -1
 4991     58   172   116  0     1859   1903
 4992    116   202    58  1     1859     -1
 4993    116   172   202  0     1859   1865
 4994    130   238   129  1     1860     -1
 4995    130   174   238  0     1860   1861
 4996    238   339   174  0     1862   1889
 4997    379   442   436  0     1863   2036
 4998    202   173   172  0     1865   1873
 4999    116   173   202  0     1865   1899
 5000    116   172   173  0     1865   1904
 5001    169   119   235  0     1866   1879
 5002    169   174   119  0     1866   1872
 5003    238   325   216  1     1867     -1
 5004    161   119   169  0     1868   1883
 5005    161    28   119  0     1868   1881
 5006    169   119    28  0     1868   1877
 5007     81   119   107  0     1869   1876
 5008    107   119   174  0     1869   1872
 5009    104   180   187  0     1870   2077
 5010    203   180   104  1     1870     -1
 5011    203   187   180  0     1870   1968
 5012     81    22    39  1     1871     -1
 5013    129    39    22  0     1871   1884
 5014    107   119   169  0     1872   1877
 5015    173   172   286  0     1873   1907
 5016    286   202   173  0     1873   1892
 5017    286   172   202  0     1873   1911
 5018     28   119    81  0     1874   1876
 5019     81    39    28  1     1874     -1
 5020     28   119   107  0     1876   1877
 5021    107    81    28  1     1876     -1
 5022    235   119   242  0     1878   1879
 5023    242   169   119  0     1879   1883
 5024    119    84   102  0     1880   1917
 5025     39   102    84  1     1880     -1
 5026    242   119   161  0     1882   1883
 5027     39    22   102  1     1884     -1
 5028    277   355   245  0     1885   1956
 5029    226   264   329  0     1886   1988
 5030    237   329   264  0     1886   2007
 5031     74   122   131  0     1887   2044
 5032     74    23   122  0     1887   1928
 5033    131   122    23  0     1887   1926
 5034    222   209   339  0     1888   1894
 5035    339   209   174  0     1888   1889
 5036    172   122   141  0     1890   1945
 5037    172    23   122  0     1890   1926
 5038    141   122    23  0     1890   1941
 5039    172   286   264  0     1891   1910
 5040    237   286   172  0     1891   1907
 5041    237   264   286  0     1891   2007
 5042    277   173   286  0     1892   1895
 5043    277   202   173  0     1892   1900
 5044    286   222   216  0     1893   1897
 5045    339   216   222  0     1893   1894
 5046    222   209   216  0     1894   1896
 5047    277   173   216  0     1895   1900
 5048    286   216   173  0     1895   1897
 5049    209   216   173  0     1896   1901
 5050    173   216   222  0     1896   1897
 5051    505   443   518  0     1898   1984
 5052    505   427   443  0     1898   1949
 5053    116   129   202  1     1899     -1
 5054    173   202   129  0     1899   1902
 5055    173   216   202  0     1900   1901
 5056    277   202   216  1     1900     -1
 5057    216   202   209  1     1901     -1
 5058    209   202   173  0     1901   1902
 5059    209   202   129  1     1902     -1
 5060    102   116    58  1     1903     -1
 5061    102   172   116  0     1903   1904
 5062    102   172   173  0     1904   1914
 5063    422   442   471  0     1905   1982
 5064    422   380   442  0     1905   1972
 5065    471   380   422  0     1905   1992
 5066    379   470   442  0     1906   3243
 5067    714   674   587  0     1908   3308
 5068    714   564   674  0     1908   3528
 5069    587   674   564  0     1908   3166
 5070    153   234   148  0     1909   2193
 5071    179   234   153  1     1909     -1
 5072    286   245   172  0     1910   1911
 5073    172   245   264  0     1910   1952
 5074    172   202   245  0     1911   1947
 5075    264   245   328  0     1912   1942
 5076    355   328   245  0     1912   1956
 5077    300   266   332  0     1913   2046
 5078    332   313   300  0     1913   1998
 5079    332   266   313  1     1913     -1
 5080    172   173    43  0     1914   1915
 5081    102    43   173  0     1914   1919
 5082    173    43   131  0     1915   1922
 5083     61    43   131  0     1916   1931
 5084     61    84    43  1     1916     -1
 5085    131    43    84  0     1916   1920
 5086    102    43    84  1     1917     -1
 5087    102   119    43  0     1917   1919
 5088     84    43   119  0     1917   1918
 5089     84    43   173  0     1918   1921
 5090    173    43   119  0     1918   1919
 5091    131    43   185  0     1920   1922
 5092    185    43    84  0     1920   1921
 5093    185    43   173  0     1921   1922
 5094    404   471   380  0     1923   2002
 5095    264   240   141  0     1924   1951
 5096    264   122   240  0     1924   1954
 5097    141   122   264  0     1924   1945
 5098    313   248   287  0     1925   2015
 5099    313   239   248  1     1925     -1
 5100    131   122   172  0     1926   1927
 5101    172   201   122  0     1927   1946
 5102    131   201   172  0     1927   1930
 5103    131   122   201  0     1927   2068
 5104     23    30    74  1     1928     -1
 5105     74    30   122  1     1928     -1
 5106    226   201   264  0     1929   1978
 5107    226   172   201  0     1929   1930
 5108    264   201   172  0     1929   1946
 5109    131   201   226  0     1930   2076
 5110     43    23    61  1     1931     -1
 5111     58    23    43  1     1932     -1
 5112     50    23    58  1     1933     -1
 5113     50   141    23  0     1933   1941
 5114     58   141    50  1     1933     -1
 5115    355   471   422  0     1934   1992
 5116    422   471   443  0     1934   2003
 5117    505   442   575  0     1935   2892
 5118    505   471   442  0     1935   1982
 5119    575   471   505  0     1935   2000
 5120    575   442   471  0     1935   3280
 5121    355   380   386  0     1936   2010
 5122    386   380   264  0     1936   1985
 5123    690   738   682  0     1937   3328
 5124    708   738   690  0     1937   2661
 5125    708   682   738  0     1937   3300
 5126    607   585   498  0     1938   3317
 5127    607   562   585  0     1938   2633
 5128    498   562   607  0     1938   3322
 5129    498   585   562  1     1938     -1
 5130    233   326   264  0     1939   1953
 5131    233   240   326  1     1939     -1
 5132    264   240   233  0     1939   1954
 5133     50   122   141  0     1940   1941
 5134    141     3    50  1     1940     -1
 5135    141   122     3  0     1940   1944
 5136    240   245   328  1     1942     -1
 5137    264   245   240  0     1942   1952
 5138    226   380   264  0     1943   1988
 5139    226   310   380  0     1943   1974
 5140    264   310   226  0     1943   1978
 5141    264   380   310  0     1943   1969
 5142    122     3   233  1     1944     -1
 5143    141   233     3  1     1944     -1
 5144    172   264   141  0     1945   1951
 5145    172   122   264  0     1945   1946
 5146    264   201   122  0     1946   1955
 5147    202   240   172  0     1947   1948
 5148    202   245   240  1     1947     -1
 5149    172   240   245  0     1947   1952
 5150    172   141   240  0     1948   1951
 5151    202   240   141  1     1948     -1
 5152    422   443   505  0     1949   2003
 5153    509   461   522  0     1950   3457
 5154    573   461   509  0     1950   3510
 5155    573   522   461  0     1950   2926
 5156    264   240   172  0     1951   1952
 5157    201   233   326  1     1953     -1
 5158    264   233   201  0     1953   1955
 5159    122   233   264  0     1954   1955
 5160    122   233   201  1     1955     -1
 5161    245   277   328  1     1956     -1
 5162    355   328   277  0     1956   1964
 5163    562   612   534  1     1957     -1
 5164    534   612   607  0     1957   3309
 5165    422   329   355  0     1958   1995
 5166    422   286   329  0     1958   1991
 5167    355   329   286  0     1958   2008
 5168    461   522   433  0     1959   3517
 5169    461   414   522  0     1959   3457
 5170    712   749   846  0     1960   1996
 5171    712   787   749  0     1960   3570
 5172    846   787   712  0     1960   3237
 5173    846   749   787  0     1960   3568
 5174    427   360   405  0     1961   1963
 5175    512   405   360  1     1961     -1
 5176    654   589   652  0     1962   3463
 5177    654   575   589  0     1962   3486
 5178    652   575   654  0     1962   2908
 5179    427   277   405  0     1963   1965
 5180    360   405   277  1     1963     -1
 5181    355   405   277  0     1964   1965
 5182    355   328   405  0     1964   1977
 5183    277   405   328  1     1964     -1
 5184    355   405   427  0     1965   1966
 5185    355   405   443  0     1966   1976
 5186    341   255   287  0     1967   2111
 5187    287   329   341  0     1967   2049
 5188    180   266   187  0     1968   2078
 5189    203   266   180  1     1968     -1
 5190    203   187   266  0     1968   2096
 5191    264   380   404  0     1969   1985
 5192    417   539   450  0     1970   2711
 5193    417   514   539  0     1970   2561
 5194    450   539   514  0     1970   2880
 5195    654   738   689  0     1971   3235
 5196    689   738   730  0     1971   2659
 5197    329   442   422  0     1972   1997
 5198    329   380   442  0     1972   1987
 5199    422   380   329  0     1972   1995
 5200    505   589   575  0     1973   3319
 5201    505   558   589  0     1973   3331
 5202    575   558   505  0     1973   2892
 5203    310   287   226  0     1974   2012
 5204    226   287   380  0     1974   2011
 5205    443   405   386  0     1975   1976
 5206    386   490   443  0     1975   3326
 5207    386   405   490  1     1975     -1
 5208    355   405   386  0     1976   1977
 5209    386   443   355  0     1976   2010
 5210    386   328   405  1     1977     -1
 5211    226   201   310  0     1978   1994
 5212    557   682   588  1     1979     -1
 5213    557   607   682  0     1979   3318
 5214    588   607   557  0     1979   3292
 5215    443   498   386  0     1980   3327
 5216    386   498   441  1     1980     -1
 5217     37    96   162  0     1981   2357
 5218     37   191    96  0     1981   2277
 5219    422   505   471  0     1982   2003
 5220    422   442   505  0     1982   3246
 5221    287   187   203  0     1983   2054
 5222    203   165   287  0     1983   2064
 5223    505   471   518  0     1984   2000
 5224    505   443   471  0     1984   2003
 5225    518   471   443  0     1984   2006
 5226    395   266   362  1     1986     -1
 5227    362   300   395  0     1986   2060
 5228    362   266   300  0     1986   2046
 5229    287   442   329  0     1987   2049
 5230    329   380   287  0     1987   2011
 5231    226   380   329  0     1988   2011
 5232     13    46   187  0     1989   2126
 5233     13   180    46  0     1989   2020
 5234    187   180    13  0     1989   2059
 5235    187    46   180  0     1989   2124
 5236    104   165   131  0     1990   2063
 5237    104   167   165  0     1990   2050
 5238    131   165   167  0     1990   2100
 5239    355   380   422  0     1992   1995
 5240    684   738   607  0     1993   3447
 5241    654   738   684  0     1993   3213
 5242    248   310   226  0     1994   2012
 5243    248   201   310  1     1994     -1
 5244    226   201   248  0     1994   2056
 5245    823   749   846  0     1996   3150
 5246    823   712   749  0     1996   3232
 5247    846   712   823  0     1996   3237
 5248    287   300   332  0     1998   2001
 5249    755   857   846  0     1999   3581
 5250    755   787   857  0     1999   3147
 5251    846   787   755  0     1999   3568
 5252    846   857   787  0     1999   2927
 5253    518   505   575  0     2000   3319
 5254    287   300   341  0     2001   2112
 5255    436   362   332  0     2004   2045
 5256    436   341   362  0     2004   2039
 5257    361   466   372  0     2005   2191
 5258    361   318   466  0     2005   2172
 5259    372   318   361  0     2005   2052
 5260    372   466   318  0     2005   2176
 5261    518   498   443  0     2006   3324
 5262    518   471   498  0     2006   3298
 5263    264   286   329  0     2007   2008
 5264    492   458   472  0     2009   2612
 5265    248   287   226  0     2012   2080
 5266    248   310   287  0     2012   2015
 5267    586   672   623  0     2013   2656
 5268    712   672   586  0     2013   3212
 5269    712   623   672  0     2013   3236
 5270     80    70   185  0     2014   2104
 5271     80    84    70  1     2014     -1
 5272    185    70    84  0     2014   2121
 5273    248   310   313  1     2015     -1
 5274    586   640   699  0     2016   3195
 5275    699   712   586  0     2016   3239
 5276    699   640   712  0     2016   2972
 5277    855   822   714  0     2017   3566
 5278    855   755   822  0     2017   3284
 5279    714   755   855  0     2017   3419
 5280    714   822   755  0     2017   3564
 5281    739   639   613  0     2018   2719
 5282    739   629   639  0     2018   2678
 5283    613   639   629  0     2018   2715
 5284    605   586   554  0     2019   2709
 5285    605   694   586  0     2019   3091
 5286    554   694   605  0     2019   2676
 5287    554   586   694  0     2019   3229
 5288     46   101   180  1     2020     -1
 5289     46    13   101  1     2020     -1
 5290    180   101    13  0     2020   2059
 5291    131   165    61  0     2021   2099
 5292    131   185   165  0     2021   2109
 5293     61   165   185  0     2021   2122
 5294    491   536   442  0     2022   3267
 5295    491   524   536  0     2022   3264
 5296    442   524   491  0     2022   3162
 5297    442   536   524  0     2022   3281
 5298    329   330   255  0     2023   2084
 5299    303   361   312  0     2024   2442
 5300    303   318   361  0     2024   2443
 5301    312   318   303  0     2024   2392
 5302    211   221   110  0     2025   2358
 5303    211   148   221  0     2025   2127
 5304    110   221   148  0     2025   2349
 5305    300   361   395  0     2026   2426
 5306    300   312   361  0     2026   2442
 5307    395   361   312  0     2026   2635
 5308    771   876   869  0     2027   2961
 5309    771   770   876  0     2027   3113
 5310    869   770   771  0     2027   3097
 5311    869   876   770  0     2027   3081
 5312     62     1     9  1     2028     -1
 5313     62   124     1  1     2028     -1
 5314      9   124    62  0     2028   2203
 5315      9     1   124  0     2028   2184
 5316    407   341   436  0     2029   2140
 5317    496   460   462  0     2031   3540
 5318    496   407   460  0     2031   2608
 5319    371   407   341  0     2032   2051
 5320    505   558   422  0     2033   3246
 5321    505   509   558  0     2033   3331
 5322    450   564   576  0     2034   2881
 5323    587   564   450  0     2034   2878
 5324    587   576   564  0     2034   2861
 5325    496   552   564  0     2035   2752
 5326    564   552   599  0     2035   3257
 5327    423   442   436  0     2036   3276
 5328    379   442   423  0     2036   3245
 5329    436   362   395  0     2037   2060
 5330    423   362   436  0     2037   2045
 5331    423   395   362  1     2037     -1
 5332    150    90   189  0     2038   2123
 5333    300   362   436  0     2039   2060
 5334    436   341   300  0     2039   2638
 5335    369   361   466  0     2040   2055
 5336    460   361   369  0     2040   2603
 5337    460   466   361  0     2040   2647
 5338    831   749   730  0     2041   3278
 5339    765   749   831  0     2041   3273
 5340    787   755   672  0     2042   2950
 5341    787   712   755  0     2042   3570
 5342    672   712   787  0     2042   3215
 5343    672   755   712  0     2042   3236
 5344    440   517   356  0     2043   3702
 5345    440   478   517  0     2043   3492
 5346    356   517   478  0     2043   3679
 5347     74   167   131  0     2044   2118
 5348     74   122   167  1     2044     -1
 5349    131   167   122  0     2044   2068
 5350    423   362   332  1     2045     -1
 5351    332   362   266  1     2046     -1
 5352    340   372   361  0     2047   2052
 5353    312   372   340  1     2047     -1
 5354    312   361   372  0     2047   2634
 5355     86    25   131  0     2048   2116
 5356     86    61    25  1     2048     -1
 5357    131    61    86  0     2048   2099
 5358    131    25    61  0     2048   2103
 5359    167   165   203  0     2050   2064
 5360    203   104   167  1     2050     -1
 5361    318   340   372  0     2052   2153
 5362    206   210   137  0     2053   2071
 5363    187   210   206  0     2053   2117
 5364    203   239   187  0     2054   2096
 5365    361   466   417  0     2055   2172
 5366    417   369   361  0     2055   2625
 5367    248   167   201  1     2056     -1
 5368    248   226   167  0     2056   2080
 5369    201   167   226  0     2056   2076
 5370    210   162   150  0     2057   2178
 5371    210   257   162  0     2057   2340
 5372    206   179   180  1     2058     -1
 5373    206   137   179  0     2058   2071
 5374    180   101   187  0     2059   2077
 5375    300   395   436  0     2060   2426
 5376    187    86   104  0     2061   2094
 5377    187   165    86  0     2061   2095
 5378    104    86   165  0     2061   2063
 5379    187    13    86  0     2062   2094
 5380     90    86    13  1     2062     -1
 5381    104    86   131  0     2063   2116
 5382    131    86   165  0     2063   2099
 5383    287   167   165  0     2064   2101
 5384    137   108    78  0     2065   2180
 5385     48   108   137  0     2065   2134
 5386     48    78   108  1     2065     -1
 5387    536   552   558  0     2066   3445
 5388    558   640   536  0     2066   3193
 5389    558   552   640  0     2066   3256
 5390    995   855   885  0     2067   2984
 5391    995   955   855  0     2067   2673
 5392    131   167   201  0     2068   2076
 5393    201   167   122  1     2068     -1
 5394     93   179    87  1     2069     -1
 5395     93    48   179  0     2069   2070
 5396     87    48    93  1     2069     -1
 5397     87   179    48  0     2069   2144
 5398    137    48   179  0     2070   2129
 5399     93    48   137  0     2070   2149
 5400    476   430   515  0     2072   2644
 5401    476   420   430  0     2072   2156
 5402    515   430   420  0     2072   2622
 5403    417   351   298  0     2073   2493
 5404    298   392   417  0     2073   2378
 5405    298   351   392  0     2073   2519
 5406    417   303   298  0     2074   2566
 5407    417   318   303  0     2074   2443
 5408    298   318   417  0     2074   2493
 5409    298   303   318  0     2074   2615
 5410    460   395   491  0     2075   2637
 5411    460   436   395  0     2075   2279
 5412    491   436   460  0     2075   3258
 5413    131   167   226  0     2076   2100
 5414    180   101   104  1     2077     -1
 5415    266   187   300  0     2078   2089
 5416    300   187   180  0     2078   2083
 5417    226   167   287  0     2080   2101
 5418    161   185    70  0     2081   2104
 5419    115    24   211  0     2082   2319
 5420    115   160    24  0     2082   2252
 5421    211   160   115  0     2082   2261
 5422    300   187   206  0     2083   2117
 5423    330   255   401  0     2084   2085
 5424    242   255   401  0     2085   2091
 5425    341   285   255  0     2086   2087
 5426    401   255   285  0     2086   2092
 5427    341   288   255  0     2087   2110
 5428    285   255   288  0     2087   2088
 5429    189   288   285  0     2088   2173
 5430    239   266   187  0     2089   2096
 5431    288   210   187  0     2090   2114
 5432    242   255   371  0     2091   2093
 5433    371   255   401  0     2091   2092
 5434    371   255   285  0     2092   2093
 5435    104    13    86  1     2094     -1
 5436    165    86    70  0     2095   2120
 5437    203   239   266  1     2096     -1
 5438    187   137    13  0     2097   2150
 5439    344   369   342  0     2098   2607
 5440    344   257   369  0     2098   2606
 5441    342   257   344  0     2098   2179
 5442    342   369   257  0     2098   2141
 5443    165    61    86  0     2099   2120
 5444    131   165   226  0     2100   2108
 5445    226   165   167  0     2100   2101
 5446    226   165   287  0     2101   2105
 5447     80    70    95  1     2102     -1
 5448     74    25    61  1     2103     -1
 5449     74   131    25  0     2103   2118
 5450    226   165   237  0     2105   2108
 5451    237   165   287  0     2105   2106
 5452    237   165   255  0     2106   2107
 5453    237   165   185  0     2107   2109
 5454    131   165   237  0     2108   2109
 5455    341   187   255  0     2110   2111
 5456    341   187   287  0     2111   2112
 5457    151   262   261  0     2113   2352
 5458    151   223   262  0     2113   2166
 5459    288   210   300  0     2114   2159
 5460    300   210   187  0     2114   2117
 5461    104    86    25  1     2116     -1
 5462    300   210   206  0     2117   2131
 5463     74   167    25  1     2118     -1
 5464     61    70   165  0     2120   2122
 5465     61    86    70  1     2120     -1
 5466     84    61    70  1     2121     -1
 5467    185    70    61  0     2121   2122
 5468     46    93   187  0     2124   2126
 5469     46   180    93  1     2124     -1
 5470    187    93   180  0     2124   2146
 5471    294   338   250  0     2125   2132
 5472    294   316   338  0     2125   2573
 5473    250   316   294  0     2125   2557
 5474    250   338   316  0     2125   2570
 5475     13    93   187  0     2126   2150
 5476     13    46    93  1     2126     -1
 5477    298   221   211  0     2127   2351
 5478    298   148   221  0     2127   2619
 5479    420   354   399  0     2128   2138
 5480    420   473   354  0     2128   2145
 5481    399   473   420  0     2128   2565
 5482    399   354   473  1     2128     -1
 5483    179   153    48  0     2129   2144
 5484     48   153   137  0     2129   2135
 5485     48   153    87  0     2130   2144
 5486     87    45    48  1     2130     -1
 5487    300   234   206  0     2131   2591
 5488    300   210   234  0     2131   2406
 5489    385   338   250  0     2132   2568
 5490    385   294   338  0     2132   2574
 5491    261   262   181  0     2133   2352
 5492    108   137     6  0     2134   2148
 5493      6    48   108  1     2134     -1
 5494     45    78    48  1     2136     -1
 5495     45   148    78  0     2136   2161
 5496     85     1   154  1     2137     -1
 5497     85   124     1  0     2137   2184
 5498    154     1   124  1     2137     -1
 5499    420   338   399  0     2138   2558
 5500    420   354   338  0     2138   2587
 5501    500   567   599  0     2139   3460
 5502    580   567   500  0     2139   3534
 5503    580   599   567  0     2139   3518
 5504    407   369   436  0     2140   2601
 5505    407   341   369  0     2140   2154
 5506    436   369   341  0     2140   2639
 5507    257   288   369  0     2141   2609
 5508    342   369   288  0     2141   2331
 5509    153   258   142  1     2142     -1
 5510    256   258   153  0     2142   2158
 5511    256   142   258  0     2142   2157
 5512    279   231   252  0     2143   2385
 5513    279   232   231  0     2143   2361
 5514    252   232   279  0     2143   2228
 5515    252   231   232  0     2143   2393
 5516     87   179   153  1     2144     -1
 5517    430   354   420  0     2145   2586
 5518    430   473   354  1     2145     -1
 5519    420   473   430  0     2145   2156
 5520     93   137   187  0     2146   2150
 5521      6   137   150  0     2147   2148
 5522    150   137   210  0     2147   2178
 5523     13    93    48  1     2149     -1
 5524     13   137    93  0     2149   2150
 5525    486   351   337  0     2151   2497
 5526    486   385   351  0     2151   2582
 5527    337   385   486  0     2151   2529
 5528    337   351   385  0     2151   2585
 5529    352   448   396  0     2152   2339
 5530    352   429   448  0     2152   2475
 5531    430   372   318  0     2153   2176
 5532    430   340   372  1     2153     -1
 5533    342   369   407  0     2154   2632
 5534    342   341   369  0     2154   2331
 5535    724   659   686  0     2155   2698
 5536    686   592   724  0     2155   2696
 5537    473   430   476  1     2156     -1
 5538    142   225   256  0     2157   2192
 5539    142   258   225  1     2157     -1
 5540    256   225   258  0     2157   2572
 5541    258   318   256  0     2158   2502
 5542    258   153   318  0     2158   2327
 5543    256   318   153  0     2158   2599
 5544    288   303   300  0     2159   2440
 5545    300   303   210  0     2159   2406
 5546    885   955   946  0     2160   3132
 5547    946   982   885  0     2160   3108
 5548    946   955   982  1     2160     -1
 5549    112    78    45  1     2161     -1
 5550    137    78   110  0     2162   2180
 5551    110   148   137  0     2162   2349
 5552    110    78   148  0     2162   2321
 5553    164   160   127  0     2163   2274
 5554    186   160   164  0     2163   2289
 5555     45    62   112  1     2164     -1
 5556     45   142    62  0     2164   2186
 5557    970   966   971  1     2165     -1
 5558    970   893   966  0     2165   4612
 5559    971   966   893  0     2165   2998
 5560    223   262   191  0     2166   2330
 5561    151   191   262  0     2166   2366
 5562     40   127    85  0     2167   2171
 5563     40    34   127  0     2167   2253
 5564     85    34    40  1     2167     -1
 5565     85   127    34  1     2167     -1
 5566     92   160    21  0     2168   2236
 5567     21   186    92  0     2168   2204
 5568     96   150   162  0     2169   2370
 5569    151   162   150  0     2169   2341
 5570    164   212   132  1     2170     -1
 5571    164   196   212  0     2170   2255
 5572    132   212   196  0     2170   2272
 5573    176   127    85  1     2171     -1
 5574    176    40   127  0     2171   2264
 5575     85    40   176  0     2171   2248
 5576    318   466   417  0     2172   2589
 5577    417   361   318  0     2172   2443
 5578    189   257   285  0     2173   2324
 5579    143   191   160  0     2174   2334
 5580    143   231   191  0     2174   2344
 5581    160   231   143  0     2174   2380
 5582    372   466   430  0     2176   2643
 5583    430   466   318  0     2176   2627
 5584    113   162   211  0     2177   2374
 5585    113   160   162  0     2177   2333
 5586    137   162   150  0     2178   2342
 5587    137   210   162  0     2178   2343
 5588    342   336   344  0     2179   2439
 5589    342   257   336  0     2179   2354
 5590    344   336   257  0     2179   2414
 5591    108    78   110  1     2180     -1
 5592    110   137   108  0     2180   2259
 5593    223   336   327  0     2181   2326
 5594    223   342   336  0     2181   2354
 5595    327   336   342  0     2181   2411
 5596    317   308   279  0     2182   2433
 5597    317   196   308  0     2182   2209
 5598    279   196   317  0     2182   2473
 5599    144   151   262  0     2183   2366
 5600    181   151   144  0     2183   2317
 5601    181   262   151  0     2183   2352
 5602      9     1    85  1     2184     -1
 5603    392   307   265  0     2185   2583
 5604    392   390   307  0     2185   2496
 5605    265   390   392  0     2185   2403
 5606    265   307   390  0     2185   2481
 5607    142    62    87  1     2186     -1
 5608     87    62    45  1     2186     -1
 5609    132    83    64  0     2187   2267
 5610    132    17    83  0     2187   2222
 5611     64    83    17  1     2187     -1
 5612    124   193   224  0     2188   2198
 5613    224   154   124  1     2188     -1
 5614    224   193   154  1     2188     -1
 5615    399   473   449  1     2189     -1
 5616    399   506   473  0     2189   2565
 5617    145   115   160  0     2190   2262
 5618     21   115   145  0     2190   2250
 5619     21   160   115  0     2190   2237
 5620    361   445   372  0     2191   2634
 5621    361   466   445  0     2191   2647
 5622    372   445   466  0     2191   2593
 5623    142   145   256  0     2192   2196
 5624    142   225   145  0     2192   2225
 5625    256   145   225  0     2192   2247
 5626    148   318   234  0     2193   2605
 5627    148   153   318  0     2193   2599
 5628    234   318   153  0     2193   2327
 5629    211   186   145  0     2194   2216
 5630    549   661   598  0     2195   2766
 5631    549   648   661  0     2195   2754
 5632    598   648   549  0     2195   2761
 5633    148   145   256  0     2196   2240
 5634    148   142   145  0     2196   2210
 5635     85   193   145  0     2197   2249
 5636    124   250   224  0     2198   2224
 5637    224   250   193  0     2198   2454
 5638    250   316   225  0     2199   2570
 5639    225   224   250  0     2199   2224
 5640    225   316   224  1     2199     -1
 5641    250   145   256  0     2200   2247
 5642    250   186   145  0     2200   2219
 5643    256   145   186  0     2200   2216
 5644    265   351   211  0     2201   2511
 5645    265   307   351  0     2201   2583
 5646    211   307   265  0     2201   2409
 5647    211   351   307  0     2201   2595
 5648    327   262   223  0     2202   2326
 5649    228   262   327  0     2202   2233
 5650      9   145    62  0     2203   2217
 5651     21   145    92  0     2204   2206
 5652    186    92   145  0     2204   2227
 5653    452   556   467  0     2205   4365
 5654    452   553   556  0     2205   4373
 5655    467   553   452  0     2205   3654
 5656    467   556   553  0     2205   4295
 5657     40    92    21  1     2206     -1
 5658     40   145    92  0     2206   2227
 5659     21   145    40  0     2206   2242
 5660    186   250   193  0     2207   2219
 5661    186   176   250  0     2207   2547
 5662    193   176   186  0     2207   2245
 5663    193   250   176  0     2207   2524
 5664     64    34   132  0     2208   2267
 5665     64   164    34  0     2208   2273
 5666    132    34   164  1     2208     -1
 5667    317   212   308  1     2209     -1
 5668    196   212   317  0     2209   2474
 5669    112   145   148  0     2210   2223
 5670    301   204   352  0     2212   2461
 5671    367   352   204  0     2212   2469
 5672    644   726   735  0     2213   2920
 5673    644   631   726  0     2213   2918
 5674    735   631   644  0     2213   2844
 5675    735   726   631  0     2213   4254
 5676    132   196    73  0     2214   2226
 5677    385   421   378  0     2215   2533
 5678    385   294   421  0     2215   2405
 5679    378   294   385  0     2215   2574
 5680    378   421   294  1     2215     -1
 5681    256   145   211  0     2216   2240
 5682    211   186   256  0     2216   2231
 5683      9   145   112  0     2217   2218
 5684    112    62     9  1     2217     -1
 5685     21   145   112  0     2218   2223
 5686     21     9   145  0     2218   2242
 5687    112     9    21  1     2218     -1
 5688    186   145   193  0     2219   2245
 5689    357   398   252  0     2220   2420
 5690    228   223   150  0     2221   2377
 5691    150   223   151  0     2221   2341
 5692     21   145   148  0     2223   2250
 5693    225   124   250  0     2224   2246
 5694    224   124   225  1     2224     -1
 5695    124   225   145  0     2225   2246
 5696    142   225   124  1     2225     -1
 5697     17   196    73  0     2226   2254
 5698    186    40   145  0     2227   2244
 5699    252   398   279  0     2228   2385
 5700    252   232   398  0     2228   2468
 5701    561   661   659  1     2229     -1
 5702    597   661   561  0     2229   2764
 5703    721   754   735  0     2230   2458
 5704    724   754   721  0     2230   2488
 5705    724   735   754  0     2230   3005
 5706    211   249   256  0     2231   2597
 5707    483   398   390  0     2232   2447
 5708    390   357   483  0     2232   2450
 5709    261   262   327  0     2233   2347
 5710     76   160    92  0     2234   2236
 5711     92    64    76  1     2234     -1
 5712     92   160    64  0     2234   2275
 5713    686   659   743  0     2235   2698
 5714    743   661   686  0     2235   2753
 5715    743   659   661  1     2235     -1
 5716     21    76   160  0     2236   2237
 5717     92    76    21  1     2236     -1
 5718    115    76   160  0     2237   2252
 5719     21    76   115  1     2237     -1
 5720    234   340   258  1     2238     -1
 5721    258   318   234  0     2238   2327
 5722    493   412   448  0     2239   2482
 5723    493   393   412  0     2239   2434
 5724    448   393   493  0     2239   2335
 5725    448   412   393  0     2239   2268
 5726    283   336   388  0     2241   2353
 5727    283   262   336  0     2241   2328
 5728    388   262   283  0     2241   2337
 5729    388   336   262  0     2241   2308
 5730      9    40    21  1     2242     -1
 5731      9   145    40  0     2242   2243
 5732     85    40     9  1     2243     -1
 5733     85   145    40  0     2243   2248
 5734    186   176   145  0     2244   2245
 5735     40   176   186  0     2244   2264
 5736     40   145   176  0     2244   2248
 5737    176   145   193  0     2245   2249
 5738    225   145   250  0     2246   2247
 5739    225   256   250  0     2247   2569
 5740    176    85   145  0     2248   2249
 5741    193   176    85  1     2249     -1
 5742    115   145   148  0     2250   2262
 5743    420   318   256  0     2251   2560
 5744    420   338   318  0     2251   2587
 5745    256   338   420  0     2251   2563
 5746     76    24   115  1     2252     -1
 5747     92    40    34  1     2253     -1
 5748    114    73    17  1     2254     -1
 5749    114   196    73  0     2254   2302
 5750     17   196   114  0     2254   2300
 5751    243   164   196  0     2255   2285
 5752    243   212   164  1     2255     -1
 5753    301   232   204  0     2257   2461
 5754    301   212   232  0     2257   2445
 5755    204   232   212  0     2257   2281
 5756    204   212   132  0     2258   2272
 5757    204   100   212  0     2258   2291
 5758    132   212   100  1     2258     -1
 5759    110    15   108  1     2259     -1
 5760    181    71   149  0     2260   2315
 5761    148   115   211  0     2261   2319
 5762    148   160   115  0     2261   2262
 5763     66   191    37  0     2263   2277
 5764     66   143   191  0     2263   2379
 5765     37   143    66  0     2263   2384
 5766    186   127   176  0     2264   2266
 5767    160   164    64  0     2265   2274
 5768    160   177   164  0     2265   2288
 5769     64   164   177  0     2265   2276
 5770    176   219   127  1     2266     -1
 5771    186   219   176  0     2266   2546
 5772     64    34    83  1     2267     -1
 5773    132    83    34  1     2267     -1
 5774    393   352   412  0     2268   2508
 5775    448   352   393  0     2268   2483
 5776    252   232   190  0     2269   2394
 5777    252   204   232  0     2269   2295
 5778    190   232   204  0     2269   2305
 5779    219   243   164  1     2270     -1
 5780    219   186   243  0     2270   2271
 5781    164   243   186  0     2270   2285
 5782    186   243   249  0     2271   2287
 5783    249   219   186  0     2271   2501
 5784    249   243   219  0     2271   2293
 5785    204   212   196  0     2272   2281
 5786    164   127    64  0     2273   2274
 5787    164    34   127  1     2273     -1
 5788    160   127    64  0     2274   2275
 5789    164   177   196  0     2276   2288
 5790     66    96    37  1     2277     -1
 5791     66   191    96  0     2277   2322
 5792    177    76    73  0     2278   2367
 5793     64    73    76  1     2278     -1
 5794    436   361   460  0     2279   2603
 5795    436   395   361  0     2279   2426
 5796    460   361   395  0     2279   2648
 5797    144    68    66  0     2280   2311
 5798     35    66    68  1     2280     -1
 5799    212   196   232  0     2281   2474
 5800    204   232   196  0     2281   2298
 5801    385   315   337  0     2282   2579
 5802    385   446   315  0     2282   2398
 5803    337   446   385  0     2282   2532
 5804    337   315   446  0     2282   2538
 5805    177   249   196  0     2283   2286
 5806    279   249   177  0     2283   2489
 5807    279   196   249  0     2283   2284
 5808    249   243   196  0     2284   2287
 5809    279   243   249  0     2284   2526
 5810    243   186   196  0     2285   2287
 5811    164   196   186  0     2285   2289
 5812    177   186   196  0     2286   2290
 5813    249   196   186  0     2286   2287
 5814    177   196   160  0     2288   2290
 5815    160   196   164  0     2288   2289
 5816    160   196   186  0     2289   2290
 5817    100   212   135  1     2291     -1
 5818    554   639   694  0     2292   2718
 5819    554   667   639  0     2292   2610
 5820    694   667   554  0     2292   2680
 5821    694   639   667  0     2292   2721
 5822    243   315   249  0     2293   2536
 5823    249   315   219  0     2293   2501
 5824    352   396   317  0     2294   2339
 5825    301   317   396  1     2294     -1
 5826    290   232   252  0     2295   2471
 5827    290   204   232  0     2295   2470
 5828    449   477   378  0     2296   2741
 5829    449   421   477  0     2296   2549
 5830    378   421   449  0     2296   2533
 5831    378   477   421  1     2296     -1
 5832    398   459   352  0     2297   2510
 5833    429   352   459  0     2297   2475
 5834    196    17   232  0     2298   2300
 5835    204   232    17  0     2298   2299
 5836    204   232   114  0     2299   2400
 5837    114   232    17  0     2299   2300
 5838    114   232   196  0     2300   2368
 5839    113   143    76  0     2301   2303
 5840    113    73   143  0     2301   2304
 5841     76    73   113  1     2301     -1
 5842     76   143    73  0     2301   2367
 5843    196   143   114  0     2302   2368
 5844    177   143    76  0     2303   2367
 5845    177   113   143  0     2303   2382
 5846     76   113   177  0     2303   2314
 5847    113    66   143  0     2304   2384
 5848     73    66   113  1     2304     -1
 5849    170   232   204  0     2305   2402
 5850    170   190   232  0     2305   2395
 5851    336   390   265  0     2306   2403
 5852    336   357   390  0     2306   2391
 5853    265   357   336  0     2306   2383
 5854    265   390   357  0     2306   2481
 5855     35    71    96  1     2307     -1
 5856    144    71    35  0     2307   2316
 5857    388   336   327  0     2308   2410
 5858    327   262   388  0     2308   2347
 5859    327   336   262  0     2308   2326
 5860    283   336   191  0     2309   2328
 5861    283   265   336  0     2309   2383
 5862    191   336   265  0     2309   2415
 5863     71    54    96  1     2310     -1
 5864     66   143    68  0     2311   2318
 5865     66   144   143  0     2311   2379
 5866     68   143   144  0     2311   2365
 5867    108    15    95  1     2312     -1
 5868     95    15   150  0     2312   2313
 5869     95    15    54  1     2313     -1
 5870     54    15   150  0     2313   2371
 5871    160   113   177  0     2314   2382
 5872    181    71   151  0     2315   2317
 5873    144    71   181  0     2316   2317
 5874    114   143    68  0     2318   2386
 5875     68    66   114  1     2318     -1
 5876    148   115    24  0     2319   2320
 5877    115    24    78  1     2320     -1
 5878     78    24   148  0     2320   2321
 5879     78    24   110  1     2321     -1
 5880     66   191   144  0     2322   2379
 5881     15    37   162  0     2323   2357
 5882    110    37    15  1     2323     -1
 5883    150   257   285  0     2324   2375
 5884    285   257   223  0     2325   2375
 5885    342   223   257  0     2325   2354
 5886    262   223   336  0     2326   2330
 5887    234   258   153  1     2327     -1
 5888    262   336   191  0     2328   2330
 5889    265   357   231  0     2329   2490
 5890    265   283   357  0     2329   2383
 5891    223   336   191  0     2330   2416
 5892    288   341   369  0     2331   2640
 5893    232   143   196  0     2332   2368
 5894    160   191   113  0     2333   2334
 5895    160   143   113  0     2334   2382
 5896    493   502   393  0     2335   2432
 5897    448   502   493  0     2335   2478
 5898    448   393   502  1     2335     -1
 5899    351   318   298  0     2336   2493
 5900    351   256   318  0     2336   2560
 5901    298   256   351  0     2336   2598
 5902    298   318   256  0     2336   2615
 5903    144   231   252  0     2338   2390
 5904    144   283   231  0     2338   2364
 5905    396   317   448  1     2339     -1
 5906    352   448   317  0     2339   2483
 5907    221   162   210  0     2340   2343
 5908    210   257   221  0     2340   2621
 5909     15   162   150  0     2342   2371
 5910    221   162   137  0     2343   2356
 5911    137   210   221  0     2343   2629
 5912    231   283   143  0     2344   2364
 5913    143   283   191  0     2344   2363
 5914    388   450   472  0     2345   2422
 5915    508   472   450  0     2345   2397
 5916    352   317   279  0     2346   2433
 5917    279   317   232  0     2346   2473
 5918    653   618   694  0     2348   2897
 5919    653   586   618  0     2348   3233
 5920    694   586   653  0     2348   3229
 5921    694   618   586  0     2348   2668
 5922    110   221   137  0     2349   2356
 5923    137   221   148  0     2349   2628
 5924    144   262   191  0     2350   2366
 5925    292   262   144  0     2350   2359
 5926    211   298   265  0     2351   2511
 5927    357   336   388  0     2353   2435
 5928    357   283   336  0     2353   2383
 5929    223   257   336  0     2354   2412
 5930    177   231   160  0     2355   2380
 5931    177   265   231  0     2355   2505
 5932    160   265   177  0     2355   2360
 5933    110   221   162  0     2356   2358
 5934     96    15    37  1     2357     -1
 5935     96   162    15  0     2357   2369
 5936    211   162   110  0     2358   2373
 5937    211   265   177  0     2360   2409
 5938    177   160   211  0     2360   2514
 5939    177   231   279  0     2361   2504
 5940    344   336   392  0     2362   2425
 5941    265   336   344  0     2362   2413
 5942    265   392   336  0     2362   2403
 5943    143   144   191  0     2363   2379
 5944    143   283   144  0     2363   2364
 5945    231   144   143  0     2364   2390
 5946     68   143   190  0     2365   2387
 5947    190   143   144  0     2365   2389
 5948    114   232   143  0     2368   2400
 5949     15    54   162  0     2369   2371
 5950     96    54    15  1     2369     -1
 5951     96   162    54  0     2369   2370
 5952    150   162    54  0     2370   2371
 5953    113    24   162  0     2372   2374
 5954    110    24   113  1     2372     -1
 5955    110   162    24  0     2372   2373
 5956    211   162    24  0     2373   2374
 5957    150   223   285  0     2375   2377
 5958    412   486   493  0     2376   2530
 5959    412   495   486  0     2376   2495
 5960    493   495   412  0     2376   2517
 5961    493   486   495  0     2376   2771
 5962    417   298   344  0     2378   2566
 5963    177   143   160  0     2380   2382
 5964    483   459   398  0     2381   2449
 5965    431   459   483  0     2381   2779
 5966     37   113    66  1     2384     -1
 5967    279   231   398  0     2385   2404
 5968    252   398   231  0     2385   2420
 5969    114   143    97  0     2386   2388
 5970     97    68   114  1     2386     -1
 5971     97   143    68  0     2386   2387
 5972     97   143   190  0     2387   2388
 5973    114   143   190  0     2388   2396
 5974    190   143   252  0     2389   2394
 5975    252   143   144  0     2389   2390
 5976    252   143   231  0     2390   2393
 5977    392   390   336  0     2391   2403
 5978    392   357   390  0     2391   2450
 5979    318   303   234  0     2392   2594
 5980    234   303   312  0     2392   2407
 5981    252   143   232  0     2393   2394
 5982    190   143   232  0     2394   2395
 5983    232   170   143  0     2395   2402
 5984    190   143   170  0     2395   2396
 5985    114   143   170  0     2396   2401
 5986    315   385   421  0     2398   2405
 5987    446   421   385  0     2398   2550
 5988    219   294   323  1     2399     -1
 5989    219   315   294  0     2399   2544
 5990    204   143   114  0     2400   2401
 5991    204   232   143  0     2400   2402
 5992    204   143   170  0     2401   2402
 5993    357   231   398  0     2404   2420
 5994    279   231   357  0     2404   2506
 5995    234   300   303  0     2406   2407
 5996    300   312   234  0     2407   2591
 5997    300   303   312  0     2407   2442
 5998    393   308   352  0     2408   2508
 5999    393   317   308  1     2408     -1
 6000    352   317   393  0     2408   2483
 6001    352   308   317  0     2408   2433
 6002    265   177   307  0     2409   2505
 6003    211   307   177  0     2409   2514
 6004    327   415   336  0     2410   2411
 6005    342   415   336  0     2411   2438
 6006    257   336   221  0     2412   2414
 6007    221   336   223  0     2412   2417
 6008    344   221   336  0     2413   2414
 6009    265   336   221  0     2413   2418
 6010    344   221   257  0     2414   2620
 6011    162   336   265  0     2415   2418
 6012    162   191   336  0     2415   2416
 6013    223   336   162  0     2416   2417
 6014    221   336   162  0     2417   2418
 6015    554   605   515  0     2419   2687
 6016    554   514   605  0     2419   2709
 6017    656   651   650  0     2421   4275
 6018    706   651   656  0     2421   4179
 6019    706   650   651  0     2421   2436
 6020    336   472   388  0     2422   2435
 6021    448   523   429  0     2424   2479
 6022    448   459   523  0     2424   2795
 6023    429   459   448  0     2424   2475
 6024    336   450   344  0     2425   2439
 6025    300   361   436  0     2426   2638
 6026    680   724   597  0     2427   2695
 6027    680   592   724  0     2427   2896
 6028    597   592   680  0     2427   2655
 6029    597   724   592  0     2427   2696
 6030    466   519   460  0     2428   3250
 6031    466   445   519  0     2428   3240
 6032    460   445   466  0     2428   2647
 6033    460   519   445  0     2428   3176
 6034    953   868   910  0     2429   3426
 6035    910   881   953  0     2429   3919
 6036    910   868   881  0     2429   3609
 6037    548   576   495  0     2430   2879
 6038    548   592   576  0     2430   2884
 6039    495   592   548  0     2430   2849
 6040    587   576   548  0     2431   2872
 6041    587   631   576  0     2431   2891
 6042    548   631   587  0     2431   4335
 6043    548   576   631  0     2431   2884
 6044    502   393   446  1     2432     -1
 6045    446   493   502  0     2432   2492
 6046    446   393   493  0     2432   2434
 6047    352   308   279  0     2433   2476
 6048    393   412   446  0     2434   2448
 6049    446   412   493  0     2434   2531
 6050    357   336   472  0     2435   2444
 6051    706   650   719  0     2436   2847
 6052    719   651   706  0     2436   4310
 6053    719   650   651  0     2436   4345
 6054    991   932   926  1     2437     -1
 6055    991   898   932  0     2437   3315
 6056    926   898   991  1     2437     -1
 6057    926   932   898  0     2437   3387
 6058    336   342   450  0     2438   2439
 6059    415   450   342  0     2438   2631
 6060    342   450   344  0     2439   2607
 6061    303   361   288  0     2440   2624
 6062    303   300   361  0     2440   2442
 6063    288   361   300  0     2440   2641
 6064    496   450   407  0     2441   2602
 6065    407   450   415  0     2441   2630
 6066    417   361   303  0     2443   2625
 6067    212   317   301  1     2445     -1
 6068    212   232   317  0     2445   2474
 6069    298   303   344  0     2446   2566
 6070    298   221   303  0     2446   2619
 6071    344   303   221  0     2446   2620
 6072    495   483   398  0     2447   2449
 6073    390   483   495  0     2447   2453
 6074    446   337   412  0     2448   2532
 6075    393   337   446  0     2448   2538
 6076    393   412   337  0     2448   2480
 6077    495   483   459  0     2449   2788
 6078    390   392   483  0     2450   2453
 6079    357   483   392  0     2450   2451
 6080    392   450   483  0     2451   2452
 6081    495   392   450  0     2452   2712
 6082    495   483   392  0     2452   2453
 6083    250   294   224  0     2454   2534
 6084    250   193   294  0     2454   2524
 6085    224   294   193  1     2454     -1
 6086    509   461   599  0     2455   3510
 6087    496   599   461  0     2455   2823
 6088    862   870   828  0     2456   3028
 6089    862   773   870  1     2456     -1
 6090    828   773   862  0     2456   2930
 6091    828   870   773  0     2456   2765
 6092    650   600   544  0     2457   4532
 6093    650   636   600  0     2457   3771
 6094    544   636   650  0     2457   4423
 6095    544   600   636  0     2457   4525
 6096    644   754   735  0     2458   2805
 6097    721   754   644  0     2458   2828
 6098    929  1001   966  1     2459     -1
 6099    929   862  1001  0     2459   3044
 6100    966   862   929  0     2459   4618
 6101    252   352   367  0     2460   2472
 6102    252   398   352  0     2460   2468
 6103    232   204   352  0     2461   2470
 6104    523   647   578  0     2462   2827
 6105    523   529   647  0     2462   2821
 6106    578   647   529  1     2462     -1
 6107    659   592   574  0     2464   2729
 6108    367   396   375  0     2465   2466
 6109    375   396   453  1     2465     -1
 6110    375   296   396  1     2466     -1
 6111    367   396   296  0     2466   2467
 6112    296   301   396  1     2467     -1
 6113    232   352   252  0     2468   2471
 6114    367   352   290  0     2469   2472
 6115    290   352   204  0     2469   2470
 6116    290   352   232  0     2470   2471
 6117    290   352   252  0     2471   2472
 6118    196   317   232  0     2473   2474
 6119    352   308   412  0     2476   2508
 6120    279   412   308  0     2476   2509
 6121    561   477   597  0     2477   2730
 6122    561   506   477  0     2477   2556
 6123    597   477   506  0     2477   2567
 6124    448   502   578  1     2478     -1
 6125    464   523   429  0     2479   4496
 6126    337   308   412  0     2480   2509
 6127    393   412   308  0     2480   2508
 6128    265   307   357  0     2481   2490
 6129    357   307   390  0     2481   2507
 6130    459   493   412  0     2482   2517
 6131    448   493   459  0     2482   2795
 6132    448   317   393  1     2483     -1
 6133    459   412   495  0     2484   2517
 6134    459   390   412  0     2484   2499
 6135    495   412   390  0     2484   2495
 6136    515   476   593  0     2485   2500
 6137    515   554   476  0     2485   2645
 6138    378   338   316  0     2486   2573
 6139    378   399   338  0     2486   2575
 6140    316   399   378  1     2486     -1
 6141    307   412   390  0     2487   2491
 6142    307   337   412  0     2487   2498
 6143    390   337   307  0     2487   2535
 6144    390   412   337  0     2487   2494
 6145    724   798   721  0     2488   2868
 6146    721   798   754  1     2488     -1
 6147    177   307   249  0     2489   2513
 6148    177   279   307  0     2489   2504
 6149    357   231   307  0     2490   2506
 6150    265   307   231  0     2490   2505
 6151    279   412   390  0     2491   2515
 6152    279   307   412  0     2491   2498
 6153    390   307   279  0     2491   2507
 6154    561   502   446  1     2492     -1
 6155    412   486   390  0     2494   2495
 6156    412   337   486  0     2494   2529
 6157    390   486   337  0     2494   2497
 6158    307   351   390  0     2496   2535
 6159    307   392   351  0     2496   2583
 6160    390   351   392  0     2496   2584
 6161    390   351   337  0     2497   2535
 6162    390   486   351  0     2497   2584
 6163    337   412   279  0     2498   2509
 6164    398   412   459  0     2499   2510
 6165    398   390   412  0     2499   2515
 6166    515   476   639  0     2500   2714
 6167    593   639   476  1     2500     -1
 6168    249   315   186  0     2501   2516
 6169    186   315   219  0     2501   2546
 6170    258   354   256  0     2502   2588
 6171    876   815   885  0     2503   2784
 6172    876   837   815  0     2503   3127
 6173    885   837   876  0     2503   2894
 6174    885   815   837  0     2503   3134
 6175    177   231   307  0     2504   2505
 6176    279   307   231  0     2504   2506
 6177    279   307   357  0     2506   2507
 6178    279   337   308  0     2509   2525
 6179    298   351   211  0     2511   2598
 6180    298   265   351  0     2511   2519
 6181    211   307   249  0     2512   2595
 6182    211   160   307  0     2512   2514
 6183    249   307   160  0     2512   2513
 6184    160   177   307  0     2513   2514
 6185    250   315   186  0     2516   2547
 6186    250   249   315  0     2516   2580
 6187    459   493   495  0     2517   2850
 6188    446   385   561  0     2518   2551
 6189    446   486   385  0     2518   2522
 6190    561   385   486  0     2518   2554
 6191    265   351   392  0     2519   2583
 6192    506   385   420  0     2520   2521
 6193    506   486   385  0     2520   2555
 6194    420   486   506  0     2520   2707
 6195    420   385   486  0     2520   2582
 6196    506   399   420  0     2521   2565
 6197    420   399   385  0     2521   2558
 6198    493   385   446  0     2522   2531
 6199    493   486   385  0     2522   2530
 6200    597   486   493  0     2523   2770
 6201    250   176   294  0     2524   2545
 6202    193   294   176  1     2524     -1
 6203    279   337   243  0     2525   2526
 6204    243   337   308  0     2525   2541
 6205    243   249   337  0     2526   2536
 6206    477   549   598  0     2527   2614
 6207    477   520   549  0     2527   2757
 6208    598   549   520  0     2527   2759
 6209    686   770   613  0     2528   3020
 6210    686   598   770  0     2528   2974
 6211    613   598   686  0     2528   2682
 6212    613   770   598  0     2528   3036
 6213    337   385   412  0     2529   2532
 6214    412   385   486  0     2529   2530
 6215    412   385   493  0     2530   2531
 6216    446   412   385  0     2531   2532
 6217    449   385   421  0     2533   2549
 6218    378   385   449  0     2533   2576
 6219    250   294   309  0     2534   2557
 6220    224   309   294  1     2534     -1
 6221    307   351   337  0     2535   2596
 6222    249   337   315  0     2536   2578
 6223    243   315   337  0     2536   2541
 6224    378   316   294  0     2537   2573
 6225    378   309   316  1     2537     -1
 6226    294   309   378  1     2537     -1
 6227    294   316   309  0     2537   2557
 6228    393   315   446  0     2538   2539
 6229    393   337   315  0     2538   2540
 6230    393   323   446  1     2539     -1
 6231    393   315   323  0     2539   2540
 6232    323   337   315  0     2540   2542
 6233    243   315   308  0     2541   2543
 6234    308   315   337  0     2541   2542
 6235    308   315   323  0     2542   2543
 6236    243   323   308  1     2543     -1
 6237    294   176   315  0     2544   2545
 6238    219   176   294  1     2544     -1
 6239    219   315   176  0     2544   2546
 6240    176   315   250  0     2545   2547
 6241    186   315   176  0     2546   2547
 6242    506   385   477  0     2548   2555
 6243    449   477   385  0     2548   2549
 6244    385   421   477  0     2549   2550
 6245    446   477   385  0     2550   2551
 6246    446   421   477  1     2550     -1
 6247    385   561   477  0     2551   2554
 6248    446   477   561  1     2551     -1
 6249    598   611   629  0     2552   2746
 6250    629   521   598  0     2552   2725
 6251    629   611   521  1     2552     -1
 6252    869   888   876  0     2553   3060
 6253    869   794   888  1     2553     -1
 6254    876   794   869  0     2553   2961
 6255    876   888   794  0     2553   3146
 6256    561   477   486  0     2554   2556
 6257    486   477   385  0     2554   2555
 6258    486   477   506  0     2555   2556
 6259    420   338   385  0     2558   2559
 6260    385   338   399  0     2558   2577
 6261    420   351   385  0     2559   2582
 6262    420   338   351  0     2559   2563
 6263    385   351   338  0     2559   2585
 6264    420   351   256  0     2560   2563
 6265    515   539   417  0     2561   2665
 6266    515   420   466  0     2562   2622
 6267    417   420   515  0     2562   2665
 6268    417   466   420  0     2562   2589
 6269    450   514   496  0     2564   2859
 6270    496   369   450  0     2564   2602
 6271    597   477   549  0     2567   2730
 6272    506   549   477  0     2567   2614
 6273    315   338   250  0     2568   2580
 6274    315   385   338  0     2568   2579
 6275    256   338   225  0     2569   2572
 6276    256   250   338  0     2569   2581
 6277    225   338   250  0     2569   2570
 6278    225   338   316  0     2570   2571
 6279    225   258   316  1     2571     -1
 6280    225   338   258  0     2571   2572
 6281    256   338   258  0     2572   2588
 6282    378   338   294  0     2573   2574
 6283    378   338   385  0     2574   2576
 6284    449   338   378  0     2575   2576
 6285    449   399   338  0     2575   2577
 6286    378   399   449  1     2575     -1
 6287    449   338   385  0     2576   2577
 6288    337   315   338  0     2578   2579
 6289    249   338   315  0     2578   2580
 6290    385   338   337  0     2579   2585
 6291    249   338   250  0     2580   2581
 6292    420   318   354  0     2586   2587
 6293    430   318   420  0     2586   2627
 6294    420   318   466  0     2589   2627
 6295    806   815   775  0     2590   3130
 6296    806   746   815  0     2590   3128
 6297    775   746   806  0     2590   2977
 6298    775   815   746  0     2590   3136
 6299    300   312   206  0     2591   2592
 6300    206   312   234  1     2591     -1
 6301    206   266   312  1     2592     -1
 6302    466   476   445  0     2593   2646
 6303    372   476   466  0     2593   2643
 6304    372   445   476  1     2593     -1
 6305    137   318   303  0     2594   2618
 6306    234   318   137  0     2594   2605
 6307    211   351   249  0     2595   2597
 6308    249   351   307  0     2595   2596
 6309    211   351   256  0     2597   2598
 6310    256   318   148  0     2599   2616
 6311    344   450   369  0     2600   2607
 6312    436   460   369  0     2601   2603
 6313    407   369   460  0     2601   2608
 6314    496   369   407  0     2602   2608
 6315    407   369   450  0     2602   2630
 6316    436   361   369  0     2603   2639
 6317    650   616   637  0     2604   2985
 6318    670   616   650  0     2604   2797
 6319    670   637   616  0     2604   3574
 6320    137   148   318  0     2605   2618
 6321    303   257   369  0     2606   2609
 6322    344   257   303  0     2606   2620
 6323    450   369   342  0     2607   2631
 6324    288   369   303  0     2609   2624
 6325    593   667   639  1     2610     -1
 6326    554   667   593  0     2610   2680
 6327    700   618   699  1     2611     -1
 6328    700   712   618  0     2611   3231
 6329    699   712   700  0     2611   3274
 6330    699   618   712  0     2611   3239
 6331    472   590   458  0     2612   4025
 6332    458   590   492  0     2612   3718
 6333    851   758   800  0     2613   3497
 6334    851   849   758  0     2613   3557
 6335    800   849   851  0     2613   3407
 6336    800   758   849  0     2613   3421
 6337    298   303   256  0     2615   2617
 6338    256   303   318  0     2615   2616
 6339    318   148   303  0     2616   2618
 6340    256   303   148  0     2616   2617
 6341    298   303   148  0     2617   2619
 6342    148   303   137  0     2618   2628
 6343    148   221   303  0     2619   2628
 6344    257   303   221  0     2620   2621
 6345    221   210   303  0     2621   2629
 6346    430   466   515  0     2622   2644
 6347    430   420   466  0     2622   2627
 6348    743   661   718  1     2623     -1
 6349    743   752   661  0     2623   2753
 6350    718   752   743  0     2623   2747
 6351    718   661   752  0     2623   2749
 6352    288   369   361  0     2624   2640
 6353    303   361   369  0     2624   2625
 6354    943  1013   942  1     2626     -1
 6355    856   942  1013  0     2626   4249
 6356    137   221   303  0     2628   2629
 6357    407   369   415  0     2630   2632
 6358    415   369   450  0     2630   2631
 6359    415   369   342  0     2631   2632
 6360    588   585   607  0     2633   3292
 6361    588   562   585  1     2633     -1
 6362    607   562   588  0     2633   3217
 6363    312   445   372  1     2634     -1
 6364    312   361   445  0     2634   2635
 6365    361   445   395  0     2635   2648
 6366    395   445   312  1     2635     -1
 6367    515   445   554  0     2636   2645
 6368    515   466   445  0     2636   2646
 6369    554   445   466  0     2636   3240
 6370    395   445   460  0     2637   2648
 6371    395   491   445  1     2637     -1
 6372    460   445   491  0     2637   3176
 6373    300   361   341  0     2638   2641
 6374    341   361   436  0     2638   2639
 6375    341   361   369  0     2639   2640
 6376    341   361   288  0     2640   2641
 6377    460   586   554  0     2642   3228
 6378    460   514   586  0     2642   3536
 6379    554   586   514  0     2642   2709
 6380    476   430   372  1     2643     -1
 6381    476   466   430  0     2643   2644
 6382    476   466   515  0     2644   2646
 6383    554   476   445  0     2645   3137
 6384    515   445   476  0     2645   2646
 6385    460   445   361  0     2647   2648
 6386    817   850   869  0     2649   3014
 6387    817   752   850  0     2649   2750
 6388    869   752   817  0     2649   3098
 6389    869   850   752  0     2649   3093
 6390    798   833   899  1     2650     -1
 6391    798   873   833  0     2650   2832
 6392    899   873   798  0     2650   3061
 6393    652   755   640  0     2651   3571
 6394    652   623   755  0     2651   3526
 6395    640   623   652  0     2651   3541
 6396    640   755   623  0     2651   3560
 6397    598   661   686  0     2652   2767
 6398    686   661   752  0     2652   2753
 6399    613   603   597  0     2653   2772
 6400    597   603   539  0     2653   2799
 6401    613   680   603  0     2654   2772
 6402    649   603   680  0     2654   2901
 6403    592   680   603  0     2655   2906
 6404    597   603   680  0     2655   2772
 6405    586   552   623  0     2656   3271
 6406    876   882   946  0     2657   3160
 6407    876   885   882  0     2657   2784
 6408    946   885   876  0     2657   2894
 6409    946   882   885  0     2657   3132
 6410    832   985   984  0     2658   4256
 6411    832   917   985  0     2658   2991
 6412    984   917   832  0     2658   2987
 6413    984   985   917  1     2658     -1
 6414    730   690   738  0     2659   3291
 6415    689   690   730  1     2659     -1
 6416    689   738   690  0     2659   3235
 6417    515   649   613  0     2660   2716
 6418    515   539   649  0     2660   2693
 6419    738   810   708  0     2661   3347
 6420    738   690   810  0     2661   2968
 6421    708   810   690  1     2661     -1
 6422    442   558   462  0     2662   3272
 6423    462   558   509  0     2662   2877
 6424   1025   924   963  1     2663     -1
 6425   1025   891   924  0     2663   3187
 6426    963   924   891  0     2663   3174
 6427    739   823   694  0     2664   2742
 6428    739   747   823  0     2664   3142
 6429    694   823   747  0     2664   3138
 6430    515   539   420  0     2665   2692
 6431    420   539   417  0     2665   2710
 6432    605   649   740  0     2666   2911
 6433    605   694   649  0     2666   2676
 6434    740   694   605  0     2666   2907
 6435    740   649   694  0     2666   2688
 6436    444   560   492  0     2667   3675
 6437    444   497   560  0     2667   3660
 6438    586   712   618  0     2668   3239
 6439    694   712   586  0     2668   3091
 6440    694   618   712  0     2668   3231
 6441    821   749   831  0     2669   3282
 6442    831   846   821  0     2669   3198
 6443    831   749   846  0     2669   3273
 6444    521   520   473  1     2670     -1
 6445    473   598   521  0     2670   2681
 6446    473   520   598  0     2670   2722
 6447    795   860   834  0     2671   3704
 6448    795   768   860  0     2671   3682
 6449    834   768   795  0     2671   3632
 6450    834   860   768  0     2671   3693
 6451    804   738   810  0     2672   2968
 6452    831   738   804  0     2672   3269
 6453    831   810   738  0     2672   3348
 6454    995   935   855  0     2673   3582
 6455    995   955   935  1     2673     -1
 6456    855   935   955  0     2673   3567
 6457    770   771   698  0     2674   2734
 6458    770   710   771  0     2674   2751
 6459    698   771   710  1     2674     -1
 6460    826   855   714  0     2675   2936
 6461    826   832   855  0     2675   3151
 6462    554   649   605  0     2676   2687
 6463    554   694   649  0     2676   2718
 6464    653   700   747  1     2677     -1
 6465    653   694   700  0     2677   2897
 6466    747   700   694  0     2677   3159
 6467    629   639   698  1     2678     -1
 6468    908   866   891  0     2679   3206
 6469    908   963   866  0     2679   3338
 6470    891   866   963  1     2679     -1
 6471    521   506   598  0     2681   2723
 6472    473   598   506  0     2681   2722
 6473    597   598   686  0     2682   2767
 6474    597   613   598  0     2682   2686
 6475    486   539   495  0     2683   2874
 6476    486   392   539  0     2683   2706
 6477    495   539   392  0     2683   2712
 6478    649   539   605  0     2684   2693
 6479    649   514   539  0     2684   2871
 6480    605   514   649  0     2684   2802
 6481    597   539   486  0     2685   2799
 6482    486   539   506  0     2685   2707
 6483    506   613   598  0     2686   2724
 6484    605   515   649  0     2687   2693
 6485    554   649   515  0     2687   2717
 6486    694   739   649  0     2688   2720
 6487    740   739   694  0     2688   2742
 6488    740   649   739  0     2688   2782
 6489    740   815   739  0     2689   3122
 6490    740   746   815  0     2689   3136
 6491    739   746   740  0     2689   2782
 6492    739   815   746  0     2689   3129
 6493    905  1020  1008  0     2690   3056
 6494    905   972  1020  0     2690   2739
 6495   1008   972   905  0     2690   2738
 6496   1008  1020   972  1     2690     -1
 6497    880   847   792  0     2691   3201
 6498    880   898   847  0     2691   3428
 6499    792   898   880  0     2691   3330
 6500    792   847   898  0     2691   3248
 6501    420   506   539  0     2692   2707
 6502    580   564   508  0     2694   2705
 6503    580   587   564  0     2694   3166
 6504    508   564   587  0     2694   2878
 6505    686   724   597  0     2695   2696
 6506    686   680   724  0     2695   3079
 6507    724   743   659  0     2697   2698
 6508    721   743   724  0     2697   2868
 6509    721   659   743  1     2697     -1
 6510    686   724   743  0     2698   2701
 6511    752   724   686  0     2699   2701
 6512    752   817   724  0     2699   2700
 6513    686   724   817  0     2699   3042
 6514    817   724   743  0     2700   2731
 6515    743   752   817  0     2700   2743
 6516    743   724   752  0     2700   2701
 6517    686   752   743  0     2701   2753
 6518    815   787   740  0     2702   2886
 6519    815   882   787  0     2702   3171
 6520    740   882   815  0     2702   2932
 6521    740   787   882  0     2702   3173
 6522    710   698   598  0     2703   2735
 6523    710   648   698  1     2703     -1
 6524    598   648   710  0     2703   2728
 6525    598   698   648  0     2703   2745
 6526    448   523   493  0     2704   2795
 6527    508   580   500  0     2705   2774
 6528    392   539   420  0     2706   2710
 6529    420   539   486  0     2706   2707
 6530    495   486   592  0     2708   2771
 6531    495   603   486  0     2708   2874
 6532    514   605   586  0     2709   3537
 6533    417   392   539  0     2710   2711
 6534    392   539   450  0     2711   2712
 6535    450   495   539  0     2712   2887
 6536    665   603   649  0     2713   2902
 6537    649   614   665  0     2713   2956
 6538    521   476   639  1     2714     -1
 6539    613   639   515  0     2715   2716
 6540    515   629   613  0     2715   2726
 6541    649   639   515  0     2716   2717
 6542    649   613   639  0     2716   2719
 6543    554   649   639  0     2717   2718
 6544    694   649   639  0     2718   2720
 6545    739   639   649  0     2719   2720
 6546    739   639   694  0     2720   2721
 6547    739   639   667  0     2721   3019
 6548    506   598   515  0     2723   2724
 6549    515   598   521  0     2723   2725
 6550    515   613   598  0     2724   2726
 6551    515   598   629  0     2725   2726
 6552    629   613   598  0     2726   2744
 6553    592   523   578  0     2727   2826
 6554    648   710   752  0     2728   2748
 6555    578   659   592  0     2729   2789
 6556    578   574   659  1     2729     -1
 6557    477   549   561  1     2730     -1
 6558    561   549   597  0     2730   2764
 6559    724   798   817  0     2731   3048
 6560    724   743   798  0     2731   2868
 6561    628   661   648  0     2732   2754
 6562    628   752   661  0     2732   2749
 6563    648   752   628  0     2732   2740
 6564    533   549   648  0     2733   2760
 6565    533   628   549  1     2733     -1
 6566    648   628   533  1     2733     -1
 6567    648   549   628  0     2733   2754
 6568    739   771   698  0     2734   3111
 6569    739   770   771  0     2734   3017
 6570    698   770   739  0     2734   2778
 6571    686   698   598  0     2735   2974
 6572   1009   951   864  0     2736   3220
 6573   1009   930   951  1     2736     -1
 6574    724   783   735  0     2737   3023
 6575    724   704   783  0     2737   2943
 6576    735   704   724  0     2737   2866
 6577    735   783   704  0     2737   3035
 6578    873  1008   972  0     2738   3063
 6579    905  1008   873  0     2738   2954
 6580    923  1020   905  0     2739   3053
 6581    923   972  1020  1     2739     -1
 6582    628   718   752  0     2740   2749
 6583    648   718   628  1     2740     -1
 6584    648   752   718  0     2740   2748
 6585    449   533   378  1     2741     -1
 6586    449   477   533  0     2741   2755
 6587    378   533   477  1     2741     -1
 6588    740   823   694  0     2742   3126
 6589    740   739   823  0     2742   3122
 6590    743   752   833  0     2743   2747
 6591    817   833   752  0     2743   2750
 6592    598   698   613  0     2744   3036
 6593    598   629   698  0     2744   2746
 6594    648   611   698  1     2745     -1
 6595    598   611   648  0     2745   2761
 6596    598   698   611  0     2745   2746
 6597    629   698   611  1     2746     -1
 6598    718   833   743  1     2747     -1
 6599    718   752   833  0     2747   2791
 6600    718   710   752  0     2748   3092
 6601    648   710   718  1     2748     -1
 6602    718   661   628  1     2749     -1
 6603    833   752   850  0     2750   2791
 6604    710   771   752  0     2751   3096
 6605    752   770   710  0     2751   3037
 6606    752   771   770  0     2751   3099
 6607    496   552   514  0     2752   2873
 6608    514   564   496  0     2752   2859
 6609    514   552   564  0     2752   2924
 6610    549   628   661  1     2754     -1
 6611    477   549   449  0     2755   2757
 6612    477   533   549  1     2755     -1
 6613    449   549   533  0     2755   2756
 6614    533   520   549  0     2756   2758
 6615    449   520   533  1     2756     -1
 6616    449   549   520  0     2756   2757
 6617    533   611   549  0     2758   2760
 6618    520   611   533  1     2758     -1
 6619    520   549   611  0     2758   2759
 6620    598   549   611  0     2759   2761
 6621    611   648   533  1     2760     -1
 6622    611   549   648  0     2760   2761
 6623    651   711   728  0     2762   4248
 6624    728   631   651  0     2762   4131
 6625    728   711   631  0     2762   3021
 6626    592   647   721  0     2763   2829
 6627    592   659   647  0     2763   2789
 6628    721   647   659  1     2763     -1
 6629    549   661   561  1     2764     -1
 6630    549   597   661  0     2764   2766
 6631    828   870   754  0     2765   2816
 6632    754   773   828  0     2765   2940
 6633    754   870   773  1     2765     -1
 6634    597   661   598  0     2766   2767
 6635    837   876   739  0     2768   3127
 6636    837   770   876  0     2768   3086
 6637    739   770   837  0     2768   3069
 6638    739   876   770  0     2768   2942
 6639    567   599   573  0     2769   3414
 6640    567   527   599  0     2769   3460
 6641    573   527   567  0     2769   3254
 6642    573   599   527  0     2769   2854
 6643    493   592   486  0     2770   2771
 6644    493   592   495  0     2771   2849
 6645    839   852   856  0     2773   4169
 6646    839   774   852  0     2773   4560
 6647    856   774   839  0     2773   4201
 6648    856   852   774  0     2773   4647
 6649    492   580   500  0     2774   3534
 6650    647   662   725  0     2775   2786
 6651    647   643   662  0     2775   2820
 6652    725   643   647  1     2775     -1
 6653    725   662   643  0     2775   4543
 6654    459   548   592  0     2776   2848
 6655    459   523   548  0     2776   4531
 6656    796   840   907  0     2777   4231
 6657    796   879   840  0     2777   4286
 6658    907   879   796  0     2777   4292
 6659    613   770   739  0     2778   3052
 6660    613   698   770  0     2778   3036
 6661    459   548   431  0     2779   4540
 6662    459   483   548  0     2779   2788
 6663    431   548   483  0     2779   3055
 6664    923   828   893  0     2780   3064
 6665    923  1001   828  0     2780   3074
 6666    367   526   453  0     2781   4506
 6667    367   457   526  0     2781   4499
 6668    453   526   457  0     2781   4202
 6669    740   649   746  0     2782   2929
 6670    739   746   649  0     2782   2806
 6671    917   832   901  0     2783   2991
 6672    885   832   917  0     2783   2982
 6673    815   882   876  0     2784   2938
 6674    815   885   882  0     2784   3068
 6675    651   532   600  0     2785   4238
 6676    631   532   651  0     2785   4361
 6677    631   600   532  0     2785   4522
 6678    725   735   662  0     2786   2815
 6679    702   766   693  0     2787   4577
 6680    693   750   702  0     2787   3461
 6681    459   495   548  0     2788   2850
 6682    483   548   495  0     2788   2879
 6683    659   647   578  1     2789     -1
 6684    578   647   592  0     2789   2825
 6685    806   783   746  0     2790   2996
 6686    806   704   783  0     2790   3038
 6687    746   704   806  0     2790   2976
 6688    746   783   704  0     2790   2943
 6689    833   718   850  1     2791     -1
 6690    752   850   718  0     2791   3092
 6691    545   555   560  0     2792   4176
 6692    545   497   555  0     2792   3255
 6693    560   555   497  0     2792   4186
 6694    939   876   996  0     2793   3077
 6695    939  1020   876  0     2793   3124
 6696    996  1020   939  1     2793     -1
 6697    996   876  1020  0     2793   3082
 6698    890   799   838  0     2794   3873
 6699    890   812   799  0     2794   4135
 6700    838   812   890  0     2794   3948
 6701    838   799   812  0     2794   3898
 6702    539   576   514  0     2796   2880
 6703    514   614   539  0     2796   2871
 6704    514   576   614  0     2796   2867
 6705    670   616   705  0     2797   4413
 6706    705   616   650  0     2797   4519
 6707    513   616   507  0     2798   4346
 6708    513   487   616  0     2798   3398
 6709    507   616   487  0     2798   4320
 6710    486   603   539  0     2799   2874
 6711    595   636   499  0     2800   4516
 6712    499   526   595  0     2800   4528
 6713    499   636   526  0     2800   4462
 6714    483   532   472  0     2801   3532
 6715    483   587   532  0     2801   3504
 6716    472   532   587  0     2801   3711
 6717    649   614   514  0     2802   2871
 6718    649   605   614  0     2802   2804
 6719    599   674   580  0     2803   3547
 6720    580   646   599  0     2803   3518
 6721    614   672   605  0     2804   2895
 6722    614   649   672  0     2804   2912
 6723    605   672   649  0     2804   2911
 6724    754   647   644  0     2805   2828
 6725    754   735   647  0     2805   2975
 6726    649   680   746  0     2806   2840
 6727    739   746   680  0     2806   3076
 6728    897   997   893  0     2807   4269
 6729    897   841   997  0     2807   4615
 6730    893   841   897  0     2807   4567
 6731    893   997   841  0     2807   4605
 6732    544   616   513  0     2808   4346
 6733    544   650   616  0     2808   4423
 6734    513   650   544  0     2808   4305
 6735    513   616   650  0     2808   2985
 6736    569   681   606  1     2809     -1
 6737    606   601   569  0     2809   4495
 6738    606   681   601  0     2809   4493
 6739    595   583   638  0     2810   4497
 6740    595   687   583  0     2810   4393
 6741    638   583   687  1     2810     -1
 6742    568   636   693  0     2811   4463
 6743    693   692   568  0     2811   4498
 6744    693   636   595  0     2812   4463
 6745    693   606   636  0     2812   4550
 6746    595   606   693  0     2812   4480
 6747    532   528   507  0     2813   4524
 6748    532   600   528  0     2813   2819
 6749    507   600   532  0     2813   4468
 6750    507   528   600  0     2813   4353
 6751    544   636   507  0     2814   4525
 6752    544   616   636  0     2814   4423
 6753    507   616   544  0     2814   4346
 6754    662   716   735  0     2815   4558
 6755    662   725   716  0     2815   4543
 6756    735   716   725  0     2815   4602
 6757    754   798   870  1     2816     -1
 6758    828   870   798  0     2816   3039
 6759    905   873   783  0     2817   3117
 6760    905   828   873  0     2817   3075
 6761    783   828   905  0     2817   3057
 6762    783   873   828  0     2817   3049
 6763    526   569   457  0     2818   4202
 6764    526   606   569  0     2818   4495
 6765    457   606   526  0     2818   4527
 6766    457   569   606  1     2818     -1
 6767    548   528   532  0     2819   4541
 6768    548   600   528  0     2819   4440
 6769    532   600   548  0     2819   4522
 6770    523   647   643  0     2820   2821
 6771    643   529   647  1     2821     -1
 6772    769   751   731  0     2822   4194
 6773    674   751   769  0     2822   2875
 6774    674   731   751  0     2822   4300
 6775    461   500   599  0     2823   3508
 6776    844   742   791  0     2824   4120
 6777    844   780   742  0     2824   4146
 6778    791   780   844  0     2824   4032
 6779    791   742   780  0     2824   4425
 6780    578   644   592  0     2825   2826
 6781    578   647   644  0     2825   2827
 6782    592   644   647  0     2825   2829
 6783    578   644   523  0     2826   2827
 6784    721   647   644  0     2828   2829
 6785    754   647   721  1     2828     -1
 6786    592   644   721  0     2829   2831
 6787    601   750   716  0     2830   4297
 6788    601   681   750  0     2830   4523
 6789    716   681   601  0     2830   3000
 6790    716   750   681  0     2830   4562
 6791    724   592   644  0     2831   2865
 6792    873   833   817  0     2832   3041
 6793    817   798   873  0     2832   3048
 6794    717   731   706  0     2833   2843
 6795    523   631   644  0     2834   2838
 6796    523   662   631  0     2834   4534
 6797    644   631   662  0     2834   2844
 6798    769   731   826  0     2835   4194
 6799    769   796   731  0     2835   4350
 6800    826   796   769  0     2835   4278
 6801    600   664   719  0     2836   4362
 6802    719   711   600  0     2836   4276
 6803    719   664   711  0     2836   2885
 6804    548   631   592  0     2837   2884
 6805    548   644   631  0     2837   2838
 6806    592   631   644  0     2837   2893
 6807    523   631   548  0     2838   4533
 6808    704   746   665  0     2839   2976
 6809    704   649   746  0     2839   2840
 6810    665   649   704  0     2839   2902
 6811    665   746   649  0     2839   2919
 6812    649   680   704  0     2840   2901
 6813    672   712   605  0     2841   3212
 6814    672   694   712  0     2841   3214
 6815    605   694   672  0     2841   2907
 6816    605   712   694  0     2841   3091
 6817    656   731   706  0     2842   4351
 6818    706   731   625  0     2842   2843
 6819    706   717   625  0     2843   4298
 6820    662   735   631  0     2844   3010
 6821   1020   837   885  0     2845   3114
 6822   1020   905   837  0     2845   3123
 6823    885   905  1020  0     2845   3107
 6824    885   837   905  0     2845   3062
 6825    370   555   463  0     2846   4261
 6826    370   452   555  0     2846   4379
 6827    463   555   452  0     2846   4312
 6828    706   786   719  0     2847   4185
 6829    706   650   786  0     2847   4116
 6830    459   548   493  0     2848   2850
 6831    493   548   592  0     2848   2849
 6832    493   548   495  0     2849   2850
 6833    854   763   872  0     2851   3008
 6834    854   840   763  0     2851   4322
 6835    872   840   854  0     2851   4282
 6836    872   763   840  0     2851   4325
 6837    676   631   726  0     2852   2933
 6838    665   631   676  0     2852   2890
 6839    665   726   631  0     2852   2853
 6840    631   704   726  0     2853   2918
 6841    665   704   631  0     2853   2903
 6842    665   726   704  0     2853   2978
 6843    573   599   500  0     2854   3508
 6844    500   599   527  0     2854   3460
 6845    748   596   707  0     2855   3641
 6846    748   646   596  0     2855   3759
 6847    707   646   748  0     2855   3688
 6848    707   596   646  0     2855   3353
 6849    540   596   451  0     2856   3736
 6850    540   567   596  0     2856   3531
 6851    451   596   567  0     2856   3533
 6852    792   849   758  0     2857   3421
 6853    790   849   792  0     2857   3197
 6854    790   758   849  0     2857   3600
 6855    753   758   790  0     2858   3599
 6856    753   691   758  0     2858   3305
 6857    790   691   753  0     2858   3415
 6858    969   853   977  0     2860   4034
 6859    969   942   853  0     2860   4272
 6860    977   942   969  1     2860     -1
 6861    977   853   942  0     2860   4302
 6862    564   614   576  0     2861   2881
 6863    851   819   765  0     2862   2951
 6864    851   758   819  0     2862   3557
 6865    765   758   851  0     2862   3497
 6866    765   819   758  0     2862   3584
 6867    567   632   580  0     2863   3520
 6868    567   560   632  0     2863   3509
 6869    580   632   560  0     2863   3418
 6870    988   972   899  0     2864   3040
 6871    988   950   972  1     2864     -1
 6872    899   950   988  1     2864     -1
 6873    899   972   950  0     2864   2913
 6874    592   704   724  0     2865   2896
 6875    592   644   704  0     2865   2910
 6876    724   704   644  0     2865   2866
 6877    735   704   644  0     2866   2920
 6878    514   576   450  0     2867   2880
 6879    450   576   614  0     2867   2881
 6880    743   798   721  1     2868     -1
 6881    867   778   768  0     2869   3644
 6882    845   778   867  0     2869   3871
 6883   1026   962   892  0     2870   3694
 6884   1026   916   962  1     2870     -1
 6885    892   916  1026  0     2870   3635
 6886    892   962   916  0     2870   3591
 6887    483   576   548  0     2872   2879
 6888    548   587   483  0     2872   3504
 6889    496   552   460  0     2873   3540
 6890    460   552   514  0     2873   3536
 6891    714   751   769  0     2875   2937
 6892    714   674   751  0     2875   3516
 6893    769   674   714  0     2875   3449
 6894    508   450   564  0     2876   2878
 6895    462   552   509  0     2877   3538
 6896    462   558   552  0     2877   3445
 6897    450   539   576  0     2880   2887
 6898    855   787   775  0     2882   2973
 6899    855   815   787  0     2882   3171
 6900    775   787   815  0     2882   2886
 6901    855   832   885  0     2883   2982
 6902    775   885   832  0     2883   2915
 6903    631   592   576  0     2884   2893
 6904    711   750   664  0     2885   4521
 6905    719   750   711  0     2885   4290
 6906    719   664   750  0     2885   2934
 6907    775   787   740  0     2886   3170
 6908    740   815   775  0     2886   3136
 6909    962   835   845  0     2888   3385
 6910    962   916   835  0     2888   3650
 6911    845   916   962  0     2888   3591
 6912    845   835   916  0     2888   3699
 6913    665   714   587  0     2889   2923
 6914    665   631   576  0     2890   2903
 6915    676   576   631  0     2890   2891
 6916    676   587   631  0     2891   4308
 6917    505   442   558  0     2892   3246
 6918    575   558   442  0     2892   3277
 6919    592   576   644  0     2893   2910
 6920    644   576   631  0     2893   2905
 6921    837   876   946  0     2894   3110
 6922    946   885   837  0     2894   3114
 6923    592   704   680  0     2896   2906
 6924    700   618   694  0     2897   3231
 6925    700   653   618  1     2897     -1
 6926    989   850   869  1     2898     -1
 6927    989  1008   850  0     2898   3094
 6928    869  1008   989  0     2898   3101
 6929    869   850  1008  0     2898   3014
 6930    826   907   796  0     2899   4277
 6931    824   907   826  0     2899   4224
 6932    824   796   907  0     2899   4231
 6933    625   668   540  0     2900   3683
 6934    625   632   668  0     2900   3767
 6935    649   603   704  0     2901   2902
 6936    680   704   603  0     2901   2906
 6937    665   603   704  0     2902   2904
 6938    631   576   704  0     2903   2905
 6939    665   704   576  0     2903   2904
 6940    576   603   704  0     2904   2909
 6941    644   704   631  0     2905   2918
 6942    644   576   704  0     2905   2910
 6943    592   704   603  0     2906   2909
 6944    740   672   605  0     2907   2911
 6945    740   694   672  0     2907   3214
 6946    652   558   654  0     2908   3168
 6947    575   654   558  0     2908   3238
 6948    592   704   576  0     2909   2910
 6949    740   672   649  0     2911   2912
 6950    740   614   649  0     2912   2955
 6951    740   672   614  0     2912   2959
 6952    950   873   972  0     2913   3063
 6953    899   972   873  0     2913   3012
 6954    901   905   971  0     2914   3067
 6955    901   885   905  0     2914   3058
 6956    971   885   901  0     2914   2957
 6957    971   905   885  0     2914   3107
 6958    775   806   832  0     2915   2921
 6959    775   885   806  0     2915   3130
 6960    733   749   821  0     2916   3283
 6961    733   784   749  0     2916   3104
 6962    821   784   733  1     2916     -1
 6963    689   749   654  0     2917   3260
 6964    765   654   749  0     2917   3172
 6965    704   726   644  0     2918   2920
 6966    746   775   665  0     2919   2977
 6967    746   649   775  0     2919   2929
 6968    665   775   649  0     2919   2956
 6969    735   704   726  0     2920   3035
 6970    775   806   816  0     2921   2979
 6971    816   832   775  0     2921   2960
 6972    565   591   455  0     2922   3810
 6973    565   516   591  0     2922   3755
 6974    455   591   516  0     2922   3661
 6975    665   714   676  0     2923   2963
 6976    676   714   587  0     2923   3308
 6977    514   552   605  0     2924   3537
 6978    444   527   567  0     2925   3530
 6979    451   527   444  0     2925   3515
 6980    451   567   527  0     2925   3533
 6981    522   461   527  0     2926   3517
 6982    846   857   882  0     2927   3587
 6983    882   857   787  0     2927   3586
 6984    792   758   800  0     2928   3421
 6985    800   758   722  0     2928   3400
 6986    649   775   740  0     2929   2955
 6987    740   775   746  0     2929   3136
 6988    862   803   773  1     2930     -1
 6989    828   803   862  0     2930   3003
 6990    828   773   803  0     2930   2990
 6991    726   728   676  0     2931   2933
 6992    726   816   728  0     2931   4184
 6993    815   823   882  0     2932   2938
 6994    740   823   815  0     2932   3122
 6995    740   882   823  0     2932   3173
 6996    631   728   676  0     2933   4131
 6997    631   726   728  0     2933   3021
 6998    636   750   719  0     2934   4565
 6999    636   664   750  0     2934   4536
 7000    714   599   564  0     2935   3528
 7001    714   672   599  0     2935   3270
 7002    564   599   672  0     2935   3251
 7003    826   751   714  0     2936   2937
 7004    826   855   751  0     2936   3192
 7005    714   751   855  0     2936   3566
 7006    769   826   751  0     2937   4194
 7007    823   882   876  0     2938   3083
 7008    876   815   823  0     2938   3004
 7009    778   768   707  0     2939   3685
 7010    778   795   768  0     2939   3632
 7011    707   768   795  0     2939   3774
 7012    828   735   773  0     2940   2990
 7013    754   735   828  0     2940   3005
 7014    754   773   735  0     2940   2975
 7015    461   433   527  0     2941   3517
 7016    500   527   433  0     2941   3512
 7017    739   794   770  0     2942   3017
 7018    739   876   794  0     2942   3143
 7019    770   794   876  0     2942   3113
 7020    746   783   724  0     2943   3070
 7021    735   803   773  0     2944   2990
 7022    725   803   735  0     2944   4586
 7023    725   773   803  1     2944     -1
 7024    823   846   875  0     2945   3181
 7025    882   875   846  0     2945   3218
 7026    857  1018   924  0     2946   3602
 7027    924   846   857  0     2946   3441
 7028    924  1018   846  0     2946   3562
 7029    501   517   510  0     2947   3763
 7030    501   454   517  0     2947   3485
 7031    510   517   454  0     2947   3783
 7032   1002  1013   978  1     2948     -1
 7033   1002   911  1013  0     2948   4229
 7034    978   911  1002  0     2948   4080
 7035    978  1013   911  0     2948   3880
 7036    787   755   714  0     2950   3419
 7037    714   672   787  0     2950   2971
 7038    714   755   672  0     2950   3416
 7039    846   819   765  0     2951   3085
 7040    846   851   819  0     2951   3589
 7041    765   851   846  0     2951   2970
 7042    853   903   879  0     2952   4291
 7043    853   820   903  0     2952   4646
 7044    879   820   853  0     2952   4561
 7045    879   903   820  0     2952   4630
 7046    971   985   970  1     2953     -1
 7047    970   985   901  0     2953   4266
 7048   1008   873   817  0     2954   3041
 7049    817   905  1008  0     2954   2999
 7050    817   873   905  0     2954   3116
 7051    740   614   775  0     2955   2959
 7052    649   775   614  0     2955   2956
 7053    885   982   971  0     2957   3106
 7054    714   775   672  0     2958   2971
 7055    672   775   614  0     2958   2959
 7056    672   775   740  0     2959   3170
 7057    769   775   816  0     2960   2965
 7058    816   832   769  0     2960   4273
 7059    771   794   869  1     2961     -1
 7060    771   876   794  0     2961   3113
 7061    952   868   974  0     2962   3631
 7062    952   834   868  0     2962   3932
 7063    974   834   952  0     2962   3360
 7064    665   775   676  0     2963   2966
 7065    676   775   714  0     2963   2964
 7066    676   769   714  0     2964   3449
 7067    676   775   769  0     2964   2965
 7068    676   775   816  0     2965   2966
 7069    665   775   816  0     2966   2979
 7070    885   917   995  0     2967   2984
 7071    995   917   982  1     2967     -1
 7072    690   810   804  1     2968     -1
 7073    804   738   690  0     2968   3291
 7074    607   562   518  0     2969   3323
 7075    518   562   471  0     2969   3298
 7076    765   851   831  0     2970   3188
 7077    831   846   765  0     2970   3273
 7078    831   851   846  0     2970   3165
 7079    714   775   787  0     2971   2973
 7080    672   787   775  0     2971   3170
 7081    640   749   699  0     2972   3288
 7082    640   712   749  0     2972   3569
 7083    699   749   712  0     2972   3274
 7084    855   787   714  0     2973   3419
 7085    698   598   770  0     2974   3036
 7086    754   773   647  1     2975     -1
 7087    704   806   665  0     2976   2978
 7088    665   806   746  0     2976   2977
 7089    665   806   775  0     2977   2979
 7090    665   726   806  0     2978   2980
 7091    704   806   726  0     2978   3038
 7092    665   806   816  0     2979   2980
 7093    816   726   806  0     2980   3046
 7094    889  1016   892  0     2981   3133
 7095    822  1016   889  0     2981   3551
 7096    822   892  1016  0     2981   3621
 7097    885   855   917  0     2982   2984
 7098    832   917   855  0     2982   2983
 7099    832   917   995  0     2983   2988
 7100    995   917   855  0     2983   2984
 7101    513   637   650  0     2985   3738
 7102    728   809   719  0     2986   4168
 7103    719   796   728  0     2986   4296
 7104    719   809   796  0     2986   4246
 7105    917   990   984  1     2987     -1
 7106    917   832   990  0     2987   2988
 7107    984   990   832  0     2987   4152
 7108    832   990   995  0     2988   3617
 7109    995   990   917  1     2988     -1
 7110    884   834   937  0     2989   3712
 7111    937   974   884  0     2989   3666
 7112    937   834   974  0     2989   3360
 7113    828   735   803  0     2990   4573
 7114    901   985   832  0     2991   4257
 7115    606   681   702  1     2992     -1
 7116    606   664   681  0     2992   4493
 7117    957   922   848  1     2993     -1
 7118    957   897   922  0     2993   4596
 7119    848   897   957  0     2993   4223
 7120    848   922   897  0     2993   4581
 7121    769   796   816  0     2994   4273
 7122    769   728   796  0     2994   2995
 7123    728   796   676  0     2995   4306
 7124    676   796   769  0     2995   4274
 7125    806   837   746  0     2996   3128
 7126    806   783   837  0     2996   2997
 7127    746   837   783  0     2996   3070
 7128    905   837   806  0     2997   3062
 7129    905   783   837  0     2997   3117
 7130    806   783   905  0     2997   3059
 7131    971   966   923  1     2998     -1
 7132    923   893   971  0     2998   3066
 7133    905   939   817  0     2999   3112
 7134    905  1008   939  0     2999   3056
 7135    817   939  1008  0     2999   3002
 7136    716   681   643  1     3000     -1
 7137    643   601   716  0     3000   4355
 7138    960   903   977  0     3001   4621
 7139    960   961   903  0     3001   4205
 7140    977   961   960  1     3001     -1
 7141    977   903   961  0     3001   4212
 7142    817   939   869  0     3002   3084
 7143    869  1008   817  0     3002   3014
 7144    869   939  1008  0     3002   3100
 7145    803   841   828  0     3003   4573
 7146    803   862   841  0     3003   4537
 7147    828   841   862  0     3003   4520
 7148    876   815   739  0     3004   3127
 7149    739   823   876  0     3004   3143
 7150    739   815   823  0     3004   3122
 7151    724   735   828  0     3005   3023
 7152    662   711   735  0     3006   3010
 7153    662   750   711  0     3006   4521
 7154    735   750   662  0     3006   4558
 7155    735   711   750  0     3006   4597
 7156    942   872   977  0     3007   4302
 7157    977   973   942  1     3007     -1
 7158    977   872   973  0     3007   4258
 7159    854   764   872  0     3008   4330
 7160    854   763   764  0     3008   4106
 7161    872   764   763  0     3008   4325
 7162    705   766   636  0     3009   4549
 7163    631   711   735  0     3010   4254
 7164    631   662   711  0     3010   4198
 7165    856   764   776  0     3011   4262
 7166    856   774   764  0     3011   4327
 7167    776   774   856  0     3011   4201
 7168    776   764   774  0     3011   4119
 7169    873  1001   972  0     3012   3018
 7170    899  1001   873  0     3012   3072
 7171    899   972  1001  0     3012   3040
 7172    726   783   735  0     3013   3035
 7173    726   828   783  0     3013   3045
 7174    735   828   726  0     3013   4289
 7175    735   783   828  0     3013   3023
 7176    806   828   816  0     3015   3047
 7177    806   901   828  0     3015   3051
 7178    816   828   901  0     3015   3016
 7179    901   893   828  0     3016   3065
 7180    816   893   901  0     3016   4259
 7181    816   828   893  0     3016   4288
 7182    770   771   794  0     3017   3113
 7183    739   794   771  0     3017   3111
 7184   1001   972   923  1     3018     -1
 7185    923   873  1001  0     3018   3074
 7186    739   794   667  0     3019   3090
 7187    667   794   639  1     3019     -1
 7188    686   770   680  0     3020   3079
 7189    680   770   613  0     3020   3052
 7190    728   711   726  0     3021   4354
 7191    726   711   631  0     3021   4254
 7192    802  1029   839  0     3022   4667
 7193    802   852  1029  0     3022   4645
 7194    839   852   802  0     3022   4560
 7195    839  1029   852  0     3022   4616
 7196    724   783   828  0     3023   3049
 7197    879   928   973  0     3024   4420
 7198    879   907   928  0     3024   4486
 7199    973   928   907  0     3024   4614
 7200    762   813   750  0     3025   4501
 7201    762   716   813  1     3025     -1
 7202    750   716   762  0     3025   4562
 7203    750   813   716  0     3025   4569
 7204   1001   870   988  0     3026   3043
 7205   1001   899   870  0     3026   3072
 7206    988   899  1001  0     3026   3040
 7207    988   870   899  1     3026     -1
 7208    801   802   723  0     3027   4660
 7209    801   688   802  0     3027   4268
 7210    723   688   801  0     3027   4664
 7211    723   802   688  0     3027   4443
 7212    828  1001   870  0     3028   3073
 7213    862   870  1001  0     3028   3044
 7214    807   883   861  0     3029   4622
 7215    807   762   883  1     3029     -1
 7216    861   762   807  0     3029   4473
 7217    861   883   762  0     3029   3032
 7218    750   897   861  0     3030   4601
 7219    750   820   897  0     3030   3031
 7220    861   820   750  0     3030   4220
 7221    861   897   820  0     3030   4604
 7222    841   820   897  0     3031   4629
 7223    750   820   841  0     3031   4572
 7224    883   848   861  0     3032   4636
 7225    883   762   848  1     3032     -1
 7226    861   848   762  0     3032   4564
 7227    907   928   970  0     3033   4614
 7228    907   893   928  0     3033   4486
 7229    970   893   907  0     3033   4267
 7230    970   928   893  0     3033   4608
 7231    957   960   897  0     3034   4596
 7232    957   997   960  1     3034     -1
 7233    897   997   957  0     3034   4613
 7234    897   960   997  0     3034   4610
 7235    704   726   783  0     3035   3038
 7236    806   726   783  0     3038   3046
 7237    828   873   798  0     3039   3071
 7238    828   870   873  0     3039   3073
 7239    798   873   870  0     3039   3061
 7240    988   972  1001  1     3040     -1
 7241   1008   873   833  0     3041   3050
 7242    686   724   770  0     3042   3079
 7243    817   770   724  0     3042   3115
 7244    929   870   988  1     3043     -1
 7245    929  1001   870  0     3043   3044
 7246    988  1001   929  1     3043     -1
 7247    862   870   929  1     3044     -1
 7248    816   783   726  0     3045   3046
 7249    816   828   783  0     3045   3047
 7250    726   828   816  0     3045   4287
 7251    816   783   806  0     3046   3047
 7252    806   828   783  0     3047   3051
 7253    724   873   817  0     3048   3120
 7254    724   798   873  0     3048   3071
 7255    724   873   828  0     3049   3071
 7256    724   783   873  0     3049   3121
 7257    833  1008   950  0     3050   3095
 7258    873   950  1008  0     3050   3063
 7259    901   783   806  0     3051   3059
 7260    901   828   783  0     3051   3057
 7261    680   770   739  0     3052   3076
 7262    905   971  1020  0     3053   3107
 7263    923   971   905  0     3053   3066
 7264    923  1020   971  1     3053     -1
 7265    740   712   823  0     3054   3126
 7266    740   787   712  0     3054   3215
 7267    823   787   740  0     3054   3173
 7268    823   712   787  0     3054   3237
 7269    431   532   483  0     3055   3532
 7270    431   548   532  0     3055   4541
 7271    483   532   548  0     3055   3504
 7272   1008   939  1020  1     3056     -1
 7273    905  1020   939  0     3056   3124
 7274    828   905   901  0     3057   3065
 7275    901   905   783  0     3057   3059
 7276    885   905   806  0     3058   3062
 7277    806   905   901  0     3058   3059
 7278    876   918   888  0     3060   3152
 7279    869   918   876  0     3060   3109
 7280    869   888   918  1     3060     -1
 7281    870   899   873  0     3061   3072
 7282    798   899   870  1     3061     -1
 7283    885   837   806  0     3062   3134
 7284    950  1008   972  1     3063     -1
 7285    828   905   923  0     3064   3075
 7286    828   893   905  0     3064   3065
 7287    923   905   893  0     3064   3066
 7288    893   905   901  0     3065   3067
 7289    971   905   893  0     3066   3067
 7290    855   882   815  0     3068   3171
 7291    746   837   739  0     3069   3129
 7292    739   770   746  0     3069   3076
 7293    783   724   837  0     3070   3121
 7294    870  1001   873  0     3072   3073
 7295   1001   873   828  0     3073   3074
 7296    923   873   828  0     3074   3075
 7297    746   680   770  0     3076   3078
 7298    918   876   996  0     3077   3131
 7299    918   939   876  0     3077   3109
 7300    996   939   918  1     3077     -1
 7301    680   770   724  0     3078   3079
 7302    987   886   863  0     3080   3370
 7303    863   908   987  0     3080   3403
 7304    863   886   908  0     3080   3207
 7305    869   876   817  0     3081   3084
 7306    817   770   869  0     3081   3097
 7307    817   876   770  0     3081   3086
 7308    996   876   946  0     3082   3118
 7309    946  1020   996  1     3082     -1
 7310    946   876  1020  0     3082   3110
 7311    864   876   823  0     3083   3144
 7312    864   882   876  0     3083   3149
 7313    817   939   876  0     3084   3087
 7314    869   876   939  0     3084   3109
 7315    765   749   819  0     3085   3422
 7316    846   749   765  0     3085   3273
 7317    817   837   770  0     3086   3115
 7318    817   876   837  0     3086   3087
 7319    837   939   876  0     3087   3125
 7320    817   939   837  0     3087   3112
 7321    965  1018   935  1     3088     -1
 7322    857   935  1018  0     3088   3606
 7323    691   720   619  0     3089   3285
 7324    658   720   691  0     3089   3469
 7325    658   619   720  0     3089   3776
 7326    747   794   667  1     3090     -1
 7327    747   739   794  0     3090   3142
 7328    712   586   605  0     3091   3212
 7329    710   850   718  1     3092     -1
 7330    710   752   850  0     3092   3093
 7331    869   850   710  1     3093     -1
 7332    710   752   869  0     3093   3096
 7333    989   950   850  1     3094     -1
 7334   1008   950   989  1     3094     -1
 7335   1008   850   950  0     3094   3095
 7336    833   850   950  1     3095     -1
 7337    752   869   771  0     3096   3098
 7338    710   771   869  1     3096     -1
 7339    817   771   869  0     3097   3098
 7340    817   770   771  0     3097   3099
 7341    817   771   752  0     3098   3099
 7342    939   958   869  0     3100   3103
 7343    939  1008   958  1     3100     -1
 7344    869   958  1008  0     3100   3101
 7345   1008   989   958  1     3101     -1
 7346    869   958   989  1     3101     -1
 7347    794   823   747  0     3102   3142
 7348    794   864   823  0     3102   3145
 7349    747   864   794  1     3102     -1
 7350    939   918   869  0     3103   3109
 7351    939   958   918  1     3103     -1
 7352    869   918   958  1     3103     -1
 7353    700   749   733  0     3104   3230
 7354    700   784   749  0     3104   3141
 7355    733   784   700  1     3104     -1
 7356    586   519   554  0     3105   3228
 7357    554   618   586  0     3105   3233
 7358    554   519   618  0     3105   3167
 7359    982  1020   885  0     3106   3108
 7360    982   971  1020  1     3106     -1
 7361    885  1020   971  0     3106   3107
 7362    946  1020   885  0     3108   3114
 7363    946   982  1020  1     3108     -1
 7364   1020   837   876  0     3110   3123
 7365    946   837  1020  0     3110   3114
 7366    771   698   794  1     3111     -1
 7367    905   837   817  0     3112   3116
 7368    905   939   837  0     3112   3125
 7369    817   837   724  0     3115   3120
 7370    873   837   817  0     3116   3120
 7371    873   905   837  0     3116   3117
 7372    783   837   873  0     3117   3121
 7373    996   930   946  1     3118     -1
 7374    996   876   930  0     3118   3131
 7375    946   930   876  0     3118   3160
 7376    793   887   831  0     3119   3210
 7377    793   804   887  1     3119     -1
 7378    831   887   804  0     3119   3337
 7379    724   873   837  0     3120   3121
 7380    905   876  1020  0     3123   3124
 7381    905   837   876  0     3123   3125
 7382    905   876   939  0     3124   3125
 7383    823   694   712  0     3126   3249
 7384    740   712   694  0     3126   3214
 7385    837   815   739  0     3127   3129
 7386    806   837   815  0     3128   3134
 7387    746   815   837  0     3128   3129
 7388    885   806   815  0     3130   3134
 7389    918   930   996  1     3131     -1
 7390    918   876   930  0     3131   3152
 7391    946   882   955  0     3132   3157
 7392    892  1026  1016  0     3133   3638
 7393    892   889  1026  0     3133   3695
 7394   1016  1026   889  0     3133   3633
 7395    442   524   471  0     3135   3281
 7396    442   470   524  0     3135   3243
 7397    471   524   470  0     3135   3261
 7398    476   445   519  1     3137     -1
 7399    554   519   445  0     3137   3240
 7400    694   784   747  0     3138   3159
 7401    694   823   784  0     3138   3249
 7402    747   784   823  0     3138   3154
 7403    863   880   800  0     3139   3190
 7404    863   932   880  0     3139   3352
 7405    800   880   932  0     3139   3409
 7406    924   851   949  0     3140   3182
 7407    949   846   924  0     3140   3441
 7408    712   749   700  0     3141   3274
 7409    712   784   749  0     3141   3232
 7410    700   784   712  0     3141   3242
 7411    739   794   823  0     3142   3143
 7412    876   794   823  0     3143   3146
 7413    876   823   888  0     3144   3146
 7414    888   864   876  0     3144   3148
 7415    888   823   864  0     3144   3145
 7416    888   794   864  1     3145     -1
 7417    888   823   794  0     3145   3146
 7418    787   857   855  0     3147   3586
 7419    855   755   787  0     3147   3419
 7420    855   857   755  0     3147   3284
 7421    864   876   930  0     3148   3149
 7422    888   930   876  0     3148   3152
 7423    882   876   930  0     3149   3160
 7424    784   823   749  0     3150   3232
 7425    846   823   784  0     3150   3181
 7426    855   826   919  0     3151   3381
 7427    832   919   826  0     3151   3558
 7428    888   930   918  0     3152   3153
 7429   1015   930   918  1     3153     -1
 7430    918   888  1015  1     3153     -1
 7431    784   875   747  1     3154     -1
 7432    784   823   875  0     3154   3181
 7433    859   878  1028  0     3155   3367
 7434    859  1011   878  1     3155     -1
 7435   1028  1011   859  0     3155   3345
 7436   1028   878  1011  0     3155   3304
 7437    955  1009   965  1     3156     -1
 7438    955   882  1009  0     3156   3157
 7439    965   882   955  0     3156   3576
 7440    965  1009   882  0     3156   3183
 7441    882  1009   946  0     3157   3161
 7442    946  1009   955  1     3157     -1
 7443    460   536   491  0     3158   3258
 7444    460   586   536  0     3158   3539
 7445    491   586   460  0     3158   3196
 7446    694   784   700  0     3159   3242
 7447    747   700   784  1     3159     -1
 7448    946   930   882  0     3160   3161
 7449    946   930  1009  1     3161     -1
 7450    491   423   524  1     3162     -1
 7451    442   423   491  0     3162   3267
 7452    442   524   423  0     3162   3245
 7453    748   691   790  0     3163   3415
 7454    748   720   691  0     3163   3285
 7455    790   720   748  0     3163   3405
 7456    790   691   720  0     3163   3469
 7457    663   729   738  0     3164   3335
 7458    663   624   729  0     3164   3234
 7459    846   908   851  0     3165   3199
 7460    831   908   846  0     3165   3198
 7461    831   851   908  0     3165   3186
 7462    580   674   564  0     3166   3547
 7463    618   653   519  1     3167     -1
 7464    554   653   618  0     3167   3233
 7465    554   519   653  0     3167   3185
 7466    640   654   652  0     3168   3194
 7467    640   558   654  0     3168   3193
 7468    652   558   640  0     3168   3541
 7469    738   800   765  0     3169   3205
 7470    738   684   800  0     3169   3491
 7471    765   684   738  0     3169   3213
 7472    765   800   684  0     3169   3413
 7473    672   787   740  0     3170   3215
 7474    882   787   855  0     3171   3586
 7475    765   640   749  0     3172   3572
 7476    765   654   640  0     3172   3194
 7477    963   924  1027  1     3174     -1
 7478   1027   891   963  1     3174     -1
 7479   1027   924   891  0     3174   3224
 7480   1024   999   877  0     3175   3864
 7481   1024   947   999  1     3175     -1
 7482    877   947  1024  0     3175   3843
 7483    877   999   947  0     3175   3894
 7484    445   491   519  1     3176     -1
 7485    460   519   491  0     3176   3196
 7486    792   675   767  0     3177   3502
 7487    792   759   675  0     3177   3499
 7488    767   759   792  0     3177   3394
 7489    767   675   759  1     3177     -1
 7490    559   658   522  0     3178   3454
 7491    559   619   658  0     3178   3775
 7492    889   919   826  0     3179   3381
 7493    889   990   919  0     3179   3620
 7494    826   990   889  0     3179   4182
 7495    826   919   990  0     3179   3558
 7496    908   846  1025  0     3180   3199
 7497    908   924   846  0     3180   3191
 7498   1025   924   908  0     3180   3187
 7499    784   846   875  0     3181   3204
 7500    949   924  1025  1     3182     -1
 7501    965   846   882  0     3183   3587
 7502    965  1009   846  0     3183   3225
 7503    882   846  1009  0     3183   3218
 7504    908   851   863  0     3184   3186
 7505    863   851   949  0     3184   3364
 7506    593   519   653  1     3185     -1
 7507    831   863   908  0     3186   3207
 7508    831   851   863  0     3186   3188
 7509    891   924   908  0     3187   3191
 7510    846   908   821  0     3189   3198
 7511    891   908   846  0     3189   3191
 7512    891   821   908  0     3189   3206
 7513    800   851   880  0     3190   3407
 7514    891   924   846  0     3191   3222
 7515    751   822   855  0     3192   3566
 7516    751   826   822  0     3192   3577
 7517    855   822   826  0     3192   3244
 7518    536   558   654  0     3193   3238
 7519    765   654   652  0     3194   3262
 7520    652   640   765  0     3194   3571
 7521    699   608   640  0     3195   3288
 7522    586   640   608  0     3195   3263
 7523    460   519   586  0     3196   3228
 7524    790   847   792  0     3197   3506
 7525    790   849   847  0     3197   3424
 7526    792   847   849  0     3197   3201
 7527    908   821   831  0     3198   3209
 7528   1000  1024   944  1     3200     -1
 7529    944   847  1000  0     3200   3590
 7530    944  1024   847  0     3200   3845
 7531    849   880   847  0     3201   3624
 7532   1028   859   932  0     3202   3357
 7533    800   859  1028  0     3202   3359
 7534    800   932   859  0     3202   3409
 7535    410   522   489  0     3203   3448
 7536    489   522   414  0     3203   3295
 7537    846   875   891  0     3204   3222
 7538    891   875   784  1     3204     -1
 7539    863   738   800  0     3205   3378
 7540    821   866   891  1     3206     -1
 7541    821   908   866  0     3206   3209
 7542    863   886   831  0     3207   3349
 7543    831   886   908  0     3207   3339
 7544    831   866   793  0     3208   3210
 7545    831   821   866  0     3208   3209
 7546    793   821   831  0     3208   3282
 7547    793   866   821  1     3208     -1
 7548    908   866   831  0     3209   3343
 7549    831   866   887  0     3210   3343
 7550    793   887   866  1     3210     -1
 7551    987  1017   887  0     3211   3354
 7552    908   887  1017  0     3211   3346
 7553    765   684   654  0     3213   3262
 7554    672   740   712  0     3214   3215
 7555    471   534   575  0     3216   3299
 7556    575   534   607  0     3216   3309
 7557    562   588   657  1     3217     -1
 7558    882   875  1009  0     3218   3219
 7559   1009   875   846  0     3218   3225
 7560    864   875  1009  0     3219   3220
 7561   1009   951   875  0     3220   3221
 7562    864   875   951  1     3220     -1
 7563   1009  1027   875  0     3221   3223
 7564    951  1027  1009  1     3221     -1
 7565    951   875  1027  1     3221     -1
 7566    846   875   924  0     3222   3226
 7567    924   875   891  0     3222   3224
 7568   1009   924   875  0     3223   3227
 7569   1027   924  1009  1     3223     -1
 7570   1027   875   924  0     3223   3224
 7571   1027   875   891  1     3224     -1
 7572   1009   875   965  0     3225   3227
 7573    965   875   846  0     3225   3226
 7574    965   924   846  0     3226   3562
 7575    965   875   924  0     3226   3227
 7576   1009   924   965  1     3227     -1
 7577    460   519   554  0     3228   3250
 7578    554   586   653  0     3229   3233
 7579    700   699   733  1     3230     -1
 7580    700   749   699  0     3230   3274
 7581    700   712   694  0     3231   3242
 7582    784   823   712  0     3232   3249
 7583    609   729   663  1     3234     -1
 7584    654   690   689  0     3235   3301
 7585    712   623   755  0     3236   3560
 7586    672   755   623  0     3236   3420
 7587    575   536   558  0     3238   3277
 7588    575   654   536  0     3238   3289
 7589    554   519   466  0     3240   3250
 7590    522   591   455  0     3241   3680
 7591    455   591   559  0     3241   3810
 7592    784   712   694  0     3242   3249
 7593    470   524   379  1     3243     -1
 7594    379   524   442  0     3243   3245
 7595    855   822   889  0     3244   3551
 7596    889   826   855  0     3244   3381
 7597    889   822   826  0     3244   3577
 7598    379   524   423  1     3245     -1
 7599    436   536   462  0     3247   3550
 7600    436   442   536  0     3247   3276
 7601    462   536   442  0     3247   3272
 7602    792   829   898  0     3248   3392
 7603    898   829   847  0     3248   3384
 7604    564   599   623  0     3251   3257
 7605    672   623   599  0     3251   3494
 7606    907   993   973  0     3252   4253
 7607    907   904   993  0     3252   4183
 7608    973   904   907  0     3252   4217
 7609    599   623   573  0     3253   3544
 7610    599   558   623  0     3253   3543
 7611    573   558   599  0     3253   3542
 7612    573   623   558  0     3253   3545
 7613    567   646   527  0     3254   3730
 7614    567   573   646  0     3254   3414
 7615    527   646   573  0     3254   3555
 7616    545   452   555  0     3255   4210
 7617    497   452   545  0     3255   3743
 7618    497   555   452  0     3255   4377
 7619    552   623   558  0     3256   3543
 7620    552   640   623  0     3256   3271
 7621    558   623   640  0     3256   3541
 7622    552   599   623  0     3257   3543
 7623    436   536   491  0     3258   3266
 7624    436   460   536  0     3258   3548
 7625    689   730   733  1     3259     -1
 7626    608   654   689  0     3260   3314
 7627    689   749   608  0     3260   3287
 7628    524   534   471  0     3261   3299
 7629    524   470   534  1     3261     -1
 7630    654   652   684  0     3262   3463
 7631    765   684   652  0     3262   3436
 7632    586   536   608  0     3263   3265
 7633    608   536   491  0     3264   3268
 7634    608   524   536  0     3264   3290
 7635    491   524   608  1     3264     -1
 7636    608   618   536  0     3265   3268
 7637    423   536   491  0     3266   3267
 7638    423   436   536  0     3266   3276
 7639    423   536   442  0     3267   3276
 7640    491   608   618  1     3268     -1
 7641    804   730   738  0     3269   3291
 7642    599   685   672  0     3270   3494
 7643    599   714   685  0     3270   3519
 7644    672   685   714  0     3270   3416
 7645    442   558   536  0     3272   3277
 7646    462   536   558  0     3272   3445
 7647    857   935   855  0     3275   3565
 7648    857  1016   935  0     3275   3606
 7649    855   935  1016  0     3275   3582
 7650    575   536   442  0     3277   3280
 7651    831   749   793  0     3278   3282
 7652    471   536   575  0     3279   3280
 7653    471   524   536  0     3279   3281
 7654    575   524   471  0     3279   3299
 7655    575   536   524  0     3279   3289
 7656    471   536   442  0     3280   3281
 7657    793   821   749  0     3282   3283
 7658    793   821   733  1     3283     -1
 7659    755   822   857  0     3284   3588
 7660    720   619   748  0     3285   3503
 7661    748   619   691  0     3285   3758
 7662    959  1023   892  0     3286   3636
 7663    849  1023   959  0     3286   3622
 7664    699   608   689  1     3287     -1
 7665    699   749   608  0     3287   3288
 7666    575   654   524  0     3289   3312
 7667    524   654   536  0     3289   3290
 7668    524   654   608  0     3290   3313
 7669    804   730   690  1     3291     -1
 7670    588   585   557  1     3292     -1
 7671    607   557   585  0     3292   3317
 7672    654   612   690  0     3293   3301
 7673    654   607   612  0     3293   3311
 7674    690   682   607  0     3294   3328
 7675    414   509   522  0     3295   3457
 7676    624   589   505  0     3296   3467
 7677    624   559   589  0     3296   3451
 7678    505   559   624  0     3296   3408
 7679    505   589   559  0     3296   3468
 7680    558   589   573  0     3297   3329
 7681    558   509   589  0     3297   3331
 7682    573   509   558  0     3297   3542
 7683    573   589   509  0     3297   3464
 7684    518   562   498  0     3298   3321
 7685    498   562   471  0     3298   3307
 7686    575   524   534  0     3299   3310
 7687    682   779   708  1     3300     -1
 7688    682   738   779  0     3300   3362
 7689    708   779   738  0     3300   3347
 7690    690   689   612  1     3301     -1
 7691    654   612   689  0     3301   3314
 7692    880   849   994  0     3302   3613
 7693    880   851   849  0     3302   3407
 7694    792   898   767  0     3303   3394
 7695    792   859   898  0     3303   3383
 7696    767   898   859  1     3303     -1
 7697   1028   987  1011  1     3304     -1
 7698   1028   878   987  0     3304   3368
 7699    758   685   691  0     3305   3529
 7700    758   753   685  0     3305   3598
 7701    889   753   822  0     3306   3561
 7702    845   753   889  0     3306   3652
 7703    845   822   753  0     3306   3595
 7704    498   562   470  1     3307     -1
 7705    714   674   676  0     3308   3449
 7706    575   612   607  0     3309   3311
 7707    575   534   612  0     3309   3310
 7708    524   612   575  0     3310   3312
 7709    524   534   612  1     3310     -1
 7710    575   612   654  0     3311   3312
 7711    654   524   612  0     3312   3313
 7712    654   608   612  0     3313   3314
 7713    524   612   608  1     3313     -1
 7714    608   612   689  1     3314     -1
 7715   1005   932   991  1     3315     -1
 7716   1005   898   932  0     3315   3401
 7717    991   898  1005  1     3315     -1
 7718    738   682   663  0     3316   3335
 7719    607   682   738  0     3316   3328
 7720    607   663   682  0     3316   3318
 7721    585   498   557  1     3317     -1
 7722    607   557   498  0     3317   3322
 7723    557   663   682  1     3318     -1
 7724    518   589   575  0     3319   3437
 7725    518   505   589  0     3319   3467
 7726    559   589   489  0     3320   3468
 7727    559   522   589  0     3320   3454
 7728    489   522   559  0     3320   3448
 7729    489   589   522  0     3320   3471
 7730    518   557   498  0     3321   3324
 7731    518   562   557  0     3321   3323
 7732    498   557   562  0     3321   3322
 7733    562   607   557  0     3322   3323
 7734    607   557   518  0     3323   3444
 7735    518   557   443  0     3324   3325
 7736    443   557   498  0     3324   3327
 7737    443   490   557  0     3325   3326
 7738    518   557   490  0     3325   3439
 7739    490   557   386  1     3326     -1
 7740    386   557   443  0     3326   3327
 7741    386   557   498  1     3327     -1
 7742    652   589   573  0     3329   3490
 7743    573   558   652  0     3329   3545
 7744    898   880   800  0     3330   3411
 7745    800   792   898  0     3330   3383
 7746    994   932   863  0     3332   3352
 7747    994  1028   932  1     3332     -1
 7748    863  1028   994  0     3332   3404
 7749    855   919   889  0     3333   3381
 7750    855  1016   919  0     3333   3603
 7751    889  1016   855  0     3333   3551
 7752    889   919  1016  0     3333   3633
 7753    684   589   575  0     3334   3486
 7754    684   624   589  0     3334   3423
 7755    575   624   684  0     3334   3351
 7756    575   589   624  0     3334   3437
 7757    682   729   738  0     3335   3358
 7758    682   663   729  1     3335     -1
 7759    867   835   845  0     3336   3871
 7760    867   902   835  0     3336   3884
 7761    845   902   867  0     3336   3820
 7762    845   835   902  0     3336   3385
 7763    887   886   831  0     3337   3339
 7764    887   804   886  1     3337     -1
 7765    963   866  1017  1     3338     -1
 7766    908  1017   866  0     3338   3346
 7767    831   887   908  0     3339   3343
 7768    849   847  1023  0     3340   3624
 7769    845   847   849  0     3340   3424
 7770    845  1023   847  0     3340   3605
 7771    729   767   785  1     3341     -1
 7772    949  1025   987  1     3342     -1
 7773    908   866   887  0     3343   3346
 7774   1022   987   912  0     3344   3350
 7775   1022  1007   987  1     3344     -1
 7776    912  1007  1022  1     3344     -1
 7777   1028   926   859  0     3345   3357
 7778   1028  1011   926  1     3345     -1
 7779    859   926  1011  1     3345     -1
 7780    866   887  1017  1     3346     -1
 7781    708   779   810  1     3347     -1
 7782    738   810   779  0     3347   3365
 7783    831   810   863  0     3348   3349
 7784    863   810   738  0     3348   3374
 7785    863   886   810  0     3349   3372
 7786   1022   886   912  1     3350     -1
 7787   1022   987   886  0     3350   3355
 7788    684   607   624  0     3351   3447
 7789    596   632   707  0     3353   3656
 7790    596   646   632  0     3353   3674
 7791    707   632   646  0     3353   3665
 7792    887   886  1017  1     3354     -1
 7793   1017   886   987  0     3354   3355
 7794   1017   886  1022  1     3355     -1
 7795   1022   987  1017  1     3355     -1
 7796    490   512   541  1     3356     -1
 7797    427   541   512  0     3356   3489
 7798    926   932  1028  1     3357     -1
 7799    926   859   932  0     3357   3387
 7800    682   785   738  0     3358   3362
 7801    682   729   785  1     3358     -1
 7802    859  1028   863  0     3359   3367
 7803    863   800   859  0     3359   3376
 7804    834   952   937  0     3360   3881
 7805    937   952   974  1     3360     -1
 7806    738   785   859  0     3361   3379
 7807    859   800   738  0     3361   3377
 7808    779   785   738  0     3362   3365
 7809    779   682   785  1     3362     -1
 7810    594   531   510  0     3363   3607
 7811    594   454   531  0     3363   3973
 7812    510   454   594  0     3363   3783
 7813    510   531   454  0     3363   3913
 7814    738   810   785  0     3365   3380
 7815    779   785   810  0     3365   3366
 7816    810   805   785  0     3366   3375
 7817    779   805   810  1     3366     -1
 7818    779   785   805  1     3366     -1
 7819    859   878   863  0     3367   3376
 7820    863   878  1028  0     3367   3368
 7821    863   987  1028  0     3368   3404
 7822    863   878   987  0     3368   3370
 7823    894   878   912  1     3369     -1
 7824    894   886   878  0     3369   3371
 7825    912   886   894  1     3369     -1
 7826    863   878   886  0     3370   3372
 7827    810   878   894  0     3371   3373
 7828    810   886   878  0     3371   3372
 7829    894   886   810  1     3371     -1
 7830    863   878   810  0     3372   3374
 7831    810   878   805  0     3373   3375
 7832    805   894   810  1     3373     -1
 7833    805   878   894  1     3373     -1
 7834    810   738   878  0     3374   3380
 7835    863   878   738  0     3374   3378
 7836    785   878   805  1     3375     -1
 7837    785   810   878  0     3375   3380
 7838    863   800   878  0     3376   3378
 7839    859   878   800  0     3376   3377
 7840    800   738   878  0     3377   3378
 7841    859   878   738  0     3377   3379
 7842    738   785   878  0     3379   3380
 7843    859   878   785  1     3379     -1
 7844    898  1000   932  0     3382   3401
 7845    898   880  1000  0     3382   3429
 7846    932   880   898  0     3382   3410
 7847    859   898   800  0     3383   3411
 7848    847   909   829  0     3384   3860
 7849    898   909   847  0     3384   3428
 7850    898   829   909  1     3384     -1
 7851    962   902   845  0     3385   3820
 7852    962   835   902  0     3385   3650
 7853   1018  1016   857  0     3386   3606
 7854   1018   927  1016  1     3386     -1
 7855    857   927  1018  0     3386   3580
 7856    857  1016   927  0     3386   3625
 7857    898   859   932  0     3387   3410
 7858    926   859   898  1     3387     -1
 7859    540   584   582  0     3388   3809
 7860    540   478   584  0     3388   3797
 7861    898  1005  1000  0     3389   3401
 7862    968  1005   898  1     3389     -1
 7863    968  1000  1005  1     3389     -1
 7864   1024   877   847  0     3390   3842
 7865    847   877   909  0     3390   3860
 7866    790   892   845  0     3391   3616
 7867    790   849   892  0     3391   3604
 7868    845   849   790  0     3391   3424
 7869    792   759   898  0     3392   3394
 7870    898   759   829  1     3392     -1
 7871    778   744   748  0     3393   3446
 7872    778   736   744  0     3393   3883
 7873    748   744   736  0     3393   3780
 7874    898   767   759  1     3394     -1
 7875    517   454   546  0     3395   3789
 7876    594   454   517  0     3395   3783
 7877    594   546   454  0     3395   3973
 7878    945  1006  1014  1     3396     -1
 7879    910  1006   945  0     3396   3925
 7880    910  1014  1006  0     3396   3875
 7881    818   715   799  0     3397   3749
 7882    825   715   818  0     3397   4024
 7883    487   530   513  0     3398   4195
 7884    487   616   530  0     3398   4405
 7885    513   530   616  0     3398   4319
 7886    652   691   573  0     3399   3487
 7887    573   658   652  0     3399   3490
 7888    800   684   722  0     3400   3491
 7889    800   758   684  0     3400   3413
 7890    932  1005  1000  1     3401     -1
 7891    503   591   455  0     3402   3661
 7892    503   551   591  0     3402   3852
 7893    455   551   503  0     3402   3782
 7894    455   591   551  0     3402   3680
 7895    863   994   987  0     3403   3404
 7896    987  1028   994  1     3404     -1
 7897    790   835   748  0     3405   3634
 7898    790   720   835  0     3405   3689
 7899    748   835   720  0     3405   3430
 7900    538   525   511  0     3406   3941
 7901    538   617   525  0     3406   3707
 7902    511   617   538  0     3406   4299
 7903    505   559   427  0     3408   3488
 7904    800   880   859  0     3409   3411
 7905    859   880   932  0     3409   3410
 7906    859   880   898  0     3410   3411
 7907    666   673   736  0     3412   3846
 7908    666   744   673  0     3412   3836
 7909    736   744   666  0     3412   3780
 7910    736   673   744  0     3412   3803
 7911    800   758   765  0     3413   3497
 7912    765   758   684  0     3413   3436
 7913    567   599   646  0     3414   3518
 7914    714   755   685  0     3416   3440
 7915    672   685   755  0     3416   3420
 7916    720   591   678  0     3417   3826
 7917    720   736   591  0     3417   3806
 7918    656   560   580  0     3418   3640
 7919    656   632   560  0     3418   3739
 7920    755   623   685  0     3420   3526
 7921    672   685   623  0     3420   3494
 7922    755   819   765  0     3422   3583
 7923    765   749   755  0     3422   3572
 7924    589   722   624  0     3423   3453
 7925    624   722   684  0     3423   3443
 7926    909   925   968  1     3425     -1
 7927    968   925  1024  1     3425     -1
 7928    953   868   952  0     3426   3631
 7929    952   910   953  0     3426   3926
 7930    952   868   910  0     3426   3931
 7931   1000   880   909  0     3427   3429
 7932    847   880  1000  0     3427   3623
 7933    847   909   880  0     3427   3428
 7934    898   909   880  0     3428   3429
 7935    720   736   835  0     3430   3869
 7936    868   741   811  0     3431   3949
 7937    868   881   741  0     3431   4078
 7938    811   881   868  0     3431   3609
 7939    811   741   881  0     3431   3984
 7940    589   658   573  0     3432   3490
 7941    589   522   658  0     3432   3454
 7942    573   522   589  0     3432   3471
 7943    624   722   658  0     3433   3453
 7944    675   658   722  0     3433   3470
 7945   1006   910   902  0     3434   3870
 7946    902   877  1006  0     3434   3893
 7947    902   910   877  0     3434   3874
 7948    877   830   909  0     3435   3905
 7949    877   947   830  0     3435   3438
 7950    909   830   947  1     3435     -1
 7951    765   758   652  0     3436   3584
 7952    652   758   684  0     3436   3522
 7953    518   589   624  0     3437   3467
 7954    976   830   877  0     3438   3839
 7955    976   947   830  1     3438     -1
 7956    877   947   976  0     3438   3895
 7957    490   541   557  1     3439     -1
 7958    755   751   714  0     3440   3564
 7959    755   685   751  0     3440   3593
 7960    714   751   685  0     3440   3516
 7961    949   857   924  0     3441   3602
 7962    440   517   582  0     3442   3492
 7963    440   501   517  0     3442   3485
 7964    738   722   684  0     3443   3491
 7965    684   624   738  0     3443   3447
 7966    536   552   462  0     3445   3550
 7967    748   666   744  0     3446   3780
 7968    778   666   748  0     3446   3765
 7969    778   744   666  0     3446   4009
 7970    489   410   559  0     3448   3476
 7971    609   641   675  1     3450     -1
 7972    589   658   559  0     3451   3454
 7973    589   624   658  0     3451   3453
 7974    559   658   624  0     3451   3466
 7975    609   541   559  0     3452   3483
 7976    759   720   792  0     3455   3496
 7977    759   658   720  0     3455   3505
 7978    792   658   759  0     3455   3493
 7979    792   720   658  0     3455   3481
 7980    738   800   722  0     3456   3491
 7981    503   454   517  0     3458   3789
 7982    465   517   454  0     3458   3779
 7983    980   964   986  1     3459     -1
 7984    980   890   964  0     3459   4067
 7985    986   890   980  0     3459   3663
 7986    986   964   890  0     3459   4118
 7987    500   567   527  0     3460   3530
 7988    693   750   664  0     3461   4536
 7989    660   626   697  0     3462   3735
 7990    660   709   626  0     3462   4056
 7991    697   709   660  0     3462   3788
 7992    697   626   709  1     3462     -1
 7993    652   684   589  0     3463   3522
 7994    654   589   684  0     3463   3486
 7995    573   589   489  0     3464   3471
 7996    565   559   641  0     3465   3829
 7997    565   512   559  0     3465   3474
 7998    641   512   565  1     3465     -1
 7999    641   559   512  0     3465   3473
 8000    559   658   641  0     3466   3828
 8001    489   559   505  0     3468   3488
 8002    675   658   759  0     3470   3507
 8003    759   722   675  0     3470   3499
 8004    759   658   722  0     3470   3493
 8005    678   658   759  0     3472   3505
 8006    678   641   658  0     3472   3827
 8007    759   641   678  1     3472     -1
 8008    759   658   641  0     3472   3507
 8009    609   512   641  1     3473     -1
 8010    609   559   512  0     3473   3483
 8011    512   559   418  0     3474   3484
 8012    418   565   512  1     3474     -1
 8013    418   559   565  0     3474   3479
 8014    410   559   418  0     3475   3477
 8015    410   427   559  0     3475   3476
 8016    418   559   427  0     3475   3484
 8017    489   427   559  0     3476   3488
 8018    447   559   418  0     3477   3479
 8019    447   410   559  0     3477   3478
 8020    455   559   447  0     3478   3480
 8021    565   447   559  0     3479   3480
 8022    418   447   565  1     3479     -1
 8023    455   559   565  0     3480   3810
 8024    847   835   944  0     3482   3646
 8025    847   916   835  0     3482   3699
 8026    944   916   847  0     3482   3596
 8027    944   835   916  0     3482   3734
 8028    512   541   559  0     3483   3489
 8029    609   541   512  1     3483     -1
 8030    512   559   427  0     3484   3489
 8031    454   517   440  0     3485   3702
 8032    652   685   573  0     3487   3524
 8033    652   691   685  0     3487   3529
 8034    652   589   658  0     3490   3523
 8035    759   792   722  0     3493   3499
 8036    599   685   623  0     3494   3527
 8037    546   531   454  0     3495   3973
 8038    546   474   531  1     3495     -1
 8039    454   531   474  0     3495   3983
 8040    847   720   792  0     3496   3506
 8041    867   768   824  0     3498   3705
 8042    889   824   768  0     3498   3643
 8043    675   792   722  0     3499   3502
 8044    767   722   729  0     3500   3501
 8045    767   675   722  0     3500   3502
 8046    729   675   767  1     3500     -1
 8047    767   722   792  0     3501   3502
 8048    720   619   645  0     3503   3776
 8049    587   532   548  0     3504   4358
 8050    658   720   678  0     3505   3826
 8051    790   847   720  0     3506   3689
 8052    675   641   759  1     3507     -1
 8053    573   599   461  0     3508   3510
 8054    497   567   560  0     3509   3660
 8055    573   599   509  0     3510   3542
 8056    676   590   656  0     3511   3716
 8057    676   651   590  0     3511   3717
 8058    656   651   676  0     3511   4232
 8059    656   590   651  0     3511   4275
 8060    433   444   527  0     3512   3515
 8061    500   527   444  0     3512   3530
 8062    703   760   736  0     3513   3811
 8063    703   744   760  0     3513   3835
 8064    736   744   703  0     3513   3803
 8065    736   760   744  0     3513   3844
 8066   1024   999   944  1     3514     -1
 8067   1024   902   999  0     3514   3864
 8068    944   902  1024  0     3514   3845
 8069    944   999   902  0     3514   3630
 8070    685   674   751  0     3516   3546
 8071    714   674   685  0     3516   3519
 8072    433   527   522  0     3517   3521
 8073    580   646   567  0     3518   3520
 8074    714   674   599  0     3519   3528
 8075    646   567   632  0     3520   3674
 8076    522   479   527  0     3521   3752
 8077    652   758   589  0     3522   3523
 8078    652   599   573  0     3524   3544
 8079    652   685   599  0     3524   3527
 8080    755   685   652  0     3525   3526
 8081    755   758   685  0     3525   3597
 8082    652   758   755  0     3525   3585
 8083    652   685   758  0     3525   3529
 8084    623   685   652  0     3526   3527
 8085    652   623   599  0     3527   3544
 8086    564   674   599  0     3528   3547
 8087    500   567   444  0     3530   3535
 8088    567   596   632  0     3531   3674
 8089    540   632   596  0     3531   3656
 8090    431   532   472  0     3532   4203
 8091    567   527   596  0     3533   3730
 8092    451   596   527  0     3533   3737
 8093    492   567   500  0     3534   3535
 8094    492   567   444  0     3535   3675
 8095    514   586   552  0     3536   3537
 8096    460   552   586  0     3536   3539
 8097    462   552   496  0     3538   3540
 8098    460   552   536  0     3539   3548
 8099    460   462   552  0     3540   3549
 8100    558   623   652  0     3541   3545
 8101    652   623   573  0     3544   3545
 8102    674   751   646  0     3546   4300
 8103    536   436   552  0     3548   3550
 8104    460   552   436  0     3548   3549
 8105    462   552   436  0     3549   3550
 8106    824   768   731  0     3552   4340
 8107    826   768   824  0     3552   3643
 8108    645   666   748  0     3553   3756
 8109    748   666   596  0     3553   3641
 8110    884  1019   956  0     3554   3639
 8111    884   936  1019  0     3554   3671
 8112    956   936   884  0     3554   3612
 8113    956  1019   936  1     3554     -1
 8114    527   646   619  0     3555   3725
 8115    619   646   573  0     3555   3573
 8116    580   560   590  0     3556   3640
 8117    492   590   560  0     3556   3718
 8118    758   819   849  0     3557   3601
 8119    832   990   826  0     3558   4121
 8120    832   919   990  0     3558   3617
 8121    880  1023  1000  0     3559   3623
 8122    880   959  1023  0     3559   3622
 8123   1000  1023   959  1     3559     -1
 8124    640   755   712  0     3560   3569
 8125    889   751   822  0     3561   3577
 8126    753   751   889  0     3561   3686
 8127    753   822   751  0     3561   3592
 8128    924  1018   965  1     3562     -1
 8129    990   933   889  0     3563   4243
 8130    990  1026   933  1     3563     -1
 8131    889  1026   990  0     3563   3620
 8132    889   933  1026  0     3563   3697
 8133    755   751   822  0     3564   3593
 8134    714   822   751  0     3564   3566
 8135    882   935   855  0     3565   3567
 8136    855   857   882  0     3565   3586
 8137    882   935   955  0     3567   3576
 8138    749   787   755  0     3568   3570
 8139    712   749   755  0     3569   3570
 8140    640   755   749  0     3569   3572
 8141    652   755   765  0     3571   3583
 8142    765   755   640  0     3571   3572
 8143    619   646   691  0     3573   3757
 8144    670   555   616  0     3574   4366
 8145    670   637   555  0     3574   4347
 8146    651   532   590  0     3575   4359
 8147    651   544   532  0     3575   4238
 8148    590   544   651  0     3575   4344
 8149    590   532   544  0     3575   3772
 8150    955   965   935  1     3576     -1
 8151    892   916   845  0     3578   3591
 8152    892  1023   916  0     3578   3635
 8153    845   916  1023  0     3578   3605
 8154    949   819   857  0     3579   3611
 8155    851   857   819  0     3579   3589
 8156    949  1018   857  0     3580   3602
 8157    949   927  1018  1     3580     -1
 8158    857   927   949  0     3580   3611
 8159    846   819   857  0     3581   3589
 8160    755   857   819  0     3581   3588
 8161    995  1016   855  0     3582   3603
 8162    995   935  1016  1     3582     -1
 8163    652   819   765  0     3583   3584
 8164    652   755   819  0     3583   3585
 8165    652   819   758  0     3584   3585
 8166    758   755   819  0     3585   3594
 8167    822   857   819  0     3588   3626
 8168    819   755   822  0     3588   3594
 8169    847  1023   944  0     3590   3596
 8170    847  1000  1023  0     3590   3623
 8171    944  1023  1000  1     3590     -1
 8172    753   822   685  0     3592   3598
 8173    685   822   751  0     3592   3593
 8174    685   822   755  0     3593   3597
 8175    755   822   758  0     3594   3597
 8176    758   822   819  0     3594   3601
 8177    845   822   790  0     3595   3616
 8178    790   822   753  0     3595   3599
 8179    847  1023   916  0     3596   3605
 8180    944   916  1023  1     3596     -1
 8181    758   685   822  0     3597   3598
 8182    753   822   758  0     3598   3599
 8183    758   790   822  0     3599   3600
 8184    790   822   849  0     3600   3604
 8185    849   822   758  0     3600   3601
 8186    849   822   819  0     3601   3627
 8187    949  1018   924  1     3602     -1
 8188    995  1016   919  1     3603     -1
 8189    822   892   790  0     3604   3616
 8190    822   849   892  0     3604   3627
 8191    845   916   847  0     3605   3699
 8192   1018  1016   935  1     3606     -1
 8193    594   621   510  0     3607   3935
 8194    594   531   621  0     3607   3936
 8195    795   904   860  0     3608   4211
 8196    795   824   904  0     3608   4324
 8197    860   824   795  0     3608   3682
 8198    860   904   824  0     3608   4240
 8199    811   910   868  0     3609   3890
 8200    881   910   811  0     3609   3879
 8201    849   927   949  0     3610   3615
 8202    849   819   927  0     3610   3629
 8203    949   927   819  0     3610   3611
 8204    819   857   927  0     3611   3628
 8205    956   936   854  0     3612   4181
 8206    884   854   936  0     3612   4150
 8207    880   849   959  0     3613   3622
 8208    994   959   849  0     3613   3614
 8209    994   959   949  1     3614     -1
 8210    949   959   849  0     3614   3615
 8211    949   959   927  1     3615     -1
 8212    995   919   990  1     3617     -1
 8213    795   717   707  0     3618   3774
 8214    795   668   717  0     3618   3723
 8215    707   668   795  0     3618   3733
 8216    707   717   668  0     3618   3766
 8217    481   478   579  0     3619   3745
 8218    990   919  1026  1     3620     -1
 8219    889  1026   919  0     3620   3633
 8220    822   892   857  0     3621   3626
 8221    857   892  1016  0     3621   3625
 8222    849  1023   880  0     3622   3624
 8223    880  1023   847  0     3623   3624
 8224   1016   927   892  0     3625   3638
 8225    857   892   927  0     3625   3628
 8226    857   819   892  0     3626   3628
 8227    822   892   819  0     3626   3627
 8228    849   892   819  0     3627   3629
 8229    927   819   892  0     3628   3629
 8230    944   999   916  1     3630     -1
 8231    916   902   944  0     3630   3734
 8232    916   999   902  0     3630   3865
 8233    974   953   868  0     3631   4100
 8234    952   953   974  1     3631     -1
 8235    778   834   768  0     3632   3644
 8236   1016  1026   919  1     3633     -1
 8237    845   835   748  0     3634   3764
 8238    916  1026  1023  1     3635     -1
 8239   1023  1026   892  0     3635   3636
 8240   1023  1026   959  1     3636     -1
 8241    959  1026   892  0     3636   3637
 8242    892   927  1026  0     3637   3638
 8243    959  1026   927  1     3637     -1
 8244    927  1026  1016  1     3638     -1
 8245    974  1019   956  1     3639     -1
 8246    956   884   974  0     3639   3649
 8247    560   590   656  0     3640   4294
 8248    656   590   580  0     3640   3770
 8249    748   666   707  0     3641   3765
 8250    707   666   596  0     3641   3662
 8251   1004   854   904  0     3642   4234
 8252    956   854  1004  0     3642   4181
 8253    889   824   826  0     3643   4180
 8254    867   834   768  0     3644   3693
 8255    778   834   867  0     3644   3885
 8256    777   811   778  0     3645   3945
 8257    834   778   811  0     3645   3872
 8258    944   902   835  0     3646   3734
 8259    847   902   944  0     3646   3845
 8260    847   835   902  0     3646   3867
 8261    871   830   781  1     3647     -1
 8262    871   877   830  0     3647   3839
 8263    781   877   871  0     3647   3904
 8264    781   830   877  0     3647   3908
 8265    890   865   838  0     3648   3948
 8266    890   980   865  0     3648   4067
 8267    838   865   980  1     3648     -1
 8268    974   981   884  0     3649   3666
 8269    956   981   974  1     3649     -1
 8270    956   884   981  0     3649   3703
 8271    902   916   835  0     3650   3734
 8272    962   916   902  0     3650   3865
 8273    834   777   884  0     3651   4133
 8274    884   795   834  0     3651   3704
 8275    884   777   795  0     3651   3999
 8276    845   753   768  0     3652   3691
 8277    889   768   753  0     3652   3686
 8278    764   705   706  0     3653   4264
 8279    764   670   705  0     3653   4414
 8280    706   670   764  0     3653   4307
 8281    467   553   481  0     3654   4050
 8282    481   553   452  0     3654   4044
 8283    670   763   637  0     3655   3731
 8284    706   763   670  0     3655   4307
 8285    707   596   540  0     3656   3662
 8286    751   768   646  0     3657   4128
 8287    751   753   768  0     3657   3686
 8288    890   914   945  0     3658   3954
 8289    890   983   914  0     3658   3927
 8290    945   983   890  0     3658   3940
 8291    945   914   983  1     3658     -1
 8292    544   532   472  0     3659   3772
 8293    472   458   544  0     3659   4025
 8294    472   532   458  0     3659   4203
 8295    567   560   444  0     3660   3675
 8296    503   516   455  0     3661   3805
 8297    503   591   516  0     3661   3831
 8298    707   666   540  0     3662   3784
 8299    540   666   596  0     3662   3804
 8300    983   980   986  1     3663     -1
 8301    986   890   983  0     3663   3940
 8302    570   620   510  0     3664   3997
 8303    570   566   620  0     3664   3996
 8304    510   620   566  0     3664   3988
 8305    646   768   632  0     3665   4336
 8306    707   768   646  0     3665   3688
 8307    707   632   768  0     3665   3773
 8308    981   937   974  1     3666     -1
 8309    981   884   937  0     3666   3713
 8310    933   921   889  0     3667   4243
 8311    933   904   921  0     3667   4227
 8312    889   904   933  0     3667   4241
 8313    825   741   757  0     3668   4031
 8314    757   715   825  0     3668   3911
 8315    757   741   715  0     3668   3942
 8316    797   877   736  0     3669   3862
 8317    797   744   877  0     3669   3906
 8318    736   744   797  0     3669   3844
 8319    736   877   744  0     3669   3887
 8320    579   553   481  0     3670   4044
 8321    579   537   553  0     3670   4046
 8322    481   553   537  0     3670   4050
 8323    842  1019   884  0     3671   4107
 8324    842   936  1019  0     3671   4110
 8325    884   936   842  0     3671   4150
 8326    537   553   467  0     3672   4050
 8327    537   535   553  0     3672   4045
 8328    467   535   537  0     3672   4039
 8329    937   867   981  0     3673   3714
 8330    937   962   867  0     3673   3692
 8331    981   962   937  1     3673     -1
 8332    567   596   646  0     3674   3730
 8333    889   892   867  0     3676   3695
 8334    867   902   937  0     3677   3692
 8335    867   834   902  0     3677   3884
 8336    937   834   867  0     3677   3715
 8337    937   902   834  0     3677   3881
 8338    914   825   818  0     3678   3965
 8339    914   890   825  0     3678   3899
 8340    818   890   914  0     3678   3927
 8341    356   517   465  0     3679   3779
 8342    522   551   455  0     3680   3813
 8343    522   591   551  0     3680   3818
 8344    683   660   777  0     3681   4111
 8345    777   668   683  0     3681   3687
 8346    777   660   668  0     3681   4075
 8347    768   824   795  0     3682   4340
 8348    768   860   824  0     3682   3705
 8349    579   668   540  0     3683   3808
 8350    579   625   668  0     3683   4079
 8351    646   768   748  0     3684   3688
 8352    748   691   646  0     3684   3759
 8353    748   768   707  0     3685   3688
 8354    707   778   748  0     3685   3765
 8355    707   668   683  0     3687   3787
 8356    707   777   668  0     3687   3733
 8357    683   777   707  0     3687   3786
 8358    847   720   835  0     3689   3869
 8359    601   664   528  0     3690   4553
 8360    601   600   664  0     3690   4357
 8361    528   600   601  0     3690   4454
 8362    528   664   600  0     3690   4559
 8363    867   902   962  0     3692   3820
 8364    962   902   937  0     3692   3868
 8365    768   867   860  0     3693   3705
 8366    834   860   867  0     3693   3715
 8367    962   867  1026  0     3694   3696
 8368   1026   867   892  0     3694   3695
 8369   1026   867   889  0     3695   3697
 8370    933  1026   962  1     3696     -1
 8371    933   867  1026  0     3696   3697
 8372    933   867   889  0     3697   3700
 8373    847   835   736  0     3698   3869
 8374    847   877   835  0     3698   3867
 8375    736   877   847  0     3698   3863
 8376    736   835   877  0     3698   3887
 8377    933   860   889  0     3700   4241
 8378    933   867   860  0     3700   3709
 8379    705   696   764  0     3701   4414
 8380    705   774   696  0     3701   4403
 8381    764   774   705  0     3701   3729
 8382    764   696   774  0     3701   4119
 8383    356   454   517  0     3702   3779
 8384    956   860   981  0     3703   4233
 8385    956   884   860  0     3703   4239
 8386    981   860   884  0     3703   3713
 8387    795   860   884  0     3704   4123
 8388    884   860   834  0     3704   3712
 8389    627   679   626  1     3706     -1
 8390    627   732   679  0     3706   4099
 8391    626   732   627  0     3706   3728
 8392    610   525   538  0     3707   4244
 8393    610   617   525  0     3707   4441
 8394    538   617   610  0     3707   4447
 8395    584   551   540  0     3708   3797
 8396    540   596   584  0     3708   3804
 8397    981   860   933  0     3709   4242
 8398    981   867   860  0     3709   3714
 8399    669   703   604  1     3710     -1
 8400    669   673   703  0     3710   3980
 8401    587   590   532  0     3711   4359
 8402    472   590   587  0     3711   3769
 8403    472   532   590  0     3711   3772
 8404    834   937   860  0     3712   3715
 8405    884   860   937  0     3712   3713
 8406    981   860   937  0     3713   3714
 8407    937   867   860  0     3714   3715
 8408    656   587   590  0     3716   3770
 8409    676   590   587  0     3716   3717
 8410    587   651   590  0     3717   4359
 8411    676   651   587  0     3717   4308
 8412    458   590   560  0     3718   4311
 8413   1004   973   872  0     3719   4285
 8414    943   973  1004  1     3719     -1
 8415    990   921   984  1     3720     -1
 8416    990   907   921  0     3720   4251
 8417    984   907   990  0     3720   4152
 8418    984   921   907  0     3720   4252
 8419    973   840   904  0     3721   4217
 8420    973   872   840  0     3721   3901
 8421    904   872   973  0     3721   4285
 8422    904   840   872  0     3721   4282
 8423    741   799   683  0     3722   3916
 8424    683   799   715  0     3722   3944
 8425    668   717   777  0     3723   4070
 8426    777   795   668  0     3723   3733
 8427    777   717   795  0     3723   3947
 8428    683   594   582  0     3724   3991
 8429    683   655   594  0     3724   3891
 8430    527   596   619  0     3725   3753
 8431    527   646   596  0     3725   3730
 8432    619   596   646  0     3725   3757
 8433    895  1010   906  0     3726   4147
 8434    895   842  1010  0     3726   4093
 8435    906   842   895  0     3726   4148
 8436    906  1010   842  0     3726   4155
 8437    610   568   616  0     3727   4467
 8438    610   530   568  0     3727   4430
 8439    616   530   610  0     3727   4368
 8440    616   568   530  0     3727   4405
 8441    626   660   627  0     3728   4062
 8442    626   732   660  0     3728   4056
 8443    764   786   705  0     3729   4264
 8444    774   786   764  0     3729   4222
 8445    774   705   786  0     3729   4591
 8446    717   670   763  0     3731   4343
 8447    717   637   670  0     3731   4352
 8448    812   799   683  0     3732   3915
 8449    812   732   799  0     3732   3938
 8450    683   799   732  0     3732   4087
 8451    635   697   660  0     3735   4089
 8452    635   626   697  0     3735   4047
 8453    451   479   596  0     3736   3737
 8454    527   479   596  0     3737   3752
 8455    650   555   637  0     3738   4313
 8456    513   555   650  0     3738   4305
 8457    656   637   560  0     3739   4294
 8458    656   632   637  0     3739   3741
 8459    560   637   632  0     3739   4348
 8460    625   560   555  0     3740   4176
 8461    625   637   560  0     3740   4348
 8462    625   632   637  0     3741   4348
 8463    655   584   517  0     3742   3858
 8464    452   545   428  0     3743   3751
 8465    428   545   497  0     3743   3746
 8466    540   579   428  0     3744   3747
 8467    428   579   478  0     3744   3745
 8468    428   579   481  0     3745   3750
 8469    545   579   428  0     3746   3751
 8470    545   497   579  0     3746   3748
 8471    428   579   497  0     3746   3747
 8472    540   579   497  0     3747   3748
 8473    715   799   772  0     3749   4113
 8474    772   818   715  0     3749   3795
 8475    772   799   818  0     3749   4077
 8476    481   452   579  0     3750   4044
 8477    428   579   452  0     3750   3751
 8478    522   596   527  0     3752   3753
 8479    522   596   619  0     3753   3815
 8480    829   736   847  0     3754   3863
 8481    602   516   591  0     3755   3832
 8482    565   516   602  1     3755     -1
 8483    736   666   748  0     3756   3780
 8484    736   645   666  0     3756   3846
 8485    646   691   596  0     3757   3759
 8486    619   596   691  0     3757   3758
 8487    748   596   691  0     3758   3759
 8488    478   551   465  0     3760   3794
 8489    465   551   479  0     3760   3812
 8490    829   797   736  0     3761   3862
 8491    829   760   797  1     3761     -1
 8492    736   760   829  0     3761   3790
 8493    736   797   760  0     3761   3844
 8494    737   671   668  0     3762   4096
 8495    737   660   671  0     3762   4063
 8496    668   660   737  0     3762   4075
 8497    668   671   660  0     3762   4097
 8498    594   517   510  0     3763   3783
 8499    510   501   594  0     3763   4005
 8500    845   835   778  0     3764   3871
 8501    707   778   666  0     3765   3785
 8502    707   717   632  0     3766   3773
 8503    632   717   668  0     3766   3767
 8504    668   625   717  0     3767   4037
 8505    616   556   670  0     3768   4366
 8506    670   615   616  0     3768   4412
 8507    670   556   615  0     3768   4102
 8508    587   580   590  0     3769   3770
 8509    636   600   664  0     3771   4559
 8510    650   664   600  0     3771   4362
 8511    472   544   590  0     3772   4025
 8512    707   717   768  0     3773   3774
 8513    768   717   632  0     3773   4187
 8514    768   795   717  0     3774   4247
 8515    559   645   658  0     3775   3817
 8516    658   645   619  0     3775   3776
 8517    604   531   594  0     3777   3936
 8518    604   546   531  1     3777     -1
 8519    594   531   546  0     3777   3973
 8520    447   432   516  1     3778     -1
 8521    455   516   432  0     3778   3805
 8522    547   474   546  1     3781     -1
 8523    455   551   465  0     3782   3812
 8524    540   668   666  0     3784   3801
 8525    707   666   668  0     3784   3787
 8526    777   666   707  0     3785   3786
 8527    777   778   666  0     3785   4023
 8528    683   666   707  0     3786   3787
 8529    683   777   666  0     3786   4007
 8530    683   666   668  0     3787   3799
 8531    660   732   709  0     3788   4056
 8532    660   697   732  0     3788   4089
 8533    709   732   697  0     3788   4060
 8534    503   546   517  0     3789   3802
 8535    678   760   829  1     3790     -1
 8536    678   736   760  0     3790   3811
 8537    591   673   602  0     3791   3840
 8538    591   736   673  0     3791   3847
 8539    602   673   736  0     3791   3837
 8540    503   673   547  0     3792   3853
 8541    503   591   673  0     3792   3852
 8542    547   591   503  0     3792   3831
 8543    547   673   591  0     3792   3840
 8544    584   551   503  0     3793   3854
 8545    584   517   551  0     3793   3798
 8546    503   517   584  0     3793   3857
 8547    465   584   551  0     3794   3798
 8548    478   551   584  0     3794   3797
 8549    818   727   772  1     3795     -1
 8550    818   715   727  0     3795   4024
 8551    772   727   715  0     3795   4019
 8552    715   727   630  0     3796   4014
 8553    715   642   727  0     3796   3977
 8554    630   727   642  1     3796     -1
 8555    683   584   668  0     3799   3800
 8556    668   584   666  0     3799   3801
 8557    668   582   584  0     3800   3807
 8558    666   540   584  0     3801   3804
 8559    668   584   540  0     3801   3808
 8560    503   604   517  0     3802   3855
 8561    744   703   673  0     3803   3833
 8562    736   673   703  0     3803   3837
 8563    736   591   645  0     3806   3847
 8564    582   584   579  0     3807   3809
 8565    579   584   668  0     3807   3808
 8566    579   584   540  0     3808   3809
 8567    565   591   559  0     3810   3829
 8568    703   760   678  1     3811     -1
 8569    455   551   479  0     3812   3813
 8570    645   619   551  0     3814   3816
 8571    596   551   619  0     3814   3815
 8572    522   551   619  0     3815   3816
 8573    522   551   645  0     3816   3818
 8574    559   591   658  0     3817   3828
 8575    645   591   551  0     3818   3848
 8576    655   669   594  0     3819   3967
 8577    602   673   547  0     3821   3840
 8578    602   703   673  0     3821   3837
 8579    547   703   602  1     3821     -1
 8580    715   741   594  0     3822   3993
 8581    594   635   715  0     3822   4013
 8582    594   741   635  0     3822   3970
 8583    881   825   788  0     3823   3950
 8584    881   843   825  0     3823   3946
 8585    788   843   881  0     3823   3957
 8586    788   825   843  0     3823   3900
 8587    469   535   484  0     3824   4040
 8588    469   475   535  1     3824     -1
 8589    484   535   475  0     3824   4170
 8590    986   890   881  0     3825   3914
 8591    986   945   890  0     3825   3940
 8592    881   945   986  0     3825   3929
 8593    881   890   945  0     3825   3959
 8594    658   591   678  0     3826   3827
 8595    641   591   678  0     3827   3830
 8596    641   658   591  0     3827   3828
 8597    559   591   641  0     3828   3829
 8598    565   591   641  0     3829   3830
 8599    678   641   565  1     3830     -1
 8600    547   591   516  0     3831   3832
 8601    547   602   516  1     3832     -1
 8602    547   591   602  0     3832   3840
 8603    781   673   744  0     3833   3978
 8604    781   703   673  0     3833   3982
 8605    744   703   781  0     3833   3835
 8606    454   531   424  0     3834   3913
 8607    744   760   781  0     3835   3841
 8608    781   760   703  1     3835     -1
 8609    744   673   655  0     3836   3974
 8610    655   666   744  0     3836   3937
 8611    655   673   666  0     3836   3851
 8612    881   757   871  0     3838   3923
 8613    881   788   757  0     3838   3950
 8614    871   788   881  0     3838   3957
 8615    871   757   788  0     3838   3972
 8616    976   871   877  0     3839   3889
 8617    976   830   871  1     3839     -1
 8618    744   797   781  0     3841   3907
 8619    744   760   797  0     3841   3844
 8620    781   797   760  1     3841     -1
 8621    877   902  1024  0     3842   3864
 8622    877   847   902  0     3842   3867
 8623   1024   902   847  0     3842   3845
 8624   1024   925   947  1     3843     -1
 8625    666   673   645  0     3846   3849
 8626    645   673   736  0     3846   3847
 8627    645   673   591  0     3847   3848
 8628    591   551   673  0     3848   3852
 8629    645   673   551  0     3848   3849
 8630    666   673   551  0     3849   3850
 8631    666   673   584  0     3850   3851
 8632    584   673   551  0     3850   3854
 8633    584   655   673  0     3851   3858
 8634    551   673   503  0     3852   3854
 8635    503   673   604  0     3853   3855
 8636    584   673   503  0     3854   3857
 8637    503   673   517  0     3855   3857
 8638    517   673   604  0     3855   3856
 8639    517   673   655  0     3856   3858
 8640    584   673   517  0     3857   3858
 8641    757   621   788  0     3859   3934
 8642    757   761   621  0     3859   4017
 8643    788   761   757  0     3859   3968
 8644    788   621   761  1     3859     -1
 8645    909   829   877  0     3860   3905
 8646    847   877   829  0     3860   3863
 8647    542   635   566  0     3861   3902
 8648    542   620   635  0     3861   3998
 8649    566   620   542  0     3861   4022
 8650    829   877   736  0     3862   3863
 8651    902   999   877  0     3864   3893
 8652    902   962   999  0     3865   3868
 8653    916   999   962  1     3865     -1
 8654    902   835   744  0     3866   3888
 8655    902   778   835  0     3866   3886
 8656    744   778   902  0     3866   3877
 8657    744   835   778  0     3866   3883
 8658    902   877   835  0     3867   3888
 8659    902   937   999  0     3868   3882
 8660    962   999   937  1     3868     -1
 8661    952   910   902  0     3870   3931
 8662    952  1006   910  0     3870   3926
 8663    902  1006   952  0     3870   3892
 8664    778   867   835  0     3871   3885
 8665    834   902   811  0     3872   3897
 8666    834   778   902  0     3872   3886
 8667    811   902   778  0     3872   3877
 8668    818   799   838  0     3873   4077
 8669    838   890   818  0     3873   3939
 8670    902   910   811  0     3874   3897
 8671    811   877   902  0     3874   3878
 8672    811   910   877  0     3874   3903
 8673    910  1014   976  0     3875   3918
 8674    976  1014  1006  1     3875     -1
 8675    737   842   732  0     3876   4058
 8676    737   777   842  0     3876   4108
 8677    732   842   777  0     3876   4028
 8678    811   744   778  0     3877   3987
 8679    811   902   744  0     3877   3878
 8680    744   877   902  0     3878   3888
 8681    811   877   744  0     3878   3909
 8682    910   871   881  0     3879   3921
 8683    910   811   871  0     3879   3903
 8684    881   871   811  0     3879   3923
 8685    978  1013   934  1     3880     -1
 8686    934   911   978  1     3880     -1
 8687    934  1013   911  0     3880   4191
 8688    937   902   952  0     3881   3882
 8689    834   952   902  0     3881   3932
 8690    999   952   937  1     3882     -1
 8691    999   902   952  0     3882   3892
 8692    744   835   736  0     3883   3887
 8693    834   835   867  0     3884   3885
 8694    834   902   835  0     3884   3886
 8695    834   835   778  0     3885   3886
 8696    744   835   877  0     3887   3888
 8697    877   910   871  0     3889   3903
 8698    976   871   910  0     3889   3918
 8699    834   910   868  0     3890   3933
 8700    811   910   834  0     3890   3897
 8701    683   741   594  0     3891   3970
 8702    683   655   741  0     3891   3990
 8703    594   741   655  0     3891   3993
 8704    902  1006   999  0     3892   3893
 8705    999  1006   952  1     3892     -1
 8706    999   877  1006  0     3893   3894
 8707    877  1006   947  0     3894   3895
 8708    947  1006   999  1     3894     -1
 8709    947   976  1006  1     3895     -1
 8710    741   799   757  0     3896   4031
 8711    741   881   799  0     3896   4078
 8712    757   881   741  0     3896   3984
 8713    757   799   881  0     3896   4082
 8714    834   902   910  0     3897   3933
 8715    838   799   772  0     3898   4077
 8716    772   812   838  0     3898   4094
 8717    772   799   812  0     3898   4112
 8718    843   825   914  0     3899   3964
 8719    843   890   825  0     3899   3960
 8720    914   890   843  0     3899   3954
 8721    825   761   788  0     3900   3968
 8722    825   843   761  0     3900   3924
 8723    788   761   843  1     3900     -1
 8724    879   872   840  0     3901   4280
 8725    973   872   879  0     3901   4258
 8726    542   630   566  1     3902     -1
 8727    542   635   630  0     3902   3992
 8728    811   871   877  0     3903   3904
 8729    811   871   781  0     3904   3971
 8730    781   877   811  0     3904   3908
 8731    829   830   909  1     3905     -1
 8732    877   830   744  0     3906   3909
 8733    744   830   797  0     3906   3907
 8734    744   830   781  0     3907   3910
 8735    781   830   797  1     3907     -1
 8736    781   830   811  0     3908   3910
 8737    811   830   877  0     3908   3909
 8738    811   830   744  0     3909   3910
 8739    781   744   811  0     3910   3979
 8740    761   715   825  0     3911   4036
 8741    761   757   715  0     3911   4017
 8742    825   757   761  0     3911   3968
 8743    756   727   825  0     3912   4015
 8744    756   761   727  0     3912   3943
 8745    825   761   756  0     3912   3924
 8746    825   727   761  0     3912   4036
 8747    868   890   881  0     3914   4083
 8748    868   986   890  0     3914   4137
 8749    697   799   683  0     3915   4081
 8750    697   812   799  0     3915   4112
 8751    777   799   683  0     3916   4111
 8752    777   741   799  0     3916   3975
 8753    683   741   777  0     3916   4007
 8754    934  1013   920  1     3917     -1
 8755    934   844  1013  0     3917   4191
 8756    920  1013   844  0     3917   4125
 8757    976   871  1014  1     3918     -1
 8758    910  1014   871  0     3918   3921
 8759    910   945   953  0     3919   3925
 8760    881   953   945  0     3919   3929
 8761    915  1014   871  1     3920     -1
 8762    871   881   915  0     3920   3958
 8763    871  1014   881  0     3920   3921
 8764    812   895   789  0     3922   4126
 8765    812   906   895  0     3922   4148
 8766    789   906   812  0     3922   4143
 8767    789   895   906  1     3922     -1
 8768    871   811   757  0     3923   3971
 8769    881   757   811  0     3923   3984
 8770    843   761   756  1     3924     -1
 8771    756   825   843  0     3924   3964
 8772   1006   953   910  0     3925   3926
 8773   1006   945   953  1     3925     -1
 8774   1006   953   952  1     3926     -1
 8775    983   818   890  0     3927   3939
 8776    983   914   818  1     3927     -1
 8777    890   799   881  0     3928   4083
 8778    881   825   890  0     3928   3959
 8779    881   799   825  0     3928   4082
 8780    953   945   986  1     3929     -1
 8781    737   780   808  0     3930   4208
 8782    737   854   780  0     3930   4172
 8783    808   854   737  0     3930   4136
 8784    808   780   854  0     3930   4206
 8785    910   902   868  0     3931   3933
 8786    952   868   902  0     3931   3932
 8787    834   868   902  0     3932   3933
 8788    669   621   788  1     3934     -1
 8789    669   757   621  0     3934   3995
 8790    594   620   510  0     3935   4005
 8791    594   621   620  0     3935   3994
 8792    510   620   621  0     3935   3997
 8793    604   531   621  1     3936     -1
 8794    666   741   655  0     3937   3990
 8795    666   744   741  0     3937   4009
 8796    655   741   744  0     3937   4006
 8797    732   799   777  0     3938   4059
 8798    777   812   732  0     3938   4028
 8799    777   799   812  0     3938   4103
 8800    838   983   818  1     3939     -1
 8801    986   945   983  1     3940     -1
 8802    468   525   511  0     3941   4066
 8803    468   538   525  0     3941   4244
 8804    511   538   468  0     3941   4333
 8805    715   655   741  0     3942   3993
 8806    757   655   715  0     3942   4020
 8807    757   741   655  0     3942   4006
 8808    713   727   756  1     3943     -1
 8809    713   761   727  0     3943   4016
 8810    756   761   713  1     3943     -1
 8811    715   635   799  0     3944   4114
 8812    683   799   635  0     3944   4081
 8813    778   741   811  0     3945   3987
 8814    778   777   741  0     3945   4023
 8815    811   741   777  0     3945   3949
 8816    945   825   881  0     3946   3959
 8817    945   843   825  0     3946   3960
 8818    881   843   945  0     3946   3956
 8819    777   737   795  0     3947   4108
 8820    777   717   737  0     3947   4070
 8821    795   737   717  0     3947   4309
 8822    838   812   865  0     3948   4094
 8823    890   865   812  0     3948   4139
 8824    777   868   741  0     3949   3975
 8825    825   757   881  0     3950   4082
 8826    825   788   757  0     3950   3968
 8827    954   843   756  1     3951     -1
 8828    954   914   843  0     3951   3952
 8829    756   914   954  1     3951     -1
 8830    756   843   914  0     3951   3964
 8831   1021   843   954  1     3952     -1
 8832   1021   914   843  0     3952   3953
 8833    954   914  1021  1     3952     -1
 8834    945   843  1021  0     3953   3955
 8835    945   914   843  0     3953   3954
 8836   1021   914   945  1     3953     -1
 8837    890   843   945  0     3954   3960
 8838    915   843  1021  1     3955     -1
 8839    915   945   843  0     3955   3956
 8840   1021   945   915  1     3955     -1
 8841    881   843   915  0     3956   3958
 8842    788   843   871  1     3957     -1
 8843    871   843   881  0     3957   3958
 8844    871   843   915  1     3958     -1
 8845    945   825   890  0     3959   3960
 8846    620   757   715  0     3961   3969
 8847    621   757   620  0     3961   3995
 8848    621   715   757  0     3961   4017
 8849    621   570   510  0     3963   3997
 8850    621   485   570  1     3963     -1
 8851    756   825   914  0     3964   3965
 8852    756   825   818  0     3965   4015
 8853    818   914   756  1     3965     -1
 8854    537   626   630  0     3966   4054
 8855    630   635   537  0     3966   3992
 8856    630   626   635  0     3966   4047
 8857    655   757   594  0     3967   4020
 8858    757   715   594  0     3969   4020
 8859    594   715   620  0     3969   4013
 8860    683   635   594  0     3970   3991
 8861    811   757   781  0     3971   3979
 8862    781   757   871  0     3971   3972
 8863    781   788   871  1     3972     -1
 8864    673   757   744  0     3974   3978
 8865    744   757   655  0     3974   4006
 8866    741   799   868  0     3975   4078
 8867    868   799   777  0     3975   4052
 8868    683   635   660  0     3976   4091
 8869    582   635   683  0     3976   3991
 8870    715   713   727  0     3977   4016
 8871    642   713   715  0     3977   4011
 8872    642   727   713  1     3977     -1
 8873    673   757   781  0     3978   3982
 8874    781   757   744  0     3978   3979
 8875    673   703   757  0     3980   3982
 8876    669   757   703  0     3980   3981
 8877    781   703   669  1     3981     -1
 8878    781   757   703  0     3981   3982
 8879    403   531   474  1     3983     -1
 8880    620   642   635  0     3985   4012
 8881    501   566   542  0     3986   4022
 8882    510   566   501  0     3986   3988
 8883    778   741   744  0     3987   4009
 8884    566   501   620  0     3988   4022
 8885    510   620   501  0     3988   4005
 8886    537   630   577  0     3989   4054
 8887    577   630   504  1     3989     -1
 8888    666   741   683  0     3990   4007
 8889    594   582   635  0     3991   4002
 8890    594   715   655  0     3993   4020
 8891    669   621   620  0     3994   3995
 8892    642   620   570  0     3996   4010
 8893    570   566   642  1     3996     -1
 8894    501   620   635  0     3998   4003
 8895    542   620   501  0     3998   4022
 8896    884   842   795  0     3999   4200
 8897    884   777   842  0     3999   4074
 8898    795   842   777  0     3999   4108
 8899    713   642   620  0     4000   4011
 8900    633   642   713  1     4000     -1
 8901    633   620   642  0     4000   4010
 8902    761   621   633  1     4001     -1
 8903    501   635   594  0     4002   4003
 8904    620   635   594  0     4003   4013
 8905    594   501   620  0     4003   4005
 8906    812   900   799  0     4004   4135
 8907    812   842   900  0     4004   4158
 8908    799   842   812  0     4004   4103
 8909    777   666   741  0     4007   4023
 8910    913   836   839  0     4008   4643
 8911    911   836   913  1     4008     -1
 8912    911   839   836  0     4008   4165
 8913    778   741   666  0     4009   4023
 8914    633   570   642  1     4010     -1
 8915    642   620   715  0     4011   4012
 8916    635   620   715  0     4012   4013
 8917    635   727   630  0     4014   4030
 8918    635   715   727  0     4014   4027
 8919    825   818   727  0     4015   4024
 8920    756   727   818  1     4015     -1
 8921    715   761   727  0     4016   4036
 8922    812   808   732  0     4018   4048
 8923    812   789   808  0     4018   4126
 8924    732   808   789  0     4018   4174
 8925    772   697   715  0     4019   4113
 8926    772   727   697  1     4019     -1
 8927    715   697   727  0     4019   4027
 8928    579   660   537  0     4021   4046
 8929    825   715   727  0     4024   4036
 8930    553   671   581  0     4026   4029
 8931    553   660   671  0     4026   4088
 8932    581   660   553  0     4026   4042
 8933    727   635   697  0     4027   4030
 8934    715   697   635  0     4027   4114
 8935    777   812   842  0     4028   4103
 8936    732   842   812  0     4028   4048
 8937    545   671   581  0     4029   4068
 8938    635   697   630  0     4030   4047
 8939    630   697   727  1     4030     -1
 8940    825   799   757  0     4031   4082
 8941    791   780   776  0     4032   4426
 8942    776   844   791  0     4032   4190
 8943    776   780   844  0     4032   4164
 8944    854   943   936  0     4033   4236
 8945    854  1004   943  0     4033   4234
 8946    936  1004   854  0     4033   4181
 8947    936   943  1004  1     4033     -1
 8948    853   903   969  0     4034   4575
 8949    853   977   903  0     4034   4291
 8950    969   903   977  0     4034   4212
 8951    844  1013   856  0     4035   4230
 8952    844  1002  1013  0     4035   4229
 8953    856  1002   844  0     4035   4188
 8954    856  1013  1002  0     4035   4249
 8955    717   671   625  0     4037   4341
 8956    717   668   671  0     4037   4096
 8957    625   671   668  0     4037   4079
 8958    484   467   581  0     4038   4283
 8959    484   535   467  0     4038   4040
 8960    469   467   535  0     4039   4040
 8961    627   553   660  0     4041   4042
 8962    660   537   627  0     4041   4062
 8963    660   553   537  0     4041   4046
 8964    671   677   808  0     4043   4404
 8965    808   780   671  0     4043   4208
 8966    808   677   780  0     4043   4381
 8967    537   535   581  0     4045   4053
 8968    579   660   553  0     4046   4088
 8969    630   626   697  1     4047     -1
 8970    732   842   808  0     4048   4058
 8971    812   808   842  0     4048   4149
 8972    807   802   734  0     4049   4638
 8973    807   766   802  0     4049   4438
 8974    734   766   807  0     4049   4579
 8975    734   802   766  0     4049   4476
 8976    974   900   986  0     4051   4101
 8977    974   941   900  0     4051   4104
 8978    986   941   974  1     4051     -1
 8979    986   900   941  0     4051   4162
 8980    868   900   777  0     4052   4132
 8981    868   799   900  0     4052   4134
 8982    577   581   537  0     4053   4064
 8983    630   577   626  1     4054     -1
 8984    537   626   577  0     4054   4065
 8985    709   697   812  0     4055   4060
 8986    772   697   709  1     4055     -1
 8987    772   812   697  0     4055   4112
 8988    842   854   795  0     4057   4200
 8989    842   737   854  0     4057   4136
 8990    795   737   842  0     4057   4108
 8991    795   854   737  0     4057   4314
 8992    737   842   808  0     4058   4136
 8993    732   799   660  0     4059   4087
 8994    660   799   777  0     4059   4111
 8995   1002   844   911  0     4061   4229
 8996   1002   839   844  0     4061   4188
 8997    911   844   839  0     4061   4165
 8998    626   537   627  0     4062   4065
 8999    577   627   537  0     4064   4065
 9000    577   627   626  1     4065     -1
 9001    468   525   456  0     4066   4453
 9002    865   964   980  1     4067     -1
 9003    865   890   964  0     4067   4118
 9004    671   581   556  0     4068   4122
 9005    844   938   920  0     4069   4125
 9006    920   854   844  0     4069   4225
 9007    668   737   777  0     4070   4075
 9008    668   717   737  0     4070   4096
 9009    571   538   695  0     4071   4086
 9010    571   615   538  0     4071   4385
 9011    695   615   571  0     4071   4369
 9012    695   538   615  0     4071   4448
 9013    634   550   581  0     4072   4397
 9014    634   535   550  1     4072     -1
 9015    581   535   634  0     4072   4370
 9016    679   671   677  0     4073   4388
 9017    732   671   679  0     4073   4098
 9018    732   677   671  0     4073   4404
 9019    777   900   884  0     4074   4133
 9020    884   900   842  0     4074   4107
 9021    975   934   920  1     4076     -1
 9022    975   895   934  1     4076     -1
 9023    920   895   975  0     4076   4156
 9024    920   934   895  0     4076   4095
 9025    838   818   772  1     4077     -1
 9026    881   799   868  0     4078   4083
 9027    625   671   579  0     4079   4085
 9028    579   671   668  0     4079   4097
 9029    998  1002   978  1     4080     -1
 9030    998   911  1002  0     4080   4163
 9031    978   911   998  1     4080     -1
 9032    635   697   799  0     4081   4114
 9033    683   697   635  0     4081   4090
 9034    868   890   799  0     4083   4134
 9035    874   940   948  0     4084   4518
 9036    874  1003   940  0     4084   4450
 9037    948  1003   874  1     4084     -1
 9038    948   940  1003  1     4084     -1
 9039    625   671   545  0     4085   4318
 9040    571   617   695  1     4086     -1
 9041    695   617   538  0     4086   4447
 9042    683   799   660  0     4087   4111
 9043    660   732   683  0     4087   4091
 9044    660   671   579  0     4088   4097
 9045    660   635   732  0     4089   4091
 9046    697   732   635  0     4089   4090
 9047    683   732   635  0     4090   4091
 9048    808   920   842  0     4092   4117
 9049    808   936   920  0     4092   4226
 9050    842   936   808  0     4092   4197
 9051    842   920   936  0     4092   4105
 9052   1010   920   842  0     4093   4151
 9053   1010   895   920  0     4093   4156
 9054    842   920   895  0     4093   4117
 9055    772   865   838  1     4094     -1
 9056    772   812   865  0     4094   4144
 9057    934   895   827  1     4095     -1
 9058    920   827   895  0     4095   4192
 9059    737   671   717  0     4096   4342
 9060    581   679   732  0     4098   4099
 9061    581   671   679  0     4098   4388
 9062    953   900   974  0     4100   4101
 9063    974   953   986  1     4101     -1
 9064    670   556   581  0     4102   4122
 9065    581   615   670  0     4102   4386
 9066    941  1019   974  1     4104     -1
 9067    941   900  1019  0     4104   4115
 9068    842   920   941  0     4105   4151
 9069    941   936   842  0     4105   4110
 9070    941   920   936  1     4105     -1
 9071    780   764   854  0     4106   4329
 9072    780   763   764  0     4106   4315
 9073    854   763   780  0     4106   4172
 9074    842  1019   900  0     4107   4115
 9075    979  1010   964  1     4109     -1
 9076    979   906  1010  0     4109   4147
 9077    964   906   979  1     4109     -1
 9078    964  1010   906  0     4109   4157
 9079    936  1019   941  1     4110     -1
 9080    941  1019   842  0     4110   4115
 9081    772   799   697  0     4112   4113
 9082    715   799   697  0     4113   4114
 9083    941   900   842  0     4115   4159
 9084    706   705   786  0     4116   4264
 9085    808   895   842  0     4117   4149
 9086    808   920   895  0     4117   4216
 9087    986   865   890  0     4118   4138
 9088    986   964   865  0     4118   4141
 9089    764   696   776  0     4119   4419
 9090    776   696   774  0     4119   4451
 9091    827   742   791  1     4120     -1
 9092    827   844   742  0     4120   4334
 9093    990   907   832  0     4121   4152
 9094    990   826   907  0     4121   4251
 9095    832   907   826  0     4121   4277
 9096    671   581   670  0     4122   4386
 9097    860   854   795  0     4123   4211
 9098    795   854   884  0     4123   4200
 9099    468   525   610  0     4124   4244
 9100    468   568   525  0     4124   4439
 9101    610   568   468  0     4124   4430
 9102    610   525   568  0     4124   4504
 9103    844   938  1013  0     4125   4230
 9104    920  1013   938  1     4125     -1
 9105    812   895   808  0     4126   4149
 9106    904   872   854  0     4127   4282
 9107    854   943   904  0     4127   4234
 9108    854   872   943  0     4127   4284
 9109    768   646   731  0     4128   4336
 9110    751   731   646  0     4128   4300
 9111    706   840   796  0     4129   4209
 9112    706   786   840  0     4129   4263
 9113    796   786   706  0     4129   4185
 9114    796   840   786  0     4129   4286
 9115    590   637   656  0     4130   4294
 9116    590   650   637  0     4130   4245
 9117    656   650   590  0     4130   4275
 9118    631   651   676  0     4131   4308
 9119    676   651   728  0     4131   4306
 9120    834   900   777  0     4132   4133
 9121    890   900   868  0     4134   4137
 9122    890   799   900  0     4134   4135
 9123    812   900   890  0     4135   4139
 9124    808   854   842  0     4136   4197
 9125    890   900   986  0     4137   4138
 9126    986   865   900  0     4138   4142
 9127    890   900   865  0     4138   4139
 9128    865   812   900  0     4139   4140
 9129    812   906   865  0     4140   4144
 9130    812   900   906  0     4140   4160
 9131    865   906   900  0     4140   4142
 9132    986   906   865  0     4141   4142
 9133    986   964   906  0     4141   4157
 9134    865   906   964  1     4141     -1
 9135    986   906   900  0     4142   4161
 9136    789   906   772  1     4143     -1
 9137    772   906   812  0     4143   4144
 9138    772   906   865  1     4144     -1
 9139    569   601   529  0     4145   4546
 9140    529   643   569  1     4145     -1
 9141    780   742   808  0     4146   4381
 9142    808   844   780  0     4146   4206
 9143    808   742   844  0     4146   4334
 9144    895  1010   979  0     4147   4154
 9145    979   906   895  1     4147     -1
 9146    842   895   812  0     4148   4149
 9147    812   906   842  0     4148   4155
 9148    884   854   842  0     4150   4200
 9149    842   854   936  0     4150   4197
 9150    941  1010   920  1     4151     -1
 9151    842  1010   941  0     4151   4159
 9152    984   907   832  0     4152   4256
 9153    856   839  1002  0     4153   4188
 9154    856   969   839  0     4153   4169
 9155   1002   969   856  0     4153   4250
 9156    895   975   979  1     4154     -1
 9157    895  1010   975  0     4154   4156
 9158    979   975  1010  1     4154     -1
 9159    812  1010   842  0     4155   4158
 9160    812   906  1010  0     4155   4160
 9161    920  1010   975  1     4156     -1
 9162    964  1010   986  1     4157     -1
 9163    986  1010   906  0     4157   4161
 9164    842   900  1010  0     4158   4159
 9165    812  1010   900  0     4158   4160
 9166    941   900  1010  0     4159   4162
 9167    906  1010   900  0     4160   4161
 9168    986  1010   900  0     4161   4162
 9169    986  1010   941  1     4162     -1
 9170    998   913  1002  1     4163     -1
 9171    911   913   998  1     4163     -1
 9172    844   856   780  0     4164   4207
 9173    776   856   844  0     4164   4171
 9174    776   780   856  0     4164   4262
 9175    839   836   844  0     4165   4199
 9176    911   844   836  0     4165   4189
 9177    638   563   622  0     4166   4510
 9178    638   572   563  1     4166     -1
 9179    802   852   807  0     4167   4438
 9180    802   874   852  0     4167   4627
 9181    807   874   802  0     4167   4640
 9182    807   852   874  0     4167   4648
 9183    728   711   719  0     4168   4248
 9184    728   809   711  0     4168   4354
 9185    719   711   809  0     4168   4290
 9186    969   852   856  0     4169   4542
 9187    969   839   852  0     4169   4616
 9188    535   475   550  1     4170     -1
 9189    484   550   475  0     4170   4435
 9190    776   839   844  0     4171   4190
 9191    856   839   776  0     4171   4201
 9192    856   844   839  0     4171   4188
 9193    854   763   737  0     4172   4314
 9194    737   763   780  0     4172   4337
 9195    556   530   513  0     4173   4319
 9196    556   463   530  0     4173   4396
 9197    513   530   463  0     4173   4195
 9198    808   742   732  0     4174   4383
 9199    732   742   789  0     4174   4395
 9200    907   921   904  0     4175   4183
 9201    907   824   921  0     4175   4224
 9202    904   824   907  0     4175   4281
 9203    911   844   934  0     4177   4191
 9204    934   827   911  1     4177     -1
 9205    861   961   992  0     4178   4623
 9206    861   883   961  0     4178   4661
 9207    992   883   861  0     4178   4570
 9208    992   961   883  0     4178   4649
 9209    796   651   656  0     4179   4232
 9210    796   706   651  0     4179   4310
 9211    656   706   796  0     4179   4351
 9212    889   921   826  0     4180   4182
 9213    826   921   824  0     4180   4224
 9214    936  1004   956  1     4181     -1
 9215    826   990   921  0     4182   4251
 9216    889   921   990  0     4182   4243
 9217    904   993   921  0     4183   4227
 9218    907   921   993  0     4183   4253
 9219    726   809   728  0     4184   4354
 9220    726   816   809  0     4184   4287
 9221    719   796   786  0     4185   4246
 9222    706   796   719  0     4185   4310
 9223    560   555   458  0     4186   4311
 9224    458   555   497  0     4186   4378
 9225    717   731   768  0     4187   4247
 9226    768   731   632  0     4187   4336
 9227    791   836   911  1     4189     -1
 9228    791   844   836  0     4189   4199
 9229    839   844   791  0     4190   4199
 9230    791   776   839  0     4190   4367
 9231    911   844  1013  0     4191   4229
 9232    827   895   844  0     4192   4204
 9233    920   844   895  0     4192   4216
 9234    705   636   719  0     4193   4565
 9235    705   650   636  0     4193   4519
 9236    487   530   463  0     4195   4410
 9237    853   872   942  0     4196   4302
 9238    853   856   872  0     4196   4328
 9239    942   856   853  0     4196   4272
 9240    936   808   854  0     4197   4226
 9241    662   600   631  0     4198   4534
 9242    839   776   774  0     4201   4452
 9243    453   569   457  1     4202     -1
 9244    453   526   569  0     4202   4356
 9245    895   844   808  0     4204   4216
 9246    808   844   827  0     4204   4334
 9247    861   903   960  0     4205   4500
 9248    861   961   903  0     4205   4401
 9249    960   961   861  0     4205   4624
 9250    844   854   808  0     4206   4225
 9251    844   780   854  0     4206   4207
 9252    854   856   780  0     4207   4329
 9253    737   780   671  0     4208   4338
 9254    796   824   840  0     4209   4231
 9255    706   824   796  0     4209   4349
 9256    706   840   824  0     4209   4316
 9257    452   556   545  0     4210   4373
 9258    452   555   556  0     4210   4312
 9259    545   556   555  0     4210   4372
 9260    795   904   854  0     4211   4323
 9261    969   961   977  1     4212     -1
 9262    969   903   961  0     4212   4594
 9263    893   809   816  0     4213   4288
 9264    893   907   809  0     4213   4214
 9265    816   907   893  0     4213   4259
 9266    816   809   907  0     4213   4293
 9267    907   809   879  0     4214   4292
 9268    879   893   907  0     4214   4486
 9269    879   809   893  0     4214   4566
 9270    820   852   861  0     4215   4625
 9271    820   766   852  0     4215   4641
 9272    861   766   820  0     4215   4220
 9273    861   852   766  0     4215   4644
 9274    920   844   808  0     4216   4225
 9275    907   840   904  0     4217   4281
 9276    766   852   774  0     4218   4642
 9277    766   853   852  0     4218   4641
 9278    774   853   766  0     4218   4584
 9279    774   852   853  0     4218   4647
 9280    677   695   615  0     4219   4424
 9281    677   634   695  1     4219     -1
 9282    615   634   677  0     4219   4406
 9283    615   695   634  0     4219   4369
 9284    750   766   820  0     4220   4590
 9285    861   766   750  0     4220   4391
 9286    452   556   463  0     4221   4312
 9287    452   484   556  0     4221   4365
 9288    463   556   484  0     4221   4396
 9289    786   764   853  0     4222   4260
 9290    853   774   786  0     4222   4585
 9291    853   764   774  0     4222   4327
 9292    957   813   897  0     4223   4606
 9293    848   813   957  1     4223     -1
 9294    848   897   813  0     4223   4557
 9295    826   921   907  0     4224   4251
 9296    920   854   808  0     4225   4226
 9297    993   921   933  1     4227     -1
 9298    933   904   993  0     4227   4228
 9299    981   993   933  1     4228     -1
 9300    933   904   981  0     4228   4242
 9301    824   840   907  0     4231   4281
 9302    676   796   651  0     4232   4306
 9303    656   796   676  0     4232   4274
 9304    956   860   904  0     4233   4239
 9305    981   904   860  0     4233   4242
 9306    717   795   731  0     4235   4247
 9307    824   795   717  0     4235   4304
 9308    824   731   795  0     4235   4340
 9309    938   943   936  1     4236     -1
 9310    938   854   943  0     4236   4284
 9311    901   907   816  0     4237   4259
 9312    901   832   907  0     4237   4257
 9313    544   600   651  0     4238   4532
 9314    544   532   600  0     4238   4468
 9315    860   904   889  0     4240   4241
 9316    860   904   933  0     4241   4242
 9317    990   933   921  1     4243     -1
 9318    544   637   590  0     4245   4317
 9319    544   650   637  0     4245   4313
 9320    590   650   544  0     4245   4344
 9321    719   809   786  0     4246   4583
 9322    795   731   768  0     4247   4340
 9323    651   711   719  0     4248   4276
 9324    719   728   651  0     4248   4296
 9325   1013  1002   942  1     4249     -1
 9326    856   942  1002  0     4249   4250
 9327    856   942   969  0     4250   4272
 9328    969   942  1002  1     4250     -1
 9329    984   921   973  1     4252     -1
 9330    973   907   984  0     4252   4270
 9331    973   921   907  0     4252   4253
 9332    973   921   993  1     4253     -1
 9333    735   726   711  0     4254   4517
 9334    646   731   674  0     4255   4300
 9335    646   632   731  0     4255   4336
 9336    674   731   632  0     4255   4339
 9337    832   985   907  0     4256   4257
 9338    984   907   985  0     4256   4265
 9339    901   985   907  0     4257   4266
 9340    977   872   879  0     4258   4301
 9341    879   973   977  0     4258   4420
 9342    893   901   907  0     4259   4267
 9343    853   872   764  0     4260   4328
 9344    786   872   853  0     4260   4303
 9345    786   764   872  0     4260   4326
 9346    776   780   764  0     4262   4419
 9347    856   764   780  0     4262   4329
 9348    786   764   706  0     4263   4264
 9349    786   840   764  0     4263   4326
 9350    984   907   970  0     4265   4270
 9351    970   985   984  1     4265     -1
 9352    970   907   985  0     4265   4266
 9353    970   907   901  0     4266   4267
 9354    688   802   734  0     4268   4449
 9355    734   801   688  0     4268   4555
 9356    734   802   801  0     4268   4638
 9357    928   997   893  0     4269   4608
 9358    928   897   997  0     4269   4610
 9359    893   897   928  0     4269   4567
 9360    970   973   907  0     4270   4614
 9361    984   973   970  1     4270     -1
 9362    943   872   938  0     4271   4284
 9363    856   853   969  0     4272   4542
 9364    832   769   796  0     4273   4278
 9365    656   796   769  0     4274   4350
 9366    651   650   590  0     4275   4344
 9367    651   600   719  0     4276   4345
 9368    832   796   826  0     4277   4278
 9369    841   813   803  0     4279   4537
 9370    803   735   841  0     4279   4573
 9371    803   813   735  0     4279   4586
 9372    872   840   786  0     4280   4326
 9373    786   879   872  0     4280   4303
 9374    786   840   879  0     4280   4286
 9375    824   840   904  0     4281   4321
 9376    904   840   854  0     4282   4322
 9377    484   467   556  0     4283   4365
 9378    581   556   467  0     4283   4295
 9379    726   828   809  0     4287   4289
 9380    816   809   828  0     4287   4288
 9381    828   893   809  0     4288   4574
 9382    735   809   726  0     4289   4517
 9383    735   828   809  0     4289   4592
 9384    809   750   711  0     4290   4598
 9385    719   750   809  0     4290   4582
 9386    977   903   879  0     4291   4603
 9387    879   853   977  0     4291   4301
 9388    796   907   809  0     4292   4293
 9389    796   651   719  0     4296   4310
 9390    796   728   651  0     4296   4306
 9391    601   750   664  0     4297   4523
 9392    717   625   637  0     4298   4352
 9393    511   617   482  1     4299     -1
 9394    482   538   511  0     4299   4333
 9395    879   853   872  0     4301   4303
 9396    977   872   853  0     4301   4302
 9397    786   879   853  0     4303   4561
 9398    717   763   795  0     4304   4309
 9399    795   763   824  0     4304   4324
 9400    650   544   555  0     4305   4313
 9401    513   555   544  0     4305   4331
 9402    764   763   670  0     4307   4315
 9403    631   651   587  0     4308   4335
 9404    795   737   763  0     4309   4314
 9405    717   763   737  0     4309   4343
 9406    555   637   544  0     4313   4317
 9407    854   763   795  0     4314   4323
 9408    764   780   670  0     4315   4418
 9409    763   670   780  0     4315   4337
 9410    824   763   840  0     4316   4321
 9411    671   670   625  0     4318   4341
 9412    513   556   616  0     4319   4364
 9413    616   487   568  0     4320   4405
 9414    507   568   487  0     4320   4428
 9415    824   763   904  0     4321   4324
 9416    904   763   840  0     4321   4322
 9417    904   763   854  0     4322   4323
 9418    795   904   763  0     4323   4324
 9419    872   764   840  0     4325   4326
 9420    853   856   774  0     4327   4647
 9421    853   764   856  0     4327   4328
 9422    856   872   764  0     4328   4330
 9423    856   764   854  0     4329   4330
 9424    538   530   434  0     4332   4375
 9425    434   530   468  0     4332   4384
 9426    587   548   651  0     4335   4358
 9427    631   651   548  0     4335   4361
 9428    763   670   737  0     4337   4343
 9429    737   670   780  0     4337   4338
 9430    737   670   671  0     4338   4342
 9431    671   670   780  0     4338   4387
 9432    717   670   625  0     4341   4352
 9433    717   671   670  0     4341   4342
 9434    737   670   717  0     4342   4343
 9435    650   544   651  0     4344   4532
 9436    650   600   719  0     4345   4362
 9437    650   651   600  0     4345   4532
 9438    637   556   670  0     4347   4374
 9439    637   555   556  0     4347   4372
 9440    670   556   555  0     4347   4366
 9441    706   731   796  0     4349   4351
 9442    656   796   731  0     4350   4351
 9443    600   636   528  0     4353   4559
 9444    507   636   600  0     4353   4525
 9445    726   809   711  0     4354   4517
 9446    662   716   643  0     4355   4543
 9447    464   569   453  1     4356     -1
 9448    464   526   569  0     4356   4363
 9449    662   601   600  0     4357   4487
 9450    548   651   532  0     4358   4361
 9451    587   532   651  0     4358   4359
 9452    464   429   528  0     4360   4496
 9453    453   528   429  0     4360   4538
 9454    631   532   548  0     4361   4522
 9455    464   528   569  0     4363   4545
 9456    526   569   528  0     4363   4491
 9457    616   555   556  0     4364   4366
 9458    776   745   791  0     4367   4371
 9459    776   839   745  0     4367   4392
 9460    616   615   610  0     4368   4421
 9461    615   571   634  0     4369   4382
 9462    634   571   695  1     4369     -1
 9463    627   634   581  0     4370   4389
 9464    627   535   634  1     4370     -1
 9465    776   695   791  0     4371   4426
 9466    776   745   695  0     4371   4470
 9467    791   695   745  1     4371     -1
 9468    545   556   637  0     4372   4374
 9469    484   530   434  0     4375   4408
 9470    434   538   484  0     4375   4399
 9471    526   636   568  0     4376   4462
 9472    568   507   526  0     4376   4459
 9473    381   555   452  0     4377   4379
 9474    381   497   555  0     4377   4378
 9475    458   555   381  0     4378   4380
 9476    370   381   555  0     4379   4380
 9477    808   677   742  0     4381   4383
 9478    780   742   677  0     4381   4417
 9479    550   571   634  1     4382     -1
 9480    550   615   571  0     4382   4385
 9481    634   615   550  0     4382   4397
 9482    732   808   677  0     4383   4404
 9483    434   530   487  0     4384   4410
 9484    487   530   468  0     4384   4402
 9485    571   550   538  0     4385   4390
 9486    615   538   550  0     4385   4434
 9487    581   615   671  0     4386   4407
 9488    671   615   670  0     4386   4387
 9489    670   780   615  0     4387   4415
 9490    671   677   581  0     4388   4407
 9491    627   634   677  1     4389     -1
 9492    581   677   634  0     4389   4406
 9493    550   482   571  1     4390     -1
 9494    550   538   482  0     4390   4437
 9495    861   762   750  0     4391   4564
 9496    861   766   762  0     4391   4473
 9497    839   692   776  0     4392   4452
 9498    839   745   692  0     4392   4654
 9499    776   692   745  0     4392   4470
 9500    583   606   687  1     4393     -1
 9501    583   595   606  0     4393   4422
 9502    687   606   595  0     4393   4480
 9503    610   692   617  0     4394   4441
 9504    610   695   692  0     4394   4398
 9505    617   695   610  0     4394   4447
 9506    617   692   695  0     4394   4429
 9507    679   742   789  1     4395     -1
 9508    463   530   484  0     4396   4408
 9509    615   550   581  0     4397   4434
 9510    581   634   615  0     4397   4406
 9511    695   692   696  0     4398   4469
 9512    696   610   695  0     4398   4446
 9513    696   692   610  0     4398   4471
 9514    484   482   538  0     4399   4436
 9515    688   734   687  0     4400   4445
 9516    638   734   688  0     4400   4555
 9517    638   687   734  1     4400     -1
 9518    961   852   861  0     4401   4477
 9519    961   903   852  0     4401   4594
 9520    861   852   903  0     4401   4625
 9521    487   568   468  0     4402   4431
 9522    487   530   568  0     4402   4405
 9523    468   568   530  0     4402   4430
 9524    696   692   774  0     4403   4451
 9525    696   705   692  0     4403   4472
 9526    774   692   705  0     4403   4548
 9527    581   677   615  0     4406   4407
 9528    463   530   434  0     4408   4410
 9529    499   563   435  0     4409   4513
 9530    543   622   617  1     4411     -1
 9531    617   622   525  0     4411   4482
 9532    615   696   670  0     4412   4415
 9533    615   616   696  0     4412   4421
 9534    670   696   616  0     4412   4413
 9535    670   696   705  0     4413   4414
 9536    705   696   616  0     4413   4472
 9537    670   696   764  0     4414   4418
 9538    780   696   670  0     4415   4418
 9539    780   615   696  0     4415   4416
 9540    776   696   780  0     4416   4419
 9541    780   615   776  0     4416   4427
 9542    742   695   780  0     4417   4425
 9543    742   677   695  1     4417     -1
 9544    780   695   677  0     4417   4424
 9545    780   696   764  0     4418   4419
 9546    879   928   977  0     4420   4603
 9547    977   928   973  1     4420     -1
 9548    616   696   610  0     4421   4471
 9549    615   610   696  0     4421   4446
 9550    595   606   488  0     4422   4526
 9551    488   583   595  0     4422   4455
 9552    488   606   583  1     4422     -1
 9553    616   636   650  0     4423   4519
 9554    780   695   615  0     4424   4427
 9555    791   695   780  0     4425   4426
 9556    791   742   695  1     4425     -1
 9557    780   776   695  0     4426   4427
 9558    507   568   499  0     4428   4459
 9559    499   568   487  0     4428   4431
 9560    745   695   617  1     4429     -1
 9561    745   692   695  0     4429   4470
 9562    468   499   568  0     4431   4439
 9563    581   538   484  0     4432   4433
 9564    581   550   538  0     4432   4434
 9565    484   538   550  0     4432   4435
 9566    581   538   615  0     4433   4434
 9567    550   475   538  0     4435   4437
 9568    484   538   475  0     4435   4436
 9569    482   538   475  0     4436   4437
 9570    482   550   475  1     4437     -1
 9571    766   852   807  0     4438   4644
 9572    766   802   852  0     4438   4642
 9573    499   525   468  0     4439   4442
 9574    499   568   525  0     4439   4490
 9575    523   528   548  0     4440   4531
 9576    523   600   528  0     4440   4454
 9577    548   600   523  0     4440   4533
 9578    525   692   617  0     4441   4482
 9579    525   610   692  0     4441   4503
 9580    468   416   525  0     4442   4453
 9581    688   692   802  0     4443   4637
 9582    723   692   688  0     4443   4483
 9583    723   802   692  0     4443   4655
 9584    687   595   693  0     4444   4480
 9585    693   688   687  0     4444   4445
 9586    693   595   688  0     4444   4488
 9587    734   687   693  0     4445   4580
 9588    693   688   734  0     4445   4449
 9589    695   615   610  0     4446   4448
 9590    695   610   538  0     4447   4448
 9591    688   802   693  0     4449   4637
 9592    693   802   734  0     4449   4476
 9593    801   940   874  0     4450   4653
 9594    801  1003   940  0     4450   4673
 9595    874  1003   801  1     4450     -1
 9596    776   692   774  0     4451   4452
 9597    776   696   692  0     4451   4469
 9598    774   839   692  0     4452   4576
 9599    456   416   525  0     4453   4460
 9600    600   601   523  0     4454   4487
 9601    523   601   528  0     4454   4544
 9602    488   563   595  0     4455   4512
 9603    488   583   563  1     4455     -1
 9604    595   563   583  0     4455   4497
 9605    702   762   807  1     4456     -1
 9606    807   766   702  0     4456   4578
 9607    807   762   766  0     4456   4473
 9608   1003  1030   858  1     4457     -1
 9609   1003   896  1030  0     4457   4620
 9610    858   896  1003  0     4457   4674
 9611    858  1030   896  1     4457     -1
 9612    931   896  1003  0     4458   4620
 9613    931  1029   896  0     4458   4668
 9614   1003  1029   931  1     4458     -1
 9615   1003   896  1029  0     4458   4669
 9616    507   526   499  0     4459   4502
 9617    499   526   568  0     4459   4462
 9618    425   525   456  0     4460   4465
 9619    595   563   499  0     4461   4512
 9620    595   525   563  0     4461   4479
 9621    499   525   595  0     4461   4490
 9622    499   636   568  0     4462   4516
 9623    568   595   693  0     4463   4498
 9624    568   636   595  0     4463   4516
 9625    688   723   782  0     4464   4664
 9626    701   782   723  1     4464     -1
 9627    425   563   456  0     4465   4515
 9628    638   801   701  1     4466     -1
 9629    638   688   801  0     4466   4555
 9630    568   692   610  0     4467   4505
 9631    610   692   616  0     4467   4471
 9632    507   600   544  0     4468   4525
 9633    776   695   692  0     4469   4470
 9634    696   692   616  0     4471   4472
 9635    705   692   616  0     4472   4485
 9636    807   861   766  0     4473   4644
 9637    693   802   692  0     4474   4637
 9638    693   766   802  0     4474   4476
 9639    692   802   766  0     4474   4475
 9640    766   774   802  0     4475   4642
 9641    692   774   766  0     4475   4548
 9642    692   802   774  0     4475   4576
 9643    693   766   734  0     4476   4580
 9644    852   940   961  0     4477   4657
 9645    852   861   940  0     4477   4652
 9646    961   940   861  0     4477   4661
 9647    801   782   802  0     4478   4660
 9648    801   814   782  0     4478   4659
 9649    802   814   801  0     4478   4665
 9650    802   782   814  0     4478   4492
 9651    525   688   595  0     4479   4489
 9652    525   563   688  0     4479   4511
 9653    688   622   525  0     4481   4511
 9654    688   692   622  0     4481   4483
 9655    525   692   688  0     4481   4489
 9656    525   622   692  0     4481   4482
 9657    617   622   692  0     4482   4484
 9658    692   622   723  0     4483   4484
 9659    617   622   723  1     4484     -1
 9660    705   636   616  0     4485   4519
 9661    893   928   879  0     4486   4632
 9662    523   600   662  0     4487   4534
 9663    693   595   692  0     4488   4498
 9664    692   688   693  0     4488   4637
 9665    692   595   688  0     4488   4489
 9666    692   595   525  0     4489   4503
 9667    568   595   499  0     4490   4516
 9668    568   525   595  0     4490   4504
 9669    569   601   526  0     4491   4495
 9670    569   528   601  0     4491   4545
 9671    526   601   528  0     4491   4553
 9672    814   723   782  1     4492     -1
 9673    802   723   814  0     4492   4650
 9674    802   782   723  0     4492   4660
 9675    681   601   664  0     4493   4523
 9676    437   528   429  0     4494   4535
 9677    429   526   437  0     4494   4507
 9678    429   528   526  0     4494   4538
 9679    523   528   464  0     4496   4544
 9680    638   563   583  1     4497     -1
 9681    568   595   692  0     4498   4505
 9682    437   526   367  0     4499   4507
 9683    437   457   526  0     4499   4508
 9684    861   903   897  0     4500   4604
 9685    897   903   960  0     4500   4628
 9686    813   848   762  1     4501     -1
 9687    813   750   848  0     4501   4563
 9688    762   848   750  0     4501   4564
 9689    610   595   525  0     4503   4504
 9690    610   692   595  0     4503   4505
 9691    610   595   568  0     4504   4505
 9692    429   526   453  0     4506   4538
 9693    429   367   526  0     4506   4507
 9694    457   526   411  0     4508   4530
 9695    572   494   563  1     4509     -1
 9696    543   494   572  1     4509     -1
 9697    543   563   494  0     4509   4514
 9698    622   688   563  0     4510   4511
 9699    488   563   499  0     4512   4513
 9700    499   595   488  0     4512   4528
 9701    488   563   435  1     4513     -1
 9702    456   494   543  1     4514     -1
 9703    456   563   494  0     4514   4515
 9704    425   563   494  1     4515     -1
 9705    735   809   711  0     4517   4599
 9706    992   940   948  1     4518     -1
 9707    992   874   940  0     4518   4626
 9708    948   874   992  1     4518     -1
 9709    828   841   893  0     4520   4574
 9710    893   841   862  0     4520   4595
 9711    631   600   548  0     4522   4533
 9712    532   528   431  0     4524   4541
 9713    606   488   526  0     4526   4527
 9714    595   526   488  0     4526   4528
 9715    488   526   457  0     4527   4530
 9716    457   606   488  1     4527     -1
 9717    499   526   488  0     4528   4529
 9718    411   526   488  0     4529   4530
 9719    459   528   548  0     4531   4540
 9720    523   631   600  0     4533   4534
 9721    429   431   528  0     4535   4539
 9722    636   664   693  0     4536   4550
 9723    841   813   862  0     4537   4607
 9724    862   813   803  1     4537     -1
 9725    431   528   459  0     4539   4540
 9726    431   528   548  0     4540   4541
 9727    856   853   852  0     4542   4647
 9728    969   852   853  0     4542   4575
 9729    725   716   643  1     4543     -1
 9730    523   601   464  0     4544   4547
 9731    464   601   528  0     4544   4545
 9732    464   601   569  0     4545   4546
 9733    464   529   569  1     4546     -1
 9734    464   601   529  0     4546   4547
 9735    774   766   705  0     4548   4589
 9736    750   705   766  0     4549   4590
 9737    636   705   750  0     4549   4565
 9738    606   636   664  0     4550   4552
 9739    528   664   526  0     4551   4553
 9740    528   636   664  0     4551   4559
 9741    526   664   636  0     4551   4552
 9742    681   762   702  1     4554     -1
 9743    681   750   762  0     4554   4562
 9744    734   801   638  1     4555     -1
 9745    820   841   879  0     4556   4630
 9746    820   809   841  0     4556   4572
 9747    879   841   809  0     4556   4566
 9748    841   813   848  0     4557   4563
 9749    841   897   813  0     4557   4607
 9750    735   750   716  0     4558   4593
 9751    774   802   839  0     4560   4576
 9752    774   852   802  0     4560   4642
 9753    853   786   820  0     4561   4585
 9754    716   762   681  1     4562     -1
 9755    750   841   813  0     4563   4569
 9756    861   848   750  0     4564   4601
 9757    705   750   719  0     4565   4588
 9758    879   841   893  0     4566   4633
 9759    893   841   809  0     4566   4574
 9760    841   928   893  0     4567   4634
 9761    841   897   928  0     4567   4631
 9762    960  1012   922  1     4568     -1
 9763    861  1012   960  0     4568   4624
 9764    861   922  1012  0     4568   4635
 9765    716   841   813  0     4569   4571
 9766    750   841   716  0     4569   4593
 9767    992  1012   861  0     4570   4623
 9768    992   883  1012  1     4570     -1
 9769    861  1012   883  0     4570   4635
 9770    725   716   841  0     4571   4602
 9771    725   813   716  1     4571     -1
 9772    809   750   820  0     4572   4582
 9773    809   841   750  0     4572   4598
 9774    735   841   828  0     4573   4592
 9775    809   828   841  0     4574   4592
 9776    853   903   852  0     4575   4646
 9777    969   852   903  0     4575   4594
 9778    692   802   839  0     4576   4654
 9779    693   687   766  0     4577   4580
 9780    702   766   687  0     4577   4578
 9781    687   807   766  0     4578   4579
 9782    702   807   687  1     4578     -1
 9783    687   734   766  0     4579   4580
 9784    807   734   687  1     4579     -1
 9785    848   922   861  0     4581   4636
 9786    861   897   848  0     4581   4601
 9787    719   820   809  0     4582   4583
 9788    719   750   820  0     4582   4588
 9789    719   820   786  0     4583   4587
 9790    853   820   774  0     4584   4585
 9791    853   766   820  0     4584   4641
 9792    774   820   766  0     4584   4589
 9793    774   786   820  0     4585   4591
 9794    803   813   725  1     4586     -1
 9795    786   705   820  0     4587   4591
 9796    719   820   705  0     4587   4588
 9797    705   750   820  0     4588   4590
 9798    774   820   705  0     4589   4591
 9799    705   820   766  0     4589   4590
 9800    735   841   809  0     4592   4599
 9801    750   841   735  0     4593   4597
 9802    735   841   716  0     4593   4602
 9803    969   852   961  0     4594   4657
 9804    862   966   841  0     4595   4611
 9805    893   841   966  0     4595   4605
 9806    960   922   957  1     4596     -1
 9807    735   711   841  0     4597   4599
 9808    750   841   711  0     4597   4598
 9809    711   809   841  0     4598   4599
 9810    839   814   836  0     4600   4656
 9811    839   896   814  0     4600   4666
 9812    836   814   896  1     4600     -1
 9813    879   928   903  0     4603   4632
 9814    977   903   928  0     4603   4621
 9815    897   820   903  0     4604   4629
 9816    861   903   820  0     4604   4625
 9817    893   997   966  0     4605   4612
 9818    966   997   841  0     4605   4615
 9819    957   862   897  0     4606   4609
 9820    813   862   957  1     4606     -1
 9821    813   897   862  0     4606   4607
 9822    841   897   862  0     4607   4611
 9823    970   997   893  0     4608   4612
 9824    970   928   997  1     4608     -1
 9825    862   897   929  0     4609   4617
 9826    929   957   862  1     4609     -1
 9827    929   897   957  0     4609   4613
 9828    997   928   960  1     4610     -1
 9829    897   960   928  0     4610   4628
 9830    966   897   862  0     4611   4619
 9831    966   841   897  0     4611   4615
 9832    966   970   997  1     4612     -1
 9833    897   997   929  0     4613   4617
 9834    929   997   957  1     4613     -1
 9835    973   928   970  1     4614     -1
 9836    966   997   897  0     4615   4619
 9837    862   997   929  0     4617   4618
 9838    862   897   997  0     4617   4619
 9839    929   966   997  1     4618     -1
 9840    862   997   966  0     4618   4619
 9841    931  1030  1003  1     4620     -1
 9842    931   896  1030  1     4620     -1
 9843    928   960   903  0     4621   4628
 9844    977   960   928  1     4621     -1
 9845    807   874   861  0     4622   4648
 9846    807   883   874  1     4622     -1
 9847    861   874   883  0     4622   4651
 9848    861   961  1012  0     4623   4624
 9849    992  1012   961  1     4623     -1
 9850    960   961  1012  1     4624     -1
 9851    903   820   852  0     4625   4646
 9852    883   940   992  0     4626   4649
 9853    883   874   940  0     4626   4651
 9854    992   874   883  1     4626     -1
 9855    852   940   874  0     4627   4652
 9856    852   802   940  0     4627   4645
 9857    874   940   802  0     4627   4653
 9858    897   903   928  0     4628   4631
 9859    897   841   903  0     4629   4631
 9860    820   903   841  0     4629   4630
 9861    879   903   841  0     4630   4633
 9862    928   841   903  0     4631   4634
 9863    893   903   879  0     4632   4633
 9864    893   928   903  0     4632   4634
 9865    893   903   841  0     4633   4634
 9866    861   922   883  0     4635   4636
 9867    883   922  1012  1     4635     -1
 9868    883   848   922  1     4636     -1
 9869    807   801   734  1     4638     -1
 9870    807   802   801  0     4638   4640
 9871   1029   896   940  0     4639   4669
 9872   1029   802   896  0     4639   4667
 9873    940   802  1029  0     4639   4645
 9874    940   896   802  0     4639   4672
 9875    874   801   807  1     4640     -1
 9876    874   802   801  0     4640   4653
 9877    853   852   820  0     4641   4646
 9878    839   913  1029  0     4643   4658
 9879    836  1029   913  0     4643   4671
 9880    861   852   807  0     4644   4648
 9881    861   852   874  0     4648   4652
 9882    992   961   940  1     4649     -1
 9883    883   940   961  0     4649   4661
 9884    723   814   745  1     4650     -1
 9885    745   802   723  0     4650   4655
 9886    745   814   802  0     4650   4663
 9887    861   940   883  0     4651   4661
 9888    861   874   940  0     4651   4652
 9889    801   940   802  0     4653   4672
 9890    745   802   839  0     4654   4663
 9891    745   692   802  0     4654   4655
 9892    745   814   836  1     4656     -1
 9893    745   839   814  0     4656   4663
 9894    969   940   961  1     4657     -1
 9895    913  1029  1002  1     4658     -1
 9896    858   782   801  1     4659     -1
 9897    858   814   782  1     4659     -1
 9898    801   814   858  0     4659   4662
 9899    801   782   723  0     4660   4664
 9900    858   896   814  1     4662     -1
 9901    801   896   858  0     4662   4674
 9902    801   814   896  0     4662   4665
 9903    802   839   814  0     4663   4666
 9904    896   802   814  0     4665   4666
 9905    801   802   896  0     4665   4672
 9906    839   896   802  0     4666   4667
 9907    931   967   896  1     4668     -1
 9908   1029   967   931  1     4668     -1
 9909   1029   896   967  0     4668   4670
 9910   1003   940  1029  1     4669     -1
 9911   1003   896   940  0     4669   4673
 9912    967   913   896  1     4670     -1
 9913   1029   913   967  1     4670     -1
 9914   1029   896   913  0     4670   4671
 9915    836   896   913  1     4671     -1
 9916    801   940   896  0     4672   4673
 9917   1003   896   801  0     4673   4674
 9918    858   801  1003  1     4674     -1
# Generated by c:\dev\polylla3D\tetgen\build\tetgen.exe -fzenn c:\dev\polylla3D\data\input\1000poisson.node 
