4857  4  0
    0     453   476   375   465
    1     462   357   422   396
    2     560   413   528   455
    3     914   870   866   864
    4     153   119    78   123
    5     690   584   676   703
    6     308   408   384   368
    7     404   329   416   321
    8     298   384   301   373
    9     172   219   218   276
   10     120   296   212   225
   11      17   139   136   127
   12      85   119    35   100
   13     555   515   580   576
   14      24   119    85   100
   15     540   563   531   463
   16     209   366   249   269
   17     213   235   297   270
   18     369   515   356   470
   19     453   446   541   480
   20     323   415   317   421
   21     870   894   864   901
   22     744   848   724   880
   23     741   763   580   742
   24     621   669   756   641
   25     180    31   114    62
   26     655   567   543   538
   27     230   344   323   320
   28     743   742   773   734
   29     153   119   262   284
   30     134   151   285   176
   31     676   578   653   566
   32     394   350   330   409
   33     511   655   666   516
   34     896   895   929   943
   35     197   261   192   311
   36      70   147   195   111
   37     947   959   942   859
   38     236   321   343   416
   39     501   484   538   441
   40     324   407   376   395
   41     243   314   218   266
   42     454   296   356   316
   43     404   491   562   574
   44      90    69    32   250
   45     166   248   307   267
   46     416   398   454   296
   47     222   250   204   146
   48     196    29   203   127
   49     145   165    58    91
   50     230   180   323   344
   51     895   954   775   832
   52     614   641   693   727
   53     287   209   184   321
   54     180   229   281   344
   55     158   218   113   133
   56     475   338   481   390
   57     497   445   523   490
   58     185   232   282   280
   59     525   443   497   537
   60     654   699   776   715
   61     348   213   297   342
   62     481   500   508   554
   63       2   127    29    17
   64     730   608   680   642
   65     731   754   771   839
   66     343   398   434   416
   67     636   472   553   554
   68     130   110    61    90
   69     423   483   387   414
   70     480   446   495   426
   71      57   135    33   101
   72     456   420   400   325
   73      36   147   120   118
   74     177   160   161    76
   75     428   395   432   465
   76     200   284   152   153
   77     130   157   110   170
   78       2   166   137     0
   79     922   956   976   867
   80     334   235    21   174
   81     127    17   137    98
   82     177    76   143   160
   83     664   610   505   627
   84     788   775   673   767
   85     436   292   240   283
   86     384   308   307   461
   87     439   383   456   436
   88     428   465   336   332
   89     326   381   455   291
   90     320   344   323   363
   91     525   599   537   544
   92     407   311   388   365
   93     676   578   658   653
   94     764   789   892   826
   95      41     4   171    66
   96     129   198   171    81
   97     126   116    52   162
   98     632   673   733   818
   99     585   542   616   614
  100     141    47    11   124
  101     335   381   395   413
  102     923   842   948   869
  103     127   166   137     2
  104      36    48    51   111
  105     391   430   543   462
  106     111   126   195    70
  107     813   907   847   890
  108     539   430   543   457
  109     288   281   220   375
  110     128   231   129   137
  111      70   108   121    52
  112     598   479   535   590
  113     769   784   709   783
  114     234   365   286   247
  115     437   373   375   401
  116     211   252   297   213
  117     327   270   297   235
  118     332   353   318   428
  119     247   278   142   219
  120     847   905   934   951
  121     700   686   680   774
  122     308   267   307   279
  123     403   450   388   452
  124     628   465   505   545
  125     486   468   583   513
  126     843   854   922   876
  127     880   939   909   962
  128     127   231   128   137
  129     463   452   533   540
  130      74    70   121   111
  131     895   954   896   842
  132     985   860   848   874
  133     360   276   266   278
  134     799   804   797   850
  135      44   144     1   103
  136     141   228   192   167
  137     374   276   294   218
  138     584   659   690   618
  139     360   314   266   359
  140     452   365   388   403
  141     423   355   391   422
  142     111    70   121   126
  143     110    26    46    23
  144     345   411   475   392
  145      62    41   129   180
  146     673   539   672   605
  147     220   288   199   175
  148     815   829   854   956
  149     809   761   762   715
  150     113   101    33   133
  151      53   148    83   108
  152     298   267   301   384
  153     197   365   234   311
  154     190   284   152   200
  155      78   100    35   119
  156     441   314   396   355
  157     439   292   246   325
  158     247   219   142   233
  159     380   325   400   314
  160     436   292   283   439
  161     880   848   783   892
  162     283   439   246   278
  163     369   447   496   515
  164     558   529   562   491
  165     135   101    57   240
  166     123   119    85    24
  167     639   611   610   558
  168     224   156   214   135
  169     562   706   724   674
  170     403   365   367   410
  171     113    95    99   100
  172     422   462   482   357
  173     322   325   262   214
  174     168   296   212   117
  175     135   292   224   240
  176     153   100   106   105
  177     698   586   619   632
  178     197   141   192   186
  179     197   311   234   261
  180     375   353   324   303
  181     384   426   518   495
  182     236   329   309   306
  183     888   857   898   902
  184     147    48   111    70
  185     835   975   978   872
  186     899   888   898   902
  187     563   540   569   510
  188     395   335   324   407
  189     472   424   502   506
  190     666   516   519   511
  191     233   234   142   124
  192     228   231   136   139
  193     136   139    65   141
  194     155    60    88    34
  195     162   209   184   287
  196     727   641   693   725
  197     245   261   201   294
  198     256   132   334   257
  199     281   344   453   377
  200     654   444   612   458
  201     673   775   672   640
  202     275   394   249   379
  203     441   374   396   314
  204     192   205   245   167
  205     227   218   262   119
  206     355   314   265   284
  207     208   158   262   119
  208     415   371   443   421
  209     542   452   533   365
  210     419   415   445   421
  211     833   691   745   758
  212     344   180   242   288
  213     443   415   537   358
  214     596   646   634   575
  215      98   137    41    13
  216     785   781   690   668
  217     230   180   344   229
  218     404   442   416   387
  219     320   344   418   328
  220     153   100    78   119
  221     153   105    78   100
  222     116    27    88    52
  223      25    41   129    62
  224     492   464   471   460
  225     364   440   460   390
  226     431   460   471   464
  227     690   659   717   785
  228     704   661   571   591
  229     544   479   523   490
  230      19   109   107   157
  231     492   500   508   390
  232      20    31   180    62
  233     229   230   320   344
  234     304   261   245   294
  235     166   127    29     2
  236     467   349   525   460
  237     940   884   973   889
  238      22   150   112    14
  239     236   306   309   206
  240     858   817   894   824
  241     712   677   755   551
  242     183   349   164   215
  243     118    22    96    86
  244     136    17    65   139
  245       3   168   178   120
  246      45   118    72    96
  247     377   354   288   344
  248      13    81   129    41
  249     428   353   318   395
  250     415   421   358   371
  251     288   353   336   377
  252     525   591   653   612
  253     218   119   187   162
  254     468   433   445   419
  255     185   251   215   250
  256     558   482   505   483
  257     621   563   531   540
  258     411   222   337   345
  259     472   554   508   553
  260     416   483   434   451
  261     192   277   245   205
  262     476   446   375   373
  263     375   335   324   401
  264     324   207   228   220
  265     255   241   282   185
  266     677   561   647   551
  267     309   451   412   336
  268     305   406   356   253
  269     168    19   122   157
  270     122   157   178   168
  271     348   235   297   213
  272     147   126   195   209
  273     130    90   250    69
  274     313   241   315   232
  275     715   591   714   654
  276     515   454   356   470
  277     887   845   811   821
  278     537   599   497   544
  279     478   479   464   431
  280     342   397   297   348
  281     107   157    46   122
  282     302   364   390   345
  283     378   349   431   299
  284     464   493   535   578
  285     612   591   653   715
  286     251   280   364   215
  287     440   443   458   411
  288     300   221   317   268
  289     272   255   282   302
  290     290   252   313   241
  291     184   147   225   195
  292     249   346   191   379
  293     161   160   256   257
  294     421   349   431   479
  295     242   289   317   354
  296     668   659   690   652
  297     774   828   797   804
  298     345   250   364   251
  299     897   899   898   928
  300      70   126   195   147
  301     916   883   833   945
  302     411   345   337   392
  303     213   270   297   211
  304     534   575   596   550
  305     471   460   525   566
  306     871   734   778   773
  307     944   901   914   864
  308     676   715   653   738
  309     870   808   864   855
  310     251   250   364   280
  311     506   429   548   397
  312     369   515   580   447
  313     887   780   811   841
  314     218   314   265   374
  315     299   343   352   382
  316     354   289   412   336
  317     588   608   528   560
  318     920   848   909   892
  319     355   209   265   287
  320     788   767   596   818
  321     703   715   612   676
  322     666   716   667   638
  323     483   451   416   387
  324     443   371   411   440
  325     302   349   282   431
  326     369   406   356   305
  327     598   590   583   513
  328     309   387   434   451
  329     454   296   316   389
  330     909   903   961   860
  331     242   354   317   323
  332     704   702   571   661
  333     520   453   530   418
  334     216   173   244   199
  335     468   466   513   490
  336     215   280   364   349
  337     377   446   375   453
  338     858   966   944   894
  339     680   694   692   595
  340     266   325   243   314
  341     855   808   824   789
  342     371   415   443   358
  343     415   421   443   445
  344     690   668   676   618
  345     747   622   651   734
  346     869   880   972   873
  347     872   978   946   900
  348     514   418   520   435
  349     790   704   793   714
  350     525   445   497   443
  351     537   661   497   599
  352     630   618   668   687
  353     822   890   891   813
  354     652   554   553   618
  355     712   661   792   790
  356     466   415   497   445
  357     572   523   644   599
  358     882   859   886   942
  359     581   631   633   579
  360     928   898   871   937
  361     195   121   191   249
  362     917   845   811   887
  363     668   636   652   687
  364     690   785   717   703
  365     431   479   464   493
  366     453   561   551   507
  367     460   500   492   390
  368     746   644   748   813
  369     250   280   302   345
  370     481   390   508   500
  371     632   586   655   698
  372     689   687   811   821
  373     875   887   959   919
  374     576   449   522   470
  375     389   391   565   454
  376     624   661   644   599
  377     886   882   965   985
  378     330   331   249   346
  379     741   763   742   734
  380     378   479   431   349
  381     756   727   876   816
  382     687   618   668   636
  383     422   355   391   430
  384     492   390   508   472
  385     803   738   798   806
  386     885   894   927   817
  387     712   661   644   624
  388     752   769   861   784
  389     846   758   833   808
  390     486   468   513   419
  391     598   493   535   479
  392     578   566   553   492
  393     974   858   958   966
  394     927   932   821   885
  395     872   785   845   781
  396     916   945   833   846
  397     255   252   342   290
  398     405   430   539   409
  399     489   468   583   486
  400     911   926   895   913
  401     880   962   909   892
  402     429   515   356   369
  403     687   689   652   668
  404     863   842   948   814
  405     722   740   710   728
  406     181   174   189   271
  407     733   875   840   818
  408     874   950   941   937
  409     640   604   568   651
  410     778   802   747   734
  411     516   441   519   511
  412     445   421   544   490
  413     724   567   655   709
  414     895   832   775   827
  415     944   864   914   813
  416     401   373   375   335
  417     650   754   711   669
  418     632   596   733   673
  419     387   423   404   483
  420     983   904   920   826
  421     778   734   651   622
  422     122    19   107   157
  423     438   521   536   519
  424     322   214   262   208
  425     441   450   396   374
  426     718   739   601   648
  427     696   727   629   614
  428     773   875   818   898
  429     916   915   833   883
  430     958   858   847   817
  431      29   127   196   139
  432     917   845   887   932
  433     478   549   524   548
  434     441   400   516   325
  435     576   597   634   646
  436     688   602   753   649
  437     790   714   793   800
  438     583   691   627   639
  439     689   668   845   652
  440     687   636   652   689
  441     559   603   666   516
  442     234   172   276   219
  443     795   716   707   667
  444     359   374   420   360
  445     215   371   364   251
  446     411   371   458   444
  447     647   679   770   726
  448     264   301   263   231
  449     465   395   375   353
  450     409   430   457   389
  451     718   814   707   795
  452     624   599   644   523
  453     744   880   724   784
  454     730   608   694   680
  455     810   867   730   696
  456     758   892   846   783
  457     839   854   843   771
  458     981   863   935   948
  459     867   976   837   851
  460     880   939   924   977
  461     880   892   909   848
  462     378   479   417   412
  463     341   325   262   208
  464     727   725   816   711
  465     234   219   276   247
  466     866   915   833   916
  467     583   644   677   639
  468      52   116    70    48
  469     434   491   546   451
  470     511   660   563   650
  471     718   807   637   815
  472     973   825   893   984
  473     627   583   505   489
  474     973   819   820   794
  475     511   666   650   519
  476     864   858   944   901
  477     847   974   912   944
  478     610   691   505   627
  479     207   205   217   295
  480     377   433   468   354
  481     902   887   919   917
  482     276   278   372   247
  483     410   463   367   403
  484     528   476   503   628
  485     596   646   733   622
  486     538   400   516   441
  487     807   839   854   829
  488     854   956   922   805
  489     710   638   666   643
  490     497   490   523   577
  491     231   127   301   137
  492     478   343   434   299
  493     684   641   629   727
  494     341   284   380   312
  495     621   669   615   521
  496     179   149   201   192
  497     165   318   220   207
  498     590   611   639   546
  499     437   395   375   465
  500     894   901   944   858
  501     344   180   288   281
  502     373   231   335   301
  503     574   491   562   529
  504     813   639   746   644
  505     137   267   307   301
  506     876   949   976   933
  507     751   764   783   848
  508     894   901   870   855
  509     828   949   850   940
  510     951   881   964   934
  511     598   577   644   523
  512     615   669   662   637
  513     730   844   694   867
  514     894   966   944   901
  515     712   577   551   624
  516     537   544   497   525
  517     769   706   725   752
  518     816   924   933   977
  519     196   127   203   231
  520     294   311   304   261
  521     210   365   286   234
  522     326   231   263   301
  523     229   328   320   230
  524     694   730   692   786
  525     150    14    30    73
  526     301   384   503   373
  527     335   231   228   263
  528     770   825   796   755
  529     375   353   220   288
  530     238   198   229   129
  531     264   166   307   137
  532     844   786   820   851
  533     792   890   823   702
  534     774   797   693   700
  535     480   418   530   453
  536     239   229   399   260
  537     239   328   399   229
  538     344   446   399   281
  539     301   373   503   413
  540     384   461   557   547
  541     461   408   384   308
  542       8    31    75   114
  543     344   328   320   229
  544     844   867   837   851
  545      46   122    61   107
  546     595   592   692   656
  547     896   788   873   895
  548     611   590   639   671
  549      81     4   171    41
  550     884   804   828   851
  551     960   918   861   945
  552     723   786   777   692
  553     595   592   589   556
  554     730   867   694   696
  555     326   384   503   413
  556     915   883   916   945
  557     239   328   229   230
  558     418   344   399   328
  559     381   291   273   455
  560     226   248   166   267
  561     351   293   298   384
  562     154     0   137   166
  563      98    41   129    50
  564     560   455   528   588
  565     664   627   505   545
  566     298   231   301   137
  567     680   786   692   730
  568     483   451   505   546
  569     137   301   307   264
  570     128   231   238   129
  571      98    50   129   128
  572     298   238   301   231
  573      13   137   129   198
  574     215   182   285   193
  575     453   466   468   433
  576      91   145    64    58
  577     335   263   228   291
  578     145    50    64   128
  579     273   365   286   210
  580     136   145    64   128
  581      13   198   171   137
  582      17   127   137     2
  583      13   198   129    81
  584     226   154   137   166
  585     226   267   137   154
  586     166   267   137   226
  587     196   231   223   139
  588     263   231   223   264
  589     137   154    13     0
  590     267   154    13   137
  591     336   288   244   199
  592     137    17    13    98
  593     597   646   697   575
  594       2    17    13   137
  595     137     0    13     2
  596     175   145   114   199
  597     318   173   206   150
  598     216   159   244   112
  599     460   431   282   290
  600      50    41   128    25
  601     303   353   199   220
  602     165   303   220   318
  603     137   198   238   129
  604     229   238   298   198
  605     176    38     8    20
  606     291   277   228   381
  607     128   238   220   175
  608     649   582   675   602
  609     412   451   513   486
  610     395   465   545   432
  611     324   205   228   207
  612     318   353   324   395
  613     165   207   150   173
  614      62    93   180    20
  615     146   250   337   222
  616     130    90    61   185
  617      50    41   129   128
  618     167   165   136   220
  619     129   137   298   238
  620     503   680   595   528
  621      93    62   180    66
  622     183   140   268   176
  623      98   137   129    41
  624      41   137   129    13
  625      81   198   171    13
  626     344   433   453   377
  627     399   480   530   426
  628     375   335   220   324
  629     281   377   375   288
  630     344   281   288   377
  631     260   198   293   137
  632     145   165   173   199
  633     128    41   129    25
  634     128   137   129   127
  635      98   127   129   137
  636     128   127   129    98
  637     326   381   413   455
  638     453   446   480   418
  639     344   466   453   433
  640     601   521   531   615
  641     698   632   619   708
  642     344   433   377   354
  643      41   198   171   129
  644     129    81   171    41
  645     281   446   453   344
  646      16   193   151   182
  647     503   686   595   680
  648      66    93   171   180
  649      62    66   171   180
  650      62    41   171    66
  651     180    41   171    62
  652     230   180   229   171
  653     129   198   229    41
  654     129    41   229   180
  655     239   171   229   198
  656     230   171   229   239
  657     171    41   229   198
  658     180    41   229   171
  659     137   267   260    13
  660     288   377   375   353
  661     229   198   260   239
  662     137    13   260   171
  663     171   198   260   137
  664     239   198   260   171
  665     129   231   298   137
  666     323   421   317   349
  667     324   318   220   303
  668     358   415   537   435
  669     220   353   199   288
  670     215   371   285   421
  671     320   363   418   344
  672     520   514   600   551
  673     229   328   281   344
  674     503   528   595   560
  675     694   592   692   595
  676     399   446   298   281
  677     370   260   298   293
  678     514   571   520   607
  679     599   591   537   661
  680     528   608   595   560
  681      17   127    29   139
  682     221   237   300   159
  683     205   324   228   277
  684     299   378   434   478
  685     220   165   199   303
  686     269   350   249   275
  687     296   321   343   236
  688     176   230   285   134
  689      48   147    55   116
  690     176   182     8   151
  691      55    36   118   147
  692     281   229   399   328
  693     768   677   755   712
  694     480   446   426   399
  695     503   547   557   556
  696      20   180   114   176
  697     182    49   193   202
  698     571   514   520   537
  699     421   349   215   371
  700     280   349   215   232
  701     761   661   704   653
  702     301   267   307   384
  703     375   395   324   353
  704     358   415   285   421
  705     377   446   453   281
  706     647   613   626   665
  707     320   363   323   339
  708     344   446   453   418
  709     537   415   497   514
  710     329   206   188   306
  711     384   267   307   308
  712     465   489   486   468
  713     281   328   399   344
  714     446   344   399   418
  715     560   608   595   592
  716     281   260   399   229
  717     387   306   361   414
  718     480   446   399   418
  719     395   381   407   413
  720     293   267   298   384
  721     830   746   822   866
  722     293   198   298   137
  723     503   384   557   547
  724     556   384   557   503
  725     281   260   298   399
  726     557   547   620   602
  727     137   198   298   238
  728     432   482   510   376
  729     368   267   384   308
  730     137   166   307   267
  731     265   209   162   287
  732     229   198   298   260
  733     426   446   370   399
  734     137   267   293   260
  735     446   370   298   384
  736     370   446   298   399
  737     238   231   298   129
  738     399   260   298   370
  739     384   446   373   298
  740     298   137   301   267
  741     301   384   307   264
  742     339   363   323   415
  743     293   137   298   267
  744     351   370   298   293
  745     384   370   298   351
  746     293   260   298   198
  747     556   547   557   595
  748     453   433   468   377
  749     546   489   505   583
  750     535   478   548   549
  751     351   267   384   368
  752     408   370   384   368
  753     851   973   820   957
  754     175   281   220   288
  755     279   267   307   248
  756     326   301   263   264
  757     277   311   407   365
  758     293   267   384   351
  759     528   437   503   476
  760     368   370   384   351
  761     370   408   384   426
  762     370   426   384   446
  763     468   453   507   466
  764     602   680   595   686
  765     495   426   518   480
  766     237   236   309   206
  767     482   610   505   545
  768     106   100   162    99
  769     141    58    11    40
  770     215   349   364   371
  771     229   260   298   281
  772     281   238   298   229
  773     284   119   162   153
  774     329   423   404   387
  775     183   164   221   140
  776     298   446   373   281
  777     294   261   187   172
  778     298   281   373   238
  779     276   261   294   172
  780     418   344   323   415
  781     595   592   556   560
  782     512   365   533   463
  783     384   547   495   461
  784     695   848   724   744
  785     228   139   223   231
  786     620   649   532   609
  787     231   127   264   301
  788     373   231   220   335
  789     730   608   642   614
  790     137   127   264   166
  791     301   127   264   137
  792     277   365   407   381
  793     106   119   162   100
  794     220   335   228   324
  795     513   451   546   486
  796     128   127   136   231
  797     468   377   465   453
  798     373   437   413   401
  799     326   231   335   263
  800     413   437   395   401
  801     588   455   528   499
  802     810   837   730   867
  803     585   510   545   569
  804     387   428   309   306
  805     602   656   589   595
  806     413   401   395   335
  807     263   139   223   228
  808     568   575   634   555
  809     175   238   220   281
  810     436   292   439   383
  811     678   631   633   625
  812     503   373   495   476
  813     186   124   234   197
  814     373   384   495   446
  815     307   384   326   264
  816     810   774   730   837
  817     264   384   326   301
  818     407   335   324   277
  819     303   288   199   353
  820     465   377   375   453
  821     207   318   220   324
  822     201   187   217   287
  823     220   175   199   145
  824      14   145    64    91
  825     295   414   306   432
  826      25   128   145   175
  827     558   482   562   610
  828     529   491   558   611
  829     611   713   558   674
  830     681   656   620   602
  831     540   593   533   512
  832     452   388   376   357
  833     381   335   291   326
  834     263   326   291   335
  835     381   277   228   335
  836     228   139   136   141
  837      58    91   167    37
  838      28    47    11   141
  839     335   373   413   401
  840     335   301   413   373
  841     326   335   413   381
  842     326   384   413   301
  843     680   608   694   592
  844     335   231   413   301
  845     326   231   413   335
  846     326   301   413   231
  847     497   577   551   507
  848     373   446   495   476
  849     243   314   262   218
  850     664   657   700   691
  851     277   311   376   407
  852     695   574   724   674
  853     413   437   407   395
  854     432   482   505   545
  855     381   335   407   277
  856     395   335   407   381
  857     114    31    75    25
  858     129    25   175   128
  859     330   405   346   409
  860     674   713   558   735
  861     378   343   434   309
  862     374   314   420   360
  863     186   192   201   149
  864      58   165   167    91
  865     421   479   378   349
  866     611   735   558   713
  867     574   484   567   423
  868     465   476   375   437
  869     465   353   332   428
  870     611   546   558   639
  871     476   373   375   437
  872     265   294   187   218
  873     176   180   323   230
  874      25    50   145   128
  875     269   321   316   225
  876     378   237   309   300
  877     558   546   505   639
  878     976   867   957   844
  879     826   855   983   904
  880     416   387   434   309
  881     412   479   417   490
  882     183   242   323   176
  883     175   288   199   180
  884     465   353   375   377
  885     465   353   428   395
  886       5    60   155    37
  887      73    18    30   150
  888     303   353   324   318
  889     422   357   482   423
  890     265   284   162   209
  891     390   302   333   272
  892     208   227   262   158
  893     243   325   262   314
  894     665   719   755   647
  895     712   746   768   677
  896     414   423   558   482
  897     506   478   535   464
  898     468   577   513   466
  899     490   466   513   577
  900     597   515   524   548
  901     437   401   375   395
  902     150   165    73    37
  903     332   353   336   303
  904     332   465   336   353
  905     303   353   336   288
  906     490   479   417   421
  907     468   354   336   377
  908     465   377   336   353
  909     476   453   375   446
  910     373   446   375   281
  911     377   281   375   446
  912     377   354   336   288
  913     468   377   336   465
  914     234   247   286   233
  915     281   238   375   373
  916     128   231   220   238
  917     375   281   220   238
  918     303   353   220   375
  919      17   127   136    98
  920     242   180   216   288
  921     303   353   318   332
  922     324   303   220   375
  923     155   116    88    60
  924     489   465   336   428
  925     428   451   336   489
  926     220   231   136   228
  927     207   318   173   165
  928     287   162   187   184
  929      29   139    65    17
  930     112    25    64    50
  931     162    27    88   116
  932     306   428   309   318
  933     220   231   228   335
  934     238   129   175   128
  935     220   175   145   128
  936     128    50   136    98
  937     228   205   167   207
  938     395   401   324   335
  939     375   401   324   395
  940     192   277   210   197
  941     696   727   730   810
  942     220   128   136   231
  943     295   324   245   304
  944     149   187   155   179
  945     197   124   210   141
  946     373   335   220   375
  947     106    59   152   153
  948     228   231   223   263
  949     263   139   228   291
  950     136    58    64   165
  951     335   277   228   324
  952     129    62   175    25
  953     180    62   175   129
  954      43   101    33   113
  955     197   261   234   186
  956     608   614   730   696
  957     145   165   199   220
  958     336   288   199   303
  959     180   281   175   288
  960     129   238   175   229
  961     229   180   175   129
  962       9   124   142    68
  963     440   371   364   349
  964     381   335   228   291
  965      11   124   197   141
  966     281   229   175   238
  967     180   229   175   281
  968     375   238   220   373
  969     301   238   220   231
  970     301   231   220   373
  971     301   298   220   238
  972     373   298   220   301
  973     373   238   220   298
  974     165    37   150   207
  975      14   150    30    22
  976      14   165    73   150
  977     207   188   217   155
  978     167   228   136   141
  979     145   165    91    14
  980     421   415   317   419
  981     176   182   323   183
  982     318   332   173   303
  983     199   165   173   303
  984     318   303   173   165
  985      92   174    97   109
  986     155   187    88   116
  987      99   149    34    95
  988       5    18    73   150
  989     262   119   162   284
  990     116    18    48     5
  991       5   150    73    37
  992       5   116   155    60
  993     212   343   299   237
  994     261   149   201   187
  995     236   321   416   329
  996     306   318   188   207
  997     343   296   212   168
  998     432   318   306   376
  999     184   209   195   321
 1000     184   147   236   225
 1001     388   311   294   261
 1002     660   501   569   567
 1003     296   321   316   389
 1004     114   140   216   112
 1005      19   168    80   157
 1006     221   237   299   300
 1007     199   145   112   173
 1008     318   428   309   332
 1009     150   165   112    14
 1010     150   173   112   165
 1011     145   165   112   173
 1012      14   165   112   145
 1013      98    17    65   136
 1014      25    50   112   145
 1015     332   428   309   336
 1016     157   117    80   109
 1017     114   112    75   140
 1018     175    62   114    25
 1019     371   349   440   421
 1020     121   195   191   111
 1021     186   141   192    11
 1022     145   165    64    58
 1023      11   186    34   192
 1024     436   439   526   456
 1025      73   165    91    37
 1026      14   165    91    73
 1027      14    25    64   112
 1028     136   165    64   145
 1029     136    50    64    98
 1030     462   441   538   484
 1031      98   127   136   128
 1032     273   210   286   194
 1033     604   425   568   449
 1034     145   220   136   165
 1035     167   141   136    58
 1036     167    58   136   165
 1037      11   141   192   167
 1038     197   311   192   277
 1039     640   550   568   604
 1040     228   291   210   277
 1041     304   324   245   311
 1042     167   220   136   228
 1043     228   207   167   220
 1044     165    37   167    91
 1045     165   207   167    37
 1046     136   128    64    50
 1047     220   207   167   165
 1048     141    58    64   136
 1049     455   365   273   381
 1050     128   220   136   145
 1051     141   139    65    40
 1052     112    50    64   145
 1053     112   145    64    14
 1054     264   231   203   127
 1055     264   127   203   166
 1056     166   127   203    29
 1057     136   231   196   139
 1058     127   231   196   136
 1059     136   139   196   127
 1060     223   231   203   264
 1061     196   231   203   223
 1062     261   197   192   186
 1063     452   540   510   585
 1064     141    40    11    28
 1065     228   277   192   205
 1066     219   234   233   247
 1067     234   124   210   197
 1068     228   205   192   167
 1069     136   141    65    64
 1070      64    98    65   136
 1071     141    58    65    64
 1072      40    58    65   141
 1073     197   365   210   234
 1074     194   291   210   228
 1075     581   548   633   515
 1076     374   450   388   385
 1077     383   325   322   292
 1078     141    47   124    28
 1079     194   141   210   124
 1080     192   228   210   277
 1081     194   228   210   141
 1082     197   277   210   365
 1083     177   160   143   174
 1084     162   116    52    27
 1085      70    74    51   111
 1086     124    47    11     9
 1087       9    68    11   124
 1088      52   126    70   116
 1089      52    27   121   126
 1090     133   142   113    43
 1091     227   292   214   322
 1092     219   278   266   276
 1093     277   365   197   311
 1094     427   448   477   438
 1095     186   261   172   149
 1096     246   240   224   292
 1097     234   261   172   186
 1098      11    95   186    68
 1099     186    11   149    95
 1100     245   179   217   201
 1101     197   141   186    11
 1102     810   727   730   774
 1103     172   186   219   234
 1104      11   124   186   197
 1105      11    68   186   124
 1106     147   116    70   126
 1107     195   321   225   184
 1108     158   243   227   218
 1109     454   575   470   515
 1110      43   142   113    95
 1111     245   295   217   205
 1112      95   186   172   149
 1113     632   698   733   697
 1114     208   325   262   322
 1115     540   593   531   621
 1116     155   205   217   207
 1117     192   311   245   277
 1118     385   403   388   367
 1119     210   277   273   365
 1120     478   493   464   479
 1121     219   234   142   233
 1122     276   278   360   367
 1123     367   359   276   385
 1124     138    89    42    44
 1125     512   463   531   410
 1126     276   367   360   359
 1127     771   669   756   754
 1128     265   374   396   357
 1129     771   729   756   669
 1130     287   294   265   357
 1131     243   218   262   227
 1132     197   141   210   192
 1133     192   141   210   228
 1134     601   477   531   521
 1135     286   365   372   247
 1136     200   284   258   190
 1137     234   186   142   124
 1138     219   186   142   234
 1139     172   186   142   219
 1140     172    95   142   186
 1141     186    95   142    68
 1142     186    68   142   124
 1143      40   139   194   141
 1144     228   139   194   291
 1145     141   139   194   228
 1146     124    28   194   141
 1147      40   141   194    28
 1148      43   101   113   133
 1149     441   420   519   474
 1150     755   889   852   825
 1151     210   291   273   277
 1152     194   291   273   210
 1153     381   277   273   291
 1154     381   365   273   277
 1155     210   234   286   124
 1156     233   124   286   234
 1157     210   124   286   194
 1158     385   450   388   403
 1159     512   593   531   540
 1160     214   325   262   227
 1161     876   933   976   922
 1162     427   385   420   359
 1163     374   450   396   388
 1164     276   365   372   367
 1165     394   350   249   330
 1166     839   765   731   754
 1167     234   261   276   172
 1168     245   179   201   192
 1169     287   355   422   396
 1170     450   463   452   403
 1171     463   365   403   410
 1172     360   314   420   325
 1173     247   365   276   234
 1174     374   359   266   314
 1175     153   284   262   200
 1176     359   276   266   360
 1177     246   325   227   243
 1178     119   158   262   227
 1179     274   313   297   252
 1180     410   463   427   367
 1181     246   292   227   325
 1182     276   247   372   365
 1183     374   261   294   276
 1184     410   278   427   448
 1185     359   360   420   427
 1186     385   261   388   374
 1187     219   278   276   247
 1188     296   398   343   416
 1189     142    95    43    68
 1190     403   463   452   365
 1191     452   407   388   365
 1192     403   365   388   367
 1193     374   385   420   450
 1194     648   617   601   718
 1195     980   860   921   985
 1196     718   815   637   601
 1197     367   365   372   410
 1198     367   278   372   276
 1199     221   178   268   299
 1200     162   116   147   126
 1201     153   105   106    59
 1202     234   311   276   261
 1203     533   593   585   542
 1204     121   148   191   249
 1205     865   937   971   871
 1206     427   474   420   450
 1207     604   449   568   459
 1208     360   325   266   314
 1209     615   521   531   621
 1210     227   325   262   243
 1211     208   259   262   341
 1212     214   227   262   208
 1213     452   357   462   396
 1214     441   284   355   430
 1215     388   261   276   311
 1216     234   365   276   311
 1217     385   359   276   374
 1218     374   261   276   385
 1219     388   385   276   261
 1220     367   385   276   388
 1221     527   603   536   666
 1222     388   311   276   365
 1223     388   365   276   367
 1224     457   454   534   470
 1225     722   655   650   660
 1226     359   385   420   374
 1227     380   340   405   469
 1228     292   325   439   383
 1229     938   902   898   936
 1230     360   325   420   266
 1231     374   314   360   359
 1232     439   325   456   383
 1233     262   314   265   218
 1234     427   450   420   385
 1235     826   824   779   682
 1236     462   430   543   484
 1237     420   325   456   439
 1238     158   156   224   135
 1239     219   278   246   266
 1240     410   448   427   463
 1241     474   450   427   463
 1242     621   593   662   641
 1243     246   283   133   224
 1244     372   278   427   410
 1245     367   403   427   385
 1246     367   463   427   403
 1247     360   367   427   359
 1248     385   359   427   367
 1249     410   367   427   372
 1250     403   450   427   385
 1251     403   463   427   450
 1252     360   278   427   367
 1253     372   367   427   278
 1254     427   474   438   420
 1255     200   284   262   259
 1256     601   617   526   527
 1257     521   474   519   438
 1258     516   469   559   400
 1259     650   666   621   519
 1260     438   427   439   477
 1261     133   101    33   135
 1262     438   420   439   427
 1263     218   219   113   133
 1264     549   671   682   625
 1265     477   448   439   278
 1266     427   448   439   477
 1267     427   278   439   448
 1268     360   427   439   420
 1269     227   218   119   158
 1270     420   266   439   360
 1271     113   100    33    43
 1272     266   276   218   219
 1273     477   436   283   439
 1274     439   278   283   477
 1275     142    68    43     9
 1276     246   292   224   227
 1277     246   278   133   283
 1278     283   292   246   439
 1279     218   158   113   119
 1280     227   156   214   224
 1281      78   119    35   123
 1282     142   278   133   219
 1283     432   376   306   295
 1284     266   374   218   359
 1285     859   885   904   947
 1286     123   158   214   227
 1287     172    95   113   142
 1288     243   266   218   219
 1289      43   101   133   278
 1290     240   292   246   283
 1291     266   314   218   374
 1292     227   243   224   246
 1293      87   119    24   100
 1294     246   219   133   278
 1295     119   172   113   218
 1296     219   142   113   133
 1297     478   442   434   398
 1298     287   321   391   209
 1299     224   292   214   227
 1300      33   119    87   100
 1301      43   278   133   142
 1302     633   515   580   581
 1303     135   292   214   224
 1304     322   325   227   292
 1305     227   123   208   214
 1306     243   266   246   325
 1307     439   427   246   278
 1308     227   158   224   243
 1309      99   100   162   119
 1310     227   156   224   158
 1311     420   266   246   439
 1312     420   325   246   266
 1313     439   325   246   420
 1314     360   427   246   439
 1315     439   266   246   360
 1316     427   360   246   278
 1317     266   278   246   360
 1318      43    95   113   100
 1319     149   172   113   119
 1320     246   283   224   240
 1321     240   283   224   135
 1322     218   172   113   219
 1323      76    63   161     6
 1324     283   278   133   101
 1325     219   172   113   142
 1326     276   359   218   374
 1327     266   359   218   276
 1328     158   133   113   119
 1329     409   350   425   394
 1330     227   158   214   156
 1331     568   640   596   550
 1332     224   135   133   158
 1333     243   246   133   224
 1334     158   243   133   224
 1335     243   158   133   218
 1336     218   219   133   243
 1337     283   135   133   224
 1338     123   156   214   158
 1339     246   243   133   266
 1340     219   266   133   243
 1341     246   266   133   219
 1342     240   283   133   101
 1343     135   283   133   240
 1344     240   101   133   135
 1345     149    95   113   172
 1346     123   119    35    85
 1347      94    27   121    52
 1348     322   325   214   227
 1349     113   119    33   100
 1350     133   119    33   113
 1351     119   133    33   158
 1352      87   119   123    24
 1353     123   158   208   119
 1354     567   484   543   538
 1355     123   227   208   158
 1356      33   119   123    87
 1357      33   158   123   119
 1358     135   156   123   158
 1359      33   133   123   158
 1360     135   133   123    33
 1361     135   158   123   133
 1362     430   284   347   405
 1363     284   340   380   312
 1364     331   190   319   330
 1365       6    44   103   144
 1366     284   340   347   405
 1367     294   374   357   388
 1368     284   325   380   314
 1369     287   321   184   329
 1370     147   209   184   162
 1371      75   112    96   140
 1372     432   318   376   324
 1373     200   259   258   284
 1374     336   428   309   451
 1375     208   119   153   123
 1376     149    95    99   113
 1377     172   261   187   149
 1378      99    27    88   162
 1379     119   149    99   113
 1380     113   100    99   119
 1381     469   488   504   538
 1382     409   406   425   350
 1383     856   830   838   749
 1384     119   100   106   153
 1385     319   209   249   121
 1386     374   388   396   357
 1387     275   350   425   406
 1388     423   462   482   422
 1389     855   901   870   970
 1390     262   284   265   314
 1391     265   314   396   374
 1392     209   347   319   366
 1393     296   111   181   225
 1394     396   450   462   452
 1395     395   428   432   318
 1396     187   162    88   116
 1397     265   218   187   162
 1398     319   366   249   209
 1399     366   389   350   269
 1400     190   330   249   319
 1401     341   325   380   284
 1402     195   209   269   321
 1403     366   405   319   330
 1404     111   195   269   225
 1405     225   111   181   269
 1406     169   254   257   161
 1407      39    89   138    10
 1408     258   259   312   284
 1409     186   261   245   192
 1410     148    59   152   106
 1411     191    74    39    10
 1412     305   402   369   393
 1413     394   275   249   350
 1414     259   284   341   312
 1415     456   325   400   383
 1416     388   261   294   374
 1417     218   374   265   294
 1418     341   284   262   325
 1419     842   788   759   896
 1420     698   818   708   827
 1421     159   237   309   206
 1422     340   310   312   284
 1423     258   284   312   310
 1424     331   258   319   190
 1425     322   325   341   208
 1426     341   325   400   380
 1427     296   416   343   321
 1428     284   340   405   380
 1429     380   314   441   284
 1430     153   208   262   119
 1431     322   325   400   341
 1432     322   383   400   325
 1433     284   314   262   325
 1434     347   284   355   209
 1435     420   474   441   450
 1436     400   325   441   314
 1437     380   284   441   430
 1438     643   740   710   722
 1439     389   454   406   350
 1440     430   284   355   347
 1441     892   918   846   861
 1442     427   474   521   438
 1443     454   398   524   515
 1444     400   314   441   380
 1445     465   432   505   545
 1446     225   195   269   321
 1447     115   160    77    63
 1448     245   186   201   261
 1449     420   450   441   374
 1450     606   709   660   567
 1451     376   324   304   311
 1452     420   374   441   314
 1453     357   287   396   265
 1454     200   259   262   208
 1455     259   284   262   341
 1456     529   549   682   524
 1457     276   172   294   218
 1458     380   284   430   405
 1459     200   208   262   153
 1460     324   311   376   277
 1461     355   284   265   209
 1462     441   314   355   284
 1463     405   469   430   380
 1464     420   314   441   325
 1465     565   586   543   534
 1466     896   954   923   842
 1467     655   567   538   501
 1468     709   725   660   784
 1469     441   450   462   396
 1470     294   388   304   311
 1471       8   164    12    54
 1472     388   407   376   311
 1473     176   140   268   242
 1474     725   709   660   606
 1475     418   435   415   363
 1476     396   355   422   441
 1477     821   887   840   875
 1478     296   321   389   454
 1479     161   160   115    63
 1480     295   287   361   294
 1481     355   314   396   265
 1482     343   378   299   309
 1483     295   294   361   357
 1484     295   318   306   207
 1485     388   452   396   357
 1486     106    99   162    27
 1487     188   116   155     5
 1488     187   287   201   294
 1489     265   287   396   355
 1490     430   441   422   355
 1491     388   450   396   452
 1492     709   567   655   660
 1493     452   357   376   482
 1494     510   567   569   501
 1495     378   300   299   237
 1496     149    99    88   187
 1497     329   287   361   295
 1498     567   706   724   562
 1499     126   209   147   162
 1500     119   149   187    99
 1501     357   294   265   374
 1502     452   407   376   388
 1503     295   376   306   318
 1504     546   451   505   489
 1505     111    48    51    70
 1506     610   709   567   706
 1507     295   306   361   329
 1508     404   483   491   442
 1509     483   387   416   442
 1510     172   218   187   294
 1511     462   452   482   357
 1512     304   294   295   357
 1513     422   287   361   423
 1514     462   396   422   441
 1515     423   355   422   287
 1516     695   674   724   708
 1517     256   160   334   132
 1518     414   428   306   432
 1519     395   318   432   324
 1520     245   192   201   186
 1521     306   206   188   318
 1522     277   407   376   324
 1523     432   395   376   407
 1524     388   357   304   376
 1525     483   428   387   414
 1526     394   425   568   604
 1527     510   482   569   567
 1528     543   538   504   605
 1529     601   477   521   527
 1530     179   149    34   155
 1531     119    99   187   162
 1532     664   657   642   700
 1533     324   395   376   432
 1534     483   451   387   428
 1535     387   329   361   306
 1536     336   451   412   489
 1537     540   463   531   512
 1538     149    11    34    95
 1539     106   153   162   119
 1540     149   261   201   186
 1541     295   414   361   306
 1542     262   284   162   265
 1543     150   318   188   206
 1544     295   205   245   324
 1545     478   398   434   343
 1546     423   357   361   422
 1547     432   428   482   414
 1548     483   428   505   451
 1549     610   706   567   562
 1550     632   708   697   619
 1551     287   355   391   423
 1552     423   484   482   462
 1553     484   482   501   567
 1554     357   388   304   294
 1555     251   371   411   444
 1556     376   311   304   388
 1557     404   387   416   329
 1558     423   483   558   404
 1559     432   428   505   482
 1560     574   619   567   586
 1561     357   294   361   287
 1562     187   184   155   287
 1563     432   428   306   318
 1564     299   300   268   221
 1565     346   394   249   330
 1566     387   423   361   329
 1567      15    54    12   164
 1568     155   179   217   167
 1569     192   261   245   311
 1570     886   826   920   904
 1571     304   376   295   324
 1572     179   187   201   149
 1573     184   116   155   188
 1574     187   294   201   261
 1575     376   318   295   324
 1576     207   324   295   318
 1577     205   324   295   207
 1578     149   192    34   186
 1579     245   205   217   167
 1580     188   184   217   155
 1581     201   294   217   245
 1582     414   428   387   306
 1583     147    48    36   111
 1584     387   414   361   423
 1585       6    63   161   103
 1586       5    18   188   116
 1587     147   162   184   116
 1588     468   433   412   354
 1589     387   483   404   442
 1590     483   442   434   491
 1591     492   472   508   506
 1592     295   432   361   414
 1593     376   432   361   295
 1594     304   376   361   295
 1595     304   357   361   376
 1596     295   357   361   304
 1597     414   432   361   482
 1598     482   423   361   414
 1599     482   357   361   423
 1600     422   396   361   287
 1601     357   396   361   422
 1602     357   287   361   396
 1603     482   432   361   376
 1604     376   357   361   482
 1605     147   116   184   188
 1606     162   287   187   265
 1607     304   311   245   261
 1608     173   318   188   150
 1609     173   207   188   318
 1610     150   207   188   173
 1611     304   294   245   295
 1612     294   287   217   295
 1613     155   167   217   205
 1614     155   184   217   287
 1615       5   150   155   188
 1616     218   262   162   265
 1617     218   119   162   262
 1618     121   148   249   190
 1619     152   284   162   153
 1620     330   190   249   331
 1621     269   366   249   350
 1622     265   287   187   294
 1623     184   162   187   116
 1624     347   405   366   430
 1625       8    31   114    20
 1626     270   271   327   397
 1627     111   117   120   225
 1628     201   287   217   294
 1629      12   164   178    15
 1630      99   162    88   187
 1631     409   350   249   366
 1632      48   116    70   147
 1633     162    27    52   126
 1634     167    37   155    60
 1635     119   218   187   172
 1636     119   172   187   149
 1637     187   116   155   184
 1638     350   366   409   389
 1639     346   379   249   394
 1640       5    37   155   150
 1641     155    60    34   167
 1642     245   294   217   295
 1643     207    37   155   167
 1644     167   205   155   207
 1645     150   207   155   188
 1646     150    37   155   207
 1647     324   277   245   311
 1648     205   277   245   324
 1649     155   167    34   179
 1650     192   167    34    11
 1651     149   186    34    11
 1652      60    37    34   167
 1653     192   149    34   179
 1654     179   187   217   201
 1655     187   179   217   155
 1656     155   287   217   187
 1657     329   287   217   184
 1658     329   295   217   287
 1659     207   306   217   188
 1660     207   295   217   306
 1661     192   179   217   245
 1662     192   167   217   179
 1663     245   167   217   192
 1664     306   295   217   329
 1665     184   188   217   329
 1666     306   329   217   188
 1667     179   167    34   192
 1668     167    37    34    58
 1669      11   167    34   141
 1670      58   141    34   167
 1671      11   141    34    58
 1672      34    99    88   149
 1673     149   155    88    34
 1674     149   187    88   155
 1675       5    60    48   116
 1676     496   515   580   633
 1677     284   310   319   340
 1678     254   191   163   379
 1679      88   116    48    60
 1680      52   116    48    88
 1681     366   430   409   389
 1682     327   397   297   270
 1683     244   289   300   221
 1684     327   270   235   271
 1685     254   161   305   257
 1686     111    36   117    51
 1687     640   673   596   539
 1688     225   321   236   184
 1689     147   111   225   195
 1690     416   442   454   398
 1691     379   275   254   191
 1692     954   931   895   913
 1693     391   355   366   430
 1694     178   237   299   221
 1695     147   209   195   184
 1696     394   350   425   275
 1697     117   111   181   296
 1698      51    74    67   111
 1699     821   780   811   887
 1700     366   389   269   209
 1701      12   122     3    19
 1702     416   451   434   387
 1703     296   225   316   321
 1704     486   451   546   489
 1705     188   206   118   150
 1706     348   397   297   327
 1707     122    19    12   104
 1708     242   354   323   344
 1709     442   483   434   416
 1710     287   209   391   355
 1711     416   404   454   442
 1712     110   170    46    26
 1713      80   168   120   117
 1714      72   140   159   178
 1715     241   157   178   122
 1716     189   271   211   270
 1717     337   345   338   392
 1718     174   160    21   334
 1719     539   550   596   640
 1720     184   321   236   329
 1721     389   209   366   391
 1722     184   188   236   147
 1723     120   225   212   236
 1724     504   539   672   640
 1725     329   188   236   184
 1726     329   206   236   188
 1727     390   272   342   290
 1728     378   479   412   451
 1729     270   382   274   343
 1730     306   206   236   329
 1731     309   451   434   378
 1732     313   252   274   241
 1733     597   678   633   581
 1734     296   321   454   404
 1735     635   633   580   763
 1736     409   366   330   405
 1737     416   321   296   404
 1738     271   429   356   369
 1739     225   321   296   236
 1740     117   111   296   225
 1741     310   284   319   258
 1742     104   122   107    15
 1743     824   678   859   682
 1744     486   489   412   451
 1745      67    74   143   111
 1746     241   252   274   168
 1747     412   479   513   451
 1748     299   343   434   378
 1749     663   701   633   496
 1750     271   356   181   174
 1751     343   416   434   309
 1752     168    19     3   122
 1753     457   406   425   409
 1754     296   404   454   416
 1755     462   423   391   422
 1756     422   430   391   462
 1757     347   430   366   355
 1758     355   209   366   347
 1759     361   287   391   423
 1760     329   287   391   361
 1761     329   321   391   287
 1762     404   321   391   329
 1763     585   407   545   510
 1764     674   735   764   713
 1765     423   329   391   361
 1766     404   329   391   423
 1767     562   423   567   484
 1768     886   921   920   903
 1769     300   336   412   289
 1770     491   549   529   524
 1771     498   506   502   424
 1772     271   334   235   327
 1773     249   148   191   190
 1774     391   209   366   355
 1775     391   209   269   389
 1776     391   430   366   389
 1777     404   391   389   454
 1778     404   321   389   391
 1779     454   321   389   404
 1780     391   321   269   209
 1781     389   321   269   391
 1782     818   767   596   622
 1783     330   350   249   409
 1784     409   405   346   394
 1785     350   389   316   269
 1786     454   389   316   350
 1787     269   389   316   321
 1788     362   254   257   169
 1789     195   209   249   269
 1790     275   394   379   425
 1791     161   257   256   305
 1792     366   405   409   430
 1793      76   174   125   143
 1794     402   393   305   362
 1795     191    74    67    42
 1796     470   454   534   575
 1797     457   550   534   539
 1798     284   340   319   347
 1799     492   500   471   566
 1800     269   350   275   316
 1801     316   253   275   269
 1802     555   575   634   597
 1803     121   108   191   148
 1804     125    76   109    77
 1805     144   138   163   191
 1806     191   346   163   379
 1807     409   366   249   330
 1808     121   209   249   195
 1809      10   108   191    74
 1810     169   161   131   103
 1811     454   515   524   575
 1812     555   622   634   568
 1813     460   500   471   492
 1814      67   111   125    76
 1815     117    51   125   111
 1816     402   256   369   334
 1817     347   209   319   284
 1818     366   347   319   405
 1819     457   409   425   394
 1820     640   767   596   673
 1821     788   818   596   673
 1822     406   389   457   454
 1823     406   454   457   470
 1824     350   406   457   409
 1825     350   389   457   406
 1826     409   389   457   350
 1827     305   362   256   402
 1828     190   319   249   121
 1829     596   575   634   568
 1830     742   622   634   576
 1831     568   425   522   449
 1832     152   106   121   148
 1833     826   885   859   824
 1834     106    27   121    94
 1835     258   284   319   190
 1836     409   394   346   330
 1837     643   722   710   721
 1838      94   108   121   106
 1839     254   257   305   393
 1840      83   148    10   108
 1841     125   117   109    51
 1842     111   195   191   269
 1843      52   126   121    70
 1844     177     6   161    42
 1845     331   405   346   330
 1846      10   148   191   108
 1847      67   111    76    51
 1848     106    59    53   148
 1849     470   454   356   406
 1850     346   331   249   190
 1851     330   366   249   319
 1852     148   108    53   106
 1853     138    39    42    89
 1854      70    74   121   108
 1855     249   379   191   275
 1856     470   575   522   555
 1857     524   697   529   565
 1858     108    94   121    52
 1859     148   106   121   108
 1860     331   310   319   258
 1861     331   340   319   310
 1862     347   340   319   405
 1863     331   405   319   340
 1864     330   405   319   331
 1865     249   190   191   346
 1866     697   597   733   646
 1867     103   144   161     6
 1868     143   269   181   111
 1869     249   275   191   269
 1870     121    74   191   108
 1871     195   126   121   209
 1872     195   111   121   126
 1873       1   144   169   103
 1874     249   269   191   195
 1875      92   174    21   235
 1876     162   126   121    27
 1877     162    27   121   106
 1878     271   296   181   356
 1879     152   190   121   284
 1880     148   190   121   152
 1881     152   284   121   162
 1882     153   152   121   162
 1883     153   106   121   152
 1884     162   106   121   153
 1885     121   111   191    74
 1886     319   209   121   284
 1887     319   284   121   190
 1888     209   126   121   162
 1889     162   284   121   209
 1890      39    10   138   191
 1891     346   405   504   539
 1892     622   646   634   596
 1893     103   144   169   161
 1894     177    42   161   144
 1895     191   190   138   346
 1896     191   148   138   190
 1897      10   148   138   191
 1898     138   346   163   191
 1899     161   160   257   132
 1900      76   160   161    63
 1901     144   254   161   177
 1902     161   132   115   160
 1903     163   144   177   254
 1904     144   138    42    44
 1905     161   132   131   115
 1906     350   454   356   316
 1907      39   191    42    74
 1908     138   191    42    39
 1909      90    23    69   130
 1910       1   115    77    63
 1911     103     1   131   169
 1912     447   393   369   402
 1913      63   103     1   115
 1914     161   132   257   131
 1915     174    76    77   160
 1916     144    42   161     6
 1917      76     6   161   177
 1918      44   144     6    42
 1919     191   144   177   163
 1920     169   161   257   131
 1921     122   157   110   130
 1922     225   269   181   316
 1923     143   174   181   253
 1924     254   191   177   163
 1925     144   254   169   161
 1926       6    67   177    76
 1927      42    67   177     6
 1928      42   191   177    67
 1929      42   138   177   191
 1930     144   138   177    42
 1931     144   191   177   138
 1932     181   111   125   143
 1933      63   103   115   161
 1934     449   425   393   386
 1935     174   253   143   177
 1936      77   160    21   174
 1937     356   296   181   316
 1938     305   253   256   177
 1939     191   275   177   253
 1940     254   275   177   191
 1941     177   275   305   253
 1942     356   253   174   256
 1943     425   275   386   379
 1944      55    36   120   118
 1945     576   459   580   622
 1946     103   161   131   115
 1947     406   454   356   350
 1948     103   115   131     1
 1949     235   271   174   334
 1950     402   362   447   393
 1951     125    76    77   174
 1952     254   177   305   161
 1953     543   538   643   655
 1954     362   254   393   257
 1955     393   362   447   459
 1956     449   470   459   393
 1957     169   494   362   254
 1958     449   470   393   406
 1959     254   362   393   386
 1960     117    36    80    51
 1961     677   746   720   745
 1962     429   397   356   398
 1963     393   386   459   449
 1964     406   275   393   425
 1965     254   379   386   275
 1966     449   406   393   425
 1967     356   256   174   369
 1968     429   454   356   515
 1969     513   486   546   583
 1970     386   379   449   425
 1971     862   897   898   928
 1972     394   425   449   379
 1973     386   425   393   275
 1974     386   275   393   254
 1975     868   812   792   877
 1976      67    76   125   143
 1977     447   459   580   369
 1978     515   398   429   454
 1979     274   252   297   270
 1980     343   398   270   382
 1981     296   398   270   343
 1982     305   257   256   362
 1983     257   160   256   132
 1984     177   160   256   161
 1985     604   550   568   394
 1986     362   254   487   386
 1987     362   494   487   254
 1988     632   788   698   673
 1989     386   449   487   459
 1990     393   386   487   459
 1991     362   386   487   393
 1992     362   393   487   459
 1993     871   802   778   734
 1994     459   393   369   447
 1995     143   111   125    67
 1996     257   402   334   256
 1997     402   362   256   257
 1998     316   253   181   356
 1999     305   393   369   406
 2000     333   272   342   390
 2001     334   160    21   132
 2002     177   253   143   191
 2003     177   161   256   305
 2004     257   362   305   393
 2005     110   122    46   157
 2006     254   275   305   177
 2007     393   275   305   254
 2008     406   275   305   393
 2009     406   253   305   275
 2010     459   470   369   393
 2011     115   132    21   160
 2012     382   398   270   397
 2013     269   111   143   191
 2014     191    67   143   177
 2015     271   397   270   296
 2016     174   160   143    76
 2017     181   296   189   117
 2018     429   398   356   454
 2019     470   406   356   369
 2020     111    36   120   117
 2021     454   398   356   296
 2022     181   117   125   111
 2023      76   111   125    51
 2024     181   271   189   296
 2025      67    76   143   177
 2026     572   598   644   523
 2027     429   397   327   271
 2028     256   253   174   177
 2029      49   146   204    32
 2030     470   406   369   393
 2031     402   305   369   256
 2032     597   575   524   515
 2033     191    74   143    67
 2034     895   954   842   775
 2035     382   464   506   492
 2036     255   290   342   272
 2037     255   272   342   170
 2038     369   256   174   334
 2039     296   397   270   398
 2040     296   398   356   397
 2041     271   397   356   429
 2042     271   296   356   397
 2043     305   256   356   369
 2044     305   253   356   256
 2045     406   275   356   253
 2046     350   275   356   406
 2047     316   253   356   275
 2048     275   350   356   316
 2049     369   429   327   271
 2050     334   429   327   369
 2051     369   271   327   334
 2052     334   256   174   160
 2053     369   271   174   356
 2054     143   253   181   269
 2055     168   117   211   189
 2056     177   160   174   256
 2057     269   253   181   316
 2058     334   271   174   369
 2059     356   253   181   174
 2060     296   225   181   316
 2061     191   111   143    74
 2062      77   115    21   160
 2063     212   178   159   237
 2064     174   235   189   271
 2065     168   189   211   270
 2066     275   269   143   191
 2067     275   253   143   269
 2068     191   253   143   275
 2069     122   104   107    19
 2070     270   296   189   271
 2071     236   225   212   296
 2072     235   270   211   271
 2073     181   143   125   174
 2074      63   160    77    76
 2075     189   181   125   174
 2076     117   181   125   189
 2077     339   230   323   320
 2078      72    36   120    55
 2079     157   109   107    26
 2080     109   174    97   235
 2081       3    12   178   122
 2082     348   327   424   397
 2083     255   241   122   157
 2084     185    90    61    84
 2085      77     1    21   115
 2086     125    51   109    76
 2087     189   117   109   125
 2088     235   271   211   189
 2089      92   235    97   174
 2090     174    77   109    21
 2091      21    92   109   174
 2092     174   125   109    77
 2093     174   189   109   125
 2094      97   235   102   109
 2095     189   174   109   235
 2096     429   397   424   327
 2097     170   157   213   252
 2098     481   554   508   472
 2099     803   699   791   776
 2100     598   583   639   644
 2101     146   250    32    69
 2102     252   168   241   157
 2103     508   554   564   553
 2104     236   206   118   188
 2105     806   761   803   738
 2106     242   140   216   114
 2107     252   157   213   211
 2108      96   112   159   140
 2109     653   661   704   591
 2110     241   252   255   290
 2111     440   421   443   371
 2112     354   288   244   336
 2113     130   272   255   170
 2114     212   178   274   168
 2115     211   168   252   157
 2116     211   235   213   270
 2117     460   431   492   464
 2118     157   252   255   241
 2119     189   296   168   117
 2120     189   270   168   296
 2121     343   296   168   270
 2122     252   157   255   170
 2123     211   109   157    56
 2124      26    56   157   109
 2125     442   404   529   491
 2126     168   117   157   211
 2127     216   140   221   159
 2128      55   118   120    72
 2129     189   109   157   211
 2130     189   117   157   109
 2131     211   117   157   189
 2132      56   109   213   211
 2133     157    56   213   211
 2134     157    26   213    56
 2135     170    26   213   157
 2136     102   235   213   109
 2137     102   109   213    56
 2138     211   189   213   235
 2139     109   189   213   211
 2140     109   235   213   189
 2141     146   250   204    32
 2142     415   363   323   418
 2143     170   157   255   130
 2144     216   288   244   289
 2145     215   349   164   232
 2146     415   339   358   323
 2147     280   250   215   251
 2148     170   157    46    26
 2149     236   296   212   343
 2150     216   159   221   244
 2151     416   398   434   442
 2152     157   109    80    19
 2153     185   122    61   130
 2154     215   183   182   185
 2155     107    26    46   157
 2156     118   236   237   206
 2157     173   112   244   159
 2158     185   202   182   215
 2159      12   140   178   164
 2160     255   157   122   130
 2161       7    49   182    79
 2162     185   250   215   280
 2163     251   345   411   364
 2164     204   202   215   251
 2165     176   242   114   140
 2166     251   202   215   371
 2167     193   182    16    49
 2168     460   566   471   500
 2169     216   242   317   221
 2170     130   122    61   110
 2171      79    49   182   185
 2172     236   343   212   237
 2173      79   185   182     7
 2174     110   157    46   170
 2175      86    45    96   118
 2176     354   289   244   288
 2177     175    25   114   145
 2178      80   117   120    36
 2179      25   112    96    75
 2180     417   490   419   412
 2181     157   168    80   117
 2182      62    31   114    25
 2183     110    23    90   130
 2184     241   232   185   122
 2185      25   112    75   114
 2186      69   130   146   250
 2187     364   280   302   349
 2188      46    23    61   110
 2189      48   116    55    18
 2190     122    15   178   164
 2191     761   661   653   738
 2192      90   110    61    23
 2193     176   140   114     8
 2194     146    32    82    69
 2195     122    15    61   107
 2196     236   188   118   147
 2197      71    38     8   151
 2198     222   250   251   204
 2199     392   345   338   475
 2200     327   235   297   348
 2201     185    84     7    79
 2202      49    32   204    79
 2203      82   146    49    32
 2204     199   180   114   175
 2205     122    15    54    61
 2206     110   122    61    46
 2207       7   185   182   183
 2208     204   251   215   185
 2209     823   890   853   768
 2210     222   345   251   250
 2211     364   345   302   280
 2212     390   338   333   345
 2213     443   440   458   591
 2214     475   444   587   473
 2215     468   466   445   433
 2216     215   185   164   183
 2217     182     7    16    49
 2218     255   241   185   122
 2219     185   202   215   204
 2220      79    90   185    84
 2221      54   122   164    15
 2222     251   250   185   204
 2223      71     7    16   182
 2224     274   299   315   241
 2225     130    90   185   250
 2226       8   140    12   164
 2227     299   349   313   232
 2228     122   130   185   255
 2229     182   202   193   215
 2230     140     8    75   114
 2231     204    49   185   202
 2232      79    49   185   204
 2233      79    32   185    90
 2234     250    90   185    32
 2235      32    79   185   204
 2236     204   250   185    32
 2237     412   490   419   486
 2238     415   344   323   354
 2239     112   140   216   159
 2240     185    49   182   202
 2241     216   199   244   288
 2242     151    38     8   176
 2243     490   468   445   419
 2244     300   289   317   221
 2245     421   490   419   417
 2246     421   490   445   419
 2247     145    25   114   112
 2248      16   182   151    71
 2249     215   202   193   371
 2250     222   250   337   345
 2251      20    31   114   180
 2252     232   241   178   122
 2253     134    20   176   180
 2254     185   232   164   122
 2255      14    22    96   112
 2256     868   881   847   790
 2257     183   185   164     7
 2258     244   336   300   289
 2259     134   180   176   230
 2260     280   185   164   215
 2261     280   232   164   185
 2262     215   232   164   280
 2263      54     7   164    84
 2264     185    84   164     7
 2265      61   122   164    54
 2266      54    84   164    61
 2267     185   122   164    61
 2268      61    84   164   185
 2269     415   354   317   419
 2270     440   371   411   364
 2271     870   808   745   813
 2272     171    93   134   180
 2273     171   180   134   230
 2274      93    20   134   180
 2275      38    20   134    93
 2276     364   371   411   251
 2277     703   699   612   715
 2278     378   421   417   479
 2279     151    38   176   134
 2280     164    54     8     7
 2281     176   180   114   242
 2282     134    38   176    20
 2283     343   236   309   237
 2284     336   289   244   354
 2285     354   344   242   288
 2286     288   289   242   354
 2287     147    48    55    36
 2288      72    12   178   120
 2289     299   212   274   343
 2290     151   182     8    71
 2291     120    12   178     3
 2292     182   215   285   323
 2293     323   176   285   182
 2294     140   164     8   183
 2295     112    25    96    14
 2296     354   289   317   412
 2297     412   433   419   354
 2298     354   433   419   415
 2299     415   435   358   363
 2300      55    30   118    45
 2301     180    62   114   175
 2302       8    20   114   176
 2303     303   199   244   173
 2304     237   206   159   118
 2305      80    36   120    72
 2306     140     8    72    75
 2307     182   183     8     7
 2308     117    51    80   109
 2309     176   183     8   182
 2310      71   182     8     7
 2311       7   183     8   164
 2312     176   140     8   183
 2313      36   111   120   147
 2314     176   242   268   183
 2315     122   104    12    15
 2316     274   299   352   315
 2317     212   237   299   178
 2318      72    80     3   120
 2319     140    75    72    96
 2320     140     8    12    72
 2321      72   140   178    12
 2322       3   122   178   168
 2323     183   164   268   221
 2324      80   168     3   120
 2325     120   117   212   296
 2326     173   199   216   112
 2327     164   232   178   122
 2328      45    30   118    86
 2329      18    30   118    55
 2330      18   150   118    30
 2331      55   147   118   116
 2332     188   116   118   147
 2333     178   237   221   159
 2334     159   140   221   178
 2335     199   288   216   180
 2336     114   199   216   180
 2337     118    45    72    55
 2338     112    22   118   150
 2339      12    15   178   122
 2340      30    22   118    86
 2341      30   150   118    22
 2342      55   116   118    18
 2343     188    18   118   116
 2344     188     5   118    18
 2345     150     5   118   188
 2346     150    18   118     5
 2347     120   236   237   118
 2348     120    12     3    72
 2349      80    19     3   168
 2350     318   173   309   206
 2351     242   140   221   216
 2352     237   118   159   212
 2353     268   349   317   378
 2354     242   344   323   180
 2355     242   288   216   289
 2356     296   225   120   117
 2357     676   566   653   584
 2358     236   147   120   225
 2359     118   147   120   236
 2360     225   147   120   111
 2361     164   349   268   232
 2362     118   150   159   112
 2363     241   168   178   157
 2364     342   290   297   397
 2365     237   118   212   120
 2366     168   117   212   120
 2367     183   349   268   164
 2368     584   659   703   690
 2369     120   236   212   237
 2370     369   515   496   429
 2371     178   168   212   120
 2372     300   237   309   159
 2373     206   173   159   150
 2374     112   150   159   173
 2375     315   299   352   431
 2376     118   206   159   150
 2377     221   140   268   183
 2378     216   112   244   173
 2379     140   164   221   178
 2380      96    22   159   112
 2381     118    22   159    96
 2382     118   112   159    22
 2383      72    96   159   140
 2384     118    96   159    72
 2385     299   349   268   378
 2386     300   378   412   309
 2387     244   289   221   216
 2388     120    72   159   178
 2389     120   118   159    72
 2390     120   178   159   212
 2391     212   118   159   120
 2392     114   180   216   242
 2393     114   112   216   145
 2394     199   145   216   112
 2395     114   145   216   199
 2396     303   336   244   199
 2397     299   378   268   300
 2398     418   363   323   344
 2399     221   242   268   140
 2400     630   549   625   671
 2401     303   332   244   336
 2402     502   506   579   636
 2403     565   454   529   534
 2404     378   451   412   309
 2405     491   442   434   478
 2406     883   960   915   979
 2407     221   159   300   244
 2408     306   329   309   387
 2409     387   451   309   428
 2410     318   206   309   306
 2411     178   232   268   299
 2412     270   343   274   168
 2413     309   237   299   343
 2414     478   378   434   451
 2415     255   290   282   241
 2416     397   382   297   270
 2417     416   387   309   329
 2418     416   236   309   343
 2419     329   236   309   416
 2420     299   232   268   349
 2421     299   178   274   212
 2422     309   378   299   237
 2423     465   489   412   486
 2424     241   168   274   178
 2425     344   433   415   466
 2426     318   332   309   173
 2427     244   336   309   300
 2428     244   332   309   336
 2429     159   244   309   300
 2430     472   390   508   481
 2431     221   289   317   216
 2432     244   159   309   173
 2433     206   173   309   159
 2434     244   303   309   332
 2435     173   303   309   244
 2436     173   332   309   303
 2437     164   178   268   221
 2438     164   232   268   178
 2439     652   659   564   618
 2440     553   506   508   472
 2441     382   397   478   398
 2442     964   953   978   803
 2443     491   451   434   483
 2444     599   544   572   523
 2445     309   336   412   300
 2446     415   363   358   339
 2447     652   618   564   554
 2448     481   554   564   500
 2449     464   478   535   493
 2450     630   506   535   578
 2451     847   958   912   858
 2452     633   780   635   701
 2453     502   506   553   472
 2454     652   659   690   785
 2455     566   500   508   492
 2456     418   466   415   435
 2457     336   468   412   354
 2458     378   451   478   479
 2459     419   490   513   486
 2460     916   945   846   892
 2461     549   590   535   546
 2462     590   578   535   598
 2463     431   378   478   479
 2464     343   382   478   398
 2465     468   465   412   486
 2466     336   465   412   468
 2467     431   299   478   378
 2468     382   299   478   431
 2469     299   382   478   343
 2470     268   183   317   349
 2471     336   489   412   465
 2472     419   412   317   417
 2473     216   289   317   242
 2474     354   412   317   419
 2475     453   344   415   466
 2476     418   344   415   453
 2477     453   466   415   418
 2478     339   230   285   323
 2479     242   180   323   176
 2480     176   151   285   182
 2481     354   433   415   344
 2482     486   468   419   412
 2483     468   433   419   412
 2484     525   566   653   578
 2485     323   354   317   415
 2486     490   466   445   468
 2487     561   468   551   577
 2488     338   345   390   475
 2489     415   433   445   466
 2490     419   433   445   415
 2491     378   349   317   421
 2492     358   421   285   371
 2493     323   230   285   176
 2494     215   421   285   323
 2495     323   183   317   242
 2496     338   272   333   250
 2497     193   371   285   215
 2498     193   182   285   151
 2499     417   378   317   421
 2500     182   215   323   183
 2501     242   183   317   268
 2502     268   221   317   242
 2503     419   417   317   421
 2504     241   232   282   185
 2505     479   490   544   421
 2506     339   323   285   358
 2507     215   421   323   349
 2508     411   444   458   440
 2509     478   431   464   382
 2510     302   272   390   290
 2511     323   415   285   358
 2512     323   421   285   415
 2513     412   378   317   417
 2514     378   300   317   268
 2515     215   183   317   323
 2516     215   349   317   183
 2517     323   349   317   215
 2518     412   289   317   300
 2519     412   300   317   378
 2520     460   302   282   431
 2521     345   280   364   250
 2522     636   631   663   687
 2523     566   492   508   553
 2524     342   348   424   397
 2525     282   290   313   241
 2526     185   280   302   250
 2527     431   290   313   282
 2528     130   272   302   255
 2529     250   272   302   130
 2530     251   222   411   345
 2531     250   345   338   337
 2532     392   411   475   473
 2533     443   371   458   411
 2534     444   251   337   411
 2535     241   232   313   282
 2536     146   250   338   337
 2537     444   411   337   392
 2538     475   481   552   485
 2539     411   473   392   444
 2540     411   251   337   222
 2541     431   349   313   299
 2542     564   566   584   500
 2543     411   444   475   473
 2544     440   444   475   411
 2545     702   661   712   624
 2546     544   421   525   479
 2547     654   458   612   591
 2548     636   618   553   506
 2549     678   697   840   682
 2550     185   280   282   302
 2551     632   586   619   575
 2552     390   440   460   485
 2553     302   250   333   272
 2554     250   130   338   272
 2555     146   130   338   250
 2556     345   250   333   302
 2557     338   250   333   345
 2558     390   345   333   302
 2559     364   440   390   411
 2560     411   345   390   364
 2561     460   290   492   431
 2562     485   500   460   390
 2563     345   411   390   475
 2564     390   338   481   333
 2565     458   440   612   591
 2566     302   280   282   349
 2567     431   460   467   471
 2568     578   618   553   566
 2569     464   431   467   471
 2570     495   408   518   384
 2571     878   975   978   835
 2572     481   500   485   390
 2573     390   475   485   481
 2574     591   440   525   443
 2575     475   440   485   444
 2576     390   290   492   460
 2577     464   431   492   290
 2578     390   440   485   411
 2579     475   411   485   440
 2580     390   411   485   475
 2581     584   573   703   659
 2582     652   785   690   668
 2583     584   485   612   552
 2584     412   490   513   479
 2585     464   290   313   431
 2586     969   934   835   912
 2587     493   464   467   492
 2588     492   506   553   578
 2589     364   349   460   440
 2590     493   479   467   431
 2591     431   479   467   421
 2592     715   591   653   761
 2593     232   349   282   280
 2594     302   431   460   349
 2595     471   492   467   464
 2596     464   493   467   431
 2597     624   544   497   599
 2598     302   364   460   390
 2599     302   349   460   364
 2600     548   625   581   579
 2601     733   743   840   875
 2602     342   213   297   252
 2603     424   397   506   342
 2604     352   290   506   397
 2605     212   168   274   343
 2606     761   653   704   714
 2607     715   761   653   738
 2608     431   349   467   460
 2609     431   421   467   349
 2610     671   658   644   817
 2611     435   466   514   418
 2612     612   485   525   440
 2613     525   591   537   599
 2614     272   290   282   255
 2615     302   290   282   272
 2616     460   390   282   302
 2617     290   390   282   460
 2618     290   302   282   390
 2619     250   185   282   302
 2620     185   130   282   255
 2621     250   130   282   185
 2622     130   250   282   302
 2623     302   255   282   130
 2624     429   397   506   424
 2625     434   451   546   478
 2626     877   890   847   905
 2627     826   779   859   840
 2628     553   500   508   566
 2629     274   313   315   297
 2630     313   299   315   431
 2631     211   270   297   252
 2632     252   290   297   342
 2633     297   274   352   315
 2634     274   343   352   299
 2635     431   299   352   382
 2636     313   397   297   290
 2637     232   299   315   313
 2638     255   170   342   252
 2639     213   252   342   170
 2640     282   349   313   431
 2641     282   232   313   349
 2642     232   241   315   299
 2643     241   313   315   274
 2644     232   178   274   299
 2645     232   241   274   178
 2646     299   241   274   232
 2647     252   211   274   168
 2648     270   211   274   252
 2649     270   168   274   211
 2650     313   290   297   252
 2651     472   290   506   492
 2652     274   382   352   343
 2653     431   313   352   315
 2654     297   382   352   270
 2655     274   270   352   382
 2656     297   270   352   274
 2657     315   313   352   297
 2658     431   464   352   313
 2659     431   382   352   464
 2660     297   397   352   382
 2661     313   397   352   297
 2662     464   290   352   313
 2663     313   290   352   397
 2664     464   382   352   492
 2665     492   290   352   464
 2666     636   687   663   689
 2667     342   472   506   424
 2668     342   290   506   472
 2669     342   397   506   290
 2670     492   290   506   352
 2671     703   699   717   659
 2672     424   429   498   506
 2673     584   485   525   612
 2674     390   333   472   342
 2675     390   290   472   492
 2676     342   290   472   390
 2677     333   390   472   481
 2678     470   575   555   515
 2679     701   689   663   687
 2680     478   382   506   397
 2681     464   382   506   478
 2682     382   492   506   352
 2683     352   397   506   382
 2684     498   506   579   502
 2685     498   429   579   506
 2686     835   806   798   912
 2687     578   506   553   618
 2688     636   554   553   652
 2689     652   618   553   636
 2690     508   500   564   554
 2691     668   618   690   659
 2692     502   472   553   636
 2693     797   804   700   774
 2694     553   618   564   566
 2695     553   554   564   618
 2696     553   500   564   508
 2697     636   506   553   502
 2698     566   500   564   553
 2699     664   691   627   657
 2700     572   599   644   658
 2701     658   598   644   572
 2702     523   577   644   624
 2703     810   976   836   828
 2704     598   658   644   671
 2705     658   599   644   661
 2706     636   506   687   618
 2707     630   618   687   506
 2708     596   575   522   550
 2709     654   591   612   715
 2710     630   824   821   782
 2711     584   618   676   566
 2712     668   630   578   618
 2713     668   618   652   636
 2714     668   659   652   618
 2715     578   618   676   668
 2716     630   549   671   535
 2717     578   566   676   618
 2718     544   445   525   421
 2719     703   659   717   690
 2720     776   699   791   715
 2721     630   506   578   618
 2722     492   506   508   553
 2723     464   493   578   492
 2724     471   566   578   492
 2725     546   583   639   590
 2726     599   661   653   591
 2727     584   573   612   703
 2728     732   763   888   857
 2729     464   492   578   506
 2730     525   479   572   544
 2731     467   471   578   492
 2732     467   492   578   493
 2733     764   751   886   848
 2734     790   761   806   738
 2735     595   686   541   602
 2736     443   421   525   445
 2737     525   578   572   493
 2738     544   479   572   523
 2739     663   636   579   631
 2740     614   545   642   594
 2741     598   578   535   493
 2742     484   430   538   462
 2743     831   803   791   776
 2744     573   659   584   564
 2745     460   471   525   467
 2746     481   500   552   485
 2747     564   500   552   481
 2748     612   715   653   676
 2749     525   584   653   566
 2750     624   702   551   712
 2751     552   500   584   485
 2752     564   618   584   566
 2753     659   618   584   564
 2754     703   715   676   738
 2755     717   785   872   835
 2756     715   699   612   654
 2757     564   552   584   573
 2758     564   500   584   552
 2759     552   573   612   584
 2760     703   781   676   690
 2761     678   687   645   821
 2762     612   676   653   584
 2763     654   699   612   587
 2764     690   618   676   584
 2765     699   659   703   573
 2766     544   490   523   445
 2767     806   835   798   803
 2768     969   912   835   955
 2769     955   912   835   958
 2770     653   591   704   714
 2771     577   466   497   490
 2772     445   490   497   466
 2773     525   443   537   591
 2774     515   398   548   429
 2775     658   781   798   817
 2776     467   471   525   578
 2777     485   500   525   460
 2778     704   702   683   571
 2779     514   415   497   466
 2780     479   421   525   467
 2781     800   714   762   761
 2782     978   872   946   835
 2783     444   440   612   458
 2784     587   699   612   573
 2785     598   493   572   578
 2786     703   573   612   699
 2787     587   444   612   654
 2788     485   440   612   444
 2789     486   490   513   412
 2790     676   584   612   703
 2791     687   630   782   668
 2792     478   397   548   398
 2793     861   880   846   892
 2794     690   781   676   668
 2795     544   445   523   497
 2796     574   529   562   558
 2797     583   577   644   598
 2798     612   584   653   525
 2799     847   951   934   881
 2800     460   440   525   485
 2801     612   440   525   591
 2802     578   493   525   467
 2803     467   493   525   479
 2804     460   500   525   566
 2805     578   471   525   566
 2806     974   858   912   958
 2807     570   480   530   561
 2808     544   599   572   525
 2809     440   349   525   421
 2810     712   702   792   661
 2811     769   880   846   861
 2812     587   573   612   552
 2813     571   661   537   591
 2814     653   591   714   761
 2815     600   570   647   613
 2816     598   523   583   577
 2817     525   599   653   591
 2818     537   514   520   435
 2819     584   566   525   500
 2820     587   475   612   444
 2821     485   444   612   475
 2822     587   552   612   475
 2823     485   475   612   552
 2824     551   514   600   607
 2825     460   349   525   440
 2826     602   686   675   723
 2827     443   440   525   421
 2828     419   468   513   490
 2829     525   599   572   653
 2830     649   623   609   620
 2831     792   868   793   812
 2832     584   500   525   485
 2833     467   421   525   349
 2834     715   761   714   591
 2835     790   738   847   813
 2836     800   868   793   790
 2837     940   889   930   979
 2838     466   435   514   415
 2839     541   561   675   628
 2840     523   490   513   577
 2841     599   544   523   624
 2842     960   861   850   883
 2843     677   745   720   691
 2844     624   544   523   497
 2845     497   577   523   624
 2846     514   435   537   415
 2847     891   889   930   853
 2848     768   712   822   748
 2849     507   577   551   468
 2850     525   544   497   445
 2851     598   590   639   583
 2852     792   748   847   890
 2853     675   679   626   649
 2854     866   870   745   813
 2855     429   579   548   496
 2856     824   855   858   808
 2857     897   888   898   899
 2858     514   661   607   702
 2859     546   611   549   590
 2860     719   702   647   683
 2861     535   549   548   625
 2862     524   442   529   491
 2863     443   415   497   537
 2864     443   445   497   415
 2865     661   514   497   624
 2866     624   599   497   661
 2867     571   661   497   537
 2868     571   514   497   661
 2869     537   514   497   571
 2870     752   706   610   769
 2871     478   479   535   493
 2872     523   479   598   490
 2873     513   523   598   490
 2874     429   398   548   397
 2875     866   879   891   822
 2876     671   598   639   644
 2877     506   464   535   578
 2878     644   658   813   817
 2879     821   687   645   630
 2880     750   657   628   749
 2881     513   468   583   577
 2882     598   479   572   493
 2883     583   486   546   489
 2884     513   479   546   451
 2885     770   688   796   753
 2886     478   451   546   479
 2887     653   661   658   738
 2888     572   578   658   598
 2889     549   590   671   535
 2890     546   478   535   549
 2891     525   493   572   479
 2892     583   590   546   513
 2893     483   451   546   491
 2894     813   644   808   639
 2895     768   702   823   890
 2896     824   808   858   817
 2897     627   628   505   545
 2898     513   577   583   523
 2899     468   489   583   465
 2900     513   523   583   598
 2901     513   490   598   479
 2902     513   479   598   590
 2903     944   813   914   890
 2904     758   808   846   892
 2905     658   738   813   817
 2906     758   808   745   833
 2907     966   858   944   974
 2908     546   491   549   611
 2909     866   914   915   901
 2910     598   523   572   479
 2911     590   479   546   513
 2912     546   434   549   491
 2913     478   434   549   546
 2914     478   491   549   434
 2915     548   515   581   597
 2916     874   989   911   913
 2917     534   575   565   586
 2918     830   833   720   745
 2919     678   597   733   697
 2920     636   506   579   687
 2921     389   454   565   534
 2922     546   590   535   479
 2923     546   479   535   478
 2924     738   676   658   653
 2925     572   525   658   578
 2926     653   525   658   572
 2927     653   578   658   525
 2928     671   789   639   611
 2929     572   599   658   653
 2930     627   749   720   628
 2931     808   813   864   858
 2932     599   661   658   653
 2933     910   845   968   932
 2934     932   845   968   917
 2935     549   611   671   590
 2936     630   671   625   824
 2937     645   630   625   821
 2938     813   817   858   808
 2939     535   590   671   578
 2940     535   578   671   630
 2941     658   817   671   630
 2942     590   598   639   671
 2943     578   590   671   598
 2944     870   813   864   808
 2945     809   806   964   881
 2946     721   698   759   673
 2947     578   598   671   658
 2948     658   630   671   578
 2949     574   423   562   404
 2950     693   774   642   730
 2951     795   863   839   829
 2952     610   482   505   558
 2953     538   673   605   543
 2954     482   423   562   484
 2955     462   441   501   450
 2956     704   790   793   792
 2957     813   639   808   746
 2958     809   715   762   803
 2959     985   989   911   874
 2960     637   669   662   729
 2961     668   630   782   578
 2962     864   813   944   858
 2963     647   679   626   675
 2964     639   671   808   789
 2965     644   671   808   639
 2966     524   454   529   442
 2967     644   817   808   671
 2968     813   817   808   644
 2969     671   789   824   808
 2970     808   817   824   671
 2971     678   631   645   701
 2972     498   429   496   579
 2973     671   817   824   630
 2974     806   738   798   847
 2975     885   817   927   932
 2976     928   802   871   734
 2977     441   474   511   450
 2978     652   668   845   785
 2979     841   857   811   887
 2980     937   931   941   874
 2981     818   788   733   632
 2982     701   687   645   678
 2983     952   869   972   929
 2984     792   812   793   772
 2985     746   712   748   624
 2986     976   956   957   867
 2987     715   699   803   703
 2988     836   924   861   949
 2989     966   817   894   858
 2990     824   855   894   858
 2991     890   712   792   748
 2992     966   858   958   817
 2993     702   712   792   890
 2994     790   748   792   712
 2995     424   429   496   498
 2996     769   752   725   784
 2997     894   855   864   858
 2998     965   886   920   942
 2999     682   697   751   685
 3000     845   687   821   782
 3001     864   901   914   870
 3002     568   575   522   596
 3003     845   689   811   821
 3004     855   808   864   858
 3005     753   825   973   819
 3006     723   686   675   749
 3007     870   855   864   894
 3008     858   901   864   894
 3009     792   890   847   877
 3010     861   945   883   960
 3011     889   884   979   940
 3012     846   945   833   883
 3013     838   804   799   850
 3014     907   890   914   905
 3015     844   867   851   976
 3016     958   955   798   835
 3017     837   976   828   851
 3018     806   934   835   969
 3019     760   812   792   772
 3020     758   691   745   639
 3021     907   944   914   890
 3022     627   657   628   664
 3023     704   702   792   760
 3024     628   749   675   686
 3025     944   907   934   847
 3026     790   661   792   704
 3027     944   813   847   858
 3028     541   628   675   686
 3029     578   630   782   658
 3030     877   890   823   792
 3031     944   813   890   907
 3032     644   624   748   712
 3033     644   661   748   658
 3034     813   644   748   658
 3035     930   852   984   853
 3036     746   624   748   644
 3037     644   712   748   661
 3038     737   602   777   681
 3039     658   661   748   712
 3040     704   760   792   772
 3041     806   912   835   934
 3042     877   868   847   792
 3043     703   717   803   835
 3044     738   676   798   658
 3045     658   676   798   781
 3046     823   877   853   890
 3047     944   847   934   912
 3048     856   889   819   884
 3049     704   702   760   683
 3050     813   890   847   748
 3051     704   661   792   702
 3052     748   813   822   746
 3053     755   719   823   702
 3054     790   881   806   800
 3055     790   714   800   761
 3056     953   803   964   809
 3057     800   761   806   790
 3058     858   974   847   944
 3059     783   880   846   769
 3060     868   790   847   792
 3061     541   547   675   495
 3062     955   969   946   835
 3063     847   817   798   958
 3064     561   627   675   628
 3065     858   813   847   817
 3066     803   703   798   738
 3067     890   907   847   905
 3068     907   813   847   944
 3069     878   835   978   803
 3070     704   714   790   761
 3071     790   868   793   792
 3072     835   912   798   958
 3073     847   907   934   905
 3074     792   772   793   704
 3075     800   761   809   806
 3076     835   703   798   803
 3077     813   658   790   738
 3078     748   658   790   813
 3079     792   790   847   748
 3080     813   748   847   790
 3081     712   658   790   748
 3082     738   661   790   761
 3083     776   699   831   803
 3084     847   958   798   912
 3085     847   858   912   974
 3086     881   868   800   790
 3087     658   661   790   738
 3088     712   661   790   658
 3089     704   761   790   661
 3090     847   912   798   806
 3091     969   934   964   806
 3092     934   881   806   847
 3093     847   738   798   817
 3094     703   699   803   717
 3095     835   717   803   699
 3096     978   975   900   872
 3097     738   817   847   813
 3098     868   951   847   881
 3099     877   951   847   868
 3100     877   905   847   951
 3101     959   947   927   885
 3102     964   803   978   806
 3103     885   932   821   817
 3104     932   817   927   966
 3105     658   676   782   578
 3106     715   761   762   714
 3107     676   703   798   781
 3108     847   881   806   790
 3109     806   934   964   881
 3110     840   826   886   859
 3111     658   817   782   781
 3112     847   790   806   738
 3113     847   912   806   934
 3114     953   975   978   878
 3115     717   785   835   703
 3116     904   859   886   826
 3117     845   785   782   781
 3118     835   785   872   781
 3119     803   761   809   715
 3120     654   715   762   714
 3121     738   761   803   715
 3122     699   654   776   587
 3123     738   715   803   703
 3124     800   761   762   809
 3125     809   803   964   806
 3126     806   761   809   803
 3127     881   800   809   806
 3128     668   781   782   785
 3129     658   817   798   738
 3130     738   703   798   676
 3131     835   781   798   785
 3132     835   785   798   703
 3133     690   781   798   703
 3134     690   785   798   781
 3135     703   785   798   690
 3136     878   803   831   835
 3137     978   835   946   969
 3138     845   689   782   668
 3139     953   975   878   987
 3140     803   809   791   762
 3141     762   715   791   803
 3142     958   955   932   798
 3143     635   763   732   780
 3144     900   910   946   872
 3145     840   821   859   887
 3146     803   715   791   699
 3147     654   715   791   762
 3148     776   715   791   654
 3149     878   803   791   831
 3150     878   809   791   803
 3151     826   824   859   779
 3152     668   578   782   676
 3153     878   835   872   975
 3154     831   835   872   878
 3155     835   699   872   717
 3156     831   803   872   835
 3157     699   803   872   831
 3158     699   835   872   803
 3159     964   806   978   969
 3160     803   835   978   806
 3161     969   806   978   835
 3162     809   953   978   878
 3163     809   803   978   953
 3164     878   803   978   809
 3165     763   780   678   821
 3166     496   447   580   515
 3167     932   781   782   817
 3168     845   781   782   932
 3169     668   785   782   845
 3170     658   630   782   817
 3171     824   817   782   630
 3172     798   817   932   958
 3173     919   936   959   875
 3174     821   875   678   763
 3175     579   548   633   581
 3176     958   817   932   966
 3177     689   687   821   845
 3178     947   959   859   885
 3179     845   687   782   689
 3180     668   689   782   687
 3181     917   887   857   902
 3182     845   872   932   910
 3183     946   910   932   872
 3184     845   781   932   872
 3185     798   781   932   817
 3186     946   872   932   835
 3187     781   835   932   872
 3188     955   835   932   798
 3189     946   835   932   955
 3190     798   835   932   781
 3191     676   781   782   668
 3192     658   781   782   676
 3193     887   919   927   959
 3194     841   780   732   763
 3195     689   687   701   811
 3196     985   950   874   875
 3197     875   950   874   898
 3198     447   459   509   580
 3199     821   780   701   811
 3200     779   764   886   826
 3201     782   932   821   845
 3202     885   887   821   927
 3203     678   631   625   645
 3204     698   632   733   788
 3205     705   713   674   685
 3206     913   874   895   911
 3207     874   827   818   865
 3208     931   827   865   832
 3209     848   751   886   882
 3210     496   515   548   429
 3211     906   802   928   862
 3212     818   622   651   767
 3213     966   817   927   894
 3214     701   631   633   678
 3215     980   860   986   921
 3216     843   771   876   756
 3217     860   911   980   908
 3218     882   779   886   840
 3219     894   817   885   824
 3220     478   491   524   549
 3221     927   887   821   932
 3222     887   845   821   932
 3223     919   887   927   917
 3224     885   887   927   959
 3225     931   874   895   913
 3226     932   917   927   887
 3227     840   859   886   882
 3228     824   855   826   894
 3229     824   821   859   678
 3230     674   685   751   708
 3231     779   705   751   713
 3232     782   687   821   630
 3233     885   817   821   824
 3234     782   817   821   932
 3235     782   824   821   817
 3236     604   622   568   651
 3237     498   502   579   636
 3238     701   631   645   687
 3239     928   906   971   871
 3240     516   400   559   456
 3241     821   678   625   645
 3242     625   824   682   678
 3243     917   887   811   857
 3244     579   429   548   506
 3245     821   887   763   780
 3246     875   887   763   821
 3247     857   887   763   875
 3248     841   887   763   857
 3249     841   780   763   887
 3250     673   539   632   596
 3251     906   862   928   899
 3252     802   741   747   734
 3253     535   630   625   506
 3254     516   655   643   538
 3255     506   397   548   478
 3256     701   687   663   631
 3257     496   515   633   548
 3258     811   687   701   821
 3259     565   534   529   524
 3260     498   636   579   663
 3261     646   678   633   597
 3262     678   763   633   780
 3263     524   697   565   575
 3264     687   631   579   636
 3265     633   763   635   780
 3266     897   734   898   888
 3267     965   985   921   886
 3268     840   887   859   875
 3269     885   887   859   821
 3270     697   698   733   708
 3271     576   622   580   734
 3272     619   575   565   697
 3273     579   625   581   631
 3274     535   549   625   630
 3275     821   780   678   701
 3276     701   687   678   821
 3277     742   763   580   633
 3278     705   682   685   611
 3279     568   555   522   575
 3280     678   821   625   824
 3281     630   824   625   821
 3282     579   663   496   498
 3283     579   496   633   548
 3284     496   633   580   635
 3285     663   631   633   701
 3286     630   506   579   625
 3287     892   848   783   764
 3288     574   423   567   562
 3289     506   630   579   687
 3290     678   625   633   581
 3291     899   902   898   938
 3292     645   630   579   625
 3293     625   631   579   645
 3294     645   687   579   630
 3295     631   687   579   645
 3296     697   708   751   685
 3297     701   496   635   633
 3298     606   709   610   706
 3299     369   402   496   447
 3300     424   327   496   429
 3301     334   429   496   327
 3302     369   429   496   334
 3303     369   334   496   402
 3304     581   625   633   631
 3305     546   611   558   491
 3306     625   506   548   535
 3307     579   506   548   625
 3308     535   506   548   478
 3309     763   857   732   841
 3310     678   780   633   701
 3311     673   538   643   543
 3312     579   663   633   496
 3313     579   631   633   663
 3314     459   362   509   487
 3315     906   802   871   928
 3316     635   447   580   496
 3317     369   459   580   470
 3318     684   641   756   662
 3319     743   763   773   742
 3320     597   515   555   575
 3321     734   622   743   742
 3322     742   633   580   646
 3323     874   931   941   989
 3324     795   716   666   740
 3325     576   734   580   742
 3326     622   734   576   742
 3327     534   454   524   575
 3328     394   550   539   640
 3329     449   470   576   459
 3330     555   581   580   515
 3331     734   741   580   742
 3332     457   409   539   430
 3333     509   622   604   734
 3334     596   575   632   646
 3335     394   425   604   449
 3336     555   515   576   470
 3337     632   646   733   596
 3338     646   633   743   742
 3339     646   678   743   633
 3340     633   763   743   742
 3341     633   678   743   763
 3342     742   646   580   576
 3343     501   441   516   511
 3344     538   405   504   469
 3345     576   515   580   470
 3346     369   470   580   515
 3347     581   597   580   633
 3348     576   470   580   459
 3349     763   741   801   734
 3350     581   515   555   597
 3351     622   734   747   604
 3352     362   459   509   447
 3353     580   734   509   741
 3354     622   743   733   818
 3355     538   605   559   504
 3356     509   487   747   604
 3357     487   622   604   509
 3358     487   362   509   494
 3359     580   459   509   622
 3360     386   449   604   487
 3361     568   622   634   596
 3362     622   459   509   487
 3363     580   622   509   734
 3364     741   635   509   580
 3365     635   447   509   580
 3366     741   732   580   763
 3367     635   732   580   741
 3368     635   763   580   732
 3369     555   597   580   581
 3370     576   597   580   555
 3371     597   646   580   633
 3372     576   646   580   597
 3373     802   741   834   494
 3374     449   386   604   379
 3375     449   379   604   394
 3376     673   767   596   788
 3377     487   459   604   622
 3378     487   449   604   459
 3379     604   734   747   509
 3380     862   802   801   834
 3381     802   834   862   906
 3382     936   875   898   938
 3383     743   875   773   763
 3384     742   763   898   888
 3385     834   802   801   741
 3386     862   734   801   802
 3387     734   622   773   743
 3388     802   734   801   741
 3389     928   899   898   938
 3390     734   741   747   509
 3391     773   763   898   742
 3392     875   950   898   938
 3393     888   732   801   763
 3394     741   763   801   732
 3395     897   888   801   734
 3396     897   734   801   862
 3397     888   742   801   734
 3398     763   742   801   888
 3399     763   734   801   742
 3400     888   763   898   857
 3401     875   857   898   763
 3402     346   405   539   394
 3403     773   875   898   763
 3404     898   950   937   938
 3405     802   734   928   862
 3406     818   778   651   622
 3407     899   862   928   897
 3408     898   938   937   928
 3409     548   398   524   478
 3410     576   622   568   459
 3411     568   449   522   576
 3412     874   860   911   985
 3413     862   734   898   897
 3414     928   734   898   862
 3415     773   742   898   734
 3416     888   734   898   742
 3417     857   875   898   887
 3418     857   887   898   902
 3419     919   875   898   936
 3420     919   936   898   902
 3421     919   902   898   887
 3422     919   887   898   875
 3423     898   928   871   734
 3424     898   734   871   773
 3425     827   895   788   775
 3426     875   936   985   938
 3427     394   405   539   409
 3428     942   936   882   840
 3429     824   885   859   821
 3430     509   494   747   487
 3431     802   494   747   741
 3432     509   741   747   494
 3433     874   989   941   985
 3434     985   950   941   874
 3435     871   937   971   928
 3436     773   622   818   743
 3437     931   832   865   988
 3438     539   550   522   457
 3439     895   926   943   954
 3440     708   698   733   818
 3441     394   550   640   604
 3442     394   550   568   425
 3443     942   882   965   886
 3444     543   405   504   430
 3445     874   989   913   931
 3446     840   859   882   942
 3447     882   860   886   848
 3448     865   931   971   937
 3449     988   931   971   865
 3450     874   898   818   875
 3451     985   875   882   936
 3452     913   926   895   954
 3453     952   943   972   869
 3454     840   959   942   936
 3455     684   727   756   641
 3456     567   574   724   695
 3457     938   950   985   875
 3458     391   404   574   565
 3459     882   751   886   779
 3460     420   325   516   400
 3461     931   827   874   865
 3462     865   937   874   931
 3463     874   827   895   860
 3464     756   771   876   805
 3465     911   926   908   860
 3466     743   875   733   773
 3467     783   769   846   758
 3468     767   832   818   827
 3469     778   832   818   767
 3470     874   865   818   937
 3471     871   937   818   865
 3472     865   778   818   871
 3473     773   871   818   778
 3474     832   778   818   865
 3475     865   827   818   832
 3476     389   454   534   457
 3477     538   430   504   405
 3478     437   476   628   465
 3479     673   775   640   767
 3480     874   937   818   950
 3481     898   950   818   937
 3482     874   950   818   898
 3483     871   773   818   898
 3484     871   898   818   937
 3485     734   773   818   778
 3486     734   622   818   773
 3487     778   622   818   734
 3488     931   827   895   874
 3489     931   832   895   827
 3490     911   860   895   926
 3491     874   860   895   911
 3492     931   988   895   832
 3493     954   988   895   931
 3494     954   832   895   988
 3495     604   459   568   622
 3496     529   611   682   549
 3497     775   832   788   827
 3498     767   832   788   775
 3499     767   827   788   832
 3500     818   827   788   767
 3501     767   778   651   818
 3502     747   604   651   622
 3503     747   734   651   778
 3504     534   550   522   575
 3505     534   457   522   550
 3506     625   671   682   824
 3507     632   698   697   708
 3508     895   954   943   896
 3509     764   779   886   751
 3510     596   622   733   818
 3511     873   926   929   896
 3512     457   406   522   425
 3513     441   325   516   420
 3514     840   678   859   821
 3515     449   406   522   470
 3516     596   550   522   568
 3517     818   673   733   596
 3518     548   549   524   625
 3519     619   586   565   575
 3520     568   550   522   425
 3521     576   459   568   449
 3522     555   622   568   576
 3523     449   425   522   406
 3524     470   406   522   457
 3525     576   470   522   555
 3526     742   646   634   743
 3527     576   646   634   742
 3528     576   622   634   555
 3529     596   539   632   534
 3530     555   597   634   576
 3531     743   646   634   622
 3532     470   457   522   534
 3533     534   575   522   470
 3534     576   555   522   568
 3535     410   365   512   463
 3536     409   457   539   394
 3537     597   575   634   646
 3538     394   457   539   425
 3539     425   550   539   394
 3540     827   895   873   788
 3541     457   430   534   389
 3542     565   619   574   586
 3543     725   706   606   752
 3544     651   640   596   568
 3545     568   622   596   651
 3546     986   980   961   860
 3547     534   550   596   539
 3548     651   767   596   640
 3549     651   622   596   767
 3550     674   735   783   764
 3551     565   389   543   391
 3552     425   550   522   539
 3553     539   457   522   425
 3554     743   622   634   742
 3555     454   442   524   398
 3556     698   788   733   818
 3557     697   646   733   632
 3558     534   575   632   596
 3559     534   586   632   575
 3560     799   750   700   797
 3561     818   788   632   673
 3562     764   713   751   685
 3563     861   918   846   945
 3564     574   491   529   404
 3565     779   682   840   697
 3566     684   729   756   757
 3567     536   521   621   519
 3568     400   456   516   420
 3569     869   842   863   728
 3570     718   739   707   766
 3571     619   698   655   586
 3572     639   746   745   808
 3573     833   866   830   883
 3574     391   423   574   404
 3575     565   404   529   454
 3576     548   515   524   398
 3577     516   538   643   559
 3578     863   869   948   842
 3579     491   611   529   549
 3580     860   848   744   880
 3581     788   818   698   827
 3582     622   646   733   743
 3583     821   875   840   678
 3584     581   597   524   548
 3585     548   625   524   581
 3586     575   597   524   697
 3587     749   686   628   750
 3588     743   646   733   678
 3589     743   773   733   818
 3590     678   646   733   597
 3591     829   863   935   981
 3592     818   773   733   875
 3593     840   682   859   678
 3594     529   611   685   682
 3595     705   682   751   685
 3596     824   789   826   855
 3597     875   959   859   840
 3598     574   529   674   685
 3599     947   859   942   904
 3600     632   575   697   646
 3601     619   575   697   632
 3602     524   534   529   454
 3603     391   404   565   454
 3604     524   575   565   534
 3605     504   488   559   538
 3606     861   945   846   883
 3607     611   671   705   682
 3608     674   574   567   562
 3609     524   697   682   529
 3610     840   697   882   751
 3611     442   491   524   478
 3612     478   398   524   442
 3613     848   886   920   903
 3614     611   789   705   671
 3615     685   611   674   705
 3616     685   713   751   705
 3617     549   625   682   524
 3618     597   697   682   524
 3619     875   887   859   959
 3620     529   611   674   685
 3621     840   751   882   779
 3622     671   549   682   611
 3623     779   824   859   682
 3624     705   611   674   713
 3625     484   423   574   462
 3626     685   619   674   574
 3627     414   483   558   423
 3628     454   404   529   442
 3629     807   854   771   805
 3630     404   565   529   574
 3631     708   697   848   733
 3632     685   708   674   619
 3633     892   983   962   920
 3634     543   673   605   539
 3635     728   721   842   710
 3636     751   779   840   697
 3637     674   708   751   764
 3638     581   625   682   678
 3639     581   597   682   524
 3640     524   625   682   581
 3641     678   597   682   581
 3642     697   597   682   678
 3643     886   965   920   921
 3644     674   713   764   685
 3645     697   529   685   682
 3646     565   574   685   529
 3647     697   565   685   529
 3648     574   565   685   619
 3649     697   678   840   733
 3650     565   697   685   619
 3651     708   619   685   697
 3652     779   697   751   682
 3653     779   713   751   764
 3654     697   708   848   751
 3655     869   744   863   880
 3656     779   682   859   840
 3657     848   985   882   860
 3658     826   789   779   764
 3659     764   789   779   713
 3660     909   860   961   880
 3661     733   818   848   708
 3662     942   859   886   904
 3663     859   959   942   840
 3664     779   682   751   705
 3665     678   743   840   733
 3666     721   698   655   695
 3667     818   874   882   848
 3668     764   685   751   674
 3669     671   789   826   824
 3670     705   789   826   671
 3671     959   936   840   875
 3672     671   824   826   682
 3673     705   789   779   826
 3674     705   713   779   789
 3675     671   705   779   826
 3676     671   682   779   705
 3677     826   682   779   671
 3678     885   959   859   887
 3679     886   860   921   848
 3680     721   673   759   672
 3681     708   818   848   827
 3682     840   936   882   875
 3683     818   874   848   827
 3684     860   827   848   874
 3685     961   908   873   860
 3686     866   901   915   870
 3687     880   848   909   860
 3688     903   860   909   848
 3689     619   567   655   695
 3690     708   827   848   698
 3691     709   706   606   725
 3692     882   936   965   985
 3693     819   796   777   794
 3694     942   936   965   882
 3695     843   771   756   754
 3696     788   827   848   860
 3697     698   827   848   788
 3698     840   779   886   826
 3699     743   763   840   875
 3700     678   763   840   743
 3701     678   875   840   763
 3702     826   885   904   859
 3703     869   896   923   842
 3704     921   860   903   848
 3705     751   697   882   848
 3706     874   985   882   848
 3707     894   855   904   901
 3708     826   855   904   894
 3709     927   885   904   894
 3710     947   885   904   927
 3711     824   885   904   826
 3712     824   894   904   885
 3713     826   894   904   824
 3714     894   966   904   927
 3715     894   901   904   966
 3716     874   875   882   985
 3717     986   860   903   921
 3718     924   977   784   880
 3719     840   733   882   697
 3720     848   697   882   733
 3721     733   818   882   848
 3722     840   818   882   733
 3723     818   875   882   874
 3724     840   875   882   818
 3725     737   794   753   787
 3726     860   985   980   911
 3727     873   860   759   744
 3728     880   769   783   784
 3729     882   985   886   860
 3730     740   863   839   795
 3731     848   708   783   751
 3732     962   920   909   892
 3733     886   985   921   860
 3734     610   735   758   706
 3735     880   939   977   967
 3736     848   886   903   921
 3737     904   942   920   886
 3738     731   765   650   754
 3739     908   860   961   980
 3740     643   559   710   638
 3741     719   702   755   647
 3742     903   986   961   860
 3743     892   918   962   983
 3744     718   815   601   739
 3745     904   855   983   901
 3746     970   901   983   855
 3747     880   939   967   909
 3748     935   829   839   863
 3749     856   884   850   949
 3750     695   744   655   721
 3751     884   804   856   828
 3752     983   945   892   918
 3753     855   789   892   808
 3754     854   805   922   876
 3755     484   441   501   462
 3756     511   655   650   722
 3757     891   879   930   889
 3758     879   979   856   883
 3759     751   708   783   764
 3760     889   884   856   879
 3761     920   826   892   983
 3762     826   855   892   983
 3763     826   789   892   855
 3764     848   886   892   920
 3765     848   764   892   886
 3766     774   837   680   730
 3767     920   903   909   848
 3768     855   970   892   983
 3769     920   886   892   826
 3770     764   826   892   886
 3771     673   640   672   539
 3772     764   708   783   674
 3773     870   855   892   808
 3774     970   855   892   870
 3775     962   918   880   939
 3776     892   918   880   962
 3777     892   939   880   918
 3778     558   423   562   482
 3779     830   866   745   746
 3780     863   716   795   740
 3781     675   723   753   602
 3782     721   655   643   722
 3783     896   943   929   952
 3784     756   754   816   843
 3785     830   879   838   883
 3786     569   606   642   693
 3787     863   967   982   972
 3788     749   833   838   691
 3789     879   883   830   866
 3790     669   650   756   711
 3791     546   491   558   483
 3792     565   391   543   574
 3793     744   695   655   724
 3794     546   583   505   639
 3795     558   404   562   423
 3796     610   639   505   691
 3797     933   843   922   876
 3798     674   574   562   558
 3799     674   558   562   610
 3800     649   623   620   670
 3801     750   774   700   804
 3802     674   708   695   619
 3803     558   491   562   404
 3804     783   706   709   769
 3805     842   788   896   775
 3806     725   769   709   706
 3807     784   769   709   725
 3808     560   413   503   528
 3809     895   860   873   926
 3810     501   567   538   484
 3811     769   735   783   706
 3812     482   606   562   610
 3813     588   608   694   696
 3814     610   706   562   674
 3815     519   521   563   474
 3816     695   708   724   848
 3817     482   483   558   414
 3818     815   814   766   829
 3819     511   655   516   501
 3820     643   721   672   673
 3821     664   700   642   693
 3822     842   896   759   869
 3823     574   529   558   674
 3824     529   611   558   674
 3825     491   404   558   483
 3826     956   829   991   815
 3827     724   695   655   567
 3828     619   586   655   567
 3829     695   698   655   619
 3830     666   603   536   516
 3831     543   539   504   405
 3832     731   807   771   669
 3833     664   799   700   769
 3834     748   746   768   712
 3835     750   804   700   797
 3836     533   365   499   542
 3837     940   884   850   828
 3838     627   489   505   465
 3839     925   829   991   956
 3840     538   605   643   559
 3841     516   456   536   420
 3842     516   538   559   488
 3843     632   586   543   655
 3844     643   673   672   605
 3845     558   735   610   674
 3846     750   686   628   657
 3847     606   706   610   752
 3848     674   735   610   706
 3849     465   468   627   583
 3850     413   437   503   528
 3851     610   691   627   664
 3852     465   428   505   432
 3853     482   428   505   414
 3854     465   489   505   428
 3855     749   691   700   657
 3856     752   769   700   799
 3857     489   451   505   428
 3858     740   795   839   765
 3859     610   606   567   709
 3860     562   606   567   610
 3861     562   484   567   482
 3862     562   482   567   606
 3863     669   521   621   601
 3864     538   501   516   655
 3865     662   729   756   684
 3866     807   829   854   815
 3867     805   876   810   867
 3868     795   765   731   839
 3869     783   880   724   848
 3870     567   709   724   706
 3871     961   860   873   880
 3872     538   488   516   469
 3873     666   617   527   603
 3874     655   660   722   744
 3875     562   674   724   567
 3876     943   896   869   952
 3877     441   474   519   511
 3878     660   650   540   563
 3879     567   674   724   574
 3880     619   574   695   674
 3881     783   706   724   709
 3882     660   567   569   606
 3883     660   725   569   641
 3884     482   484   501   462
 3885     567   482   569   606
 3886     643   722   666   740
 3887     619   708   695   698
 3888     674   735   724   783
 3889     674   706   724   735
 3890     567   574   695   619
 3891     709   784   724   783
 3892     783   708   724   674
 3893     744   784   724   709
 3894     783   848   724   708
 3895     869   728   863   740
 3896     728   814   863   716
 3897     783   735   724   706
 3898     783   784   724   880
 3899     863   880   972   869
 3900     538   441   516   501
 3901     430   391   543   389
 3902     895   926   873   896
 3903     519   420   536   438
 3904     669   754   771   731
 3905     441   450   511   501
 3906     574   462   543   484
 3907     538   469   516   400
 3908     559   516   666   643
 3909     655   586   543   567
 3910     539   457   543   534
 3911     744   721   722   655
 3912     484   430   543   538
 3913     430   389   543   534
 3914     880   860   873   744
 3915     709   744   655   724
 3916     709   660   655   744
 3917     538   673   643   605
 3918     718   795   667   666
 3919     895   775   896   788
 3920     943   954   923   896
 3921     935   863   839   982
 3922     394   346   504   539
 3923     711   641   756   727
 3924     405   430   543   539
 3925     765   863   839   740
 3926     673   539   543   632
 3927     372   365   512   410
 3928     643   638   666   559
 3929     710   716   666   638
 3930     843   967   922   982
 3931     765   754   711   650
 3932     621   521   531   563
 3933     540   585   569   510
 3934     842   775   896   895
 3935     565   534   543   389
 3936     519   666   536   516
 3937     438   527   536   521
 3938     728   721   710   722
 3939     567   574   543   484
 3940     605   559   710   643
 3941     640   394   504   539
 3942     430   380   538   441
 3943     430   469   538   380
 3944     896   873   759   869
 3945     430   405   538   469
 3946     422   430   538   441
 3947     462   430   538   422
 3948     422   441   538   462
 3949     516   488   559   469
 3950     605   539   504   543
 3951     632   539   543   534
 3952     534   457   543   430
 3953     567   586   543   574
 3954     534   586   543   632
 3955     574   586   543   565
 3956     380   400   538   441
 3957     380   469   538   400
 3958     574   423   543   462
 3959     391   423   543   574
 3960     391   462   543   423
 3961     543   430   504   538
 3962     331   405   504   346
 3963     405   340   504   469
 3964     331   340   504   405
 3965     721   695   759   698
 3966     616   542   608   614
 3967     439   438   527   420
 3968     718   617   707   648
 3969     504   605   672   539
 3970     666   795   667   716
 3971     655   721   643   698
 3972     673   698   643   721
 3973     543   655   643   632
 3974     543   632   643   673
 3975     655   698   643   632
 3976     673   632   643   698
 3977     643   605   672   710
 3978     710   721   672   643
 3979     982   948   935   863
 3980     873   908   929   926
 3981     740   722   765   863
 3982     744   709   711   784
 3983     908   926   873   860
 3984     827   860   873   895
 3985     788   860   873   827
 3986     896   873   869   952
 3987     943   869   948   863
 3988     728   716   863   740
 3989     873   744   759   721
 3990     869   943   923   896
 3991     869   873   929   952
 3992     788   673   759   698
 3993     869   873   759   721
 3994     873   896   929   952
 3995     896   926   929   895
 3996     943   895   929   926
 3997     983   945   916   892
 3998     848   860   759   788
 3999     863   869   972   943
 4000     788   698   759   848
 4001     873   788   759   860
 4002     896   788   759   873
 4003     617   718   707   667
 4004     863   967   972   880
 4005     873   744   869   880
 4006     718   617   527   666
 4007     869   873   972   929
 4008     744   721   869   722
 4009     873   721   869   744
 4010     814   728   863   842
 4011     728   740   869   722
 4012     728   721   869   842
 4013     728   722   869   721
 4014     869   721   759   842
 4015     842   775   759   788
 4016     672   775   759   842
 4017     842   721   759   710
 4018     672   710   759   721
 4019     842   710   759   672
 4020     672   673   759   775
 4021     788   775   759   673
 4022     721   744   759   695
 4023     695   848   759   708
 4024     698   708   759   848
 4025     695   708   759   698
 4026     744   860   759   848
 4027     744   848   759   695
 4028     869   740   863   722
 4029     869   722   863   744
 4030     744   784   863   880
 4031     559   638   666   603
 4032     967   909   972   880
 4033     961   880   972   909
 4034     873   908   972   929
 4035     873   961   972   908
 4036     880   961   972   873
 4037     923   869   948   943
 4038     863   744   765   784
 4039     436   477   526   439
 4040     521   463   563   474
 4041     684   641   662   593
 4042     795   740   666   765
 4043     757   727   756   684
 4044     829   863   981   814
 4045     948   814   981   863
 4046     737   753   777   796
 4047     483   546   505   558
 4048     943   863   982   972
 4049     948   863   982   943
 4050     922   956   867   805
 4051     729   807   771   805
 4052     511   722   650   666
 4053     843   816   876   933
 4054     727   757   756   805
 4055     614   594   642   641
 4056     660   641   540   650
 4057     516   655   666   643
 4058     650   660   711   722
 4059     863   814   795   716
 4060     829   814   795   863
 4061     722   744   765   863
 4062     536   527   621   521
 4063     450   463   540   452
 4064     563   463   540   474
 4065     527   420   536   456
 4066     718   795   707   667
 4067     766   814   707   718
 4068     452   407   499   542
 4069     660   784   711   709
 4070     729   669   771   807
 4071     617   718   667   666
 4072     711   650   756   641
 4073     521   477   531   448
 4074     621   641   662   669
 4075     795   765   666   718
 4076     981   814   925   829
 4077     991   814   766   815
 4078     981   829   925   935
 4079     621   521   563   519
 4080     512   286   499   365
 4081     935   829   925   956
 4082     637   601   669   718
 4083     527   438   536   420
 4084     756   711   816   754
 4085     815   829   991   814
 4086     925   814   991   829
 4087     816   924   876   933
 4088     935   829   854   839
 4089     935   956   854   829
 4090     643   655   666   722
 4091     511   722   666   655
 4092     752   784   816   725
 4093     516   603   536   559
 4094     643   740   666   710
 4095     710   728   666   716
 4096     740   728   666   710
 4097     372   286   512   365
 4098     527   559   536   603
 4099     527   456   526   439
 4100     666   638   667   603
 4101     731   807   637   718
 4102     456   603   527   617
 4103     829   814   718   795
 4104     795   814   707   716
 4105     829   795   718   815
 4106     527   439   526   477
 4107     527   718   601   617
 4108     660   744   711   722
 4109     427   463   521   474
 4110     615   621   531   593
 4111     866   883   833   915
 4112     723   796   777   819
 4113     519   474   563   511
 4114     766   814   718   829
 4115     766   815   718   739
 4116     829   815   718   766
 4117     474   420   519   438
 4118     666   603   667   617
 4119     527   477   526   601
 4120     516   420   536   519
 4121     650   641   711   660
 4122     666   718   536   527
 4123     540   641   585   593
 4124     648   739   707   718
 4125     740   716   666   728
 4126     439   420   527   456
 4127     559   603   527   456
 4128     816   977   933   843
 4129     559   456   527   516
 4130     516   420   519   441
 4131     527   456   536   516
 4132     527   617   526   456
 4133     765   795   731   718
 4134     815   807   731   718
 4135     648   617   526   601
 4136     516   559   536   527
 4137     527   439   521   438
 4138     477   439   521   527
 4139     477   438   521   439
 4140     477   448   521   438
 4141     427   448   521   463
 4142     438   448   521   427
 4143     765   784   711   754
 4144     660   725   711   784
 4145     876   949   836   976
 4146     731   807   669   637
 4147     722   744   711   765
 4148     637   718   669   731
 4149     718   795   731   815
 4150     839   829   731   795
 4151     807   829   731   839
 4152     982   863   843   967
 4153     684   593   629   641
 4154     666   765   731   718
 4155     731   839   771   807
 4156     839   863   843   982
 4157     606   725   569   660
 4158     815   829   731   807
 4159     815   795   731   829
 4160     533   452   585   540
 4161     669   807   729   637
 4162     540   593   585   533
 4163     519   650   563   621
 4164     527   718   669   601
 4165     660   709   711   744
 4166     615   593   662   669
 4167     463   540   533   512
 4168     519   511   563   650
 4169     536   666   621   718
 4170     527   601   621   521
 4171     669   601   621   527
 4172     669   527   621   718
 4173     765   744   711   784
 4174     650   722   711   765
 4175     519   666   621   536
 4176     669   601   615   521
 4177     666   722   650   740
 4178     765   740   650   722
 4179     666   740   650   765
 4180     501   655   650   511
 4181     511   660   650   501
 4182     669   637   615   601
 4183     545   606   505   664
 4184     521   448   531   463
 4185     585   407   510   452
 4186     585   641   569   594
 4187     463   365   533   452
 4188     563   521   531   463
 4189     621   593   615   669
 4190     542   407   499   585
 4191     655   501   650   567
 4192     660   567   650   501
 4193     655   567   650   660
 4194     536   718   621   527
 4195     414   483   505   482
 4196     376   482   510   452
 4197     474   463   540   450
 4198     664   606   505   610
 4199     563   660   569   540
 4200     650   669   621   754
 4201     731   754   621   669
 4202     650   754   621   731
 4203     731   718   621   666
 4204     669   718   621   731
 4205     650   731   621   765
 4206     666   765   621   731
 4207     650   765   621   666
 4208     660   641   569   540
 4209     510   501   569   660
 4210     511   474   540   450
 4211     563   474   540   511
 4212     448   410   531   463
 4213     621   641   540   593
 4214     650   621   540   563
 4215     650   641   540   621
 4216     414   428   505   483
 4217     585   540   569   641
 4218     462   482   510   501
 4219     876   816   836   924
 4220     620   557   532   547
 4221     933   924   876   949
 4222     542   365   499   452
 4223     542   452   585   533
 4224     510   660   569   563
 4225     476   503   541   495
 4226     688   649   675   602
 4227     585   593   616   542
 4228     627   465   505   628
 4229     542   407   585   452
 4230     588   608   560   694
 4231     837   786   730   844
 4232     752   606   693   664
 4233     797   752   693   700
 4234     730   614   642   693
 4235     462   452   510   482
 4236     376   452   510   407
 4237     376   407   510   432
 4238     501   660   510   511
 4239     462   450   510   452
 4240     501   450   510   462
 4241     511   450   510   501
 4242     540   452   510   450
 4243     540   450   510   511
 4244     851   804   828   837
 4245     774   727   693   836
 4246     750   804   723   686
 4247     501   482   510   567
 4248     669   593   662   621
 4249     563   511   510   660
 4250     540   511   510   563
 4251     627   691   505   639
 4252     607   551   647   600
 4253     664   606   642   545
 4254     892   789   758   808
 4255     711   754   756   669
 4256     807   839   771   854
 4257     876   922   976   867
 4258     967   880   843   977
 4259     737   794   777   753
 4260     660   725   727   711
 4261     660   641   727   725
 4262     711   641   727   660
 4263     583   468   627   577
 4264     749   657   627   691
 4265     867   876   810   976
 4266     681   602   777   723
 4267     769   706   758   735
 4268     512   365   499   533
 4269     876   727   810   816
 4270     870   901   915   970
 4271     960   949   861   924
 4272     771   754   843   839
 4273     765   754   843   784
 4274     839   754   843   765
 4275     854   935   922   956
 4276     756   805   876   727
 4277     843   756   876   816
 4278     662   641   756   669
 4279     669   729   756   662
 4280     856   830   749   879
 4281     784   924   816   977
 4282     805   729   756   771
 4283     621   641   756   650
 4284     650   669   756   621
 4285     960   949   850   861
 4286     727   711   816   756
 4287     711   725   816   784
 4288     863   784   843   880
 4289     863   880   843   967
 4290     765   863   843   839
 4291     765   784   843   863
 4292     805   757   756   729
 4293     752   816   861   836
 4294     843   754   816   784
 4295     711   784   816   754
 4296     843   880   816   977
 4297     784   880   816   843
 4298     784   977   816   880
 4299     696   757   629   727
 4300     922   805   867   876
 4301     851   804   837   686
 4302     796   753   777   794
 4303     771   854   876   805
 4304     843   854   876   771
 4305     914   901   866   870
 4306     828   976   836   949
 4307     692   681   777   723
 4308     843   977   922   967
 4309     933   977   922   843
 4310     854   839   922   935
 4311     982   935   922   839
 4312     839   854   922   843
 4313     843   982   922   839
 4314     837   804   828   686
 4315     828   884   850   856
 4316     856   879   838   830
 4317     876   924   836   949
 4318     836   861   797   850
 4319     804   686   774   828
 4320     851   786   837   844
 4321     876   976   836   810
 4322     750   657   700   686
 4323     381   455   499   413
 4324     503   547   595   602
 4325     517   547   532   557
 4326     753   825   796   770
 4327     752   784   861   816
 4328     883   866   879   915
 4329     628   664   545   627
 4330     883   945   915   960
 4331     884   940   973   851
 4332     973   963   990   893
 4333     639   808   745   758
 4334     960   924   861   918
 4335     730   786   694   844
 4336     720   628   675   627
 4337     833   808   745   870
 4338     828   837   810   976
 4339     757   684   629   727
 4340     940   884   828   851
 4341     750   804   797   799
 4342     940   976   828   949
 4343     851   976   828   940
 4344     805   727   810   876
 4345     585   641   629   593
 4346     837   828   810   774
 4347     757   805   810   867
 4348     867   976   810   837
 4349     757   727   810   805
 4350     503   384   495   373
 4351     476   446   495   480
 4352     768   889   819   856
 4353     879   884   856   979
 4354     836   828   797   774
 4355     816   876   836   810
 4356     828   774   836   810
 4357     614   641   629   585
 4358     614   616   629   608
 4359     628   657   680   642
 4360     642   774   680   730
 4361     915   979   879   883
 4362     510   432   545   482
 4363     614   727   629   641
 4364     810   727   836   816
 4365     774   727   836   810
 4366     455   381   499   365
 4367     852   889   984   825
 4368     737   602   753   723
 4369     915   970   916   870
 4370     545   657   642   664
 4371     816   727   836   725
 4372     614   641   642   693
 4373     816   725   836   752
 4374     693   641   642   594
 4375     517   557   532   620
 4376     870   866   833   916
 4377     918   939   861   892
 4378     924   939   861   918
 4379     836   816   861   924
 4380     784   924   861   816
 4381     784   880   861   924
 4382     769   880   861   784
 4383     880   939   861   924
 4384     880   892   861   939
 4385     870   866   916   915
 4386     889   884   879   979
 4387     870   813   866   864
 4388     783   892   846   880
 4389     892   970   916   983
 4390     647   677   755   720
 4391     799   861   797   752
 4392     856   883   838   879
 4393     745   830   822   720
 4394     677   691   720   627
 4395     866   813   745   746
 4396     892   945   846   918
 4397     561   627   541   465
 4398     691   639   758   610
 4399     610   706   758   769
 4400     768   723   819   796
 4401     853   889   930   852
 4402     870   970   916   892
 4403     808   789   758   639
 4404     769   735   758   783
 4405     804   686   750   774
 4406     639   611   758   610
 4407     833   866   745   830
 4408     752   769   799   861
 4409     407   437   545   395
 4410     558   639   505   610
 4411     979   949   850   960
 4412     750   804   799   749
 4413     833   870   745   866
 4414     639   583   505   627
 4415     558   735   758   610
 4416     558   611   758   735
 4417     610   611   758   558
 4418     611   713   758   735
 4419     783   735   758   764
 4420     764   892   758   783
 4421     764   789   758   892
 4422     639   789   758   611
 4423     764   713   758   789
 4424     735   713   758   764
 4425     705   789   758   713
 4426     611   789   758   705
 4427     705   713   758   611
 4428     644   624   677   746
 4429     720   723   768   675
 4430     916   892   833   870
 4431     846   892   833   916
 4432     606   664   642   693
 4433     808   892   833   846
 4434     808   870   833   892
 4435     746   813   745   808
 4436     720   675   755   647
 4437     726   719   755   665
 4438     940   949   850   884
 4439     627   577   677   583
 4440     569   482   545   606
 4441     883   856   838   850
 4442     495   503   541   547
 4443     836   949   850   828
 4444     799   850   797   861
 4445     856   804   850   828
 4446     883   846   838   833
 4447     883   861   838   846
 4448     828   836   797   850
 4449     758   769   799   691
 4450     861   949   850   836
 4451     749   830   838   833
 4452     749   804   838   856
 4453     830   883   838   833
 4454     979   940   856   949
 4455     884   940   856   979
 4456     884   949   856   940
 4457     838   691   799   749
 4458     610   752   664   606
 4459     749   657   628   627
 4460     768   856   819   723
 4461     893   984   990   973
 4462     561   480   541   582
 4463     620   609   532   517
 4464     861   846   799   838
 4465     850   856   838   804
 4466     545   610   505   606
 4467     561   465   541   453
 4468     850   804   797   828
 4469     461   547   517   557
 4470     602   503   541   595
 4471     850   861   838   883
 4472     639   746   677   745
 4473     856   949   850   979
 4474     979   883   850   856
 4475     979   960   850   883
 4476     489   465   627   583
 4477     769   752   664   610
 4478     850   861   799   838
 4479     861   769   799   846
 4480     838   749   799   804
 4481     836   752   797   861
 4482     628   465   545   437
 4483     610   606   545   482
 4484     846   769   799   758
 4485     495   480   541   476
 4486     583   577   677   644
 4487     838   833   799   691
 4488     758   691   799   833
 4489     846   833   799   838
 4490     846   758   799   833
 4491     639   691   677   583
 4492     608   616   696   588
 4493     606   569   642   545
 4494     745   691   677   639
 4495     510   482   545   569
 4496     746   624   677   712
 4497     530   551   647   561
 4498     799   769   664   691
 4499     712   624   677   577
 4500     452   365   499   407
 4501     758   610   664   691
 4502     769   610   664   758
 4503     758   691   664   769
 4504     407   395   545   432
 4505     510   407   545   432
 4506     583   691   677   627
 4507     639   644   677   746
 4508     644   577   677   624
 4509     833   830   720   749
 4510     395   437   545   465
 4511     749   691   720   833
 4512     627   691   720   749
 4513     745   833   720   691
 4514     569   594   545   585
 4515     851   786   680   837
 4516     973   794   893   849
 4517     628   437   528   476
 4518     810   757   696   727
 4519     628   657   545   664
 4520     774   836   693   797
 4521     545   407   528   437
 4522     750   686   700   774
 4523     797   752   700   799
 4524     693   594   642   569
 4525     749   750   700   799
 4526     616   588   608   542
 4527     749   657   700   750
 4528     664   769   700   752
 4529     799   691   700   749
 4530     664   691   700   799
 4531     614   608   629   696
 4532     867   757   696   810
 4533     755   702   823   768
 4534     407   365   499   381
 4535     286   273   499   365
 4536     545   569   642   594
 4537     495   547   675   582
 4538     455   365   499   273
 4539     730   727   693   774
 4540     585   594   614   641
 4541     694   608   560   592
 4542     696   614   730   727
 4543     628   686   680   657
 4544     528   680   595   608
 4545     760   702   823   683
 4546     614   727   693   730
 4547     700   752   693   664
 4548     588   499   528   608
 4549     628   657   642   545
 4550     455   326   560   413
 4551     730   696   694   608
 4552     602   595   589   557
 4553     696   608   629   616
 4554     614   585   629   616
 4555     499   542   608   588
 4556     844   867   730   837
 4557     499   455   528   413
 4558     503   476   541   628
 4559     585   593   629   616
 4560     307   384   556   326
 4561     384   408   518   426
 4562     542   585   608   614
 4563     837   786   680   730
 4564     307   384   557   556
 4565     853   951   984   930
 4566     624   661   551   702
 4567     680   730   692   694
 4568     753   723   796   737
 4569     752   725   693   606
 4570     836   727   693   725
 4571     836   725   693   752
 4572     373   476   503   437
 4573     528   628   503   680
 4574     836   752   693   797
 4575     569   725   693   641
 4576     606   725   693   569
 4577     569   641   693   594
 4578     628   627   541   561
 4579     720   627   561   677
 4580     837   686   680   851
 4581     592   608   595   680
 4582     373   437   503   413
 4583     657   700   680   642
 4584     657   686   680   700
 4585     642   693   680   774
 4586     700   693   680   642
 4587     700   774   680   693
 4588     774   828   680   837
 4589     686   828   680   774
 4590     686   837   680   828
 4591     503   326   556   384
 4592     503   628   541   686
 4593     547   384   495   503
 4594     384   426   495   446
 4595     851   819   820   973
 4596     595   547   557   602
 4597     413   437   528   407
 4598     680   642   528   628
 4599     608   642   528   680
 4600     585   614   528   608
 4601     608   542   528   585
 4602     499   542   528   608
 4603     499   585   528   542
 4604     407   585   528   499
 4605     545   628   528   642
 4606     545   437   528   628
 4607     642   614   528   545
 4608     608   614   528   642
 4609     614   594   528   545
 4610     614   585   528   594
 4611     499   413   528   381
 4612     407   381   528   413
 4613     499   381   528   407
 4614     585   407   528   545
 4615     545   594   528   585
 4616     413   384   503   301
 4617     628   686   503   680
 4618     561   577   551   677
 4619     628   476   541   465
 4620     307   461   557   384
 4621     973   794   820   963
 4622     856   804   723   749
 4623     694   592   595   680
 4624     503   560   556   413
 4625     326   413   556   560
 4626     503   413   556   326
 4627     503   547   556   595
 4628     595   560   556   503
 4629     720   749   768   723
 4630     595   556   589   557
 4631     749   804   723   750
 4632     595   656   589   592
 4633     557   656   589   602
 4634     620   602   737   681
 4635     819   984   973   889
 4636     557   602   620   656
 4637     749   750   723   686
 4638     957   844   820   851
 4639     768   675   755   720
 4640     656   602   692   595
 4641     681   602   692   656
 4642     595   602   692   680
 4643     495   480   518   582
 4644     984   889   819   825
 4645     602   582   675   547
 4646     541   582   626   561
 4647     851   686   723   804
 4648     851   804   723   884
 4649     495   582   541   480
 4650     476   480   541   446
 4651     602   547   541   503
 4652     819   889   973   884
 4653     680   686   723   851
 4654     602   686   723   680
 4655     514   624   551   497
 4656     476   453   541   465
 4657     719   683   647   600
 4658     561   453   541   480
 4659     755   825   796   889
 4660     628   465   541   627
 4661     595   503   541   686
 4662     680   851   723   786
 4663     683   702   607   571
 4664     702   661   551   514
 4665     796   794   819   753
 4666     692   680   723   786
 4667     602   680   723   692
 4668     681   602   723   692
 4669     930   889   973   984
 4670     973   963   820   957
 4671     518   426   570   480
 4672     518   480   570   582
 4673     507   514   520   551
 4674     607   702   647   551
 4675     720   677   768   746
 4676     602   547   675   541
 4677     649   582   626   675
 4678     677   627   561   577
 4679     561   480   626   570
 4680     677   577   551   712
 4681     495   582   532   547
 4682     518   582   532   495
 4683     517   461   532   547
 4684     495   547   532   461
 4685     518   495   532   408
 4686     602   649   532   620
 4687     620   547   532   602
 4688     649   602   532   582
 4689     547   582   532   602
 4690     495   384   532   408
 4691     461   384   532   495
 4692     461   408   532   384
 4693     647   702   755   551
 4694     476   446   541   453
 4695     495   582   675   541
 4696     561   720   675   627
 4697     541   686   675   602
 4698     748   890   822   813
 4699     399   418   530   480
 4700     624   514   551   661
 4701     497   624   551   577
 4702     570   480   626   582
 4703     497   466   507   514
 4704     551   514   607   702
 4705     571   702   607   661
 4706     514   466   507   418
 4707     627   468   561   577
 4708     551   677   755   647
 4709     514   497   551   507
 4710     507   468   551   453
 4711     453   468   551   561
 4712     453   418   507   466
 4713     497   577   507   466
 4714     627   465   561   468
 4715     453   468   561   465
 4716     571   661   607   514
 4717     468   466   507   577
 4718     507   418   520   514
 4719     561   480   507   453
 4720     561   582   626   480
 4721     823   768   853   755
 4722     520   607   600   514
 4723     665   647   726   626
 4724     930   940   973   889
 4725     561   677   647   720
 4726     768   712   755   702
 4727     570   426   530   480
 4728     507   453   520   418
 4729     665   647   755   726
 4730     796   825   819   889
 4731     600   551   530   520
 4732     520   507   530   453
 4733     480   453   530   507
 4734     551   507   530   520
 4735     507   561   530   480
 4736     551   561   530   507
 4737     675   582   626   541
 4738     561   570   626   647
 4739     719   600   647   665
 4740     551   702   755   712
 4741     856   804   819   723
 4742     973   940   957   851
 4743     866   746   822   813
 4744     675   561   626   647
 4745     712   702   768   890
 4746     688   679   675   649
 4747     665   600   647   613
 4748     600   551   647   530
 4749     720   749   675   628
 4750     723   749   675   720
 4751     940   976   957   851
 4752     561   720   647   675
 4753     626   647   726   679
 4754     856   884   819   804
 4755     570   613   626   647
 4756     541   561   626   675
 4757     768   720   822   830
 4758     753   675   796   723
 4759     825   726   755   770
 4760     737   787   753   736
 4761     570   600   647   530
 4762     530   561   647   570
 4763     607   683   647   702
 4764     600   683   647   607
 4765     719   683   823   702
 4766     825   984   973   819
 4767     768   723   755   675
 4768     753   825   819   796
 4769     768   720   755   677
 4770     890   905   891   914
 4771     720   746   822   745
 4772     768   830   822   879
 4773     768   890   891   822
 4774     930   889   984   852
 4775     796   723   777   737
 4776     822   889   891   768
 4777     745   746   822   830
 4778     768   879   822   889
 4779     748   712   822   890
 4780     851   976   957   844
 4781     749   856   768   723
 4782     830   749   768   720
 4783     830   879   768   749
 4784     768   748   822   746
 4785     688   675   796   753
 4786     746   720   822   768
 4787     979   889   930   879
 4788     866   879   822   830
 4789     891   905   930   914
 4790     768   890   822   712
 4791     856   879   768   889
 4792     749   879   768   856
 4793     755   825   852   726
 4794     755   726   852   719
 4795     768   889   852   755
 4796     768   889   853   852
 4797     822   879   891   889
 4798     755   768   853   852
 4799     884   851   819   723
 4800     792   702   823   760
 4801     792   760   823   812
 4802     792   812   823   877
 4803     723   804   819   884
 4804     823   755   853   719
 4805     852   719   853   755
 4806     822   813   891   866
 4807     768   889   891   853
 4808     853   890   891   768
 4809     794   787   849   753
 4810     973   963   893   794
 4811     866   914   891   915
 4812     866   864   891   914
 4813     866   813   891   864
 4814     914   864   891   813
 4815     914   813   891   890
 4816     853   951   930   877
 4817     905   877   930   951
 4818     891   853   930   890
 4819     891   890   930   905
 4820     915   979   930   879
 4821     891   914   930   915
 4822     853   877   930   890
 4823     905   890   930   877
 4824     866   879   930   891
 4825     866   915   930   879
 4826     891   915   930   866
 4827     723   851   819   786
 4828     675   602   753   688
 4829     670   737   753   736
 4830     620   602   753   737
 4831     620   649   753   602
 4832     670   620   753   737
 4833     670   649   753   620
 4834     884   851   973   819
 4835     688   679   796   675
 4836     770   679   796   688
 4837     755   723   796   675
 4838     768   723   796   755
 4839     755   889   796   768
 4840     647   679   796   770
 4841     647   675   796   679
 4842     755   675   796   647
 4843     726   770   796   755
 4844     726   647   796   770
 4845     755   647   796   726
 4846     796   889   819   768
 4847     737   723   777   602
 4848     819   786   777   723
 4849     819   851   820   786
 4850     819   786   820   777
 4851     777   794   820   819
 4852     819   753   849   973
 4853     819   794   849   753
 4854     973   794   849   819
 4855     973   753   893   825
 4856     849   753   893   973
# Generated by c:\dev\polylla3D\tetgen\build\tetgen.exe -fzenn c:\dev\polylla3D\data\input\1000random.node 
