10191  1
    0    465   375   476  0        0    868
    1    465   453   375  0        0    820
    2    476   453   465  0        0   4656
    3    476   375   453  0        0    909
    4    396   422   357  0        1   1601
    5    396   462   422  0        1   1514
    6    357   462   396  0        1   1213
    7    357   422   462  0        1    172
    8    455   528   413  0        2   4557
    9    455   560   528  0        2    564
   10    413   560   455  0        2   4550
   11    413   528   560  0        2   3808
   12    864   866   870  0        3   4387
   13    864   914   866  0        3   4812
   14    870   914   864  0        3   3001
   15    870   866   914  0        3   4305
   16    123    78   119  0        4   1281
   17    123   153    78  1        4     -1
   18    119   153   123  0        4   1375
   19    119    78   153  0        4    220
   20    703   676   584  0        5   2790
   21    703   690   676  0        5   2760
   22    584   690   703  0        5   2368
   23    584   676   690  0        5   2764
   24    368   384   408  0        6    752
   25    368   308   384  0        6    729
   26    408   308   368  1        6     -1
   27    408   384   308  0        6    541
   28    321   416   329  0        7    995
   29    321   404   416  0        7   1737
   30    329   404   321  0        7   1762
   31    329   416   404  0        7   1557
   32    373   301   384  0        8    526
   33    373   298   301  0        8    972
   34    384   298   373  0        8    739
   35    384   301   298  0        8    152
   36    276   218   219  0        9   1272
   37    276   172   218  0        9   1457
   38    219   172   276  0        9    442
   39    219   218   172  0        9   1322
   40    225   212   296  0       10   2071
   41    225   120   212  0       10   1723
   42    296   120   225  0       10   2356
   43    296   212   120  0       10   2325
   44    127   136   139  0       11   1059
   45    127    17   136  0       11    919
   46    139    17   127  0       11    681
   47    139   136    17  0       11    244
   48    100    35   119  0       12    155
   49    100    85    35  1       12     -1
   50    119    85   100  0       12     14
   51    119    35    85  0       12   1346
   52    576   580   515  0       13   3345
   53    576   555   580  0       13   3370
   54    515   555   576  0       13   3336
   55    515   580   555  0       13   3330
   56    100    24    85  1       14     -1
   57    119    24   100  0       14   1293
   58    119    85    24  0       14    166
   59    463   531   563  0       15   4188
   60    463   540   531  0       15   1537
   61    563   540   463  0       15   4064
   62    563   531   540  0       15    257
   63    269   249   366  0       16   1621
   64    269   209   249  0       16   1789
   65    366   209   269  0       16   1700
   66    366   249   209  0       16   1398
   67    270   297   235  0       17    117
   68    270   213   297  0       17    303
   69    235   213   270  0       17   2116
   70    235   297   213  0       17    271
   71    470   356   515  0       18    276
   72    470   369   356  0       18   2019
   73    515   369   470  0       18   3346
   74    515   356   369  0       18    402
   75    480   541   446  0       19   4650
   76    480   453   541  0       19   4658
   77    446   453   480  0       19    638
   78    446   541   453  0       19   4694
   79    421   317   415  0       20    980
   80    421   323   317  0       20    666
   81    415   323   421  0       20   2512
   82    415   317   323  0       20   2485
   83    901   864   894  0       21   3008
   84    901   870   864  0       21   3001
   85    894   870   901  0       21    508
   86    894   864   870  0       21   3007
   87    880   724   848  0       22   3869
   88    880   744   724  0       22    453
   89    848   744   880  0       22   3580
   90    848   724   744  0       22    784
   91    742   580   763  0       23   3277
   92    742   741   580  0       23   3331
   93    763   741   742  0       23    379
   94    763   580   741  0       23   3366
   95    641   756   669  0       24   4278
   96    641   621   756  0       24   4283
   97    669   621   641  0       24   4074
   98    669   756   621  0       24   4284
   99     62   114    31  0       25   2182
  100     62   180   114  0       25   2301
  101     31   180    62  0       25    232
  102     31   114   180  0       25   2251
  103    538   543   567  0       26   1354
  104    538   655   543  0       26   1953
  105    567   655   538  0       26   1467
  106    567   543   655  0       26   3909
  107    320   323   344  0       27     90
  108    320   230   323  0       27   2077
  109    344   230   320  0       27    233
  110    344   323   230  0       27     50
  111    734   773   742  0       28   3415
  112    734   743   773  0       28   3387
  113    742   743   734  0       28   3321
  114    742   773   743  0       28   3319
  115    284   262   119  0       29    989
  116    284   153   262  0       29   1175
  117    119   153   284  0       29    773
  118    119   262   153  0       29   1430
  119    176   285   151  0       30   2480
  120    176   134   285  0       30    688
  121    151   134   176  0       30   2279
  122    151   285   134  1       30     -1
  123    566   653   578  0       31   2484
  124    566   676   653  0       31   2357
  125    578   676   566  0       31   2717
  126    578   653   676  0       31     93
  127    409   330   350  0       32   1783
  128    409   394   330  0       32   1836
  129    350   394   409  0       32   1329
  130    350   330   394  0       32   1165
  131    516   666   655  0       33   4057
  132    516   511   666  0       33    190
  133    655   511   516  0       33   3819
  134    655   666   511  0       33   4091
  135    943   929   895  0       34   3996
  136    943   896   929  0       34   3783
  137    895   896   943  0       34   3508
  138    895   929   896  0       34   3995
  139    311   192   261  0       35   1569
  140    311   197   192  0       35   1038
  141    261   197   311  0       35    179
  142    261   192   197  0       35   1062
  143    111   195   147  0       36   1689
  144    111    70   195  0       36    106
  145    147    70   111  0       36    184
  146    147   195    70  0       36    300
  147    859   942   959  0       37   3663
  148    859   947   942  0       37   3599
  149    959   947   859  0       37   3178
  150    959   942   947  1       37     -1
  151    416   343   321  0       38   1427
  152    416   236   343  0       38   2418
  153    321   236   416  0       38    995
  154    321   343   236  0       38    687
  155    441   538   484  0       39   1030
  156    441   501   538  0       39   3900
  157    484   501   441  0       39   3755
  158    484   538   501  0       39   3810
  159    395   376   407  0       40   1523
  160    395   324   376  0       40   1533
  161    407   324   395  0       40    188
  162    407   376   324  0       40   1522
  163    266   218   314  0       41   1291
  164    266   243   218  0       41   1288
  165    314   243   266  0       41    340
  166    314   218   243  0       41    849
  167    316   356   296  0       42   1937
  168    316   454   356  0       42   1906
  169    296   454   316  0       42    329
  170    296   356   454  0       42   2021
  171    574   562   491  0       43    503
  172    574   404   562  0       43   2949
  173    491   404   574  0       43   3564
  174    491   562   404  0       43   3803
  175    250    32    69  0       44   2101
  176    250    90    32  0       44   2234
  177     69    90   250  0       44    273
  178     69    32    90  1       44     -1
  179    267   307   248  0       45    755
  180    267   166   307  0       45    730
  181    248   166   267  0       45    560
  182    248   307   166  1       45     -1
  183    296   454   398  0       46   2021
  184    296   416   454  0       46   1754
  185    398   416   296  0       46   1188
  186    398   454   416  0       46   1690
  187    146   204   250  0       47   2141
  188    146   222   204  1       47     -1
  189    250   222   146  0       47    615
  190    250   204   222  0       47   2198
  191    127   203    29  0       48   1056
  192    127   196   203  0       48    519
  193     29   196   127  0       48    431
  194     29   203   196  1       48     -1
  195     91    58   165  0       49    864
  196     91   145    58  0       49    576
  197    165   145    91  0       49    979
  198    165    58   145  0       49   1022
  199    344   323   180  0       50   2354
  200    180   230   344  0       50    217
  201    180   323   230  0       50    873
  202    832   775   954  1       51     -1
  203    832   895   775  0       51    414
  204    954   895   832  0       51   3494
  205    954   775   895  0       51   2034
  206    727   693   641  0       52    196
  207    727   614   693  0       52   4546
  208    641   614   727  0       52   4363
  209    641   693   614  0       52   4372
  210    321   184   209  0       53    999
  211    321   287   184  0       53   1369
  212    209   287   321  0       53   1298
  213    209   184   287  0       53    195
  214    344   281   229  0       54    673
  215    344   180   281  0       54    501
  216    229   180   344  0       54    217
  217    229   281   180  0       54    967
  218    133   113   218  0       55   1263
  219    133   158   113  0       55   1328
  220    218   158   133  0       55   1335
  221    218   113   158  0       55   1279
  222    390   481   338  0       56   2564
  223    390   475   481  0       56   2573
  224    338   475   390  0       56   2488
  225    338   481   475  1       56     -1
  226    490   523   445  0       57   2766
  227    490   497   523  0       57    490
  228    445   497   490  0       57   2772
  229    445   523   497  0       57   2795
  230    280   282   232  0       58   2593
  231    280   185   282  0       58   2550
  232    232   185   280  0       58   2261
  233    232   282   185  0       58   2504
  234    537   497   443  0       59   2863
  235    537   525   497  0       59    516
  236    443   525   537  0       59   2773
  237    443   497   525  0       59    350
  238    715   776   699  0       60   2720
  239    715   654   776  0       60   3148
  240    699   654   715  0       60   2756
  241    699   776   654  0       60   3122
  242    342   297   213  0       61   2602
  243    342   348   297  0       61    280
  244    213   348   342  1       61     -1
  245    213   297   348  0       61    271
  246    554   508   500  0       62   2690
  247    554   481   508  0       62   2098
  248    500   481   554  0       62   2448
  249    500   508   481  0       62    370
  250     17    29   127  0       63    681
  251     17     2    29  1       63     -1
  252    127     2    17  0       63    582
  253    127    29     2  0       63    235
  254    642   680   608  0       64   4599
  255    642   730   680  0       64   4360
  256    608   730   642  0       64    789
  257    608   680   730  0       64    454
  258    839   771   754  0       65   4272
  259    839   731   771  0       65   4155
  260    754   731   839  0       65   1166
  261    754   771   731  0       65   3904
  262    416   434   398  0       66   2151
  263    416   343   434  0       66   1751
  264    398   343   416  0       66   1188
  265    398   434   343  0       66   1545
  266    554   553   472  0       67    259
  267    554   636   553  0       67   2688
  268    472   636   554  1       67     -1
  269    472   553   636  0       67   2692
  270     90    61   110  0       68   2192
  271     90   130    61  0       68    616
  272    110   130    90  0       68   2183
  273    110    61   130  0       68   2170
  274    414   387   483  0       69   1525
  275    414   423   387  0       69   1584
  276    483   423   414  0       69   3627
  277    483   387   423  0       69    419
  278    426   495   446  0       70   4594
  279    426   480   495  0       70    765
  280    446   480   426  0       70    694
  281    446   495   480  0       70   4351
  282    101    33   135  0       71   1261
  283    101    57    33  1       71     -1
  284    135    57   101  0       71    165
  285    135    33    57  1       71     -1
  286    325   400   420  0       72   3460
  287    325   456   400  0       72   1415
  288    420   456   325  0       72   1237
  289    420   400   456  0       72   3568
  290    118   120   147  0       73   2359
  291    118    36   120  0       73   1944
  292    147    36   118  0       73    691
  293    147   120    36  0       73   2313
  294     76   161   160  0       74   1900
  295     76   177   161  0       74   1917
  296    160   177    76  0       74     82
  297    160   161   177  0       74   1984
  298    465   432   395  0       75    610
  299    465   428   432  0       75   3852
  300    395   428   465  0       75    885
  301    395   432   428  0       75   1395
  302    153   152   284  0       76   1619
  303    153   200   152  1       76     -1
  304    284   200   153  0       76   1175
  305    284   152   200  0       76    154
  306    170   110   157  0       77   2174
  307    170   130   110  1       77     -1
  308    157   130   170  0       77   2143
  309    157   110   130  0       77   1921
  310      0   137   166  0       78    562
  311      0     2   137  0       78    595
  312    166     2     0  1       78     -1
  313    166   137     2  0       78    103
  314    867   976   956  0       79   2986
  315    867   922   976  0       79   4257
  316    956   922   867  0       79   4050
  317    956   976   922  1       79     -1
  318    174    21   235  0       80   1875
  319    174   334    21  0       80   1718
  320    235   334   174  0       80   1949
  321    235    21   334  1       80     -1
  322     98   137    17  0       81    592
  323     98   127   137  0       81    635
  324     17   127    98  0       81    919
  325     17   137   127  0       81    582
  326    160   143    76  0       82   2016
  327    160   177   143  0       82   1083
  328     76   143   177  0       82   2025
  329    627   505   610  0       83    478
  330    627   664   505  0       83    565
  331    610   664   627  0       83   3851
  332    610   505   664  0       83   4198
  333    767   673   775  0       84   3479
  334    767   788   673  0       84   3376
  335    775   788   767  0       84   3498
  336    775   673   788  0       84   4021
  337    283   240   292  0       85   1290
  338    283   436   240  1       85     -1
  339    292   436   283  0       85    160
  340    292   240   436  1       85     -1
  341    461   307   308  1       86     -1
  342    461   384   307  0       86   4620
  343    308   384   461  0       86    541
  344    308   307   384  0       86    711
  345    436   456   383  1       87     -1
  346    436   439   456  0       87   1024
  347    383   439   436  0       87    810
  348    383   456   439  0       87   1232
  349    332   336   465  0       88    904
  350    332   428   336  0       88   1015
  351    465   428   332  0       88    869
  352    465   336   428  0       88    924
  353    291   455   381  0       89    559
  354    291   326   455  1       89     -1
  355    381   326   291  0       89    833
  356    381   455   326  0       89    637
  357    363   323   344  0       90   2398
  358    363   320   323  0       90    707
  359    344   320   363  0       90    671
  360    544   537   599  0       91    278
  361    544   525   537  0       91    516
  362    599   525   544  0       91   2808
  363    599   537   525  0       91   2613
  364    365   388   311  0       92   1222
  365    365   407   388  0       92   1191
  366    311   407   365  0       92    757
  367    311   388   407  0       92   1472
  368    653   658   578  0       93   2927
  369    653   676   658  0       93   2924
  370    578   658   676  0       93   3105
  371    826   892   789  0       94   3763
  372    826   764   892  0       94   3770
  373    789   764   826  0       94   3658
  374    789   892   764  0       94   4421
  375     66   171     4  1       95     -1
  376     66    41   171  0       95    650
  377      4    41    66  1       95     -1
  378      4   171    41  0       95    549
  379     81   171   198  0       96    625
  380     81   129   171  0       96    644
  381    198   129    81  0       96    583
  382    198   171   129  0       96    643
  383    162    52   116  0       97   1084
  384    162   126    52  0       97   1633
  385    116   126   162  0       97   1200
  386    116    52   126  0       97   1088
  387    818   733   673  0       98   3517
  388    818   632   733  0       98   2981
  389    673   632   818  0       98   3561
  390    673   733   632  0       98    418
  391    614   616   542  0       99   3966
  392    614   585   616  0       99   4554
  393    542   585   614  0       99   4562
  394    542   616   585  0       99   4227
  395    124    11    47  0      100   1086
  396    124   141    11  0      100    965
  397     47   141   124  0      100   1078
  398     47    11   141  0      100    838
  399    413   395   381  0      101    719
  400    413   335   395  0      101    806
  401    381   335   413  0      101    841
  402    381   395   335  0      101    856
  403    869   948   842  0      102   3578
  404    869   923   948  0      102   4037
  405    842   923   869  0      102   3703
  406    842   948   923  1      102     -1
  407      2   127   137  0      103    582
  408    166   127     2  0      103    235
  409    166   137   127  0      103    790
  410    111    51    48  0      104   1505
  411    111    36    51  0      104   1686
  412     48    36   111  0      104   1583
  413     48    51    36  1      104     -1
  414    462   543   430  0      105   1236
  415    462   391   543  0      105   3960
  416    430   391   462  0      105   1756
  417    430   543   391  0      105   3901
  418     70   195   126  0      106    300
  419    126   111    70  0      106    142
  420    126   195   111  0      106   1872
  421    890   847   907  0      107   3067
  422    890   813   847  0      107   3050
  423    907   813   890  0      107   3031
  424    907   847   813  0      107   3068
  425    457   543   430  0      108   3952
  426    457   539   543  0      108   3910
  427    430   539   457  0      108   3332
  428    430   543   539  0      108   3924
  429    375   220   281  0      109    917
  430    375   288   220  0      109    529
  431    281   288   375  0      109    629
  432    281   220   288  0      109    754
  433    137   129   231  0      110    665
  434    137   128   129  0      110    634
  435    231   128   137  0      110    128
  436    231   129   128  0      110    570
  437     52   121   108  0      111   1858
  438     52    70   121  0      111   1843
  439    108    70    52  1      111     -1
  440    108   121    70  0      111   1854
  441    590   535   479  0      112   2922
  442    590   598   535  0      112   2462
  443    479   598   590  0      112   2902
  444    479   535   598  0      112    391
  445    783   709   784  0      113   3891
  446    783   769   709  0      113   3804
  447    784   769   783  0      113   3728
  448    784   709   769  0      113   3807
  449    247   286   365  0      114   1135
  450    247   234   286  0      114    914
  451    365   234   247  0      114   1173
  452    365   286   234  0      114    521
  453    401   375   373  0      115    416
  454    401   437   375  0      115    901
  455    373   437   401  0      115    798
  456    373   375   437  0      115    871
  457    213   297   252  0      116   2602
  458    213   211   297  0      116    303
  459    252   211   213  0      116   2107
  460    252   297   211  0      116   2631
  461    235   327   297  0      117   2200
  462    270   327   235  0      117   1684
  463    270   297   327  0      117   1682
  464    428   318   353  0      118    249
  465    428   332   318  0      118   1008
  466    353   332   428  0      118    869
  467    353   318   332  0      118    921
  468    219   142   278  0      119   1282
  469    219   247   142  0      119    158
  470    278   247   219  0      119   1187
  471    278   142   247  1      119     -1
  472    951   934   905  1      120     -1
  473    951   847   934  0      120   2799
  474    905   847   951  0      120   3100
  475    905   934   847  0      120   3073
  476    774   680   686  0      121   4589
  477    774   700   680  0      121   4587
  478    686   700   774  0      121   4522
  479    686   680   700  0      121   4584
  480    279   307   267  0      122    755
  481    279   308   307  1      122     -1
  482    267   308   279  1      122     -1
  483    267   307   308  0      122    711
  484    452   388   450  0      123   1491
  485    452   403   388  0      123    140
  486    450   403   452  0      123   1170
  487    450   388   403  0      123   1158
  488    545   505   465  0      124   1445
  489    545   628   505  0      124   2897
  490    465   628   545  0      124   4482
  491    465   505   628  0      124   4228
  492    513   583   468  0      125   2881
  493    513   486   583  0      125   1969
  494    468   486   513  0      125    390
  495    468   583   486  0      125    399
  496    876   922   854  0      126   3754
  497    876   843   922  0      126   3797
  498    854   843   876  0      126   4304
  499    854   922   843  0      126   4312
  500    962   909   939  1      127     -1
  501    962   880   909  0      127    401
  502    939   880   962  0      127   3775
  503    939   909   880  0      127   3747
  504    137   127   128  0      128    634
  505    231   127   137  0      128    491
  506    231   128   127  0      128    796
  507    540   533   452  0      129   4160
  508    540   463   533  0      129   4167
  509    452   463   540  0      129   4063
  510    452   533   463  0      129   4187
  511    111   121    70  0      130    142
  512    111    74   121  0      130   1885
  513     70    74   111  0      130   1085
  514     70   121    74  0      130   1854
  515    842   896   954  0      131   1466
  516    842   895   896  0      131   3934
  517    954   895   842  0      131   2034
  518    954   896   895  0      131   3508
  519    874   848   860  0      132   3684
  520    874   985   848  0      132   3706
  521    860   985   874  0      132   3412
  522    860   848   985  0      132   3657
  523    278   266   276  0      133   1092
  524    278   360   266  0      133   1317
  525    276   360   278  0      133   1122
  526    276   266   360  0      133   1176
  527    850   797   804  0      134   4468
  528    850   799   797  0      134   4444
  529    804   799   850  0      134   3013
  530    804   797   799  0      134   4341
  531    103     1   144  0      135   1873
  532    103    44     1  1      135     -1
  533    144    44   103  0      135   1365
  534    144     1    44  1      135     -1
  535    167   192   228  0      136   1068
  536    167   141   192  0      136   1037
  537    228   141   167  0      136    978
  538    228   192   141  0      136   1133
  539    218   294   276  0      137   1457
  540    218   374   294  0      137   1417
  541    276   374   218  0      137   1326
  542    276   294   374  0      137   1183
  543    618   690   659  0      138   2691
  544    618   584   690  0      138   2764
  545    659   584   618  0      138   2753
  546    659   690   584  0      138   2368
  547    359   266   314  0      139   1174
  548    359   360   266  0      139   1176
  549    314   360   359  0      139   1231
  550    314   266   360  0      139   1208
  551    403   388   365  0      140   1192
  552    365   452   403  0      140   1190
  553    365   388   452  0      140   1191
  554    422   391   355  0      141    383
  555    422   423   391  0      141   1755
  556    355   423   422  0      141   1515
  557    355   391   423  0      141   1551
  558    126   121    70  0      142   1843
  559    126   111   121  0      142   1872
  560     23    46    26  1      143     -1
  561     23   110    46  0      143   2188
  562     26   110    23  1      143     -1
  563     26    46   110  0      143   1712
  564    392   475   411  0      144   2532
  565    392   345   475  0      144   2199
  566    411   345   392  0      144    302
  567    411   475   345  0      144   2563
  568    180   129    41  0      145    654
  569    180    62   129  0      145    953
  570     41    62   180  0      145    651
  571     41   129    62  0      145    223
  572    605   672   539  0      146   3969
  573    605   673   672  0      146   3844
  574    539   673   605  0      146   3634
  575    539   672   673  0      146   3771
  576    175   199   288  0      147    883
  577    175   220   199  0      147    823
  578    288   220   175  0      147    754
  579    288   199   220  0      147    669
  580    956   854   829  0      148   4089
  581    956   815   854  1      148     -1
  582    829   815   956  0      148   3826
  583    829   854   815  0      148   3866
  584    715   762   761  0      149   3106
  585    715   809   762  0      149   2958
  586    761   809   715  0      149   3119
  587    761   762   809  0      149   3124
  588    133    33   101  0      150   1261
  589    133   113    33  0      150   1350
  590    101   113   133  0      150   1148
  591    101    33   113  0      150    954
  592    108    83   148  0      151   1840
  593    108    53    83  1      151     -1
  594    148    53   108  0      151   1852
  595    148    83    53  1      151     -1
  596    384   301   267  0      152    702
  597    267   298   384  0      152    720
  598    267   301   298  0      152    740
  599    311   234   365  0      153   1216
  600    311   197   234  0      153    179
  601    365   197   311  0      153   1093
  602    365   234   197  0      153   1073
  603    200   190   152  1      154     -1
  604    284   190   200  0      154   1136
  605    284   152   190  0      154   1879
  606    119    78    35  0      155   1281
  607    100    78   119  0      155    220
  608    100    35    78  1      155     -1
  609    355   396   314  0      156   1481
  610    355   441   396  0      156   1476
  611    314   441   355  0      156   1462
  612    314   396   441  0      156    203
  613    325   246   292  0      157   1181
  614    325   439   246  0      157   1313
  615    292   439   325  0      157   1228
  616    292   246   439  0      157   1278
  617    233   142   219  0      158   1121
  618    233   247   142  1      158     -1
  619    219   247   233  0      158   1066
  620    314   400   325  0      159   1436
  621    314   380   400  0      159   1444
  622    325   380   314  0      159   1368
  623    325   400   380  0      159   1426
  624    439   283   292  0      160   1278
  625    439   436   283  0      160   1273
  626    292   436   439  0      160    810
  627    892   783   848  0      161   3287
  628    892   880   783  0      161   4388
  629    848   880   892  0      161    461
  630    848   783   880  0      161   3869
  631    278   246   439  0      162   1307
  632    278   283   246  0      162   1277
  633    439   283   278  0      162   1274
  634    439   246   283  0      162   1278
  635    515   496   447  0      163   3166
  636    515   369   496  0      163   2370
  637    447   369   515  0      163    312
  638    447   496   369  0      163   3299
  639    491   562   529  0      164    503
  640    491   558   562  0      164   3803
  641    529   558   491  0      164    828
  642    529   562   558  0      164   2796
  643    240    57   101  1      165     -1
  644    240   135    57  1      165     -1
  645    101   135   240  0      165   1344
  646     24   123    85  1      166     -1
  647    119   123    24  0      166   1352
  648    119    85   123  0      166   1346
  649    558   610   611  0      167   4417
  650    558   639   610  0      167   4410
  651    611   639   558  0      167    870
  652    611   610   639  0      167   4406
  653    135   214   156  1      168     -1
  654    135   224   214  0      168   1303
  655    156   224   135  0      168   1238
  656    156   214   224  0      168   1280
  657    674   724   706  0      169   3889
  658    674   562   724  0      169   3875
  659    706   562   674  0      169   3814
  660    706   724   562  0      169   1498
  661    410   367   365  0      170   1197
  662    410   403   367  0      170    483
  663    365   403   410  0      170   1171
  664    365   367   403  0      170   1192
  665    100    99    95  1      171     -1
  666    100   113    99  0      171   1380
  667     95   113   100  0      171   1318
  668     95    99   113  0      171   1376
  669    357   482   462  0      172   1511
  670    357   422   482  0      172    889
  671    462   482   422  0      172   1388
  672    214   262   325  0      173   1160
  673    214   322   262  0      173    424
  674    325   322   214  0      173   1348
  675    325   262   322  0      173   1114
  676    117   212   296  0      174   2325
  677    117   168   212  0      174   2366
  678    296   168   117  0      174   2119
  679    296   212   168  0      174    997
  680    240   224   292  0      175   1096
  681    240   135   224  0      175   1321
  682    292   135   240  1      175     -1
  683    292   224   135  0      175   1303
  684    105   106   100  1      176     -1
  685    105   153   106  0      176   1201
  686    100   153   105  0      176    221
  687    100   106   153  0      176   1384
  688    632   619   586  0      177   2551
  689    632   698   619  0      177    641
  690    586   698   632  0      177    371
  691    586   619   698  0      177   3571
  692    186   192   141  0      178   1021
  693    186   197   192  0      178   1062
  694    141   197   186  0      178   1101
  695    141   192   197  0      178   1132
  696    261   234   311  0      179   1202
  697    261   197   234  0      179    955
  698    303   324   353  0      180    888
  699    303   375   324  0      180    922
  700    353   375   303  0      180    918
  701    353   324   375  0      180    703
  702    495   518   426  0      181    765
  703    495   384   518  0      181   2570
  704    426   384   495  0      181   4594
  705    426   518   384  0      181   4561
  706    306   309   329  0      182   2408
  707    306   236   309  0      182    239
  708    329   236   306  0      182   1730
  709    329   309   236  0      182   2419
  710    902   898   857  0      183   3418
  711    902   888   898  0      183    186
  712    857   888   902  1      183     -1
  713    857   898   888  0      183   3400
  714     70   111    48  0      184   1505
  715     48   147    70  0      184   1632
  716     48   111   147  0      184   1583
  717    872   978   975  0      185   3096
  718    872   835   978  0      185   2782
  719    975   835   872  0      185   3153
  720    975   978   835  0      185   2571
  721    902   899   898  0      186   3291
  722    888   899   902  1      186     -1
  723    888   898   899  0      186   2857
  724    510   569   540  0      187   3933
  725    510   563   569  0      187   4224
  726    540   563   510  0      187   4250
  727    540   569   563  0      187   4199
  728    407   324   335  0      188    818
  729    335   395   407  0      188    856
  730    335   324   395  0      188    938
  731    506   502   424  0      189   1771
  732    506   472   502  0      189   2453
  733    424   472   506  0      189   2667
  734    424   502   472  1      189     -1
  735    511   519   516  0      190    411
  736    511   666   519  0      190    475
  737    516   519   666  0      190   3936
  738    124   142   234  0      191   1137
  739    124   233   142  1      191     -1
  740    234   233   124  0      191   1156
  741    234   142   233  0      191   1121
  742    139   136   231  0      192   1057
  743    139   228   136  0      192    836
  744    231   228   139  0      192    785
  745    231   136   228  0      192    926
  746    141    65   139  0      193   1051
  747    141   136    65  0      193   1069
  748    139   136   141  0      193    836
  749    139    65   136  0      193    244
  750     34    88    60  1      194     -1
  751     34   155    88  0      194   1673
  752     60   155    34  0      194   1641
  753     60    88   155  0      194    923
  754    287   162   184  0      195    928
  755    209   162   287  0      195    731
  756    209   184   162  0      195   1370
  757    725   693   641  0      196   4575
  758    725   727   693  0      196   4570
  759    641   727   725  0      196   4261
  760    294   201   261  0      197   1574
  761    294   245   201  0      197   1581
  762    261   245   294  0      197    234
  763    261   201   245  0      197   1448
  764    257   334   132  1      198     -1
  765    257   256   334  0      198   1996
  766    132   256   257  0      198   1983
  767    132   334   256  0      198   1517
  768    377   453   344  0      199    626
  769    377   281   453  0      199    705
  770    344   281   377  0      199    630
  771    344   453   281  0      199    645
  772    458   612   444  0      200   2783
  773    458   654   612  0      200   2547
  774    444   654   458  1      200     -1
  775    444   612   654  0      200   2787
  776    640   672   775  1      201     -1
  777    640   673   672  0      201   3771
  778    775   673   640  0      201   3479
  779    775   672   673  0      201   4020
  780    379   249   394  0      202   1639
  781    379   275   249  0      202   1855
  782    394   275   379  0      202   1790
  783    394   249   275  0      202   1413
  784    314   396   374  0      203   1391
  785    374   441   314  0      203   1452
  786    374   396   441  0      203    425
  787    167   245   205  0      204   1579
  788    167   192   245  0      204   1663
  789    205   192   167  0      204   1068
  790    205   245   192  0      204    261
  791    119   262   218  0      205   1617
  792    119   227   262  0      205   1178
  793    218   227   119  0      205   1269
  794    218   262   227  0      205   1131
  795    284   265   314  0      206   1390
  796    284   355   265  0      206   1461
  797    314   355   284  0      206   1462
  798    314   265   355  0      206   1481
  799    119   262   158  0      207   1178
  800    119   208   262  0      207   1430
  801    158   208   119  0      207   1353
  802    158   262   208  0      207    892
  803    421   443   371  0      208   2111
  804    421   415   443  0      208    343
  805    371   415   421  0      208    250
  806    371   443   415  0      208    342
  807    365   533   452  0      209   4187
  808    365   542   533  0      209   3836
  809    452   542   365  0      209   4222
  810    452   533   542  0      209   4223
  811    421   445   415  0      210    343
  812    421   419   445  0      210   2246
  813    415   419   421  0      210    980
  814    415   445   419  0      210   2490
  815    758   745   691  0      211   3020
  816    758   833   745  0      211   2906
  817    691   833   758  0      211   4488
  818    691   745   833  0      211   4513
  819    288   242   180  0      212    920
  820    288   344   242  0      212   2285
  821    180   344   288  0      212    501
  822    180   242   344  0      212   2354
  823    358   537   415  0      213    668
  824    358   443   537  1      213     -1
  825    415   443   358  0      213    342
  826    415   537   443  0      213   2863
  827    575   634   646  0      214   3537
  828    575   596   634  0      214   1829
  829    646   596   575  0      214   3334
  830    646   634   596  0      214   1892
  831     13    41   137  0      215    624
  832     13    98    41  1      215     -1
  833    137    98    13  0      215    592
  834    137    41    98  0      215    623
  835    668   690   781  0      216   2794
  836    668   785   690  0      216   2582
  837    781   785   668  0      216   3128
  838    781   690   785  0      216   3134
  839    229   230   344  0      217    233
  840    180   230   229  0      217    652
  841    387   416   442  0      218   1509
  842    387   404   416  0      218   1557
  843    442   404   387  0      218   1589
  844    442   416   404  0      218   1711
  845    328   418   344  0      219    558
  846    328   320   418  1      219     -1
  847    344   320   328  0      219    543
  848    344   418   320  0      219    671
  849    100   153   119  0      220   1384
  850    100    78   153  0      220    221
  851    100    78   105  1      221     -1
  852    105    78   153  1      221     -1
  853     52    88    27  1      222     -1
  854     52   116    88  0      222   1680
  855     27   116    52  0      222   1084
  856     27    88   116  0      222    931
  857     62    25   129  0      223    952
  858     41    25    62  1      223     -1
  859     41   129    25  0      223    633
  860    460   471   464  0      224    226
  861    460   492   471  0      224   1813
  862    464   492   460  0      224   2117
  863    464   471   492  0      224   2595
  864    390   460   440  0      225   2552
  865    390   364   460  0      225   2598
  866    440   364   390  0      225   2559
  867    440   460   364  0      225   2589
  868    464   431   471  0      226   2569
  869    460   431   464  0      226   2117
  870    460   471   431  0      226   2567
  871    785   717   659  1      227     -1
  872    785   690   717  0      227    364
  873    659   690   785  0      227   2454
  874    659   717   690  0      227   2719
  875    591   571   661  0      228   2813
  876    591   704   571  1      228     -1
  877    661   704   591  0      228   2109
  878    661   571   704  0      228    332
  879    490   523   479  0      229   2872
  880    490   544   523  0      229   2766
  881    479   544   490  0      229   2505
  882    479   523   544  0      229   2738
  883    157   107   109  0      230   2079
  884    157    19   107  0      230    422
  885    109    19   157  0      230   2152
  886    109   107    19  1      230     -1
  887    390   508   500  0      231    370
  888    390   492   508  0      231    384
  889    500   492   390  0      231    367
  890    500   508   492  0      231   2455
  891     62    20   180  0      232    614
  892     31    20    62  1      232     -1
  893     31   180    20  0      232   2251
  894    344   229   320  0      233    543
  895    230   320   229  0      233    523
  896    294   304   245  0      234   1611
  897    261   304   294  0      234    520
  898    261   245   304  0      234   1607
  899      2   166    29  1      235     -1
  900    127    29   166  0      235   1056
  901    460   525   349  0      236   2825
  902    460   467   525  0      236   2745
  903    349   467   460  0      236   2608
  904    349   525   467  0      236   2833
  905    889   973   884  0      237   4652
  906    889   940   973  0      237   4724
  907    884   940   889  0      237   3011
  908    884   973   940  0      237   4331
  909     14   112   150  0      238   1009
  910     14    22   112  0      238   2255
  911    150    22    14  0      238    975
  912    150   112    22  0      238   2338
  913    206   309   306  0      239   2410
  914    206   236   309  0      239    766
  915    306   236   206  0      239   1730
  916    824   894   817  0      240   3219
  917    824   858   894  0      240   2990
  918    817   858   824  0      240   2896
  919    817   894   858  0      240   2989
  920    551   755   677  0      241   4708
  921    551   712   755  0      241   4740
  922    677   712   551  0      241   4680
  923    677   755   712  0      241    693
  924    215   164   349  0      242   2145
  925    215   183   164  0      242   2216
  926    349   183   215  0      242   2516
  927    349   164   183  0      242   2367
  928     86    96    22  1      243     -1
  929     86   118    96  0      243   2175
  930     22   118    86  0      243   2340
  931     22    96   118  0      243   2381
  932    139    65    17  0      244    929
  933     17    65   136  0      244   1013
  934    120   178   168  0      245   2371
  935    120     3   178  0      245   2291
  936    168     3   120  0      245   2324
  937    168   178     3  0      245   2322
  938     96    72   118  0      246   2384
  939     96    45    72  1      246     -1
  940    118    45    96  0      246   2175
  941    118    72    45  0      246   2337
  942    344   288   354  0      247   2285
  943    344   377   288  0      247    630
  944    354   377   344  0      247    642
  945    354   288   377  0      247    912
  946     41   129    81  0      248    644
  947     41    13   129  0      248    624
  948     81    13    41  1      248     -1
  949     81   129    13  0      248    583
  950    395   318   353  0      249    612
  951    395   428   318  0      249   1395
  952    353   428   395  0      249    885
  953    371   358   421  0      250   2492
  954    371   415   358  0      250    342
  955    421   358   415  0      250    704
  956    377   336   353  0      251    908
  957    377   288   336  0      251    912
  958    353   288   377  0      251    660
  959    353   336   288  0      251    905
  960    612   653   591  0      252    285
  961    612   525   653  0      252   2798
  962    591   525   612  0      252   2801
  963    591   653   525  0      252   2817
  964    162   187   119  0      253   1531
  965    162   218   187  0      253   1397
  966    119   218   162  0      253   1617
  967    119   187   218  0      253   1635
  968    419   445   433  0      254   2490
  969    419   468   445  0      254   2243
  970    433   468   419  0      254   2483
  971    433   445   468  0      254   2215
  972    250   215   251  0      255   2147
  973    250   185   215  0      255   2162
  974    251   185   250  0      255   2222
  975    251   215   185  0      255   2208
  976    483   505   482  0      256   4195
  977    483   558   505  0      256   4047
  978    482   558   483  0      256   3817
  979    482   505   558  0      256   2952
  980    540   621   531  0      257   1115
  981    563   621   540  0      257   4214
  982    563   531   621  0      257   3932
  983    345   337   222  0      258   2250
  984    345   411   337  0      258    302
  985    222   411   345  0      258   2530
  986    222   337   411  0      258   2540
  987    553   508   554  0      259   2103
  988    553   472   508  0      259   2440
  989    554   508   472  0      259   2098
  990    451   434   483  0      260   2443
  991    451   416   434  0      260   1702
  992    483   416   451  0      260    323
  993    483   434   416  0      260   1709
  994    205   245   277  0      261   1648
  995    277   192   205  0      261   1065
  996    277   245   192  0      261   1117
  997    373   375   446  0      262    910
  998    373   476   375  0      262    871
  999    446   476   373  0      262    848
 1000    446   375   476  0      262    909
 1001    401   324   335  0      263    938
 1002    401   375   324  0      263    939
 1003    335   375   401  0      263    416
 1004    335   324   375  0      263    628
 1005    220   228   207  0      264   1043
 1006    220   324   228  0      264    794
 1007    207   324   220  0      264    821
 1008    207   228   324  0      264    611
 1009    185   282   241  0      265   2504
 1010    185   255   282  0      265   2620
 1011    241   255   185  0      265   2218
 1012    241   282   255  0      265   2415
 1013    551   647   561  0      266   4497
 1014    551   677   647  0      266   4708
 1015    561   677   551  0      266   4618
 1016    561   647   677  0      266   4725
 1017    336   412   451  0      267   1536
 1018    336   309   412  0      267   2445
 1019    451   309   336  0      267   1374
 1020    451   412   309  0      267   2404
 1021    253   356   406  0      268   2045
 1022    253   305   356  0      268   2044
 1023    406   305   253  0      268   2009
 1024    406   356   305  0      268    326
 1025    157   122    19  0      269    422
 1026    157   168   122  0      269    270
 1027     19   168   157  0      269   1005
 1028     19   122   168  0      269   1752
 1029    168   178   157  0      270   2363
 1030    168   122   178  0      270   2322
 1031    157   178   122  0      270   1715
 1032    235   348   213  1      271     -1
 1033    235   297   348  0      271   2200
 1034    209   195   126  0      272   1871
 1035    209   147   195  0      272   1695
 1036    126   147   209  0      272   1499
 1037    126   195   147  0      272    300
 1038     69   130   250  0      273   2186
 1039     90   130    69  0      273   1909
 1040     90   250   130  0      273   2225
 1041    232   315   241  0      274   2642
 1042    232   313   315  0      274   2637
 1043    241   313   232  0      274   2535
 1044    241   315   313  0      274   2643
 1045    654   714   591  1      275     -1
 1046    654   715   714  0      275   3120
 1047    591   715   654  0      275   2709
 1048    591   714   715  0      275   2834
 1049    470   356   454  0      276   1849
 1050    454   515   470  0      276   1109
 1051    454   356   515  0      276   1968
 1052    821   811   845  0      277   3003
 1053    821   887   811  0      277   1699
 1054    845   887   821  0      277   3222
 1055    845   811   887  0      277    362
 1056    544   497   599  0      278   2597
 1057    544   537   497  0      278    516
 1058    599   497   537  0      278    351
 1059    431   464   479  0      279    365
 1060    431   478   464  0      279   2509
 1061    479   478   431  0      279   2463
 1062    479   464   478  0      279   1120
 1063    348   297   397  0      280   1706
 1064    397   342   348  0      280   2524
 1065    397   297   342  0      280   2364
 1066    122    46   157  0      281   2005
 1067    122   107    46  0      281    545
 1068    157   107   122  0      281    422
 1069    157    46   107  0      281   2155
 1070    345   390   364  0      282   2560
 1071    345   302   390  0      282   2558
 1072    364   302   345  0      282   2211
 1073    364   390   302  0      282   2598
 1074    299   431   349  0      283   2541
 1075    299   378   431  0      283   2467
 1076    349   378   299  0      283   2385
 1077    349   431   378  0      283    380
 1078    578   535   493  0      284   2741
 1079    578   464   535  0      284   2877
 1080    493   464   578  0      284   2723
 1081    493   535   464  0      284   2449
 1082    715   653   591  0      285   2592
 1083    715   612   653  0      285   2748
 1084    591   612   715  0      285   2709
 1085    215   364   280  0      286    336
 1086    215   251   364  0      286    445
 1087    280   251   215  0      286   2147
 1088    280   364   251  0      286    310
 1089    411   458   443  0      287   2533
 1090    411   440   458  0      287   2508
 1091    443   440   411  0      287    324
 1092    443   458   440  0      287   2213
 1093    268   317   221  0      288   2502
 1094    268   300   317  0      288   2514
 1095    221   300   268  0      288   1564
 1096    221   317   300  0      288   2244
 1097    302   282   255  0      289   2623
 1098    302   272   282  0      289   2615
 1099    255   272   302  0      289   2528
 1100    255   282   272  0      289   2614
 1101    241   313   252  0      290   1732
 1102    241   290   313  0      290   2525
 1103    252   290   241  0      290   2110
 1104    252   313   290  0      290   2650
 1105    195   225   147  0      291   1689
 1106    195   184   225  0      291   1107
 1107    147   184   195  0      291   1695
 1108    147   225   184  0      291   1000
 1109    379   191   346  0      292   1806
 1110    379   249   191  0      292   1855
 1111    346   249   379  0      292   1639
 1112    346   191   249  0      292   1865
 1113    257   256   160  0      293   1983
 1114    257   161   256  0      293   1791
 1115    160   161   257  0      293   1899
 1116    160   256   161  0      293   1984
 1117    479   431   349  0      294    380
 1118    479   421   431  0      294   2591
 1119    349   421   479  0      294    865
 1120    349   431   421  0      294   2609
 1121    354   317   289  0      295   2296
 1122    354   242   317  0      295    331
 1123    289   242   354  0      295   2286
 1124    289   317   242  0      295   2473
 1125    652   690   659  0      296   2454
 1126    652   668   690  0      296   2582
 1127    659   668   652  0      296   2714
 1128    659   690   668  0      296   2691
 1129    804   797   828  0      297   4468
 1130    804   774   797  0      297   2693
 1131    828   774   804  0      297   4319
 1132    828   797   774  0      297   4354
 1133    251   364   250  0      298    310
 1134    251   345   364  0      298   2163
 1135    250   345   251  0      298   2210
 1136    250   364   345  0      298   2521
 1137    928   898   899  0      299   3389
 1138    928   897   898  0      299   1971
 1139    899   897   928  0      299   3407
 1140    899   898   897  0      299   2857
 1141    126    70   147  0      300   1106
 1142    945   833   883  0      301   3012
 1143    945   916   833  0      301    396
 1144    883   916   945  0      301    556
 1145    883   833   916  0      301    429
 1146    392   337   345  0      302   1717
 1147    392   411   337  0      302   2537
 1148    211   297   270  0      303   2631
 1149    270   213   211  0      303   2116
 1150    550   596   575  0      304   2708
 1151    550   534   596  0      304   3547
 1152    575   534   550  0      304   3504
 1153    575   596   534  0      304   3558
 1154    566   525   460  0      305   2804
 1155    566   471   525  0      305   2805
 1156    460   471   566  0      305   2168
 1157    460   525   471  0      305   2745
 1158    773   778   734  0      306   3485
 1159    773   871   778  0      306   3473
 1160    734   871   773  0      306   3424
 1161    734   778   871  0      306   1993
 1162    864   914   901  0      307   3001
 1163    864   944   914  0      307    415
 1164    901   944   864  0      307    476
 1165    901   914   944  1      307     -1
 1166    738   653   715  0      308   2607
 1167    738   676   653  0      308   2924
 1168    715   676   738  0      308   2754
 1169    715   653   676  0      308   2748
 1170    855   864   808  0      309   3004
 1171    855   870   864  0      309   3007
 1172    808   870   855  0      309   3773
 1173    808   864   870  0      309   2944
 1174    280   364   250  0      310   2521
 1175    250   251   280  0      310   2147
 1176    397   548   429  0      311   2874
 1177    397   506   548  0      311   3255
 1178    429   506   397  0      311   2624
 1179    429   548   506  0      311   3244
 1180    447   580   515  0      312   3166
 1181    447   369   580  0      312   1977
 1182    515   580   369  0      312   3346
 1183    841   811   780  1      313     -1
 1184    841   887   811  0      313   2979
 1185    780   887   841  0      313   3249
 1186    780   811   887  0      313   1699
 1187    374   265   314  0      314   1391
 1188    374   218   265  0      314   1417
 1189    314   218   374  0      314   1291
 1190    314   265   218  0      314   1233
 1191    382   352   343  0      315   2652
 1192    382   299   352  0      315   2635
 1193    343   299   382  0      315   2469
 1194    343   352   299  0      315   2634
 1195    336   412   289  0      316   1769
 1196    336   354   412  0      316   2457
 1197    289   354   336  0      316   2284
 1198    289   412   354  0      316   2296
 1199    560   528   608  0      317    680
 1200    560   588   528  0      317    564
 1201    608   588   560  0      317   4230
 1202    608   528   588  0      317   4548
 1203    892   909   848  0      318    461
 1204    892   920   909  0      318   3732
 1205    848   920   892  0      318   3764
 1206    848   909   920  0      318   3767
 1207    287   265   209  0      319    731
 1208    287   355   265  0      319   1489
 1209    209   355   287  0      319   1710
 1210    209   265   355  0      319   1461
 1211    818   596   767  0      320   1782
 1212    818   788   596  0      320   1821
 1213    767   788   818  0      320   3500
 1214    767   596   788  0      320   3376
 1215    676   612   715  0      321   2748
 1216    676   703   612  0      321   2790
 1217    715   703   676  0      321   2754
 1218    715   612   703  0      321   2277
 1219    638   667   716  1      322     -1
 1220    638   666   667  0      322   4100
 1221    716   666   638  0      322   3929
 1222    716   667   666  0      322   3970
 1223    387   416   451  0      323   1702
 1224    387   483   416  0      323   1509
 1225    451   483   387  0      323   1534
 1226    440   411   371  0      324   2270
 1227    371   443   440  0      324   2111
 1228    371   411   443  0      324   2533
 1229    431   282   349  0      325   2640
 1230    431   302   282  0      325   2520
 1231    349   302   431  0      325   2594
 1232    349   282   302  0      325   2566
 1233    305   369   356  0      326   2043
 1234    406   369   305  0      326   1999
 1235    406   356   369  0      326   2019
 1236    513   583   590  0      327   2892
 1237    513   598   583  0      327   2900
 1238    590   598   513  0      327   2902
 1239    590   583   598  0      327   2851
 1240    451   434   387  0      328   1702
 1241    451   309   434  0      328   1731
 1242    387   309   451  0      328   2409
 1243    387   434   309  0      328    880
 1244    389   316   296  0      329   1003
 1245    389   454   316  0      329   1786
 1246    296   454   389  0      329   1478
 1247    860   961   903  0      330   3742
 1248    860   909   961  0      330   3660
 1249    903   909   860  0      330   3688
 1250    903   961   909  1      330     -1
 1251    323   317   354  0      331   2485
 1252    323   242   317  0      331   2495
 1253    354   242   323  0      331   1708
 1254    661   571   702  0      332   4705
 1255    702   704   661  0      332   3051
 1256    702   571   704  0      332   2778
 1257    418   530   453  0      333    535
 1258    418   520   530  1      333     -1
 1259    453   520   418  0      333   4728
 1260    453   530   520  0      333   4732
 1261    199   244   173  0      334   2303
 1262    199   216   244  0      334   2241
 1263    173   216   199  0      334   2326
 1264    173   244   216  0      334   2378
 1265    490   513   466  0      335    899
 1266    490   468   513  0      335   2828
 1267    466   468   490  0      335   2486
 1268    466   513   468  0      335    898
 1269    349   364   280  0      336   2187
 1270    349   215   364  0      336    770
 1271    280   215   349  0      336    700
 1272    453   375   446  0      337    909
 1273    453   377   375  0      337    820
 1274    446   377   453  0      337    705
 1275    446   375   377  0      337    911
 1276    894   944   966  0      338    514
 1277    894   858   944  0      338    500
 1278    966   858   894  0      338   2989
 1279    966   944   858  0      338   2907
 1280    595   692   694  0      339    675
 1281    595   680   692  0      339   4642
 1282    694   680   595  0      339   4623
 1283    694   692   680  0      339   4567
 1284    314   243   325  0      340    893
 1285    325   266   314  0      340   1208
 1286    325   243   266  0      340   1306
 1287    789   824   808  0      341   2969
 1288    789   855   824  0      341   3596
 1289    808   855   789  0      341   3753
 1290    808   824   855  0      341   2856
 1291    358   371   443  1      342     -1
 1292    445   443   421  0      343   2736
 1293    445   415   443  0      343   2864
 1294    618   676   668  0      344   2715
 1295    618   690   676  0      344   2764
 1296    668   690   618  0      344   2691
 1297    668   676   690  0      344   2794
 1298    734   651   622  0      345    421
 1299    734   747   651  0      345   3503
 1300    622   747   734  0      345   3351
 1301    622   651   747  0      345   3502
 1302    873   972   880  0      346   4036
 1303    873   869   972  0      346   4007
 1304    880   869   873  0      346   4005
 1305    880   972   869  0      346   3899
 1306    900   946   978  1      347     -1
 1307    900   872   946  0      347   3144
 1308    978   872   900  0      347   3096
 1309    978   946   872  0      347   2782
 1310    435   520   418  1      348     -1
 1311    435   514   520  0      348   2818
 1312    418   514   435  0      348   2611
 1313    418   520   514  0      348   4718
 1314    714   793   704  1      349     -1
 1315    714   790   793  0      349    437
 1316    704   790   714  0      349   3070
 1317    704   793   790  0      349   2956
 1318    443   497   445  0      350   2864
 1319    445   525   443  0      350   2736
 1320    445   497   525  0      350   2850
 1321    599   497   661  0      351   2866
 1322    661   537   599  0      351    679
 1323    661   497   537  0      351   2867
 1324    687   668   618  0      352    382
 1325    687   630   668  0      352   2791
 1326    618   630   687  0      352   2707
 1327    618   668   630  0      352   2712
 1328    813   891   890  0      353   4815
 1329    813   822   891  0      353   4806
 1330    890   822   813  0      353   4698
 1331    890   891   822  0      353   4773
 1332    618   553   554  0      354   2695
 1333    618   652   553  0      354   2689
 1334    554   652   618  0      354   2447
 1335    554   553   652  0      354   2688
 1336    790   792   661  0      355   3026
 1337    790   712   792  0      355   2994
 1338    661   712   790  0      355   3088
 1339    661   792   712  0      355   2810
 1340    445   497   415  0      356   2864
 1341    445   466   497  0      356   2772
 1342    415   466   445  0      356   2489
 1343    415   497   466  0      356   2779
 1344    599   644   523  0      357    452
 1345    599   572   644  0      357   2700
 1346    523   572   599  0      357   2444
 1347    523   644   572  0      357   2026
 1348    942   886   859  0      358   3662
 1349    942   882   886  0      358   3443
 1350    859   882   942  0      358   3446
 1351    859   886   882  0      358   3227
 1352    579   633   631  0      359   3313
 1353    579   581   633  0      359   3175
 1354    631   581   579  0      359   3273
 1355    631   633   581  0      359   3304
 1356    937   871   898  0      360   3484
 1357    937   928   871  0      360   3435
 1358    898   928   937  0      360   3408
 1359    898   871   928  0      360   3423
 1360    249   191   121  0      361   1204
 1361    249   195   191  0      361   1874
 1362    121   195   249  0      361   1808
 1363    121   191   195  0      361   1020
 1364    887   917   811  0      362   3243
 1365    845   917   887  0      362    432
 1366    845   811   917  1      362     -1
 1367    687   652   636  0      363    440
 1368    687   668   652  0      363    403
 1369    636   668   687  0      363    382
 1370    636   652   668  0      363   2713
 1371    703   717   785  0      364   3115
 1372    703   690   717  0      364   2719
 1373    785   690   703  0      364   3135
 1374    493   464   479  0      365   1120
 1375    493   431   464  0      365   2596
 1376    479   431   493  0      365   2590
 1377    507   551   561  0      366   4736
 1378    507   453   551  0      366   4710
 1379    561   453   507  0      366   4719
 1380    561   551   453  0      366   4711
 1381    390   460   492  0      367   2576
 1382    500   460   390  0      367   2562
 1383    500   492   460  0      367   1813
 1384    813   748   644  0      368   3034
 1385    813   746   748  0      368   3052
 1386    644   746   813  0      368    504
 1387    644   748   746  0      368   3036
 1388    345   302   280  0      369   2211
 1389    345   250   302  0      369   2556
 1390    280   250   345  0      369   2521
 1391    280   302   250  0      369   2526
 1392    390   481   500  0      370   2572
 1393    390   508   481  0      370   2430
 1394    698   655   586  0      371   3571
 1395    698   632   655  0      371   3975
 1396    586   655   632  0      371   3843
 1397    821   811   687  0      372   3258
 1398    821   689   811  0      372   3003
 1399    687   689   821  0      372   3177
 1400    687   811   689  0      372   3195
 1401    919   959   887  0      373   3193
 1402    919   875   959  0      373   3173
 1403    887   875   919  0      373   3422
 1404    887   959   875  0      373   3619
 1405    470   522   449  0      374   3515
 1406    470   576   522  0      374   3525
 1407    449   576   470  0      374   3329
 1408    449   522   576  0      374   3411
 1409    454   565   391  0      375   3603
 1410    454   389   565  0      375   2921
 1411    391   389   454  0      375   1777
 1412    391   565   389  0      375   3551
 1413    599   644   661  0      376   2705
 1414    599   624   644  0      376    452
 1415    661   624   599  0      376   2866
 1416    661   644   624  0      376    387
 1417    985   965   882  0      377   3692
 1418    985   886   965  0      377   3267
 1419    882   886   985  0      377   3729
 1420    882   965   886  0      377   3443
 1421    346   249   331  0      378   1850
 1422    346   330   249  0      378   1565
 1423    331   330   346  0      378   1845
 1424    331   249   330  0      378   1620
 1425    734   742   763  0      379   3399
 1426    734   741   742  0      379   3331
 1427    763   741   734  0      379   3349
 1428    479   378   349  0      380    865
 1429    479   431   378  0      380   2463
 1430    816   876   727  0      381   4269
 1431    816   756   876  0      381   4277
 1432    727   756   816  0      381   4286
 1433    727   876   756  0      381   4276
 1434    636   668   618  0      382   2713
 1435    618   687   636  0      382   2706
 1436    430   391   355  0      383   1693
 1437    430   422   391  0      383   1756
 1438    355   422   430  0      383   1490
 1439    472   508   390  0      384   2430
 1440    472   492   508  0      384   1591
 1441    390   492   472  0      384   2675
 1442    806   798   738  0      385   2974
 1443    806   803   798  0      385   2767
 1444    738   803   806  0      385   2105
 1445    738   798   803  0      385   3066
 1446    817   927   894  0      386   3213
 1447    817   885   927  0      386   2975
 1448    894   885   817  0      386   3219
 1449    894   927   885  0      386   3709
 1450    624   712   644  0      387   3032
 1451    661   712   624  0      387   2545
 1452    661   644   712  0      387   3037
 1453    784   861   769  0      388   4382
 1454    784   752   861  0      388   4327
 1455    769   752   784  0      388   2996
 1456    769   861   752  0      388   4408
 1457    808   833   758  0      389   2906
 1458    808   846   833  0      389   4433
 1459    758   846   808  0      389   2904
 1460    758   833   846  0      389   4490
 1461    419   513   468  0      390   2828
 1462    419   486   513  0      390   2459
 1463    468   486   419  0      390   2482
 1464    479   535   493  0      391   2871
 1465    493   598   479  0      391   2882
 1466    493   535   598  0      391   2741
 1467    492   553   566  0      392   2523
 1468    492   578   553  0      392   2588
 1469    566   578   492  0      392   2724
 1470    566   553   578  0      392   2568
 1471    966   958   858  0      393   2992
 1472    966   974   958  1      393     -1
 1473    858   974   966  0      393   2907
 1474    858   958   974  0      393   2806
 1475    885   821   932  0      394   3103
 1476    885   927   821  0      394   3202
 1477    932   927   885  0      394   2975
 1478    932   821   927  0      394   3221
 1479    781   845   785  0      395   3117
 1480    781   872   845  0      395   3184
 1481    785   872   781  0      395   3118
 1482    785   845   872  1      395     -1
 1483    846   833   945  0      396   3012
 1484    846   916   833  0      396   4431
 1485    945   916   846  0      396   2460
 1486    290   342   252  0      397   2632
 1487    290   255   342  0      397   2036
 1488    252   255   290  0      397   2110
 1489    252   342   255  0      397   2638
 1490    409   539   430  0      398   3332
 1491    409   405   539  0      398   3427
 1492    430   405   409  0      398   1792
 1493    430   539   405  0      398   3924
 1494    486   489   583  0      399   2883
 1495    468   489   486  0      399    712
 1496    468   583   489  0      399   2899
 1497    913   895   926  0      400   3452
 1498    913   911   895  0      400   3206
 1499    926   911   913  1      400     -1
 1500    926   895   911  0      400   3490
 1501    892   909   962  0      401   3732
 1502    892   880   909  0      401    461
 1503    962   880   892  0      401   3776
 1504    369   429   356  0      402   1738
 1505    515   429   369  0      402   2370
 1506    515   356   429  0      402   1968
 1507    668   652   689  0      403    439
 1508    689   687   668  0      403   3180
 1509    689   652   687  0      403    440
 1510    814   948   842  1      404     -1
 1511    814   863   948  0      404   4045
 1512    842   863   814  0      404   4010
 1513    842   948   863  0      404   3578
 1514    728   710   740  0      405   4096
 1515    728   722   710  0      405   3938
 1516    740   722   728  0      405   4011
 1517    740   710   722  0      405   1438
 1518    271   189   174  0      406   2064
 1519    271   181   189  0      406   2024
 1520    174   181   271  0      406   1750
 1521    174   189   181  0      406   2075
 1522    818   840   875  0      407   3724
 1523    818   733   840  0      407   3722
 1524    875   733   818  0      407   3592
 1525    875   840   733  0      407   2601
 1526    937   941   950  1      408     -1
 1527    937   874   941  0      408   2980
 1528    950   874   937  0      408   3480
 1529    950   941   874  0      408   3434
 1530    651   568   604  0      409   3236
 1531    651   640   568  0      409   3544
 1532    604   640   651  1      409     -1
 1533    604   568   640  0      409   1039
 1534    734   747   802  0      410   3252
 1535    734   778   747  0      410   3503
 1536    802   778   734  0      410   1993
 1537    802   747   778  1      410     -1
 1538    511   519   441  0      411   3877
 1539    441   516   511  0      411   3343
 1540    441   519   516  0      411   4130
 1541    490   544   421  0      412   2505
 1542    490   445   544  0      412   2766
 1543    421   445   490  0      412   2246
 1544    421   544   445  0      412   2718
 1545    709   655   567  0      413   1492
 1546    709   724   655  0      413   3915
 1547    567   724   709  0      413   3870
 1548    567   655   724  0      413   3827
 1549    827   775   832  0      414   3497
 1550    827   895   775  0      414   3425
 1551    832   895   827  0      414   3489
 1552    813   914   864  0      415   4814
 1553    813   944   914  0      415   2903
 1554    864   944   813  0      415   2962
 1555    335   375   373  0      416    946
 1556    373   401   335  0      416    839
 1557    669   711   754  0      417   4255
 1558    669   650   711  0      417   3790
 1559    754   650   669  0      417   4200
 1560    754   711   650  0      417   3931
 1561    673   733   596  0      418   3517
 1562    596   632   673  0      418   3250
 1563    596   733   632  0      418   3337
 1564    483   404   423  0      419   1558
 1565    483   387   404  0      419   1589
 1566    423   404   387  0      419    774
 1567    826   920   904  0      420   1570
 1568    826   983   920  0      420   3761
 1569    904   983   826  0      420    879
 1570    904   920   983  1      420     -1
 1571    622   778   651  0      421   3406
 1572    734   778   622  0      421   3487
 1573    734   651   778  0      421   3503
 1574     19   107   122  0      422   2069
 1575    519   536   521  0      423   3567
 1576    519   438   536  0      423   3903
 1577    521   438   519  0      423   1257
 1578    521   536   438  0      423   3937
 1579    208   262   214  0      424   1212
 1580    208   322   262  0      424   1114
 1581    214   322   208  1      424     -1
 1582    374   396   450  0      425   1163
 1583    450   441   374  0      425   1449
 1584    450   396   441  0      425   1469
 1585    648   601   739  1      426     -1
 1586    648   718   601  0      426   1194
 1587    739   718   648  0      426   4124
 1588    739   601   718  0      426   3744
 1589    614   629   727  0      427   4363
 1590    614   696   629  0      427   4531
 1591    727   696   614  0      427   4542
 1592    727   629   696  0      427   4299
 1593    898   818   875  0      428   3450
 1594    898   773   818  0      428   3483
 1595    875   773   898  0      428   3403
 1596    875   818   773  0      428   3592
 1597    883   833   915  0      429   4111
 1598    915   916   883  0      429    556
 1599    915   833   916  0      429    466
 1600    817   847   858  0      430   3065
 1601    817   958   847  0      430   3063
 1602    858   958   817  0      430   2992
 1603    858   847   958  0      430   2451
 1604    139   196   127  0      431   1059
 1605    139    29   196  1      431     -1
 1606    127    29   139  0      431    681
 1607    932   887   845  0      432   3222
 1608    932   917   887  0      432   3226
 1609    845   917   932  0      432   2934
 1610    548   524   549  0      433   3518
 1611    548   478   524  0      433   3409
 1612    549   478   548  0      433    750
 1613    549   524   478  0      433   3220
 1614    325   516   400  0      434   3460
 1615    325   441   516  0      434   3513
 1616    400   441   325  0      434   1436
 1617    400   516   441  0      434    486
 1618    646   634   597  0      435   3537
 1619    646   576   634  0      435   3527
 1620    597   576   646  0      435   3372
 1621    597   634   576  0      435   3530
 1622    649   753   602  0      436   4831
 1623    649   688   753  1      436     -1
 1624    602   688   649  0      436   4226
 1625    602   753   688  0      436   4828
 1626    800   793   714  1      437     -1
 1627    800   790   793  0      437   2836
 1628    714   790   800  0      437   3055
 1629    639   627   691  0      438   4251
 1630    639   583   627  0      438   4414
 1631    691   583   639  0      438   4491
 1632    691   627   583  0      438   4506
 1633    652   845   668  0      439   2978
 1634    652   689   845  1      439     -1
 1635    668   845   689  0      439   3138
 1636    689   652   636  1      440     -1
 1637    636   687   689  0      440   2666
 1638    516   666   603  0      441   3830
 1639    516   559   666  0      441   3908
 1640    603   559   516  0      441   4093
 1641    603   666   559  0      441   4031
 1642    219   234   276  0      442    465
 1643    172   234   219  0      442   1103
 1644    172   276   234  0      442   1167
 1645    667   707   716  1      443     -1
 1646    667   795   707  0      443   4066
 1647    716   795   667  0      443   3970
 1648    716   707   795  0      443   4104
 1649    360   420   374  0      444    862
 1650    360   359   420  0      444   1185
 1651    374   359   360  0      444   1231
 1652    374   420   359  0      444   1226
 1653    251   364   371  0      445   2276
 1654    371   215   251  0      445   2166
 1655    371   364   215  0      445    770
 1656    444   458   371  1      446     -1
 1657    444   411   458  0      446   2508
 1658    371   411   444  0      446   1555
 1659    371   458   411  0      446   2533
 1660    726   770   679  1      447     -1
 1661    726   647   770  0      447   4844
 1662    679   647   726  0      447   4753
 1663    679   770   647  0      447   4840
 1664    231   263   301  0      448    522
 1665    231   264   263  0      448    588
 1666    301   264   231  0      448    787
 1667    301   263   264  0      448    756
 1668    353   375   395  0      449    703
 1669    353   465   375  0      449    884
 1670    395   465   353  0      449    885
 1671    395   375   465  0      449    499
 1672    389   457   430  0      450   3541
 1673    389   409   457  0      450   1826
 1674    430   409   389  0      450   1681
 1675    430   457   409  0      450   3332
 1676    795   707   814  0      451   4104
 1677    795   718   707  0      451   4066
 1678    814   718   795  0      451   4103
 1679    814   707   718  0      451   4067
 1680    523   624   644  0      452   2702
 1681    599   624   523  0      452   2841
 1682    784   724   880  0      453   3898
 1683    784   744   724  0      453   3893
 1684    880   744   784  0      453   4030
 1685    680   694   608  0      454    843
 1686    680   730   694  0      454   4567
 1687    608   694   730  0      454   4551
 1688    696   730   867  0      455    554
 1689    696   810   730  0      455    941
 1690    867   810   696  0      455   4532
 1691    867   730   810  0      455    802
 1692    783   846   892  0      456   4388
 1693    783   758   846  0      456   3467
 1694    892   758   783  0      456   4420
 1695    892   846   758  0      456   2904
 1696    771   843   854  0      457   4304
 1697    771   839   843  0      457   4272
 1698    854   839   771  0      457   4256
 1699    854   843   839  0      457   4312
 1700    948   935   863  0      458   3979
 1701    948   981   935  1      458     -1
 1702    863   981   948  0      458   4045
 1703    863   935   981  0      458   3591
 1704    851   837   976  0      459   3017
 1705    851   867   837  0      459    544
 1706    976   867   851  0      459   3015
 1707    976   837   867  0      459   4348
 1708    977   924   939  1      460     -1
 1709    977   880   924  0      460   3718
 1710    939   880   977  0      460   3735
 1711    939   924   880  0      460   4383
 1712    848   880   909  0      461   3687
 1713    412   417   479  0      462    881
 1714    412   378   417  0      462   2513
 1715    479   378   412  0      462   1728
 1716    479   417   378  0      462   2278
 1717    208   262   325  0      463   1114
 1718    208   341   262  0      463   1211
 1719    325   341   208  0      463   1425
 1720    325   262   341  0      463   1418
 1721    711   816   725  0      464   4287
 1722    711   727   816  0      464   4286
 1723    725   727   711  0      464   4260
 1724    725   816   727  0      464   4371
 1725    247   276   219  0      465   1187
 1726    247   234   276  0      465   1173
 1727    219   234   247  0      465   1066
 1728    916   866   833  0      466   4376
 1729    915   866   916  0      466   4385
 1730    915   833   866  0      466   4111
 1731    639   677   644  0      467   4507
 1732    639   583   677  0      467   4491
 1733    644   583   639  0      467   2100
 1734    644   677   583  0      467   4486
 1735     48    70   116  0      468   1632
 1736     48    52    70  1      468     -1
 1737    116    52    48  0      468   1680
 1738    116    70    52  0      468   1088
 1739    451   546   491  0      469   2893
 1740    451   434   546  0      469   2625
 1741    491   434   451  0      469   2443
 1742    491   546   434  0      469   2912
 1743    650   563   660  0      470   3878
 1744    650   511   563  0      470   4168
 1745    660   511   650  0      470   4181
 1746    660   563   511  0      470   4249
 1747    815   637   807  1      471     -1
 1748    815   718   637  0      471   1196
 1749    807   718   815  0      471   4134
 1750    807   637   718  0      471   4101
 1751    984   893   825  1      472     -1
 1752    984   973   893  0      472   4461
 1753    825   973   984  0      472   4766
 1754    825   893   973  0      472   4855
 1755    489   505   583  0      473    749
 1756    489   627   505  0      473   3838
 1757    583   627   489  0      473   4476
 1758    583   505   627  0      473   4414
 1759    794   820   819  0      474   4851
 1760    794   973   820  0      474   4621
 1761    819   973   794  0      474   4854
 1762    819   820   973  0      474   4595
 1763    519   650   666  0      475   1259
 1764    519   511   650  0      475   4168
 1765    666   650   511  0      475   4052
 1766    901   944   858  0      476    500
 1767    858   864   901  0      476   3008
 1768    858   944   864  0      476   2962
 1769    944   912   974  1      477     -1
 1770    944   847   912  0      477   3047
 1771    974   847   944  0      477   3058
 1772    974   912   847  0      477   3085
 1773    627   505   691  0      478   4251
 1774    691   610   627  0      478   3851
 1775    691   505   610  0      478   3796
 1776    295   217   205  0      479   1111
 1777    295   207   217  0      479   1660
 1778    205   207   295  0      479   1577
 1779    205   217   207  0      479   1116
 1780    354   468   433  0      480   1588
 1781    354   377   468  0      480    907
 1782    433   377   354  0      480    642
 1783    433   468   377  0      480    748
 1784    917   919   887  0      481   3223
 1785    917   902   919  1      481     -1
 1786    887   902   917  0      481   3181
 1787    887   919   902  0      481   3421
 1788    247   372   278  1      482     -1
 1789    247   276   372  0      482   1182
 1790    278   276   247  0      482   1187
 1791    278   372   276  0      482   1198
 1792    403   367   463  0      483   1246
 1793    463   410   403  0      483   1171
 1794    463   367   410  0      483   1180
 1795    628   503   476  0      484   4558
 1796    628   528   503  0      484   4573
 1797    476   528   628  0      484   4517
 1798    476   503   528  0      484    759
 1799    622   733   646  0      485   3582
 1800    622   596   733  0      485   3510
 1801    646   596   622  0      485   1892
 1802    646   733   596  0      485   3337
 1803    441   538   516  0      486   3900
 1804    400   538   441  0      486   3956
 1805    400   516   538  0      486   3907
 1806    829   854   839  0      487   4088
 1807    829   807   854  0      487   3866
 1808    839   807   829  0      487   4151
 1809    839   854   807  0      487   4256
 1810    805   922   956  0      488   4050
 1811    805   854   922  0      488   3754
 1812    956   854   805  1      488     -1
 1813    956   922   854  0      488   4275
 1814    643   666   638  0      489   3928
 1815    643   710   666  0      489   4094
 1816    638   710   643  0      489   3740
 1817    638   666   710  0      489   3929
 1818    577   523   490  0      490   2840
 1819    577   497   523  0      490   2845
 1820    490   497   577  0      490   2771
 1821    137   301   127  0      491    791
 1822    137   231   301  0      491    566
 1823    127   301   231  0      491    787
 1824    299   434   343  0      492   1748
 1825    299   478   434  0      492    684
 1826    343   478   299  0      492   2469
 1827    343   434   478  0      492   1545
 1828    727   629   641  0      493   4363
 1829    727   684   629  0      493   4339
 1830    641   684   727  0      493   3455
 1831    641   629   684  0      493   4153
 1832    312   380   284  0      494   1363
 1833    312   341   380  1      494     -1
 1834    284   341   312  0      494   1414
 1835    284   380   341  0      494   1401
 1836    521   615   669  0      495   4176
 1837    521   621   615  0      495   1209
 1838    669   621   521  0      495   3863
 1839    669   615   621  0      495   4189
 1840    192   201   149  0      496    863
 1841    192   179   201  0      496   1168
 1842    149   179   192  0      496   1653
 1843    149   201   179  0      496   1572
 1844    207   220   318  0      497    821
 1845    207   165   220  0      497   1047
 1846    318   165   207  0      497    927
 1847    318   220   165  0      497    602
 1848    546   639   611  0      498    870
 1849    546   590   639  0      498   2725
 1850    611   590   546  0      498   2859
 1851    611   639   590  0      498    548
 1852    465   437   375  0      499    868
 1853    395   437   465  0      499   4510
 1854    395   375   437  0      499    901
 1855    901   894   858  0      500   3008
 1856    901   944   894  0      500    514
 1857    281   288   180  0      501    959
 1858    281   344   288  0      501    630
 1859    301   335   231  0      502    844
 1860    301   373   335  0      502    840
 1861    231   373   301  0      502    970
 1862    231   335   373  0      502    788
 1863    529   574   562  0      503   2796
 1864    491   574   529  0      503   3564
 1865    644   746   639  0      504   4507
 1866    639   813   644  0      504   2894
 1867    639   746   813  0      504   2957
 1868    301   307   267  0      505    702
 1869    301   137   307  0      505    569
 1870    267   137   301  0      505    740
 1871    267   307   137  0      505    730
 1872    933   976   949  1      506     -1
 1873    933   876   976  0      506   1161
 1874    949   876   933  0      506   4221
 1875    949   976   876  0      506   4145
 1876    848   783   764  0      507   3287
 1877    848   751   783  0      507   3731
 1878    764   751   848  0      507   2733
 1879    764   783   751  0      507   3759
 1880    855   870   901  0      508   1389
 1881    855   894   870  0      508   3007
 1882    901   894   855  0      508   3707
 1883    940   850   949  0      509   4438
 1884    940   828   850  0      509   3837
 1885    949   828   940  0      509   4342
 1886    949   850   828  0      509   4443
 1887    934   964   881  0      510   3109
 1888    934   951   964  1      510     -1
 1889    881   951   934  0      510   2799
 1890    881   964   951  1      510     -1
 1891    523   644   577  0      511   2702
 1892    523   598   644  0      511   2026
 1893    577   598   523  0      511   2816
 1894    577   644   598  0      511   2797
 1895    637   662   669  0      512   2960
 1896    637   615   662  1      512     -1
 1897    669   615   637  0      512   4182
 1898    669   662   615  0      512   4166
 1899    867   694   844  1      513     -1
 1900    867   730   694  0      513    554
 1901    844   730   867  0      513   4556
 1902    844   694   730  0      513   4335
 1903    901   944   966  1      514     -1
 1904    966   894   901  0      514   3715
 1905    624   551   577  0      515   4701
 1906    624   712   551  0      515   2750
 1907    577   712   624  0      515   4499
 1908    577   551   712  0      515   4680
 1909    525   497   544  0      516   2850
 1910    752   725   706  0      517   3543
 1911    752   769   725  0      517   2996
 1912    706   769   752  0      517   2870
 1913    706   725   769  0      517   3806
 1914    977   933   924  1      518     -1
 1915    977   816   933  0      518   4128
 1916    924   816   977  0      518   4281
 1917    924   933   816  0      518   4087
 1918    231   203   127  0      519   1054
 1919    231   196   203  0      519   1061
 1920    127   196   231  0      519   1058
 1921    261   304   311  0      520   1607
 1922    311   294   261  0      520   1001
 1923    311   304   294  0      520   1470
 1924    234   210   286  0      521   1155
 1925    365   210   234  0      521   1073
 1926    365   286   210  0      521    579
 1927    301   326   263  0      522    756
 1928    231   326   301  0      522    846
 1929    231   263   326  0      522    799
 1930    230   320   328  1      523     -1
 1931    328   229   230  0      523    557
 1932    328   320   229  0      523    543
 1933    786   692   730  0      524    567
 1934    786   694   692  1      524     -1
 1935    730   694   786  0      524   4335
 1936    730   692   694  0      524   4567
 1937     73    30    14  1      525     -1
 1938     73   150    30  0      525    887
 1939     14   150    73  0      525    976
 1940     14    30   150  0      525    975
 1941    373   503   384  0      526   4350
 1942    373   301   503  0      526    539
 1943    384   503   301  0      526   4616
 1944    263   228   231  0      527    948
 1945    263   335   228  0      527    577
 1946    231   335   263  0      527    799
 1947    231   228   335  0      527    933
 1948    755   796   825  0      528   4659
 1949    755   770   796  0      528   4843
 1950    825   770   755  0      528   4759
 1951    825   796   770  0      528   4326
 1952    288   220   353  0      529    669
 1953    353   375   288  0      529    660
 1954    353   220   375  0      529    918
 1955    129   229   198  0      530    653
 1956    129   238   229  0      530    960
 1957    198   238   129  0      530    603
 1958    198   229   238  0      530    604
 1959    137   307   166  0      531    730
 1960    137   264   307  0      531    569
 1961    166   264   137  0      531    790
 1962    166   307   264  1      531     -1
 1963    851   820   786  0      532   4849
 1964    851   844   820  0      532   4638
 1965    786   844   851  0      532   4320
 1966    786   820   844  1      532     -1
 1967    702   823   890  0      533   2895
 1968    702   792   823  0      533   4800
 1969    890   792   702  0      533   2993
 1970    890   823   792  0      533   3030
 1971    700   693   797  0      534   4233
 1972    700   774   693  0      534   4587
 1973    797   774   700  0      534   2693
 1974    797   693   774  0      534   4520
 1975    453   480   530  0      535   4733
 1976    418   480   453  0      535    638
 1977    418   530   480  0      535   4699
 1978    260   399   229  0      536    716
 1979    260   239   399  1      536     -1
 1980    229   239   260  0      536    661
 1981    229   399   239  0      536    537
 1982    229   399   328  0      537    692
 1983    328   239   229  0      537    557
 1984    328   399   239  1      537     -1
 1985    281   399   446  0      538    676
 1986    281   344   399  0      538    713
 1987    446   344   281  0      538    645
 1988    446   399   344  0      538    714
 1989    413   503   373  0      539   4582
 1990    413   301   503  0      539   4616
 1991    373   301   413  0      539    840
 1992    547   557   461  0      540   4469
 1993    547   384   557  0      540    723
 1994    461   384   547  0      540    783
 1995    461   557   384  0      540   4620
 1996    408   461   308  1      541     -1
 1997    408   384   461  0      541   4692
 1998    114    75    31  0      542    857
 1999    114     8    75  0      542   2230
 2000     31     8   114  0      542   1625
 2001     31    75     8  1      542     -1
 2002    328   344   229  0      543    673
 2003    851   844   837  0      544   4320
 2004    867   844   851  0      544   3015
 2005    867   837   844  0      544   4556
 2006    107    61   122  0      545   2195
 2007    107    46    61  1      545     -1
 2008    122    61    46  0      545   2206
 2009    656   692   592  1      546     -1
 2010    656   595   692  0      546   4640
 2011    592   595   656  0      546   4632
 2012    592   692   595  0      546    675
 2013    895   873   788  0      547   3540
 2014    895   896   873  0      547   3902
 2015    788   896   895  0      547   3919
 2016    788   873   896  0      547   4002
 2017    671   639   590  0      548   2942
 2018    671   611   639  0      548   2928
 2019    590   611   671  0      548   2935
 2020     41    81   171  0      549    644
 2021      4    81    41  1      549     -1
 2022      4   171    81  1      549     -1
 2023    851   828   804  0      550   4244
 2024    851   884   828  0      550   4340
 2025    804   884   851  0      550   4648
 2026    804   828   884  0      550   3751
 2027    945   861   918  0      551   3563
 2028    945   960   861  0      551   3010
 2029    918   960   945  1      551     -1
 2030    918   861   960  0      551   4334
 2031    692   777   786  1      552     -1
 2032    692   723   777  0      552   4307
 2033    786   723   692  0      552   4666
 2034    786   777   723  0      552   4848
 2035    556   589   592  1      553     -1
 2036    556   595   589  0      553   4630
 2037    592   595   556  0      553    781
 2038    592   589   595  0      553   4632
 2039    696   694   867  1      554     -1
 2040    696   730   694  0      554   4551
 2041    413   503   384  0      555   4616
 2042    413   326   503  0      555   4626
 2043    384   326   413  0      555    842
 2044    384   503   326  0      555   4591
 2045    945   915   916  1      556     -1
 2046    883   915   945  0      556   4330
 2047    230   239   229  0      557    656
 2048    328   239   230  1      557     -1
 2049    328   399   344  0      558    713
 2050    328   418   399  1      558     -1
 2051    344   399   418  0      558    714
 2052    455   273   291  1      559     -1
 2053    455   381   273  0      559   1049
 2054    291   273   381  0      559   1153
 2055    267   226   166  0      560    586
 2056    248   226   267  1      560     -1
 2057    248   166   226  1      560     -1
 2058    384   298   293  0      561    720
 2059    384   351   298  0      561    745
 2060    293   351   384  0      561    758
 2061    293   298   351  0      561    744
 2062    166   154   137  0      562    584
 2063      0   154   166  1      562     -1
 2064      0   137   154  0      562    589
 2065     50   129    41  0      563    617
 2066     50    98   129  0      563    571
 2067     41    98    50  1      563     -1
 2068     41   129    98  0      563    623
 2069    588   528   455  0      564    801
 2070    455   560   588  1      564     -1
 2071    545   505   627  0      565   2897
 2072    545   664   505  0      565   4183
 2073    627   664   545  0      565   4329
 2074    137   298   301  0      566    740
 2075    231   298   137  0      566    665
 2076    231   301   298  0      566    572
 2077    730   680   692  0      567   4567
 2078    786   680   730  0      567   4563
 2079    786   692   680  0      567   4666
 2080    546   505   451  0      568   1504
 2081    546   483   505  0      568   4047
 2082    451   483   546  0      568   2893
 2083    451   505   483  0      568   1548
 2084    264   307   301  0      569    741
 2085    301   137   264  0      569    791
 2086    129   238   231  0      570    737
 2087    129   128   238  0      570    934
 2088    231   238   128  0      570    916
 2089    128   129    50  0      571    617
 2090    128    98   129  0      571    636
 2091     50    98   128  0      571    936
 2092    231   301   238  0      572    969
 2093    238   298   231  0      572    737
 2094    238   301   298  0      572    971
 2095    198   129   137  0      573    603
 2096    198    13   129  0      573    583
 2097    137    13   198  0      573    581
 2098    137   129    13  0      573    624
 2099    193   285   182  0      574   2498
 2100    193   215   285  0      574   2497
 2101    182   215   193  0      574   2229
 2102    182   285   215  0      574   2292
 2103    433   468   466  0      575   2215
 2104    433   453   468  0      575    748
 2105    466   453   433  0      575    639
 2106    466   468   453  0      575    763
 2107     58    64   145  0      576   1022
 2108     58    91    64  1      576     -1
 2109    145    64    91  0      576    824
 2110    291   228   263  0      577    949
 2111    291   335   228  0      577    964
 2112    263   335   291  0      577    834
 2113    128    64    50  0      578   1046
 2114    128   145    64  0      578    580
 2115     50   145   128  0      578    874
 2116     50    64   145  0      578   1052
 2117    210   273   286  0      579   1032
 2118    365   273   210  0      579   1119
 2119    365   286   273  0      579   4535
 2120    128   136    64  0      580   1046
 2121    145   136   128  0      580   1050
 2122    145    64   136  0      580   1028
 2123    137   171   198  0      581    663
 2124    137    13   171  0      581    662
 2125    198   171    13  0      581    625
 2126      2    17   137  0      582    594
 2127    198    13    81  0      583    625
 2128    166   226   137  0      584    586
 2129    154   226   166  1      584     -1
 2130    154   137   226  0      584    585
 2131    154   137   267  0      585    590
 2132    267   226   154  1      585     -1
 2133    267   137   226  0      585    586
 2134    267   137   166  0      586    730
 2135    139   223   231  0      587    785
 2136    139   196   223  1      587     -1
 2137    231   196   139  0      587   1057
 2138    231   223   196  0      587   1061
 2139    264   223   231  0      588   1060
 2140    264   263   223  1      588     -1
 2141    231   223   263  0      588    948
 2142      0    13   154  1      589     -1
 2143      0   137    13  0      589    595
 2144    154    13   137  0      589    590
 2145    137   267    13  0      590    659
 2146    154    13   267  1      590     -1
 2147    199   244   288  0      591   2241
 2148    199   336   244  0      591   2396
 2149    288   336   199  0      591    958
 2150    288   244   336  0      591   2112
 2151     98    13    17  1      592     -1
 2152     17    13   137  0      592    594
 2153    575   697   646  0      593   3600
 2154    575   597   697  0      593   3586
 2155    646   597   575  0      593   3537
 2156    646   697   597  0      593   1866
 2157    137     2    13  0      594    595
 2158     17    13     2  1      594     -1
 2159      2    13     0  1      595     -1
 2160    199   114   145  0      596   2395
 2161    199   175   114  0      596   2204
 2162    145   175   199  0      596    823
 2163    145   114   175  0      596   2177
 2164    150   206   173  0      597   2373
 2165    150   318   206  0      597   1543
 2166    173   318   150  0      597   1608
 2167    173   206   318  0      597   2350
 2168    112   244   159  0      598   2157
 2169    112   216   244  0      598   2378
 2170    159   216   112  0      598   2239
 2171    159   244   216  0      598   2150
 2172    290   282   431  0      599   2527
 2173    290   460   282  0      599   2617
 2174    431   460   290  0      599   2561
 2175    431   282   460  0      599   2520
 2176     25   128    41  0      600    633
 2177     25    50   128  0      600    874
 2178     41    50    25  1      600     -1
 2179     41   128    50  0      600    617
 2180    220   199   353  0      601    669
 2181    220   303   199  0      601    685
 2182    353   303   220  0      601    918
 2183    353   199   303  0      601    819
 2184    318   220   303  0      602    667
 2185    303   165   318  0      602    984
 2186    303   220   165  0      602    685
 2187    129   137   238  0      603    619
 2188    198   238   137  0      603    727
 2189    198   298   238  0      604    727
 2190    198   229   298  0      604    732
 2191    238   298   229  0      604    772
 2192     20     8    38  1      605     -1
 2193     20   176     8  0      605   2302
 2194     38   176    20  0      605   2282
 2195     38     8   176  0      605   2242
 2196    381   228   277  0      606    835
 2197    381   291   228  0      606    964
 2198    277   291   381  0      606   1153
 2199    277   228   291  0      606   1040
 2200    175   220   238  0      607    809
 2201    175   128   220  0      607    935
 2202    238   128   175  0      607    934
 2203    238   220   128  0      607    916
 2204    602   675   582  0      608   4645
 2205    602   649   675  0      608   4226
 2206    582   649   602  0      608   4688
 2207    582   675   649  0      608   4677
 2208    486   513   451  0      609    795
 2209    486   412   513  0      609   2789
 2210    451   412   486  0      609   1744
 2211    451   513   412  0      609   1747
 2212    432   545   465  0      610   1445
 2213    432   395   545  0      610   4504
 2214    465   545   395  0      610   4510
 2215    207   228   205  0      611    937
 2216    205   324   207  0      611   1577
 2217    205   228   324  0      611    683
 2218    395   324   353  0      612    703
 2219    395   318   324  0      612   1519
 2220    353   324   318  0      612    888
 2221    173   150   207  0      613   1610
 2222    173   165   150  0      613   1010
 2223    207   165   173  0      613    927
 2224    207   150   165  0      613    974
 2225     20   180    93  0      614   2274
 2226     93    62    20  1      614     -1
 2227     93   180    62  0      614    621
 2228    222   337   250  0      615   2250
 2229    222   146   337  1      615     -1
 2230    250   337   146  0      615   2536
 2231    185    61    90  0      616   2084
 2232    185   130    61  0      616   2153
 2233     90   130   185  0      616   2225
 2234    128   129    41  0      617    633
 2235    220   136   165  0      618   1034
 2236    220   167   136  0      618   1042
 2237    165   167   220  0      618   1047
 2238    165   136   167  0      618   1036
 2239    238   298   137  0      619    727
 2240    238   129   298  0      619    737
 2241    137   298   129  0      619    665
 2242    528   595   680  0      620   4544
 2243    528   503   595  0      620    674
 2244    680   503   528  0      620   4573
 2245    680   595   503  0      620    647
 2246     66   180    62  0      621    649
 2247     66    93   180  0      621    648
 2248     62    93    66  1      621     -1
 2249    176   268   140  0      622   1473
 2250    176   183   268  0      622   2314
 2251    140   183   176  0      622   2312
 2252    140   268   183  0      622   2377
 2253     41   129   137  0      623    624
 2254    137   129    98  0      623    635
 2255     13    81   171  1      625     -1
 2256    377   453   433  0      626    748
 2257    433   344   377  0      626    642
 2258    433   453   344  0      626    639
 2259    426   530   480  0      627   4727
 2260    426   399   530  1      627     -1
 2261    480   399   426  0      627    694
 2262    480   530   399  0      627   4699
 2263    324   220   335  0      628    794
 2264    324   375   220  0      628    922
 2265    335   220   375  0      628    946
 2266    288   375   377  0      629    660
 2267    377   281   288  0      629    630
 2268    377   375   281  0      629    911
 2269    137   293   198  0      631    722
 2270    137   260   293  0      631    734
 2271    198   260   137  0      631    663
 2272    198   293   260  0      631    746
 2273    199   173   165  0      632    983
 2274    199   145   173  0      632   1007
 2275    165   145   199  0      632    957
 2276    165   173   145  0      632   1011
 2277     25   128   129  0      633    858
 2278    127   129   137  0      634    635
 2279    127   128   129  0      634    636
 2280    127   129    98  0      635    636
 2281    127   128    98  0      636   1031
 2282    455   413   381  0      637   4323
 2283    455   326   413  0      637   4550
 2284    381   413   326  0      637    841
 2285    418   480   446  0      638    718
 2286    446   453   418  0      638    708
 2287    466   344   433  0      639   2425
 2288    466   453   344  0      639   2475
 2289    615   531   521  0      640   1209
 2290    615   601   531  1      640     -1
 2291    521   601   615  0      640   4176
 2292    521   531   601  0      640   1134
 2293    708   619   632  0      641   1550
 2294    708   698   619  0      641   3887
 2295    632   698   708  0      641   3507
 2296    433   344   354  0      642   2481
 2297    129    41   171  0      643    644
 2298    198    41   129  0      643    653
 2299    198   171    41  0      643    657
 2300    344   453   446  0      645    708
 2301    446   453   281  0      645    705
 2302    182   151   193  0      646   2498
 2303    182    16   151  0      646   2248
 2304    193    16   182  0      646   2167
 2305    193   151    16  1      646     -1
 2306    680   595   686  0      647    764
 2307    686   503   680  0      647   4617
 2308    686   595   503  0      647   4661
 2309    180   171    93  0      648   2272
 2310    180    66   171  0      648    649
 2311     93   171    66  1      648     -1
 2312    180    62   171  0      649    651
 2313     66   171    62  0      649    650
 2314     41    62    66  1      650     -1
 2315     41   171    62  0      650    651
 2316     41   171   180  0      651    658
 2317    171   229   180  0      652    658
 2318    171   230   229  0      652    656
 2319    180   230   171  0      652   2273
 2320     41   229   198  0      653    657
 2321     41   129   229  0      653    654
 2322    180   229    41  0      654    658
 2323    180   129   229  0      654    961
 2324    198   229   171  0      655    657
 2325    198   239   229  0      655    661
 2326    171   239   198  0      655    664
 2327    171   229   239  0      655    656
 2328    171   230   239  1      656     -1
 2329     41   229   171  0      657    658
 2330     13   260   267  1      659     -1
 2331     13   137   260  0      659    662
 2332    267   260   137  0      659    734
 2333    353   375   377  0      660    884
 2334    239   260   198  0      661    664
 2335    198   260   229  0      661    732
 2336    171   260    13  1      662     -1
 2337    171   137   260  0      662    663
 2338    198   260   171  0      663    664
 2339    171   239   260  1      664     -1
 2340    231   298   129  0      665    737
 2341    349   317   421  0      666   2491
 2342    349   323   317  0      666   2517
 2343    421   323   349  0      666   2507
 2344    303   324   220  0      667    922
 2345    318   324   303  0      667    888
 2346    318   220   324  0      667    821
 2347    435   537   415  0      668   2846
 2348    435   358   537  1      668     -1
 2349    415   358   435  0      668   2299
 2350    288   199   353  0      669    819
 2351    421   285   371  0      670   2492
 2352    421   215   285  0      670   2494
 2353    371   215   421  0      670    699
 2354    371   285   215  0      670   2497
 2355    344   418   363  0      671   2398
 2356    363   418   320  1      671     -1
 2357    551   600   514  0      672   2824
 2358    551   520   600  0      672   4731
 2359    514   520   551  0      672   4673
 2360    514   600   520  0      672   4722
 2361    344   281   328  0      673    713
 2362    328   281   229  0      673    692
 2363    560   595   528  0      674    680
 2364    560   503   595  0      674   4628
 2365    528   503   560  0      674   3808
 2366    592   694   595  0      675   4623
 2367    592   692   694  1      675     -1
 2368    281   298   446  0      676    776
 2369    281   399   298  0      676    725
 2370    446   298   399  0      676    736
 2371    293   298   260  0      677    746
 2372    293   370   298  0      677    744
 2373    260   370   293  1      677     -1
 2374    260   298   370  0      677    738
 2375    607   520   571  1      678     -1
 2376    607   514   520  0      678   4722
 2377    571   514   607  0      678   4716
 2378    571   520   514  0      678    698
 2379    661   537   591  0      679   2813
 2380    591   599   661  0      679   2726
 2381    591   537   599  0      679   2613
 2382    560   595   608  0      680    715
 2383    608   595   528  0      680   4544
 2384    139    17    29  0      681    929
 2385    159   300   237  0      682   2372
 2386    159   221   300  0      682   2407
 2387    237   221   159  0      682   2333
 2388    237   300   221  0      682   1006
 2389    277   228   324  0      683    951
 2390    277   205   228  0      683   1065
 2391    324   205   277  0      683   1648
 2392    478   434   378  0      684   2414
 2393    378   299   478  0      684   2467
 2394    378   434   299  0      684   1748
 2395    303   199   165  0      685    983
 2396    165   199   220  0      685    957
 2397    275   249   350  0      686   1413
 2398    275   269   249  0      686   1869
 2399    350   269   275  0      686   1800
 2400    350   249   269  0      686   1621
 2401    236   296   343  0      687   2149
 2402    321   296   236  0      687   1739
 2403    321   343   296  0      687   1427
 2404    134   285   230  1      688     -1
 2405    230   176   134  0      688   2259
 2406    230   285   176  0      688   2493
 2407    116    55   147  0      689   2331
 2408    116    48    55  0      689   2189
 2409    147    48   116  0      689   1632
 2410    147    55    48  0      689   2287
 2411    151     8   182  0      690   2290
 2412    151   176     8  0      690   2242
 2413    182   176   151  0      690   2480
 2414    182     8   176  0      690   2309
 2415    147    55   118  0      691   2331
 2416     36    55   147  0      691   2287
 2417     36   118    55  0      691   1944
 2418    328   281   399  0      692    713
 2419    229   399   281  0      692    716
 2420    712   768   755  0      693   4726
 2421    677   768   712  0      693    895
 2422    677   755   768  0      693   4769
 2423    399   426   446  0      694    733
 2424    446   480   399  0      694    718
 2425    556   557   547  0      695    747
 2426    556   503   557  0      695    724
 2427    547   503   556  0      695   4627
 2428    547   557   503  0      695    723
 2429    176   114   180  0      696   2281
 2430    176    20   114  0      696   2302
 2431    180    20   176  0      696   2253
 2432    180   114    20  0      696   2251
 2433    202   193    49  1      697     -1
 2434    202   182   193  0      697   2229
 2435     49   182   202  0      697   2240
 2436     49   193   182  0      697   2167
 2437    537   520   514  0      698   2818
 2438    537   571   520  1      698     -1
 2439    514   571   537  0      698   2869
 2440    371   215   349  0      699    770
 2441    349   421   371  0      699   1019
 2442    349   215   421  0      699   2507
 2443    232   215   349  0      700   2145
 2444    232   280   215  0      700   2262
 2445    349   280   232  0      700   2593
 2446    653   704   661  0      701   2109
 2447    653   761   704  0      701   2606
 2448    661   761   653  0      701   2191
 2449    661   704   761  0      701   3089
 2450    384   307   267  0      702    711
 2451    384   301   307  0      702    741
 2452    395   324   375  0      703    939
 2453    421   285   415  0      704   2512
 2454    421   358   285  0      704   2492
 2455    415   285   358  0      704   2511
 2456    446   377   281  0      705    911
 2457    665   626   613  1      706     -1
 2458    665   647   626  0      706   4723
 2459    613   647   665  0      706   4747
 2460    613   626   647  0      706   4755
 2461    339   323   363  0      707    742
 2462    339   320   323  0      707   2077
 2463    363   320   339  1      707     -1
 2464    418   344   453  0      708   2476
 2465    446   344   418  0      708    714
 2466    514   497   415  0      709   2779
 2467    514   537   497  0      709   2869
 2468    415   537   514  0      709   2846
 2469    415   497   537  0      709   2863
 2470    306   188   206  0      710   1521
 2471    306   329   188  0      710   1666
 2472    206   329   306  0      710   1730
 2473    206   188   329  0      710   1726
 2474    267   384   308  0      711    729
 2475    468   465   486  0      712   2465
 2476    489   465   468  0      712   2899
 2477    489   486   465  0      712   2423
 2478    418   446   399  0      714    718
 2479    592   595   608  0      715   4581
 2480    592   560   595  0      715    781
 2481    608   560   592  0      715   4541
 2482    260   281   229  0      716    771
 2483    260   399   281  0      716    725
 2484    414   361   306  0      717   1541
 2485    414   387   361  0      717   1584
 2486    306   387   414  0      717   1582
 2487    306   361   387  0      717   1535
 2488    418   480   399  0      718   4699
 2489    413   407   381  0      719   4612
 2490    413   395   407  0      719    853
 2491    381   407   395  0      719    856
 2492    267   293   384  0      720    758
 2493    267   298   293  0      720    743
 2494    866   822   746  0      721   4743
 2495    866   830   822  0      721   4788
 2496    746   830   866  0      721   3779
 2497    746   822   830  0      721   4777
 2498    137   298   198  0      722    727
 2499    137   293   298  0      722    743
 2500    198   298   293  0      722    746
 2501    384   503   547  0      723   4593
 2502    384   557   503  0      723    724
 2503    384   556   503  0      724   4591
 2504    384   557   556  0      724   4564
 2505    399   298   260  0      725    738
 2506    260   298   281  0      725    771
 2507    602   620   547  0      726   4687
 2508    602   557   620  0      726   4636
 2509    547   557   602  0      726   4596
 2510    547   620   557  0      726   4220
 2511    376   510   482  0      728   4196
 2512    376   432   510  0      728   4237
 2513    482   432   376  0      728   1603
 2514    482   510   432  0      728   4362
 2515    267   368   308  1      729     -1
 2516    267   384   368  0      729    751
 2517    287   265   162  0      731   1606
 2518    209   162   265  0      731    890
 2519    260   298   198  0      732    746
 2520    260   229   298  0      732    771
 2521    399   370   446  0      733    736
 2522    399   426   370  1      733     -1
 2523    446   370   426  0      733    762
 2524    260   293   267  1      734     -1
 2525    267   293   137  0      734    743
 2526    384   298   370  0      735    745
 2527    384   446   298  0      735    739
 2528    370   446   384  0      735    762
 2529    370   298   446  0      735    736
 2530    399   370   298  0      736    738
 2531    260   399   370  1      738     -1
 2532    298   373   446  0      739    776
 2533    446   373   384  0      739    814
 2534    137   298   267  0      740    743
 2535    264   307   384  0      741    815
 2536    384   301   264  0      741    817
 2537    415   323   363  0      742   2142
 2538    415   339   323  0      742   2146
 2539    363   339   415  0      742   2446
 2540    370   351   293  1      744     -1
 2541    370   298   351  0      744    745
 2542    370   384   351  0      745    760
 2543    595   557   547  0      747   4596
 2544    595   556   557  0      747   4630
 2545    547   556   595  0      747   4627
 2546    377   453   468  0      748    797
 2547    583   546   505  0      749   3794
 2548    489   546   583  0      749   2883
 2549    489   505   546  0      749   1504
 2550    549   535   548  0      750   2861
 2551    478   535   549  0      750   2890
 2552    478   548   535  0      750   3308
 2553    368   351   384  0      751    760
 2554    267   351   368  1      751     -1
 2555    267   384   351  0      751    758
 2556    368   384   370  0      752    760
 2557    370   408   368  1      752     -1
 2558    370   384   408  0      752    761
 2559    957   820   973  0      753   4670
 2560    957   851   820  0      753   4638
 2561    973   851   957  0      753   4742
 2562    973   820   851  0      753   4595
 2563    281   175   288  0      754    959
 2564    281   220   175  0      754    809
 2565    248   279   307  1      755     -1
 2566    267   279   248  1      755     -1
 2567    264   326   263  1      756     -1
 2568    301   326   264  0      756    817
 2569    365   277   407  0      757    792
 2570    311   277   365  0      757   1093
 2571    311   407   277  0      757    851
 2572    267   293   351  1      758     -1
 2573    476   503   437  0      759   4572
 2574    437   528   476  0      759   4517
 2575    437   503   528  0      759   3850
 2576    370   368   351  1      760     -1
 2577    426   384   408  0      761   4561
 2578    426   370   384  0      761    762
 2579    408   370   426  1      761     -1
 2580    446   384   426  0      762   4594
 2581    466   507   453  0      763   4712
 2582    466   468   507  0      763   4717
 2583    453   507   468  0      763   4710
 2584    686   602   595  0      764   2735
 2585    680   602   686  0      764   4654
 2586    680   595   602  0      764   4642
 2587    480   518   426  0      765   4671
 2588    480   495   518  0      765   4643
 2589    206   237   309  0      766   1421
 2590    236   237   206  0      766   2156
 2591    236   309   237  0      766   2283
 2592    545   505   610  0      767   4466
 2593    545   482   505  0      767    854
 2594    610   482   545  0      767   4483
 2595    610   505   482  0      767   2952
 2596     99   162   100  0      768   1309
 2597     99   106   162  0      768   1486
 2598    100   106    99  1      768     -1
 2599    100   162   106  0      768    793
 2600     40    11    58  1      769     -1
 2601     40   141    11  0      769   1064
 2602     58   141    40  0      769   1072
 2603     58    11   141  0      769   1671
 2604    371   364   349  0      770    963
 2605    281   229   298  0      771    772
 2606    238   281   229  0      772    966
 2607    238   298   281  0      772    778
 2608    153   162   119  0      773   1539
 2609    153   284   162  0      773   1619
 2610    119   162   284  0      773    989
 2611    387   329   404  0      774   1557
 2612    423   329   387  0      774   1566
 2613    423   404   329  0      774   1766
 2614    140   221   164  0      775   2379
 2615    140   183   221  0      775   2377
 2616    164   183   140  0      775   2294
 2617    164   221   183  0      775   2323
 2618    281   373   446  0      776    910
 2619    281   298   373  0      776    778
 2620    172   187   261  0      777   1377
 2621    172   294   187  0      777   1510
 2622    261   294   172  0      777    779
 2623    261   187   294  0      777   1574
 2624    238   373   281  0      778    915
 2625    238   298   373  0      778    973
 2626    172   276   294  0      779   1457
 2627    261   276   172  0      779   1167
 2628    261   294   276  0      779   1183
 2629    415   323   344  0      780   2238
 2630    415   418   323  0      780   2142
 2631    344   418   415  0      780   2476
 2632    344   323   418  0      780   2398
 2633    560   556   592  1      781     -1
 2634    560   595   556  0      781   4628
 2635    463   533   365  0      782   4187
 2636    463   512   533  0      782   4167
 2637    365   512   463  0      782   3535
 2638    365   533   512  0      782   4268
 2639    461   495   547  0      783   4684
 2640    461   384   495  0      783   4691
 2641    547   495   384  0      783   4593
 2642    744   695   724  0      784   3793
 2643    848   695   744  0      784   4027
 2644    848   724   695  0      784   3816
 2645    231   228   223  0      785    948
 2646    139   223   228  0      785    807
 2647    609   532   649  1      786     -1
 2648    609   620   532  0      786   4463
 2649    649   620   609  0      786   2830
 2650    649   532   620  0      786   4686
 2651    301   264   127  0      787    791
 2652    127   264   231  0      787   1054
 2653    335   220   231  0      788    933
 2654    335   373   220  0      788    946
 2655    231   220   373  0      788    970
 2656    614   642   608  0      789   4608
 2657    614   730   642  0      789   4234
 2658    608   730   614  0      789    956
 2659    166   264   127  0      790   1055
 2660    127   264   137  0      790    791
 2661    381   407   365  0      792   4534
 2662    381   277   407  0      792    855
 2663    365   277   381  0      792   1154
 2664    100   162   119  0      793   1309
 2665    119   106   100  0      793   1384
 2666    119   162   106  0      793   1539
 2667    324   228   335  0      794    951
 2668    335   228   220  0      794    933
 2669    486   546   451  0      795   1704
 2670    486   513   546  0      795   1969
 2671    451   546   513  0      795   2884
 2672    231   136   127  0      796   1058
 2673    231   128   136  0      796    942
 2674    127   136   128  0      796   1031
 2675    453   465   377  0      797    820
 2676    453   468   465  0      797   4715
 2677    377   465   468  0      797    913
 2678    401   413   437  0      798    800
 2679    401   373   413  0      798    839
 2680    437   413   373  0      798   4582
 2681    263   326   335  0      799    834
 2682    231   335   326  0      799    845
 2683    401   395   437  0      800    901
 2684    401   413   395  0      800    806
 2685    437   395   413  0      800    853
 2686    499   528   455  0      801   4557
 2687    499   588   528  0      801   4548
 2688    455   588   499  1      801     -1
 2689    867   730   837  0      802   4556
 2690    837   810   867  0      802   4348
 2691    837   730   810  0      802    816
 2692    569   545   510  0      803   4495
 2693    569   585   545  0      803   4514
 2694    510   585   569  0      803   3933
 2695    510   545   585  0      803   1763
 2696    306   309   428  0      804    932
 2697    306   387   309  0      804   2408
 2698    428   387   306  0      804   1582
 2699    428   309   387  0      804   2409
 2700    595   589   656  0      805   4632
 2701    595   602   589  0      805   4552
 2702    656   602   595  0      805   4640
 2703    656   589   602  0      805   4633
 2704    335   395   401  0      806    938
 2705    401   413   335  0      806    839
 2706    228   263   223  0      807    948
 2707    139   263   228  0      807    949
 2708    139   223   263  1      807     -1
 2709    555   634   575  0      808   1802
 2710    555   568   634  0      808   1812
 2711    575   568   555  0      808   3279
 2712    575   634   568  0      808   1829
 2713    281   220   238  0      809    917
 2714    238   175   281  0      809    966
 2715    383   439   292  0      810   1228
 2716    292   436   383  1      810     -1
 2717    625   633   631  0      811   3304
 2718    625   678   633  0      811   3290
 2719    631   678   625  0      811   3203
 2720    631   633   678  0      811   3214
 2721    476   495   373  0      812    848
 2722    476   503   495  0      812   4225
 2723    373   503   476  0      812   4572
 2724    373   495   503  0      812   4350
 2725    197   234   124  0      813   1067
 2726    197   186   234  0      813    955
 2727    124   186   197  0      813   1104
 2728    124   234   186  0      813   1137
 2729    446   495   384  0      814   4594
 2730    446   373   495  0      814    848
 2731    384   495   373  0      814   4350
 2732    264   326   384  0      815    817
 2733    264   307   326  1      815     -1
 2734    384   326   307  0      815   4560
 2735    837   730   774  0      816   3766
 2736    774   810   837  0      816   4346
 2737    774   730   810  0      816   1102
 2738    301   326   384  0      817    842
 2739    277   324   335  0      818    951
 2740    277   407   324  0      818   1522
 2741    335   407   277  0      818    855
 2742    288   303   353  0      819    905
 2743    288   199   303  0      819    958
 2744    377   375   465  0      820    884
 2745    318   207   324  0      821   1576
 2746    287   217   187  0      822   1656
 2747    287   201   217  0      822   1628
 2748    187   201   287  0      822   1488
 2749    187   217   201  0      822   1654
 2750    145   220   199  0      823    957
 2751    175   220   145  0      823    935
 2752     91    14    64  1      824     -1
 2753    145    14    91  0      824    979
 2754    145    64    14  0      824   1053
 2755    432   306   414  0      825   1518
 2756    432   295   306  0      825   1283
 2757    414   295   432  0      825   1592
 2758    414   306   295  0      825   1541
 2759    175   145   128  0      826    935
 2760    175    25   145  0      826   2177
 2761    128    25   175  0      826    858
 2762    128   145    25  0      826    874
 2763    610   562   482  0      827   3812
 2764    610   558   562  0      827   3799
 2765    482   558   610  0      827   2952
 2766    482   562   558  0      827   3778
 2767    611   558   491  0      828   3305
 2768    611   529   558  0      828   3824
 2769    491   529   611  0      828   3579
 2770    674   558   713  0      829    860
 2771    674   611   558  0      829   3824
 2772    713   611   674  0      829   3624
 2773    713   558   611  0      829    866
 2774    602   620   656  0      830   4636
 2775    602   681   620  0      830   4634
 2776    656   681   602  0      830   4641
 2777    656   620   681  1      830     -1
 2778    512   533   593  1      831     -1
 2779    512   540   533  0      831   4167
 2780    593   540   512  0      831   1159
 2781    593   533   540  0      831   4162
 2782    357   376   388  0      832   1524
 2783    357   452   376  0      832   1493
 2784    388   452   357  0      832   1485
 2785    388   376   452  0      832   1502
 2786    326   291   335  0      833    834
 2787    335   381   326  0      833    841
 2788    335   291   381  0      833    964
 2789    326   291   263  1      834     -1
 2790    335   228   277  0      835    951
 2791    335   381   228  0      835    964
 2792    277   381   335  0      835    855
 2793    141   228   136  0      836    978
 2794    139   228   141  0      836   1145
 2795     37   167    91  0      837   1044
 2796     37    58   167  0      837   1668
 2797     91    58    37  1      837     -1
 2798     91   167    58  0      837    864
 2799    141    28    11  0      838   1064
 2800     47    28   141  0      838   1078
 2801     47    11    28  1      838     -1
 2802    373   413   335  0      839    840
 2803    301   413   335  0      840    844
 2804    335   413   326  0      841    845
 2805    301   413   384  0      842   4616
 2806    301   326   413  0      842    846
 2807    592   694   608  0      843   4541
 2808    592   680   694  0      843   4623
 2809    608   680   592  0      843   4581
 2810    301   413   231  0      844    846
 2811    231   413   335  0      844    845
 2812    231   413   326  0      845    846
 2813    507   551   577  0      847   2849
 2814    507   497   551  0      847   4709
 2815    577   497   507  0      847   4713
 2816    577   551   497  0      847   4701
 2817    476   495   446  0      848   4351
 2818    218   262   314  0      849   1233
 2819    218   243   262  0      849   1131
 2820    314   262   243  0      849    893
 2821    691   700   657  0      850   3855
 2822    691   664   700  0      850   4530
 2823    657   664   691  0      850   2699
 2824    657   700   664  0      850   1532
 2825    407   376   311  0      851   1472
 2826    407   277   376  0      851   1522
 2827    311   376   277  0      851   1460
 2828    674   724   574  0      852   3879
 2829    674   695   724  0      852   1516
 2830    574   695   674  0      852   3880
 2831    574   724   695  0      852   3456
 2832    395   407   437  0      853   4409
 2833    437   407   413  0      853   4597
 2834    545   432   505  0      854   1445
 2835    482   432   545  0      854   4362
 2836    482   505   432  0      854   1559
 2837    335   407   381  0      855    856
 2838     25    75    31  1      857     -1
 2839     25   114    75  0      857   2185
 2840     31   114    25  0      857   2182
 2841    128   129   175  0      858    934
 2842     25   175   129  0      858    952
 2843    409   346   405  0      859   1784
 2844    409   330   346  0      859   1836
 2845    405   330   409  0      859   1736
 2846    405   346   330  0      859   1845
 2847    735   558   713  0      860    866
 2848    735   674   558  0      860   3845
 2849    713   674   735  0      860   1764
 2850    309   434   343  0      861   1751
 2851    309   378   434  0      861   1731
 2852    343   378   309  0      861   1482
 2853    343   434   378  0      861   1748
 2854    360   420   314  0      862   1172
 2855    314   374   360  0      862   1231
 2856    314   420   374  0      862   1452
 2857    149   186   201  0      863   1540
 2858    192   186   149  0      863   1578
 2859    192   201   186  0      863   1520
 2860     91   167   165  0      864   1044
 2861    165   167    58  0      864   1036
 2862    349   421   378  0      865   2491
 2863    479   378   421  0      865   2278
 2864    735   611   713  0      866   4418
 2865    735   558   611  0      866   4416
 2866    423   567   484  0      867   1767
 2867    423   574   567  0      867   3288
 2868    484   574   423  0      867   3625
 2869    484   567   574  0      867   3939
 2870    437   375   476  0      868    871
 2871    476   465   437  0      868   3478
 2872    353   465   428  0      869    885
 2873    353   332   465  0      869    904
 2874    639   558   546  0      870    877
 2875    546   558   611  0      870   3305
 2876    373   476   437  0      871   4572
 2877    218   187   294  0      872   1510
 2878    218   265   187  0      872   1397
 2879    294   265   218  0      872   1417
 2880    294   187   265  0      872   1622
 2881    230   176   323  0      873   2493
 2882    180   176   230  0      873   2259
 2883    180   323   176  0      873   2479
 2884     50   145    25  0      874   1014
 2885    225   316   321  0      875   1703
 2886    225   269   316  0      875   1922
 2887    321   269   225  0      875   1446
 2888    321   316   269  0      875   1787
 2889    300   309   237  0      876   2372
 2890    300   378   309  0      876   2386
 2891    237   378   300  0      876   1495
 2892    237   309   378  0      876   2422
 2893    639   505   546  0      877   3794
 2894    639   558   505  0      877   4410
 2895    546   505   558  0      877   4047
 2896    844   957   867  1      878     -1
 2897    844   976   957  0      878   4780
 2898    867   976   844  0      878   3015
 2899    867   957   976  0      878   2986
 2900    904   983   855  0      879   3745
 2901    855   826   904  0      879   3708
 2902    855   983   826  0      879   3762
 2903    309   416   434  0      880   1751
 2904    387   416   309  0      880   2417
 2905    387   434   416  0      880   1702
 2906    490   417   479  0      881    906
 2907    490   412   417  0      881   2180
 2908    479   412   490  0      881   2584
 2909    176   323   242  0      882   2479
 2910    176   183   323  0      882    981
 2911    242   183   176  0      882   2314
 2912    242   323   183  0      882   2495
 2913    180   199   288  0      883   2335
 2914    180   175   199  0      883   2204
 2915    288   175   180  0      883    959
 2916    353   465   377  0      884    908
 2917     37   155    60  0      886   1634
 2918     37     5   155  0      886   1640
 2919     60     5    37  1      886     -1
 2920     60   155     5  0      886    992
 2921    150    30    18  0      887   2330
 2922     18    73   150  0      887    988
 2923     18    30    73  1      887     -1
 2924    353   303   318  0      888    921
 2925    423   482   357  0      889   1599
 2926    423   422   482  0      889   1388
 2927    357   422   423  0      889   1546
 2928    209   162   284  0      890   1889
 2929    284   265   209  0      890   1461
 2930    284   162   265  0      890   1542
 2931    272   333   302  0      891   2553
 2932    272   390   333  0      891   2000
 2933    302   390   272  0      891   2510
 2934    302   333   390  0      891   2558
 2935    158   262   227  0      892   1178
 2936    227   208   158  0      892   1355
 2937    227   262   208  0      892   1212
 2938    314   262   325  0      893   1433
 2939    325   262   243  0      893   1210
 2940    647   755   719  0      894   3741
 2941    647   665   755  0      894   4729
 2942    719   665   647  0      894   4739
 2943    719   755   665  0      894   4437
 2944    677   768   746  0      895   4675
 2945    746   712   677  0      895   4496
 2946    746   768   712  0      895   3834
 2947    482   558   423  0      896   3778
 2948    482   414   558  0      896   3817
 2949    423   414   482  0      896   1598
 2950    423   558   414  0      896   3627
 2951    464   535   478  0      897   2449
 2952    464   506   535  0      897   2877
 2953    478   506   464  0      897   2681
 2954    478   535   506  0      897   3308
 2955    466   513   577  0      898    899
 2956    577   468   466  0      898   4717
 2957    577   513   468  0      898   2881
 2958    577   490   513  0      899   2840
 2959    466   490   577  0      899   2771
 2960    548   524   515  0      900   3576
 2961    548   597   524  0      900   3584
 2962    515   597   548  0      900   2915
 2963    515   524   597  0      900   2032
 2964    395   375   401  0      901    939
 2965     37    73   165  0      902   1025
 2966     37   150    73  0      902    991
 2967    165   150    37  0      902    974
 2968    165    73   150  0      902    976
 2969    303   336   353  0      903    905
 2970    303   332   336  0      903   2401
 2971    353   332   303  0      903    921
 2972    353   336   332  0      903    904
 2973    353   336   465  0      904    908
 2974    288   303   336  0      905    958
 2975    421   417   479  0      906   2278
 2976    421   490   417  0      906   2245
 2977    479   490   421  0      906   2505
 2978    377   336   354  0      907    912
 2979    377   468   336  0      907    913
 2980    354   336   468  0      907   2457
 2981    377   336   465  0      908    913
 2982    453   476   446  0      909   4694
 2983    281   375   446  0      910    911
 2984    281   373   375  0      910    915
 2985    288   336   354  0      912   2112
 2986    465   468   336  0      913   2466
 2987    233   286   247  1      914     -1
 2988    233   234   286  0      914   1156
 2989    247   234   233  0      914   1066
 2990    373   375   238  0      915    968
 2991    238   375   281  0      915    917
 2992    238   220   231  0      916    969
 2993    231   220   128  0      916    942
 2994    238   375   220  0      917    968
 2995    375   303   220  0      918    922
 2996     98   136   127  0      919   1031
 2997     98    17   136  0      919   1013
 2998    288   216   180  0      920   2335
 2999    288   242   216  0      920   2355
 3000    180   216   242  0      920   2392
 3001    332   303   318  0      921    982
 3002     60    88   116  0      923   1679
 3003    116   155    60  0      923    992
 3004    116    88   155  0      923    986
 3005    428   489   336  0      924    925
 3006    465   489   428  0      924   3854
 3007    465   336   489  0      924   2471
 3008    489   336   451  0      925   1536
 3009    451   428   489  0      925   3857
 3010    451   336   428  0      925   1374
 3011    228   220   136  0      926   1042
 3012    231   220   228  0      926    933
 3013    231   136   220  0      926    942
 3014    165   173   318  0      927    984
 3015    318   173   207  0      927   1609
 3016    184   187   162  0      928   1623
 3017    184   287   187  0      928   1562
 3018    162   187   287  0      928   1606
 3019     17    29    65  1      929     -1
 3020    139    65    29  1      929     -1
 3021     50    64    25  1      930     -1
 3022     50   112    64  0      930   1052
 3023     25   112    50  0      930   1014
 3024     25    64   112  0      930   1027
 3025    116   162    88  0      931   1396
 3026     27   162   116  0      931   1084
 3027     27    88   162  0      931   1378
 3028    318   309   428  0      932   1008
 3029    318   306   309  0      932   2410
 3030    428   306   318  0      932   1563
 3031    129   175   238  0      934    960
 3032    128   220   145  0      935   1050
 3033     98   136    50  0      936   1029
 3034     98   128   136  0      936   1031
 3035     50   136   128  0      936   1046
 3036    207   167   205  0      937   1644
 3037    207   228   167  0      937   1043
 3038    205   167   228  0      937   1068
 3039    401   324   395  0      938    939
 3040    197   210   277  0      940   1082
 3041    197   192   210  0      940   1132
 3042    277   192   197  0      940   1038
 3043    277   210   192  0      940   1080
 3044    810   730   727  0      941   1102
 3045    727   696   810  0      941   4518
 3046    727   730   696  0      941   4542
 3047    128   136   220  0      942   1050
 3048    304   245   324  0      943   1041
 3049    304   295   245  0      943   1611
 3050    324   295   304  0      943   1571
 3051    324   245   295  0      943   1544
 3052    179   155   187  0      944   1655
 3053    179   149   155  0      944   1530
 3054    187   149   179  0      944   1572
 3055    187   155   149  0      944   1674
 3056    141   210   124  0      945   1079
 3057    141   197   210  0      945   1132
 3058    124   197   141  0      945    965
 3059    124   210   197  0      945   1067
 3060    375   373   220  0      946    968
 3061    153   152    59  1      947     -1
 3062    153   106   152  0      947   1883
 3063     59   106   153  0      947   1201
 3064     59   152   106  0      947   1410
 3065    291   228   139  0      949   1144
 3066    139   263   291  1      949     -1
 3067    165    64    58  0      950   1022
 3068    165   136    64  0      950   1028
 3069     58   136   165  0      950   1036
 3070     58    64   136  0      950   1048
 3071     25   175    62  0      952   1018
 3072     62   175   129  0      952    953
 3073    129   180   175  0      953    961
 3074     62   175   180  0      953   2301
 3075    113    43    33  0      954   1271
 3076    101    43   113  0      954   1148
 3077    101    33    43  1      954     -1
 3078    186   234   261  0      955   1097
 3079    261   197   186  0      955   1062
 3080    696   730   614  0      956   4542
 3081    696   608   730  0      956   4551
 3082    614   608   696  0      956   4531
 3083    165   145   220  0      957   1034
 3084    303   336   199  0      958   2396
 3085    281   175   180  0      959    967
 3086    229   175   238  0      960    966
 3087    229   129   175  0      960    961
 3088    180   175   229  0      961    967
 3089     68   142   124  0      962   1142
 3090     68     9   142  0      962   1275
 3091    124     9    68  0      962   1087
 3092    124   142     9  1      962     -1
 3093    349   440   364  0      963   2589
 3094    371   440   349  0      963   1019
 3095    371   364   440  0      963   2270
 3096    141    11   197  0      965   1101
 3097    124   197    11  0      965   1104
 3098    229   175   281  0      966    967
 3099    373   220   238  0      968    973
 3100    231   301   220  0      969    970
 3101    238   220   301  0      969    971
 3102    373   301   220  0      970    972
 3103    238   220   298  0      971    973
 3104    298   220   301  0      971    972
 3105    298   220   373  0      972    973
 3106    207   150    37  0      974   1646
 3107     37   165   207  0      974   1045
 3108     22    30   150  0      975   2341
 3109     22    14    30  1      975     -1
 3110    165    14   150  0      976   1009
 3111    165    73    14  0      976   1026
 3112    155   217   188  0      977   1580
 3113    155   207   217  0      977   1116
 3114    188   207   155  0      977   1645
 3115    188   217   207  0      977   1659
 3116    141   167   136  0      978   1035
 3117    228   136   167  0      978   1042
 3118     14    91   165  0      979   1026
 3119    165   145    14  0      979   1012
 3120    419   317   415  0      980   2269
 3121    419   421   317  0      980   2503
 3122    183   323   182  0      981   2500
 3123    182   176   183  0      981   2309
 3124    182   323   176  0      981   2293
 3125    303   173   332  0      982   2436
 3126    303   318   173  0      982    984
 3127    332   173   318  0      982   2426
 3128    303   173   165  0      983    984
 3129    303   199   173  0      983   2303
 3130    109    97   174  0      985   2080
 3131    109    92    97  1      985     -1
 3132    174    92   109  0      985   2091
 3133    174    97    92  0      985   2089
 3134    116    88   187  0      986   1396
 3135    187   155   116  0      986   1637
 3136    187    88   155  0      986   1674
 3137     95    34   149  0      987   1538
 3138     95    99    34  1      987     -1
 3139    149    99    95  0      987   1376
 3140    149    34    99  0      987   1672
 3141    150     5    73  0      988    991
 3142     18     5   150  0      988   2346
 3143     18    73     5  1      988     -1
 3144    284   262   162  0      989   1542
 3145    119   162   262  0      989   1617
 3146      5    48    18  1      990     -1
 3147      5   116    48  0      990   1675
 3148     18   116     5  0      990   1586
 3149     18    48   116  0      990   2189
 3150     37     5    73  1      991     -1
 3151    150     5    37  0      991   1640
 3152    116     5    60  0      992   1675
 3153    116   155     5  0      992   1487
 3154    237   299   343  0      993   2413
 3155    237   212   299  0      993   2317
 3156    343   212   237  0      993   2172
 3157    343   299   212  0      993   2289
 3158    187   201   149  0      994   1572
 3159    187   261   201  0      994   1574
 3160    149   261   187  0      994   1377
 3161    149   201   261  0      994   1540
 3162    329   236   416  0      995   2419
 3163    321   236   329  0      995   1720
 3164    207   188   318  0      996   1609
 3165    207   306   188  0      996   1659
 3166    318   306   207  0      996   1484
 3167    318   188   306  0      996   1521
 3168    168   343   212  0      997   2605
 3169    296   343   168  0      997   2121
 3170    296   212   343  0      997   2149
 3171    376   306   318  0      998   1503
 3172    376   432   306  0      998   1283
 3173    318   432   376  0      998   1372
 3174    318   306   432  0      998   1563
 3175    321   195   209  0      999   1402
 3176    321   184   195  0      999   1107
 3177    209   195   184  0      999   1695
 3178    225   236   147  0     1000   2358
 3179    225   184   236  0     1000   1688
 3180    147   236   184  0     1000   1722
 3181    261   388   294  0     1001   1416
 3182    311   388   261  0     1001   1215
 3183    311   294   388  0     1001   1470
 3184    567   569   501  0     1002   1494
 3185    567   660   569  0     1002   3882
 3186    501   660   567  0     1002   4192
 3187    501   569   660  0     1002   4209
 3188    389   316   321  0     1003   1787
 3189    321   296   389  0     1003   1478
 3190    321   316   296  0     1003   1703
 3191    112   216   140  0     1004   2239
 3192    112   114   216  0     1004   2393
 3193    140   114   112  0     1004   1017
 3194    140   216   114  0     1004   2106
 3195    157    80   168  0     1005   2181
 3196    157    19    80  0     1005   2152
 3197    168    80    19  0     1005   2349
 3198    300   299   237  0     1006   1495
 3199    300   221   299  0     1006   1564
 3200    237   299   221  0     1006   1694
 3201    173   112   145  0     1007   1011
 3202    173   199   112  0     1007   2326
 3203    145   112   199  0     1007   2394
 3204    332   309   428  0     1008   1015
 3205    332   318   309  0     1008   2426
 3206     14   112   165  0     1009   1012
 3207    165   112   150  0     1009   1010
 3208    165   112   173  0     1010   1011
 3209    173   112   150  0     1010   2374
 3210    165   112   145  0     1011   1012
 3211    145    14   112  0     1012   1053
 3212    136    98    65  0     1013   1070
 3213     17    65    98  1     1013     -1
 3214    145   112    50  0     1014   1052
 3215    145    25   112  0     1014   2247
 3216    336   309   428  0     1015   1374
 3217    336   332   309  0     1015   2428
 3218    109    80   117  0     1016   2308
 3219    109   157    80  0     1016   2152
 3220    117   157   109  0     1016   2130
 3221    117    80   157  0     1016   2181
 3222    140    75   112  0     1017   1371
 3223    140   114    75  0     1017   2230
 3224    112    75   114  0     1017   2185
 3225     25   114    62  0     1018   2182
 3226     25   175   114  0     1018   2177
 3227     62   114   175  0     1018   2301
 3228    421   440   349  0     1019   2809
 3229    421   371   440  0     1019   2111
 3230    111   191   195  0     1020   1842
 3231    111   121   191  0     1020   1885
 3232    195   121   111  0     1020   1872
 3233     11   192   141  0     1021   1037
 3234     11   186   192  0     1021   1023
 3235    141   186    11  0     1021   1101
 3236    165    64   145  0     1022   1028
 3237    192    34   186  0     1023   1578
 3238    192    11    34  0     1023   1650
 3239    186    34    11  0     1023   1651
 3240    456   526   439  0     1024   4099
 3241    456   436   526  1     1024     -1
 3242    439   526   436  0     1024   4039
 3243     37    91   165  0     1025   1044
 3244     37    73    91  1     1025     -1
 3245    165    91    73  0     1025   1026
 3246     73    14    91  1     1026     -1
 3247    112    14    64  0     1027   1053
 3248     25    14   112  0     1027   2295
 3249     25    64    14  1     1027     -1
 3250    165   136   145  0     1028   1034
 3251     98    64    50  1     1029     -1
 3252     98   136    64  0     1029   1070
 3253     50    64   136  0     1029   1046
 3254    484   462   538  0     1030   2742
 3255    441   462   484  0     1030   3755
 3256    441   538   462  0     1030   3948
 3257    194   286   210  0     1032   1157
 3258    194   273   286  1     1032     -1
 3259    210   273   194  0     1032   1152
 3260    449   568   425  0     1033   1831
 3261    449   604   568  0     1033   1207
 3262    425   604   449  0     1033   3335
 3263    425   568   604  0     1033   1526
 3264    220   136   145  0     1034   1050
 3265     58   136   141  0     1035   1048
 3266     58   167   136  0     1035   1036
 3267    141   167    58  0     1035   1670
 3268    167    11   192  0     1037   1650
 3269    141    11   167  0     1037   1669
 3270    277   192   311  0     1038   1117
 3271    311   197   277  0     1038   1093
 3272    604   568   550  0     1039   1985
 3273    550   640   604  0     1039   3441
 3274    550   568   640  0     1039   1331
 3275    277   210   291  0     1040   1151
 3276    277   228   210  0     1040   1080
 3277    291   210   228  0     1040   1074
 3278    311   245   324  0     1041   1647
 3279    311   304   245  0     1041   1607
 3280    324   304   311  0     1041   1451
 3281    220   167   228  0     1042   1043
 3282    220   167   207  0     1043   1047
 3283     37   167   165  0     1044   1045
 3284     37   167   207  0     1045   1643
 3285    207   167   165  0     1045   1047
 3286    136   141    64  0     1048   1069
 3287     58    64   141  0     1048   1071
 3288    381   273   365  0     1049   1154
 3289    365   455   381  0     1049   4366
 3290    365   273   455  0     1049   4538
 3291     40    65   139  1     1051     -1
 3292     40   141    65  0     1051   1072
 3293    139   141    40  0     1051   1143
 3294    145   112    64  0     1052   1053
 3295    127   264   203  0     1054   1055
 3296    231   203   264  0     1054   1060
 3297    166   203   127  0     1055   1056
 3298    166   264   203  1     1055     -1
 3299     29   166   203  1     1056     -1
 3300    139   136   196  0     1057   1059
 3301    231   196   136  0     1057   1058
 3302    136   127   196  0     1058   1059
 3303    264   223   203  1     1060     -1
 3304    231   203   223  0     1060   1061
 3305    223   196   203  1     1061     -1
 3306    186   261   192  0     1062   1409
 3307    585   510   540  0     1063   3933
 3308    585   452   510  0     1063   4185
 3309    540   452   585  0     1063   4160
 3310    540   510   452  0     1063   4242
 3311     28    11    40  1     1064     -1
 3312     40   141    28  0     1064   1147
 3313    205   228   192  0     1065   1068
 3314    277   192   228  0     1065   1080
 3315    234   233   219  0     1066   1121
 3316    197   234   210  0     1067   1073
 3317    124   210   234  0     1067   1155
 3318     64    65   141  0     1069   1071
 3319     64   136    65  0     1069   1070
 3320     98    65    64  1     1070     -1
 3321     64    65    58  1     1071     -1
 3322     58    65   141  0     1071   1072
 3323     58    65    40  1     1072     -1
 3324    365   210   197  0     1073   1082
 3325    228   194   210  0     1074   1081
 3326    291   194   228  0     1074   1144
 3327    291   210   194  0     1074   1152
 3328    515   633   548  0     1075   3257
 3329    515   581   633  0     1075   1302
 3330    548   581   515  0     1075   2915
 3331    548   633   581  0     1075   3175
 3332    385   388   450  0     1076   1158
 3333    385   374   388  0     1076   1186
 3334    450   374   385  0     1076   1193
 3335    450   388   374  0     1076   1163
 3336    292   322   325  0     1077   1304
 3337    292   383   322  1     1077     -1
 3338    325   383   292  0     1077   1228
 3339    325   322   383  0     1077   1432
 3340     28   124    47  1     1078     -1
 3341     28   141   124  0     1078   1146
 3342    124   194   210  0     1079   1157
 3343    141   194   124  0     1079   1146
 3344    141   210   194  0     1079   1081
 3345    228   210   192  0     1080   1133
 3346    141   210   228  0     1081   1133
 3347    228   194   141  0     1081   1145
 3348    365   210   277  0     1082   1119
 3349    277   197   365  0     1082   1093
 3350    174   143   160  0     1083   2016
 3351    174   177   143  0     1083   1935
 3352    160   177   174  0     1083   2056
 3353     27   162    52  0     1084   1633
 3354    111    51    74  0     1085   1698
 3355    111    70    51  0     1085   1505
 3356     74    51    70  1     1085     -1
 3357      9    11    47  1     1086     -1
 3358      9   124    11  0     1086   1087
 3359     47   124     9  1     1086     -1
 3360    124    11    68  0     1087   1105
 3361     68    11     9  1     1087     -1
 3362    116    70   126  0     1088   1106
 3363    126    70    52  0     1088   1843
 3364    126   121    27  0     1089   1876
 3365    126    52   121  0     1089   1843
 3366     27    52   126  0     1089   1633
 3367     27   121    52  0     1089   1347
 3368     43   113   142  0     1090   1110
 3369     43   133   113  0     1090   1148
 3370    142   133    43  0     1090   1301
 3371    142   113   133  0     1090   1296
 3372    322   214   292  1     1091     -1
 3373    322   227   214  0     1091   1348
 3374    292   227   322  0     1091   1304
 3375    292   214   227  0     1091   1299
 3376    276   219   266  0     1092   1272
 3377    278   219   276  0     1092   1187
 3378    278   266   219  0     1092   1239
 3379    438   477   448  0     1094   4140
 3380    438   427   477  0     1094   1260
 3381    448   427   438  0     1094   4142
 3382    448   477   427  0     1094   1266
 3383    149   172   261  0     1095   1377
 3384    149   186   172  0     1095   1112
 3385    261   186   149  0     1095   1540
 3386    261   172   186  0     1095   1097
 3387    292   246   224  0     1096   1276
 3388    240   246   292  0     1096   1290
 3389    240   224   246  0     1096   1320
 3390    186   234   172  0     1097   1103
 3391    261   172   234  0     1097   1167
 3392     68   186    95  0     1098   1141
 3393     68    11   186  0     1098   1105
 3394     95    11    68  1     1098     -1
 3395     95   186    11  0     1098   1099
 3396     95   149    11  0     1099   1538
 3397     95   186   149  0     1099   1112
 3398     11   149   186  0     1099   1651
 3399    201   217   179  0     1100   1654
 3400    201   245   217  0     1100   1581
 3401    179   245   201  0     1100   1168
 3402    179   217   245  0     1100   1661
 3403     11   197   186  0     1101   1104
 3404    774   730   727  0     1102   4539
 3405    727   810   774  0     1102   4365
 3406    234   219   186  0     1103   1138
 3407    186   219   172  0     1103   1139
 3408    124   186    11  0     1104   1105
 3409    124   186    68  0     1105   1142
 3410    116   147   126  0     1106   1200
 3411    116    70   147  0     1106   1632
 3412    184   225   321  0     1107   1688
 3413    321   225   195  0     1107   1446
 3414    218   227   243  0     1108   1131
 3415    218   158   227  0     1108   1269
 3416    243   158   218  0     1108   1335
 3417    243   227   158  0     1108   1308
 3418    515   470   575  0     1109   2678
 3419    575   454   515  0     1109   1811
 3420    575   470   454  0     1109   1796
 3421     95   113   142  0     1110   1287
 3422     95    43   113  0     1110   1318
 3423    142    43    95  0     1110   1189
 3424    205   245   217  0     1111   1579
 3425    295   245   205  0     1111   1544
 3426    295   217   245  0     1111   1642
 3427    149    95   172  0     1112   1345
 3428    186   172    95  0     1112   1140
 3429    697   733   698  0     1113   3270
 3430    697   632   733  0     1113   3557
 3431    698   632   697  0     1113   3507
 3432    698   733   632  0     1113   3204
 3433    325   208   322  0     1114   1425
 3434    621   531   593  0     1115   4110
 3435    593   540   621  0     1115   4213
 3436    593   531   540  0     1115   1159
 3437    205   155   207  0     1116   1644
 3438    205   217   155  0     1116   1613
 3439    277   245   311  0     1117   1647
 3440    311   245   192  0     1117   1569
 3441    367   388   403  0     1118   1192
 3442    367   385   388  0     1118   1220
 3443    403   385   367  0     1118   1245
 3444    403   388   385  0     1118   1158
 3445    365   273   277  0     1119   1154
 3446    277   273   210  0     1119   1151
 3447    493   478   479  0     1120   2871
 3448    493   464   478  0     1120   2449
 3449    234   142   219  0     1121   1138
 3450    367   360   278  0     1122   1252
 3451    367   276   360  0     1122   1126
 3452    278   276   367  0     1122   1198
 3453    385   276   359  0     1123   1217
 3454    385   367   276  0     1123   1220
 3455    359   367   385  0     1123   1248
 3456    359   276   367  0     1123   1126
 3457     44    42    89  1     1124     -1
 3458     44   138    42  0     1124   1904
 3459     89   138    44  1     1124     -1
 3460     89    42   138  0     1124   1853
 3461    410   531   463  0     1125   4212
 3462    410   512   531  1     1125     -1
 3463    463   512   410  0     1125   3535
 3464    463   531   512  0     1125   1537
 3465    359   360   367  0     1126   1247
 3466    359   276   360  0     1126   1176
 3467    754   756   669  0     1127   4255
 3468    754   771   756  0     1127   3695
 3469    669   771   754  0     1127   3904
 3470    669   756   771  0     1127   1129
 3471    357   396   374  0     1128   1386
 3472    357   265   396  0     1128   1453
 3473    374   265   357  0     1128   1501
 3474    374   396   265  0     1128   1391
 3475    669   756   729  0     1129   4279
 3476    729   771   669  0     1129   4070
 3477    729   756   771  0     1129   4282
 3478    357   265   294  0     1130   1501
 3479    357   287   265  0     1130   1453
 3480    294   287   357  0     1130   1561
 3481    294   265   287  0     1130   1622
 3482    227   243   262  0     1131   1210
 3483    192   210   141  0     1132   1133
 3484    521   531   477  0     1134   4073
 3485    477   601   521  0     1134   1529
 3486    477   531   601  1     1134     -1
 3487    247   372   365  0     1135   1182
 3488    247   286   372  1     1135     -1
 3489    365   372   286  0     1135   4097
 3490    190   258   284  0     1136   1835
 3491    190   200   258  1     1136     -1
 3492    284   258   200  0     1136   1373
 3493    124   142   186  0     1137   1142
 3494    186   142   234  0     1137   1138
 3495    186   142   219  0     1138   1139
 3496    219   172   142  0     1139   1325
 3497    186   142   172  0     1139   1140
 3498    186   142    95  0     1140   1141
 3499     95   142   172  0     1140   1287
 3500     68   142    95  0     1141   1189
 3501     68   186   142  0     1141   1142
 3502    141   194   139  0     1143   1145
 3503    141    40   194  0     1143   1147
 3504    139   194    40  1     1143     -1
 3505    291   194   139  1     1144     -1
 3506    139   194   228  0     1144   1145
 3507    141   194    28  0     1146   1147
 3508     28   194   124  1     1146     -1
 3509     28    40   194  1     1147     -1
 3510    101    43   133  0     1148   1289
 3511    474   519   420  0     1149   4117
 3512    474   441   519  0     1149   3877
 3513    420   441   474  0     1149   1435
 3514    420   519   441  0     1149   4130
 3515    825   852   889  0     1150   4367
 3516    825   755   852  0     1150   4793
 3517    889   755   825  0     1150   4659
 3518    889   852   755  0     1150   4795
 3519    277   273   291  0     1151   1153
 3520    291   273   210  0     1151   1152
 3521    291   273   194  1     1152     -1
 3522    277   273   381  0     1153   1154
 3523    124   286   234  0     1155   1156
 3524    124   210   286  0     1155   1157
 3525    124   286   233  1     1156     -1
 3526    194   286   124  1     1157     -1
 3527    450   385   403  0     1158   1250
 3528    540   512   531  0     1159   1537
 3529    593   531   512  1     1159     -1
 3530    227   262   325  0     1160   1210
 3531    227   214   262  0     1160   1212
 3532    325   214   227  0     1160   1348
 3533    922   976   933  1     1161     -1
 3534    922   876   976  0     1161   4257
 3535    933   876   922  0     1161   3797
 3536    359   420   385  0     1162   1226
 3537    359   427   420  0     1162   1185
 3538    385   427   359  0     1162   1248
 3539    385   420   427  0     1162   1234
 3540    388   396   450  0     1163   1491
 3541    388   374   396  0     1163   1386
 3542    367   372   365  0     1164   1197
 3543    367   276   372  0     1164   1198
 3544    365   276   367  0     1164   1223
 3545    365   372   276  0     1164   1182
 3546    330   249   350  0     1165   1783
 3547    330   394   249  0     1165   1565
 3548    350   249   394  0     1165   1413
 3549    754   731   765  0     1166   3738
 3550    765   839   754  0     1166   4274
 3551    765   731   839  0     1166   3868
 3552    261   276   234  0     1167   1202
 3553    192   245   201  0     1168   1520
 3554    179   245   192  0     1168   1661
 3555    396   422   355  0     1169   1476
 3556    396   287   422  0     1169   1600
 3557    355   287   396  0     1169   1489
 3558    355   422   287  0     1169   1515
 3559    403   452   463  0     1170   1190
 3560    463   450   403  0     1170   1251
 3561    463   452   450  0     1170   4063
 3562    365   463   410  0     1171   3535
 3563    365   403   463  0     1171   1190
 3564    325   420   314  0     1172   1464
 3565    325   360   420  0     1172   1230
 3566    314   360   325  0     1172   1208
 3567    234   276   365  0     1173   1216
 3568    365   276   247  0     1173   1182
 3569    314   374   266  0     1174   1291
 3570    359   374   314  0     1174   1231
 3571    359   266   374  0     1174   1284
 3572    200   262   284  0     1175   1255
 3573    200   153   262  0     1175   1459
 3574    276   266   359  0     1176   1327
 3575    243   227   325  0     1177   1210
 3576    243   246   227  0     1177   1292
 3577    325   246   243  0     1177   1306
 3578    325   227   246  0     1177   1181
 3579    158   119   227  0     1178   1269
 3580    252   297   313  0     1179   2650
 3581    252   274   297  0     1179   1979
 3582    313   274   252  0     1179   1732
 3583    313   297   274  0     1179   2629
 3584    367   427   463  0     1180   1246
 3585    367   410   427  0     1180   1249
 3586    463   427   410  0     1180   1240
 3587    325   227   292  0     1181   1304
 3588    292   227   246  0     1181   1276
 3589    261   374   276  0     1183   1218
 3590    261   294   374  0     1183   1416
 3591    448   427   278  0     1184   1267
 3592    448   410   427  0     1184   1240
 3593    278   410   448  1     1184     -1
 3594    278   427   410  0     1184   1244
 3595    427   420   360  0     1185   1268
 3596    360   359   427  0     1185   1247
 3597    374   388   261  0     1186   1416
 3598    261   385   374  0     1186   1218
 3599    261   388   385  0     1186   1219
 3600    416   296   343  0     1188   1427
 3601    398   343   296  0     1188   1981
 3602     68    43    95  1     1189     -1
 3603     68   142    43  0     1189   1275
 3604    365   452   463  0     1190   4187
 3605    407   452   365  0     1191   4500
 3606    407   388   452  0     1191   1502
 3607    367   388   365  0     1192   1223
 3608    450   420   385  0     1193   1234
 3609    450   374   420  0     1193   1449
 3610    385   420   374  0     1193   1226
 3611    718   601   617  0     1194   4107
 3612    617   648   718  0     1194   3968
 3613    617   601   648  0     1194   4135
 3614    985   921   860  0     1195   3733
 3615    985   980   921  1     1195     -1
 3616    860   980   985  0     1195   3726
 3617    860   921   980  0     1195   3215
 3618    601   637   815  1     1196     -1
 3619    601   718   637  0     1196   4082
 3620    815   718   601  0     1196   3744
 3621    410   372   365  0     1197   3927
 3622    410   367   372  0     1197   1249
 3623    278   372   367  0     1198   1253
 3624    299   268   178  0     1199   2411
 3625    299   221   268  0     1199   1564
 3626    178   221   299  0     1199   1694
 3627    178   268   221  0     1199   2437
 3628    126   162   147  0     1200   1499
 3629    116   147   162  0     1200   1587
 3630     59   106   105  1     1201     -1
 3631    105   153    59  1     1201     -1
 3632    261   276   311  0     1202   1215
 3633    311   276   234  0     1202   1216
 3634    542   585   593  0     1203   4227
 3635    542   533   585  0     1203   4223
 3636    593   533   542  1     1203     -1
 3637    593   585   533  0     1203   4162
 3638    249   191   148  0     1204   1773
 3639    148   121   249  0     1204   1618
 3640    148   191   121  0     1204   1803
 3641    871   971   937  0     1205   3435
 3642    871   865   971  1     1205     -1
 3643    937   865   871  0     1205   3471
 3644    937   971   865  0     1205   3448
 3645    450   420   474  0     1206   1435
 3646    450   427   420  0     1206   1234
 3647    474   427   450  0     1206   1241
 3648    474   420   427  0     1206   1254
 3649    459   568   449  0     1207   3521
 3650    459   604   568  0     1207   3495
 3651    449   604   459  0     1207   3378
 3652    325   266   360  0     1208   1230
 3653    621   531   521  0     1209   3932
 3654    621   615   531  0     1209   4110
 3655    341   262   259  0     1211   1455
 3656    259   208   341  1     1211     -1
 3657    259   262   208  0     1211   1454
 3658    227   214   208  0     1212   1305
 3659    396   452   462  0     1213   1394
 3660    357   452   396  0     1213   1485
 3661    357   462   452  0     1213   1511
 3662    430   355   284  0     1214   1440
 3663    430   441   355  0     1214   1490
 3664    284   441   430  0     1214   1437
 3665    284   355   441  0     1214   1462
 3666    311   388   276  0     1215   1222
 3667    261   276   388  0     1215   1219
 3668    311   276   365  0     1216   1222
 3669    374   276   359  0     1217   1326
 3670    374   385   276  0     1217   1218
 3671    359   385   374  0     1217   1226
 3672    385   276   261  0     1218   1219
 3673    385   276   388  0     1219   1220
 3674    388   367   276  0     1220   1223
 3675    666   536   603  0     1221   3830
 3676    666   527   536  0     1221   4122
 3677    603   527   666  0     1221   3873
 3678    603   536   527  0     1221   4098
 3679    365   388   276  0     1222   1223
 3680    470   534   454  0     1224   1796
 3681    470   457   534  0     1224   3532
 3682    454   457   470  0     1224   1823
 3683    454   534   457  0     1224   3476
 3684    660   650   655  0     1225   4193
 3685    660   722   650  0     1225   4058
 3686    655   722   660  0     1225   3874
 3687    655   650   722  0     1225   3756
 3688    469   405   340  0     1227   3963
 3689    469   380   405  0     1227   1463
 3690    340   380   469  1     1227     -1
 3691    340   405   380  0     1227   1428
 3692    383   439   325  0     1228   1232
 3693    936   898   902  0     1229   3420
 3694    936   938   898  0     1229   3382
 3695    902   938   936  1     1229     -1
 3696    902   898   938  0     1229   3291
 3697    266   420   325  0     1230   1312
 3698    266   360   420  0     1230   1270
 3699    383   456   325  0     1232   1415
 3700    325   456   439  0     1232   1237
 3701    218   262   265  0     1233   1616
 3702    314   265   262  0     1233   1390
 3703    450   427   385  0     1234   1250
 3704    682   779   824  0     1235   3623
 3705    682   826   779  0     1235   3677
 3706    824   826   682  0     1235   3672
 3707    824   779   826  0     1235   3151
 3708    484   543   430  0     1236   3912
 3709    484   462   543  0     1236   3906
 3710    430   462   484  0     1236   2742
 3711    439   420   456  0     1237   4126
 3712    325   420   439  0     1237   1313
 3713    135   158   224  0     1238   1332
 3714    156   158   135  0     1238   1358
 3715    156   224   158  0     1238   1310
 3716    266   246   278  0     1239   1317
 3717    266   219   246  0     1239   1341
 3718    278   246   219  0     1239   1294
 3719    463   427   448  0     1240   4141
 3720    448   410   463  0     1240   4212
 3721    463   427   450  0     1241   1251
 3722    463   474   427  0     1241   4109
 3723    450   474   463  0     1241   4197
 3724    641   662   593  0     1242   4041
 3725    641   621   662  0     1242   4074
 3726    593   621   641  0     1242   4213
 3727    593   662   621  0     1242   4248
 3728    224   133   283  0     1243   1337
 3729    224   246   133  0     1243   1333
 3730    283   246   224  0     1243   1320
 3731    283   133   246  0     1243   1277
 3732    410   372   427  0     1244   1249
 3733    278   372   410  1     1244     -1
 3734    278   427   372  0     1244   1253
 3735    385   427   403  0     1245   1250
 3736    385   367   427  0     1245   1248
 3737    403   427   367  0     1245   1246
 3738    403   427   463  0     1246   1251
 3739    359   427   367  0     1247   1248
 3740    367   427   360  0     1247   1252
 3741    372   427   367  0     1249   1253
 3742    450   427   403  0     1250   1251
 3743    367   427   278  0     1252   1253
 3744    278   427   360  0     1252   1316
 3745    420   438   474  0     1254   4117
 3746    420   427   438  0     1254   1262
 3747    474   438   427  0     1254   1442
 3748    259   262   284  0     1255   1455
 3749    259   200   262  0     1255   1454
 3750    284   200   259  0     1255   1373
 3751    527   526   617  0     1256   4132
 3752    527   601   526  0     1256   4119
 3753    617   601   527  0     1256   4107
 3754    617   526   601  0     1256   4135
 3755    438   519   474  0     1257   4117
 3756    474   521   438  0     1257   1442
 3757    474   519   521  0     1257   3815
 3758    400   559   469  1     1258     -1
 3759    400   516   559  0     1258   3240
 3760    469   516   400  0     1258   3907
 3761    469   559   516  0     1258   3949
 3762    519   621   666  0     1259   4175
 3763    519   650   621  0     1259   4163
 3764    666   621   650  0     1259   4207
 3765    477   439   427  0     1260   1266
 3766    477   438   439  0     1260   4139
 3767    427   439   438  0     1260   1262
 3768    135   133    33  0     1261   1360
 3769    101   133   135  0     1261   1344
 3770    427   439   420  0     1262   1268
 3771    420   439   438  0     1262   3967
 3772    133   113   219  0     1263   1296
 3773    219   218   133  0     1263   1336
 3774    219   113   218  0     1263   1322
 3775    625   682   671  0     1264   3506
 3776    625   549   682  0     1264   3617
 3777    671   549   625  0     1264   2400
 3778    671   682   549  0     1264   3622
 3779    278   439   448  0     1265   1267
 3780    278   477   439  0     1265   1274
 3781    448   477   278  1     1265     -1
 3782    448   439   477  0     1265   1266
 3783    448   439   427  0     1266   1267
 3784    278   439   427  0     1267   1307
 3785    420   360   439  0     1268   1270
 3786    427   439   360  0     1268   1314
 3787    158   119   218  0     1269   1279
 3788    360   439   266  0     1270   1315
 3789    266   439   420  0     1270   1311
 3790     43    33   100  1     1271     -1
 3791    100   113    43  0     1271   1318
 3792    100    33   113  0     1271   1349
 3793    219   266   218  0     1272   1288
 3794    276   218   266  0     1272   1327
 3795    439   477   283  0     1273   1274
 3796    436   477   439  0     1273   4039
 3797    436   283   477  1     1273     -1
 3798    477   283   278  1     1274     -1
 3799      9    43    68  1     1275     -1
 3800      9   142    43  1     1275     -1
 3801    227   224   292  0     1276   1299
 3802    227   246   224  0     1276   1292
 3803    283   133   278  0     1277   1324
 3804    278   133   246  0     1277   1294
 3805    292   246   283  0     1278   1290
 3806    119   113   158  0     1279   1328
 3807    119   218   113  0     1279   1295
 3808    224   227   214  0     1280   1299
 3809    156   227   224  0     1280   1310
 3810    156   214   227  0     1280   1330
 3811    123    35   119  0     1281   1346
 3812    123    78    35  1     1281     -1
 3813    219   133   278  0     1282   1294
 3814    219   142   133  0     1282   1296
 3815    278   133   142  0     1282   1301
 3816    295   306   376  0     1283   1503
 3817    376   432   295  0     1283   1593
 3818    359   218   374  0     1284   1326
 3819    359   266   218  0     1284   1327
 3820    374   218   266  0     1284   1291
 3821    947   904   885  0     1285   3710
 3822    947   859   904  0     1285   3599
 3823    885   859   947  0     1285   3178
 3824    885   904   859  0     1285   3702
 3825    227   214   158  0     1286   1330
 3826    227   123   214  0     1286   1305
 3827    158   123   227  0     1286   1355
 3828    158   214   123  0     1286   1338
 3829    142   172   113  0     1287   1325
 3830     95   113   172  0     1287   1345
 3831    219   243   218  0     1288   1336
 3832    266   243   219  0     1288   1340
 3833    278   133   101  0     1289   1324
 3834    278    43   133  0     1289   1301
 3835    101    43   278  1     1289     -1
 3836    283   240   246  0     1290   1320
 3837    246   224   243  0     1292   1333
 3838    243   224   227  0     1292   1308
 3839    100    87    24  1     1293     -1
 3840    119    87   100  0     1293   1300
 3841    119    24    87  0     1293   1352
 3842    219   133   246  0     1294   1341
 3843    218   113   172  0     1295   1322
 3844    172   119   218  0     1295   1635
 3845    172   113   119  0     1295   1319
 3846    142   113   219  0     1296   1325
 3847    398   434   442  0     1297   2151
 3848    398   478   434  0     1297   1545
 3849    442   478   398  0     1297   3612
 3850    442   434   478  0     1297   2405
 3851    209   391   321  0     1298   1780
 3852    209   287   391  0     1298   1710
 3853    321   391   287  0     1298   1761
 3854    292   214   224  0     1299   1303
 3855    100    33    87  1     1300     -1
 3856    119    33   100  0     1300   1349
 3857    119    87    33  0     1300   1356
 3858    278    43   142  1     1301     -1
 3859    581   580   515  0     1302   3330
 3860    581   633   580  0     1302   3347
 3861    515   580   633  0     1302   1676
 3862    292   214   135  1     1303     -1
 3863    325   227   322  0     1304   1348
 3864    214   208   123  1     1305     -1
 3865    123   208   227  0     1305   1355
 3866    325   246   266  0     1306   1312
 3867    266   246   243  0     1306   1339
 3868    278   246   427  0     1307   1316
 3869    427   246   439  0     1307   1314
 3870    243   224   158  0     1308   1334
 3871    158   224   227  0     1308   1310
 3872    119    99   162  0     1309   1531
 3873    100    99   119  0     1309   1380
 3874    156   227   158  0     1310   1330
 3875    439   246   266  0     1311   1315
 3876    439   420   246  0     1311   1313
 3877    266   246   420  0     1311   1312
 3878    325   246   420  0     1312   1313
 3879    439   360   246  0     1314   1315
 3880    427   246   360  0     1314   1316
 3881    360   246   266  0     1315   1317
 3882    278   246   360  0     1316   1317
 3883     95    43   100  1     1318     -1
 3884    119   149   113  0     1319   1379
 3885    172   149   119  0     1319   1636
 3886    172   113   149  0     1319   1345
 3887    240   224   283  0     1320   1321
 3888    135   224   283  0     1321   1337
 3889    283   240   135  0     1321   1343
 3890    219   113   172  0     1322   1325
 3891      6   161    63  0     1323   1585
 3892      6    76   161  0     1323   1917
 3893     63    76     6  1     1323     -1
 3894     63   161    76  0     1323   1900
 3895    101   283   133  0     1324   1342
 3896    278   283   101  1     1324     -1
 3897    359   218   276  0     1326   1327
 3898    119   113   133  0     1328   1350
 3899    133   158   119  0     1328   1351
 3900    394   425   350  0     1329   1696
 3901    394   409   425  0     1329   1819
 3902    350   425   409  0     1329   1382
 3903    156   214   158  0     1330   1338
 3904    550   596   640  0     1331   1719
 3905    550   568   596  0     1331   3516
 3906    640   596   568  0     1331   3544
 3907    158   133   135  0     1332   1361
 3908    158   224   133  0     1332   1334
 3909    135   133   224  0     1332   1337
 3910    224   243   133  0     1333   1334
 3911    246   133   243  0     1333   1339
 3912    243   133   158  0     1334   1335
 3913    218   243   133  0     1335   1336
 3914    243   133   219  0     1336   1340
 3915    135   133   283  0     1337   1343
 3916    156   123   158  0     1338   1358
 3917    156   214   123  1     1338     -1
 3918    266   133   243  0     1339   1340
 3919    266   246   133  0     1339   1341
 3920    266   133   219  0     1340   1341
 3921    101   240   133  0     1342   1344
 3922    283   240   101  1     1342     -1
 3923    283   133   240  0     1342   1343
 3924    240   135   133  0     1343   1344
 3925     95   113   149  0     1345   1376
 3926     85   123    35  1     1346     -1
 3927     52    94   121  0     1347   1858
 3928     27    94    52  1     1347     -1
 3929     27   121    94  0     1347   1834
 3930    119   113   100  0     1349   1380
 3931    119    33   113  0     1349   1350
 3932    119    33   133  0     1350   1351
 3933    158    33   133  0     1351   1359
 3934    158   119    33  0     1351   1357
 3935     24    87   123  1     1352     -1
 3936    119   123    87  0     1352   1356
 3937    119   123   208  0     1353   1375
 3938    158   123   119  0     1353   1357
 3939    158   208   123  0     1353   1355
 3940    538   543   484  0     1354   3912
 3941    484   567   538  0     1354   3810
 3942    484   543   567  0     1354   3939
 3943     87    33   123  1     1356     -1
 3944    119   123    33  0     1356   1357
 3945    158   123    33  0     1357   1359
 3946    158   135   123  0     1358   1361
 3947    156   123   135  1     1358     -1
 3948    158   123   133  0     1359   1361
 3949    133   123    33  0     1359   1360
 3950     33   135   123  1     1360     -1
 3951    133   123   135  0     1360   1361
 3952    405   347   284  0     1362   1366
 3953    405   430   347  0     1362   1624
 3954    284   430   405  0     1362   1458
 3955    284   347   430  0     1362   1440
 3956    312   380   340  1     1363     -1
 3957    340   284   312  0     1363   1422
 3958    340   380   284  0     1363   1428
 3959    330   319   190  0     1364   1400
 3960    330   331   319  0     1364   1864
 3961    190   331   330  0     1364   1620
 3962    190   319   331  0     1364   1424
 3963    144     6   103  0     1365   1867
 3964     44     6   144  0     1365   1918
 3965     44   103     6  1     1365     -1
 3966    405   347   340  0     1366   1862
 3967    340   284   405  0     1366   1428
 3968    340   347   284  0     1366   1798
 3969    388   357   374  0     1367   1386
 3970    388   294   357  0     1367   1554
 3971    374   294   388  0     1367   1416
 3972    374   357   294  0     1367   1501
 3973    314   284   380  0     1368   1429
 3974    325   284   314  0     1368   1433
 3975    325   380   284  0     1368   1401
 3976    329   184   321  0     1369   1720
 3977    329   287   184  0     1369   1657
 3978    321   287   329  0     1369   1761
 3979    162   147   184  0     1370   1587
 3980    209   147   162  0     1370   1499
 3981    209   184   147  0     1370   1695
 3982    140    96   112  0     1371   2108
 3983    140    75    96  0     1371   2319
 3984    112    96    75  0     1371   2179
 3985    324   376   318  0     1372   1575
 3986    324   432   376  0     1372   1533
 3987    318   432   324  0     1372   1519
 3988    284   258   259  0     1373   1408
 3989    259   258   200  1     1373     -1
 3990    451   309   428  0     1374   2409
 3991    123   208   153  1     1375     -1
 3992    119   153   208  0     1375   1430
 3993    113   149    99  0     1376   1379
 3994    149   172   187  0     1377   1636
 3995    162    99    88  0     1378   1630
 3996     27    99   162  0     1378   1486
 3997     27    88    99  1     1378     -1
 3998    113   119    99  0     1379   1380
 3999    149    99   119  0     1379   1500
 4000    538   504   488  0     1381   3605
 4001    538   469   504  0     1381   3344
 4002    488   469   538  0     1381   3872
 4003    488   504   469  1     1381     -1
 4004    350   425   406  0     1382   1387
 4005    406   409   350  0     1382   1824
 4006    406   425   409  0     1382   1753
 4007    749   838   830  0     1383   4451
 4008    749   856   838  0     1383   4452
 4009    830   856   749  0     1383   4280
 4010    830   838   856  0     1383   4316
 4011    153   119   106  0     1384   1539
 4012    121   249   209  0     1385   1808
 4013    121   319   249  0     1385   1828
 4014    209   319   121  0     1385   1886
 4015    209   249   319  0     1385   1398
 4016    357   396   388  0     1386   1485
 4017    406   275   425  0     1387   1964
 4018    350   275   406  0     1387   2046
 4019    350   425   275  0     1387   1696
 4020    462   423   422  0     1388   1755
 4021    462   482   423  0     1388   1552
 4022    970   870   901  0     1389   4270
 4023    970   855   870  0     1389   3774
 4024    901   855   970  0     1389   3746
 4025    284   262   314  0     1390   1433
 4026    284   265   262  0     1390   1542
 4027    314   396   265  0     1391   1481
 4028    366   319   347  0     1392   1818
 4029    366   209   319  0     1392   1398
 4030    347   209   366  0     1392   1758
 4031    347   319   209  0     1392   1817
 4032    225   181   111  0     1393   1405
 4033    225   296   181  0     1393   2060
 4034    111   296   225  0     1393   1740
 4035    111   181   296  0     1393   1697
 4036    452   462   450  0     1394   4239
 4037    450   396   452  0     1394   1491
 4038    450   462   396  0     1394   1469
 4039    318   432   428  0     1395   1563
 4040    318   395   432  0     1395   1519
 4041    162   187   116  0     1396   1623
 4042    162    88   187  0     1396   1630
 4043    162   265   187  0     1397   1606
 4044    218   265   162  0     1397   1616
 4045    366   249   319  0     1398   1851
 4046    269   350   389  0     1399   1785
 4047    269   366   350  0     1399   1621
 4048    389   366   269  0     1399   1700
 4049    389   350   366  0     1399   1638
 4050    319   249   330  0     1400   1851
 4051    319   190   249  0     1400   1828
 4052    330   249   190  0     1400   1620
 4053    325   341   284  0     1401   1418
 4054    325   380   341  0     1401   1426
 4055    321   269   209  0     1402   1780
 4056    321   195   269  0     1402   1446
 4057    209   269   195  0     1402   1789
 4058    330   319   405  0     1403   1864
 4059    330   366   319  0     1403   1851
 4060    405   366   330  0     1403   1736
 4061    405   319   366  0     1403   1818
 4062    225   269   195  0     1404   1446
 4063    225   111   269  0     1404   1405
 4064    195   111   225  0     1404   1689
 4065    195   269   111  0     1404   1842
 4066    269   181   111  0     1405   1868
 4067    269   225   181  0     1405   1922
 4068    161   257   254  0     1406   1685
 4069    161   169   257  0     1406   1920
 4070    254   169   161  0     1406   1925
 4071    254   257   169  0     1406   1788
 4072     10   138    89  1     1407     -1
 4073     10    39   138  0     1407   1890
 4074     89    39    10  1     1407     -1
 4075     89   138    39  0     1407   1853
 4076    284   312   259  0     1408   1414
 4077    284   258   312  0     1408   1423
 4078    259   312   258  1     1408     -1
 4079    192   245   261  0     1409   1569
 4080    192   186   245  0     1409   1520
 4081    261   245   186  0     1409   1448
 4082    106   148   152  0     1410   1832
 4083     59   148   106  0     1410   1848
 4084     59   152   148  1     1410     -1
 4085     10    39    74  1     1411     -1
 4086     10   191    39  0     1411   1890
 4087     74   191    10  0     1411   1809
 4088     74    39   191  0     1411   1907
 4089    393   369   402  0     1412   1912
 4090    393   305   369  0     1412   1999
 4091    402   305   393  0     1412   1794
 4092    402   369   305  0     1412   2031
 4093    275   394   350  0     1413   1696
 4094    312   259   341  1     1414     -1
 4095    284   341   259  0     1414   1455
 4096    383   400   325  0     1415   1432
 4097    383   456   400  1     1415     -1
 4098    294   265   374  0     1417   1501
 4099    325   262   284  0     1418   1433
 4100    284   262   341  0     1418   1455
 4101    896   759   788  0     1419   4002
 4102    896   842   759  0     1419   3822
 4103    788   842   896  0     1419   3805
 4104    788   759   842  0     1419   4015
 4105    827   708   818  0     1420   3681
 4106    827   698   708  0     1420   3690
 4107    818   698   827  0     1420   3581
 4108    818   708   698  0     1420   3440
 4109    206   159   309  0     1421   2433
 4110    237   159   206  0     1421   2304
 4111    237   309   159  0     1421   2372
 4112    284   312   310  0     1422   1423
 4113    310   340   284  0     1422   1677
 4114    310   312   340  1     1422     -1
 4115    310   258   312  1     1423     -1
 4116    284   258   310  0     1423   1741
 4117    190   319   258  0     1424   1835
 4118    258   331   190  1     1424     -1
 4119    258   319   331  0     1424   1860
 4120    208   322   341  1     1425     -1
 4121    325   341   322  0     1425   1431
 4122    380   341   400  1     1426     -1
 4123    325   400   341  0     1426   1431
 4124    416   296   321  0     1427   1737
 4125    380   284   405  0     1428   1458
 4126    284   441   314  0     1429   1462
 4127    284   380   441  0     1429   1437
 4128    314   441   380  0     1429   1444
 4129    208   262   153  0     1430   1459
 4130    341   322   400  1     1431     -1
 4131    325   400   322  0     1431   1432
 4132    383   400   322  1     1432     -1
 4133    209   355   284  0     1434   1461
 4134    209   347   355  0     1434   1758
 4135    284   347   209  0     1434   1817
 4136    284   355   347  0     1434   1440
 4137    450   441   474  0     1435   2977
 4138    450   420   441  0     1435   1449
 4139    314   441   325  0     1436   1464
 4140    314   400   441  0     1436   1444
 4141    430   380   441  0     1437   3942
 4142    284   380   430  0     1437   1458
 4143    722   643   710  0     1438   1837
 4144    740   643   722  0     1438   3886
 4145    740   710   643  0     1438   4094
 4146    350   406   454  0     1439   1947
 4147    350   389   406  0     1439   1825
 4148    454   389   350  0     1439   1786
 4149    454   406   389  0     1439   1822
 4150    347   430   355  0     1440   1757
 4151    861   846   918  0     1441   3563
 4152    861   892   846  0     1441   2793
 4153    918   892   861  0     1441   4377
 4154    918   846   892  0     1441   4396
 4155    438   427   521  0     1442   4142
 4156    474   521   427  0     1442   4109
 4157    515   524   398  0     1443   3576
 4158    515   454   524  0     1443   1811
 4159    398   454   515  0     1443   1978
 4160    398   524   454  0     1443   3555
 4161    380   400   441  0     1444   3956
 4162    432   505   465  0     1445   3852
 4163     63    77   160  0     1447   2074
 4164     63   115    77  0     1447   1910
 4165    160   115    63  0     1447   1479
 4166    160    77   115  0     1447   2062
 4167    261   201   186  0     1448   1540
 4168    186   201   245  0     1448   1520
 4169    374   420   441  0     1449   1452
 4170    567   660   709  0     1450   1492
 4171    567   606   660  0     1450   3882
 4172    709   606   567  0     1450   3859
 4173    709   660   606  0     1450   1474
 4174    311   376   304  0     1451   1556
 4175    324   376   311  0     1451   1460
 4176    324   304   376  0     1451   1571
 4177    314   420   441  0     1452   1464
 4178    265   396   287  0     1453   1489
 4179    287   396   357  0     1453   1602
 4180    208   200   262  0     1454   1459
 4181    259   200   208  1     1454     -1
 4182    524   682   549  0     1456   3617
 4183    524   529   682  0     1456   3609
 4184    549   529   524  0     1456   1770
 4185    549   682   529  0     1456   3496
 4186    218   294   172  0     1457   1510
 4187    405   380   430  0     1458   1463
 4188    208   200   153  1     1459     -1
 4189    277   324   376  0     1460   1522
 4190    311   324   277  0     1460   1647
 4191    380   430   469  0     1463   3943
 4192    469   430   405  0     1463   3945
 4193    325   420   441  0     1464   3513
 4194    534   543   586  0     1465   3954
 4195    534   565   543  0     1465   3935
 4196    586   565   534  0     1465   2917
 4197    586   543   565  0     1465   3955
 4198    842   923   954  1     1466     -1
 4199    842   896   923  0     1466   3703
 4200    954   923   896  0     1466   3920
 4201    501   538   567  0     1467   3810
 4202    501   655   538  0     1467   3864
 4203    567   655   501  0     1467   4191
 4204    784   660   725  0     1468   4144
 4205    784   709   660  0     1468   4069
 4206    725   709   784  0     1468   3807
 4207    725   660   709  0     1468   1474
 4208    396   441   462  0     1469   1514
 4209    450   462   441  0     1469   2955
 4210    311   304   388  0     1470   1556
 4211    388   304   294  0     1470   1554
 4212     54    12   164  0     1471   1567
 4213     54     8    12  1     1471     -1
 4214    164     8    54  0     1471   2280
 4215    164    12     8  0     1471   2226
 4216    311   388   376  0     1472   1556
 4217    407   376   388  0     1472   1502
 4218    242   268   140  0     1473   2399
 4219    242   176   268  0     1473   2314
 4220    140   176   242  0     1473   2165
 4221    606   725   660  0     1474   4157
 4222    709   725   606  0     1474   3691
 4223    363   415   435  0     1475   2299
 4224    363   418   415  0     1475   2142
 4225    435   418   363  1     1475     -1
 4226    435   415   418  0     1475   2456
 4227    441   422   355  0     1476   1490
 4228    441   396   422  0     1476   1514
 4229    875   840   887  0     1477   3268
 4230    875   821   840  0     1477   3583
 4231    887   821   875  0     1477   3246
 4232    887   840   821  0     1477   3145
 4233    454   389   321  0     1478   1779
 4234    321   296   454  0     1478   1734
 4235     63   161   115  0     1479   1933
 4236    160   161    63  0     1479   1900
 4237    160   115   161  0     1479   1902
 4238    294   361   287  0     1480   1561
 4239    294   295   361  0     1480   1483
 4240    287   295   294  0     1480   1612
 4241    287   361   295  0     1480   1497
 4242    265   355   396  0     1481   1489
 4243    309   299   378  0     1482   2422
 4244    309   343   299  0     1482   2413
 4245    378   299   343  0     1482   1748
 4246    357   361   294  0     1483   1561
 4247    357   295   361  0     1483   1596
 4248    294   295   357  0     1483   1512
 4249    207   295   306  0     1484   1660
 4250    318   295   207  0     1484   1576
 4251    318   306   295  0     1484   1503
 4252    452   396   388  0     1485   1491
 4253     27   106   162  0     1486   1877
 4254     99   106    27  1     1486     -1
 4255      5   188   155  0     1487   1615
 4256    116   188     5  0     1487   1586
 4257    116   155   188  0     1487   1573
 4258    294   201   287  0     1488   1628
 4259    294   187   201  0     1488   1574
 4260    287   187   294  0     1488   1622
 4261    441   422   430  0     1490   3946
 4262    660   655   567  0     1492   4193
 4263    660   709   655  0     1492   3916
 4264    482   376   357  0     1493   1604
 4265    482   452   376  0     1493   4196
 4266    357   452   482  0     1493   1511
 4267    501   510   569  0     1494   4209
 4268    567   510   501  0     1494   4247
 4269    567   569   510  0     1494   1527
 4270    237   378   299  0     1495   2422
 4271    300   299   378  0     1495   2397
 4272    187    88    99  0     1496   1630
 4273    187   149    88  0     1496   1674
 4274     99   149   187  0     1496   1500
 4275     99    88   149  0     1496   1672
 4276    295   329   361  0     1497   1507
 4277    287   329   295  0     1497   1658
 4278    287   361   329  0     1497   1760
 4279    562   567   724  0     1498   3875
 4280    706   567   562  0     1498   1549
 4281    706   724   567  0     1498   3870
 4282    209   126   162  0     1499   1888
 4283     99   119   187  0     1500   1531
 4284    149   187   119  0     1500   1636
 4285    407   376   452  0     1502   4236
 4286    376   295   318  0     1503   1575
 4287    489   505   451  0     1504   3857
 4288    451   546   489  0     1504   1704
 4289     70    51    48  1     1505     -1
 4290    706   567   709  0     1506   3870
 4291    706   610   567  0     1506   1549
 4292    709   610   706  0     1506   3298
 4293    709   567   610  0     1506   3859
 4294    329   361   306  0     1507   1535
 4295    306   295   329  0     1507   1664
 4296    306   361   295  0     1507   1541
 4297    442   491   483  0     1508   1590
 4298    442   404   491  0     1508   2125
 4299    483   404   442  0     1508   1589
 4300    483   491   404  0     1508   3825
 4301    442   483   416  0     1509   1709
 4302    387   483   442  0     1509   1589
 4303    218   187   172  0     1510   1635
 4304    452   482   462  0     1511   4235
 4305    357   304   295  0     1512   1596
 4306    294   304   357  0     1512   1554
 4307    294   295   304  0     1512   1611
 4308    423   361   287  0     1513   1759
 4309    423   422   361  0     1513   1546
 4310    287   422   423  0     1513   1515
 4311    287   361   422  0     1513   1600
 4312    441   462   422  0     1514   3948
 4313    355   423   287  0     1515   1551
 4314    708   724   674  0     1516   3892
 4315    708   695   724  0     1516   3816
 4316    674   695   708  0     1516   3802
 4317    132   334   160  0     1517   2001
 4318    160   256   132  0     1517   1983
 4319    160   334   256  0     1517   2052
 4320    432   306   428  0     1518   1563
 4321    428   414   432  0     1518   1547
 4322    428   306   414  0     1518   1582
 4323    324   395   432  0     1519   1533
 4324    318   188   206  0     1521   1543
 4325    206   306   318  0     1521   2410
 4326    407   432   376  0     1523   4237
 4327    395   432   407  0     1523   4504
 4328    395   376   432  0     1523   1533
 4329    376   304   357  0     1524   1595
 4330    376   388   304  0     1524   1556
 4331    357   304   388  0     1524   1554
 4332    414   387   428  0     1525   1582
 4333    428   483   414  0     1525   4216
 4334    428   387   483  0     1525   1534
 4335    604   394   568  0     1526   1985
 4336    425   394   604  0     1526   3335
 4337    425   568   394  0     1526   3442
 4338    567   569   482  0     1527   3885
 4339    482   510   567  0     1527   4247
 4340    482   569   510  0     1527   4495
 4341    605   504   538  0     1528   3355
 4342    605   543   504  0     1528   3950
 4343    538   543   605  0     1528   2953
 4344    538   504   543  0     1528   3961
 4345    527   521   477  0     1529   4138
 4346    527   601   521  0     1529   4170
 4347    477   601   527  0     1529   4119
 4348    155    34   149  0     1530   1673
 4349    155   179    34  0     1530   1649
 4350    149    34   179  0     1530   1653
 4351    162   187    99  0     1531   1630
 4352    700   642   657  0     1532   4583
 4353    700   664   642  0     1532   3821
 4354    657   642   664  0     1532   4370
 4355    428   387   451  0     1534   2409
 4356    451   483   428  0     1534   1548
 4357    329   387   306  0     1535   2408
 4358    329   361   387  0     1535   1566
 4359    489   412   451  0     1536   1744
 4360    489   336   412  0     1536   2471
 4361    463   540   512  0     1537   4167
 4362     95    34    11  1     1538     -1
 4363     11    34   149  0     1538   1651
 4364    153   162   106  0     1539   1884
 4365    414   361   295  0     1541   1592
 4366    265   262   162  0     1542   1616
 4367    206   150   188  0     1543   1705
 4368    318   188   150  0     1543   1608
 4369    324   245   205  0     1544   1648
 4370    205   295   324  0     1544   1577
 4371    398   478   343  0     1545   2464
 4372    422   361   357  0     1546   1601
 4373    357   361   423  0     1546   1599
 4374    414   482   428  0     1547   3853
 4375    414   432   482  0     1547   1597
 4376    428   482   432  0     1547   1559
 4377    451   505   428  0     1548   3857
 4378    428   505   483  0     1548   4216
 4379    562   610   567  0     1549   3860
 4380    706   610   562  0     1549   3814
 4381    619   697   708  0     1550   3651
 4382    619   632   697  0     1550   3601
 4383    708   697   632  0     1550   3507
 4384    423   287   391  0     1551   1759
 4385    355   391   287  0     1551   1710
 4386    462   482   484  0     1552   3884
 4387    484   423   462  0     1552   3625
 4388    484   482   423  0     1552   2954
 4389    567   501   482  0     1553   4247
 4390    567   484   501  0     1553   3810
 4391    482   484   567  0     1553   3861
 4392    482   501   484  0     1553   3884
 4393    444   251   411  0     1555   2534
 4394    371   251   444  1     1555     -1
 4395    371   411   251  0     1555   2276
 4396    329   416   387  0     1557   2417
 4397    404   558   483  0     1558   3825
 4398    404   423   558  0     1558   3795
 4399    483   558   423  0     1558   3627
 4400    482   505   428  0     1559   3853
 4401    428   505   432  0     1559   3852
 4402    586   567   619  0     1560   3828
 4403    586   574   567  0     1560   3953
 4404    619   574   586  0     1560   3542
 4405    619   567   574  0     1560   3890
 4406    287   357   361  0     1561   1602
 4407    287   155   184  0     1562   1614
 4408    287   187   155  0     1562   1656
 4409    184   155   187  0     1562   1637
 4410    300   268   299  0     1564   2397
 4411    394   346   330  0     1565   1836
 4412    394   249   346  0     1565   1639
 4413    329   361   423  0     1566   1765
 4414    423   361   387  0     1566   1584
 4415    164    15    12  0     1567   1629
 4416     54    15   164  0     1567   2221
 4417     54    12    15  1     1567     -1
 4418    167   217   179  0     1568   1662
 4419    167   155   217  0     1568   1613
 4420    179   155   167  0     1568   1649
 4421    179   217   155  0     1568   1655
 4422    311   245   261  0     1569   1607
 4423    904   886   920  0     1570   3737
 4424    826   886   904  0     1570   3116
 4425    826   920   886  0     1570   3769
 4426    324   295   376  0     1571   1575
 4427    376   295   304  0     1571   1594
 4428    187   201   179  0     1572   1654
 4429    188   184   155  0     1573   1580
 4430    116   184   188  0     1573   1605
 4431    116   155   184  0     1573   1637
 4432    324   295   318  0     1575   1576
 4433    324   295   207  0     1576   1577
 4434    186   149    34  0     1578   1651
 4435    192    34   149  0     1578   1653
 4436    167   217   205  0     1579   1613
 4437    167   245   217  0     1579   1663
 4438    155   217   184  0     1580   1614
 4439    184   217   188  0     1580   1665
 4440    245   217   294  0     1581   1642
 4441    294   217   201  0     1581   1628
 4442    111   147    36  0     1583   2313
 4443     48    36   147  0     1583   2287
 4444    423   361   414  0     1584   1598
 4445    103   161    63  0     1585   1933
 4446    103     6   161  0     1585   1867
 4447     63     6   103  1     1585     -1
 4448    116   188    18  0     1586   2343
 4449     18   188     5  0     1586   2344
 4450    116   184   162  0     1587   1623
 4451    116   147   184  0     1587   1605
 4452    354   412   433  0     1588   2297
 4453    354   468   412  0     1588   2457
 4454    433   412   468  0     1588   2483
 4455    491   434   442  0     1590   2405
 4456    491   483   434  0     1590   2443
 4457    442   434   483  0     1590   1709
 4458    506   508   472  0     1591   2440
 4459    506   492   508  0     1591   2722
 4460    472   492   506  0     1591   2651
 4461    414   361   432  0     1592   1597
 4462    432   361   295  0     1592   1593
 4463    295   376   361  0     1593   1594
 4464    432   361   376  0     1593   1603
 4465    295   304   361  0     1594   1596
 4466    376   361   304  0     1594   1595
 4467    376   361   357  0     1595   1604
 4468    357   361   304  0     1595   1596
 4469    482   361   432  0     1597   1603
 4470    482   414   361  0     1597   1598
 4471    423   361   482  0     1598   1599
 4472    357   361   482  0     1599   1604
 4473    287   361   396  0     1600   1602
 4474    396   361   422  0     1600   1601
 4475    396   361   357  0     1601   1602
 4476    376   482   361  0     1603   1604
 4477    188   147   184  0     1605   1722
 4478    116   147   188  0     1605   2332
 4479    265   187   287  0     1606   1622
 4480    150   173   188  0     1608   1610
 4481    318   188   173  0     1608   1609
 4482    207   188   173  0     1609   1610
 4483    207   188   150  0     1610   1645
 4484    295   245   294  0     1611   1642
 4485    295   217   287  0     1612   1658
 4486    295   294   217  0     1612   1642
 4487    287   217   294  0     1612   1628
 4488    167   155   205  0     1613   1644
 4489    287   217   184  0     1614   1657
 4490    287   155   217  0     1614   1656
 4491    188   155   150  0     1615   1645
 4492    150     5   188  0     1615   2345
 4493    150   155     5  0     1615   1640
 4494    262   162   218  0     1616   1617
 4495    190   249   148  0     1618   1773
 4496    190   121   249  0     1618   1828
 4497    148   121   190  0     1618   1880
 4498    153   152   162  0     1619   1882
 4499    284   162   152  0     1619   1881
 4500    331   249   190  0     1620   1850
 4501    350   249   366  0     1621   1631
 4502    116   184   187  0     1623   1637
 4503    430   366   405  0     1624   1792
 4504    430   347   366  0     1624   1757
 4505    405   366   347  0     1624   1818
 4506     20   114    31  0     1625   2251
 4507     20     8   114  0     1625   2302
 4508     31     8    20  1     1625     -1
 4509    397   327   271  0     1626   2027
 4510    397   270   327  0     1626   1682
 4511    271   270   397  0     1626   2015
 4512    271   327   270  0     1626   1684
 4513    225   120   117  0     1627   2356
 4514    225   111   120  0     1627   2360
 4515    117   111   225  0     1627   1740
 4516    117   120   111  0     1627   2020
 4517     15   178   164  0     1629   2190
 4518     15    12   178  0     1629   2339
 4519    164   178    12  0     1629   2159
 4520    366   409   249  0     1631   1807
 4521    350   409   366  0     1631   1638
 4522    350   249   409  0     1631   1783
 4523     27   162   126  0     1633   1876
 4524     60   167   155  0     1634   1641
 4525     37   167    60  0     1634   1652
 4526     37   155   167  0     1634   1643
 4527    172   119   187  0     1635   1636
 4528    389   409   366  0     1638   1681
 4529    389   350   409  0     1638   1826
 4530    379   346   394  1     1639     -1
 4531    150   155    37  0     1640   1646
 4532    167    34    60  0     1641   1652
 4533    167   155    34  0     1641   1649
 4534    167   207   155  0     1643   1644
 4535     37   155   207  0     1643   1646
 4536    207   155   150  0     1645   1646
 4537    277   245   324  0     1647   1648
 4538    179    34   167  0     1649   1667
 4539     11    34   167  0     1650   1669
 4540    167    34   192  0     1650   1667
 4541    167    34    37  0     1652   1668
 4542     37    34    60  1     1652     -1
 4543    179   192    34  0     1653   1667
 4544    187   217   179  0     1654   1655
 4545    155   187   217  0     1655   1656
 4546    184   329   217  0     1657   1665
 4547    287   217   329  0     1657   1658
 4548    295   217   329  0     1658   1664
 4549    188   217   306  0     1659   1666
 4550    306   217   207  0     1659   1660
 4551    306   217   295  0     1660   1664
 4552    245   192   217  0     1661   1663
 4553    179   217   192  0     1661   1662
 4554    167   192   179  0     1662   1667
 4555    167   217   192  0     1662   1663
 4556    329   306   217  0     1664   1666
 4557    329   217   188  0     1665   1666
 4558    188   184   329  0     1665   1725
 4559     58    34    37  1     1668     -1
 4560     58   167    34  0     1668   1670
 4561    141    34   167  0     1669   1670
 4562    141    11    34  0     1669   1671
 4563    141    34    58  0     1670   1671
 4564     58    11    34  1     1671     -1
 4565    149    34    88  0     1672   1673
 4566     99    88    34  1     1672     -1
 4567    155    88   149  0     1673   1674
 4568    116    48    60  0     1675   1679
 4569     60    48     5  1     1675     -1
 4570    633   496   580  0     1676   3284
 4571    515   496   633  0     1676   3257
 4572    515   580   496  0     1676   3166
 4573    340   319   310  0     1677   1861
 4574    340   284   319  0     1677   1798
 4575    310   319   284  0     1677   1741
 4576    379   163   191  0     1678   1806
 4577    379   254   163  1     1678     -1
 4578    191   254   379  0     1678   1691
 4579    191   163   254  0     1678   1924
 4580     60    88    48  1     1679     -1
 4581    116    48    88  0     1679   1680
 4582     88    52    48  1     1680     -1
 4583    430   366   389  0     1681   1776
 4584    430   409   366  0     1681   1792
 4585    270   297   397  0     1682   2416
 4586    397   297   327  0     1682   1706
 4587    221   300   289  0     1683   2244
 4588    221   244   300  0     1683   2407
 4589    289   244   221  0     1683   2387
 4590    289   300   244  0     1683   2258
 4591    271   235   270  0     1684   2072
 4592    271   327   235  0     1684   1772
 4593    257   305   161  0     1685   1791
 4594    257   254   305  0     1685   1839
 4595    161   305   254  0     1685   1952
 4596     51   117    36  0     1686   1960
 4597     51   111   117  0     1686   1815
 4598     36   117   111  0     1686   2020
 4599    539   596   673  0     1687   3250
 4600    539   640   596  0     1687   1719
 4601    673   640   539  0     1687   3771
 4602    673   596   640  0     1687   1820
 4603    184   236   321  0     1688   1720
 4604    321   236   225  0     1688   1739
 4605    111   225   147  0     1689   2360
 4606    398   454   442  0     1690   3555
 4607    442   416   398  0     1690   2151
 4608    442   454   416  0     1690   1711
 4609    191   254   275  0     1691   1940
 4610    275   379   191  0     1691   1855
 4611    275   254   379  0     1691   1965
 4612    913   895   931  0     1692   3225
 4613    913   954   895  0     1692   3452
 4614    931   954   913  1     1692     -1
 4615    931   895   954  0     1692   3493
 4616    430   366   355  0     1693   1757
 4617    430   391   366  0     1693   1776
 4618    355   366   391  0     1693   1774
 4619    237   178   221  0     1694   2333
 4620    237   299   178  0     1694   2317
 4621    275   394   425  0     1696   1790
 4622    296   117   181  0     1697   2017
 4623    111   117   296  0     1697   1740
 4624    111   181   117  0     1697   2022
 4625    111    67    74  0     1698   1745
 4626    111    51    67  0     1698   1847
 4627     74    67    51  1     1698     -1
 4628    780   821   887  0     1699   3245
 4629    780   811   821  0     1699   3199
 4630    209   269   389  0     1700   1775
 4631    389   366   209  0     1700   1721
 4632     19     3   122  0     1701   1752
 4633     19    12     3  1     1701     -1
 4634    122    12    19  0     1701   1707
 4635    122     3    12  0     1701   2081
 4636    225   296   321  0     1703   1739
 4637    225   316   296  0     1703   2060
 4638    489   486   546  0     1704   2883
 4639    451   486   489  0     1704   1744
 4640    150   118   206  0     1705   2376
 4641    150   188   118  0     1705   2345
 4642    206   118   188  0     1705   2104
 4643    327   348   297  0     1706   2200
 4644    397   348   327  0     1706   2082
 4645    104    12    19  1     1707     -1
 4646    104   122    12  0     1707   2315
 4647     19   122   104  0     1707   2069
 4648    344   323   354  0     1708   2238
 4649    344   242   323  0     1708   2354
 4650    354   242   344  0     1708   2285
 4651    416   442   434  0     1709   2151
 4652    355   391   209  0     1710   1774
 4653    442   454   404  0     1711   3628
 4654    404   454   416  0     1711   1754
 4655     26    46   170  0     1712   2148
 4656    170   110    26  1     1712     -1
 4657    170    46   110  0     1712   2174
 4658    117   120   168  0     1713   2366
 4659    117    80   120  0     1713   2178
 4660    168    80   117  0     1713   2181
 4661    168   120    80  0     1713   2324
 4662    178   159   140  0     1714   2334
 4663    178    72   159  0     1714   2388
 4664    140    72   178  0     1714   2321
 4665    140   159    72  0     1714   2383
 4666    122   241   178  0     1715   2252
 4667    157   241   122  0     1715   2083
 4668    157   178   241  0     1715   2363
 4669    270   211   271  0     1716   2072
 4670    270   189   211  0     1716   2065
 4671    271   189   270  0     1716   2070
 4672    271   211   189  0     1716   2088
 4673    392   338   345  0     1717   2199
 4674    392   337   338  1     1717     -1
 4675    345   338   337  0     1717   2531
 4676    334    21   160  0     1718   2001
 4677    160   174   334  0     1718   2052
 4678    160    21   174  0     1718   1936
 4679    550   539   640  0     1719   3328
 4680    550   596   539  0     1719   3547
 4681    329   184   236  0     1720   1725
 4682    391   366   209  0     1721   1774
 4683    391   389   366  0     1721   1776
 4684    209   389   391  0     1721   1775
 4685    147   236   188  0     1722   2196
 4686    188   236   184  0     1722   1725
 4687    236   212   225  0     1723   2071
 4688    236   120   212  0     1723   2369
 4689    225   120   236  0     1723   2358
 4690    640   672   539  0     1724   3771
 4691    640   504   672  1     1724     -1
 4692    539   504   640  0     1724   3941
 4693    539   672   504  0     1724   3969
 4694    188   236   329  0     1725   1726
 4695    188   236   206  0     1726   2104
 4696    206   236   329  0     1726   1730
 4697    290   342   272  0     1727   2036
 4698    290   390   342  0     1727   2676
 4699    272   390   290  0     1727   2510
 4700    272   342   390  0     1727   2000
 4701    451   412   479  0     1728   1747
 4702    451   378   412  0     1728   2404
 4703    479   378   451  0     1728   2458
 4704    343   274   382  0     1729   2652
 4705    343   270   274  0     1729   2412
 4706    382   270   343  0     1729   1980
 4707    382   274   270  0     1729   2655
 4708    378   434   451  0     1731   2414
 4709    451   309   378  0     1731   2404
 4710    241   274   252  0     1732   1746
 4711    241   313   274  0     1732   2643
 4712    581   633   678  0     1733   3290
 4713    581   597   633  0     1733   3347
 4714    678   597   581  0     1733   3641
 4715    678   633   597  0     1733   3261
 4716    404   454   321  0     1734   1779
 4717    404   296   454  0     1734   1754
 4718    321   296   404  0     1734   1737
 4719    763   580   633  0     1735   3277
 4720    763   635   580  0     1735   3368
 4721    633   635   763  0     1735   3265
 4722    633   580   635  0     1735   3284
 4723    366   409   405  0     1736   1792
 4724    366   330   409  0     1736   1807
 4725    404   416   296  0     1737   1754
 4726    369   271   356  0     1738   2053
 4727    429   271   369  0     1738   2049
 4728    429   356   271  0     1738   2041
 4729    236   225   296  0     1739   2071
 4730    225   117   296  0     1740   2356
 4731    258   319   284  0     1741   1835
 4732    258   310   319  0     1741   1860
 4733     15   107   122  0     1742   2195
 4734     15   104   107  1     1742     -1
 4735    122   104    15  0     1742   2315
 4736    122   107   104  0     1742   2069
 4737    682   859   678  0     1743   3593
 4738    682   824   859  0     1743   3623
 4739    678   824   682  0     1743   3242
 4740    678   859   824  0     1743   3229
 4741    489   412   486  0     1744   2423
 4742    111   143    74  0     1745   2061
 4743    111    67   143  0     1745   1995
 4744     74   143    67  0     1745   2033
 4745    168   274   252  0     1746   2647
 4746    168   241   274  0     1746   2424
 4747    252   241   168  0     1746   2102
 4748    451   513   479  0     1747   2884
 4749    479   513   412  0     1747   2584
 4750    496   633   701  0     1749   3297
 4751    496   663   633  0     1749   3312
 4752    701   663   496  1     1749     -1
 4753    701   633   663  0     1749   3285
 4754    174   181   356  0     1750   2059
 4755    356   271   174  0     1750   2053
 4756    356   181   271  0     1750   1878
 4757    416   343   309  0     1751   2418
 4758    122   168     3  0     1752   2322
 4759     19     3   168  0     1752   2349
 4760    409   457   425  0     1753   1819
 4761    406   457   409  0     1753   1824
 4762    406   425   457  0     1753   3512
 4763    422   462   391  0     1755   1756
 4764    423   391   462  0     1755   3960
 4765    430   422   462  0     1756   3947
 4766    355   347   366  0     1757   1758
 4767    209   366   355  0     1758   1774
 4768    423   361   391  0     1759   1765
 4769    287   391   361  0     1759   1760
 4770    361   329   391  0     1760   1765
 4771    287   391   329  0     1760   1761
 4772    321   391   329  0     1761   1762
 4773    329   404   391  0     1762   1766
 4774    321   391   404  0     1762   1778
 4775    510   545   407  0     1763   4505
 4776    407   585   510  0     1763   4185
 4777    407   545   585  0     1763   4614
 4778    713   764   735  0     1764   4424
 4779    713   674   764  0     1764   3644
 4780    735   764   674  0     1764   3550
 4781    329   391   423  0     1765   1766
 4782    423   404   391  0     1766   3574
 4783    484   562   567  0     1767   3861
 4784    423   562   484  0     1767   2954
 4785    423   567   562  0     1767   3288
 4786    903   920   921  1     1768     -1
 4787    903   886   920  0     1768   3613
 4788    921   886   903  0     1768   3736
 4789    921   920   886  0     1768   3643
 4790    289   300   412  0     1769   2518
 4791    336   300   289  0     1769   2258
 4792    336   412   300  0     1769   2445
 4793    524   491   529  0     1770   2862
 4794    549   491   524  0     1770   3220
 4795    549   529   491  0     1770   3579
 4796    424   498   502  1     1771     -1
 4797    506   498   424  0     1771   2672
 4798    506   502   498  0     1771   2684
 4799    327   235   334  1     1772     -1
 4800    334   271   327  0     1772   2051
 4801    334   235   271  0     1772   1949
 4802    190   191   148  0     1773   1896
 4803    190   249   191  0     1773   1865
 4804    389   391   269  0     1775   1781
 4805    209   269   391  0     1775   1780
 4806    430   391   389  0     1776   3901
 4807    454   404   389  0     1777   1779
 4808    391   404   454  0     1777   3603
 4809    391   389   404  0     1777   1778
 4810    391   389   321  0     1778   1781
 4811    321   389   404  0     1778   1779
 4812    321   269   391  0     1780   1781
 4813    321   269   389  0     1781   1787
 4814    622   596   767  0     1782   3549
 4815    622   818   596  0     1782   3510
 4816    767   818   622  0     1782   3212
 4817    409   330   249  0     1783   1807
 4818    394   346   405  0     1784   3402
 4819    394   409   346  0     1784   1836
 4820    405   409   394  0     1784   3427
 4821    269   316   389  0     1785   1787
 4822    269   350   316  0     1785   1800
 4823    389   316   350  0     1785   1786
 4824    350   454   316  0     1786   1906
 4825    169   362   257  1     1788     -1
 4826    254   362   169  0     1788   1957
 4827    254   257   362  0     1788   1954
 4828    269   195   249  0     1789   1874
 4829    209   249   195  0     1789   1808
 4830    425   379   394  0     1790   1972
 4831    425   275   379  0     1790   1943
 4832    305   256   257  0     1791   1982
 4833    305   161   256  0     1791   2003
 4834    143   125   174  0     1793   2073
 4835    143    76   125  0     1793   1976
 4836    174    76   143  0     1793   2016
 4837    174   125    76  0     1793   1951
 4838    362   305   393  0     1794   2004
 4839    362   402   305  0     1794   1827
 4840    393   402   362  0     1794   1950
 4841     42    67    74  1     1795     -1
 4842     42   191    67  0     1795   1928
 4843     74   191    42  0     1795   1907
 4844     74    67   191  0     1795   2033
 4845    575   534   454  0     1796   3327
 4846    575   470   534  0     1796   3533
 4847    539   534   550  0     1797   3547
 4848    539   457   534  0     1797   3910
 4849    550   457   539  0     1797   3438
 4850    550   534   457  0     1797   3505
 4851    347   319   340  0     1798   1862
 4852    347   284   319  0     1798   1817
 4853    566   471   500  0     1799   2168
 4854    566   492   471  0     1799   2724
 4855    500   492   566  0     1799   2455
 4856    500   471   492  0     1799   1813
 4857    316   275   350  0     1800   2048
 4858    316   269   275  0     1800   1801
 4859    269   275   253  0     1801   2067
 4860    253   316   269  0     1801   2057
 4861    253   275   316  0     1801   2047
 4862    597   634   575  0     1802   3537
 4863    597   555   634  0     1802   3530
 4864    575   555   597  0     1802   3320
 4865    148   191   108  0     1803   1846
 4866    108   121   148  0     1803   1859
 4867    108   191   121  0     1803   1870
 4868     77   109    76  1     1804     -1
 4869     77   125   109  0     1804   2092
 4870     76   125    77  0     1804   1951
 4871     76   109   125  0     1804   2086
 4872    191   163   138  0     1805   1898
 4873    191   144   163  0     1805   1919
 4874    138   144   191  0     1805   1931
 4875    138   163   144  1     1805     -1
 4876    379   163   346  1     1806     -1
 4877    346   163   191  0     1806   1898
 4878    330   249   366  0     1807   1851
 4879    209   121   195  0     1808   1871
 4880     74   191   108  0     1809   1870
 4881    108    10    74  1     1809     -1
 4882    108   191    10  0     1809   1846
 4883    103   131   161  0     1810   1946
 4884    103   169   131  0     1810   1911
 4885    161   169   103  0     1810   1893
 4886    161   131   169  0     1810   1920
 4887    575   524   515  0     1811   2032
 4888    575   454   524  0     1811   3327
 4889    568   634   622  0     1812   3361
 4890    622   555   568  0     1812   3522
 4891    622   634   555  0     1812   3528
 4892    500   471   460  0     1813   2168
 4893     76   125   111  0     1814   2023
 4894     76    67   125  0     1814   1976
 4895    111    67    76  0     1814   1847
 4896    111   125    67  0     1814   1995
 4897    111   125    51  0     1815   2023
 4898    111   117   125  0     1815   2022
 4899     51   125   117  0     1815   1841
 4900    334   369   256  0     1816   2038
 4901    334   402   369  0     1816   3303
 4902    256   402   334  0     1816   1996
 4903    256   369   402  0     1816   2031
 4904    284   319   209  0     1817   1886
 4905    405   319   347  0     1818   1862
 4906    394   457   425  0     1819   3538
 4907    409   457   394  0     1819   3536
 4908    673   596   767  0     1820   3376
 4909    767   640   673  0     1820   3479
 4910    767   596   640  0     1820   3548
 4911    673   596   818  0     1821   3517
 4912    673   788   596  0     1821   3376
 4913    818   788   673  0     1821   3561
 4914    454   457   389  0     1822   3476
 4915    454   406   457  0     1822   1823
 4916    389   457   406  0     1822   1825
 4917    470   406   457  0     1823   3524
 4918    454   406   470  0     1823   1849
 4919    409   350   457  0     1824   1826
 4920    406   457   350  0     1824   1825
 4921    389   457   350  0     1825   1826
 4922    402   256   362  0     1827   1997
 4923    402   305   256  0     1827   2031
 4924    362   256   305  0     1827   1982
 4925    319   190   121  0     1828   1887
 4926    568   596   634  0     1829   3361
 4927    575   596   568  0     1829   3002
 4928    576   634   622  0     1830   3528
 4929    576   742   634  0     1830   3527
 4930    622   742   576  0     1830   3326
 4931    622   634   742  0     1830   3554
 4932    449   522   425  0     1831   3523
 4933    449   568   522  0     1831   3411
 4934    425   522   568  0     1831   3520
 4935    148   121   106  0     1832   1859
 4936    148   152   121  0     1832   1880
 4937    106   121   152  0     1832   1883
 4938    824   859   885  0     1833   3429
 4939    824   826   859  0     1833   3151
 4940    885   826   824  0     1833   3711
 4941    885   859   826  0     1833   3702
 4942     94   106   121  0     1834   1838
 4943     27   106    94  1     1834     -1
 4944     27   121   106  0     1834   1877
 4945    190   319   284  0     1835   1887
 4946    721   710   722  0     1837   3938
 4947    721   643   710  0     1837   3978
 4948    722   643   721  0     1837   3782
 4949    106   121   108  0     1838   1859
 4950    108    94   106  1     1838     -1
 4951    108   121    94  0     1838   1858
 4952    393   305   257  0     1839   2004
 4953    393   254   305  0     1839   2007
 4954    257   254   393  0     1839   1954
 4955    108    10   148  0     1840   1846
 4956    108    83    10  1     1840     -1
 4957    148    10    83  1     1840     -1
 4958     51   109   117  0     1841   2308
 4959     51   125   109  0     1841   2086
 4960    117   109   125  0     1841   2087
 4961    269   191   195  0     1842   1874
 4962    269   111   191  0     1842   2013
 4963     42   161     6  0     1844   1916
 4964     42   177   161  0     1844   1894
 4965      6   177    42  0     1844   1927
 4966      6   161   177  0     1844   1917
 4967    405   331   330  0     1845   1864
 4968    405   346   331  0     1845   3962
 4969    148   191    10  0     1846   1897
 4970     51    76   111  0     1847   2023
 4971     51    67    76  1     1847     -1
 4972    148    53    59  1     1848     -1
 4973    148   106    53  0     1848   1852
 4974     59    53   106  1     1848     -1
 4975    406   356   454  0     1849   1947
 4976    406   470   356  0     1849   2019
 4977    190   346   249  0     1850   1865
 4978    331   346   190  1     1850     -1
 4979    106    53   108  1     1852     -1
 4980    108   148   106  0     1852   1859
 4981     89    42    39  1     1853     -1
 4982     39    42   138  0     1853   1908
 4983    108   121    74  0     1854   1870
 4984     74    70   108  1     1854     -1
 4985    275   249   191  0     1855   1869
 4986    555   522   575  0     1856   3279
 4987    555   470   522  0     1856   3525
 4988    575   470   555  0     1856   2678
 4989    575   522   470  0     1856   3533
 4990    565   529   697  0     1857   3647
 4991    565   524   529  0     1857   3259
 4992    697   524   565  0     1857   3263
 4993    697   529   524  0     1857   3609
 4994     94   108    52  1     1858     -1
 4995    310   331   258  1     1860     -1
 4996    310   319   331  0     1860   1861
 4997    340   331   310  1     1861     -1
 4998    340   319   331  0     1861   1863
 4999    405   319   340  0     1862   1863
 5000    405   331   340  0     1863   3964
 5001    405   319   331  0     1863   1864
 5002    346   191   190  0     1865   1895
 5003    646   733   597  0     1866   3590
 5004    646   697   733  0     1866   3557
 5005    597   733   697  0     1866   2919
 5006      6   161   144  0     1867   1916
 5007    144   161   103  0     1867   1893
 5008    111   143   181  0     1868   1932
 5009    269   143   111  0     1868   2013
 5010    269   181   143  0     1868   2054
 5011    269   191   275  0     1869   2066
 5012    269   249   191  0     1869   1874
 5013     74   191   121  0     1870   1885
 5014    209   121   126  0     1871   1888
 5015    126   121   195  0     1871   1872
 5016    103   169   144  0     1873   1893
 5017    103     1   169  0     1873   1911
 5018    144   169     1  1     1873     -1
 5019    235    92    21  1     1875     -1
 5020    174    92   235  0     1875   2089
 5021    174    21    92  0     1875   2091
 5022     27   162   121  0     1876   1877
 5023    126   121   162  0     1876   1888
 5024    106   162   121  0     1877   1884
 5025    356   181   296  0     1878   1937
 5026    296   271   356  0     1878   2042
 5027    296   181   271  0     1878   2024
 5028    284   121   190  0     1879   1887
 5029    284   152   121  0     1879   1881
 5030    190   121   152  0     1879   1880
 5031    190   148   152  1     1880     -1
 5032    162   121   284  0     1881   1889
 5033    162   152   121  0     1881   1882
 5034    162   153   121  0     1882   1884
 5035    152   121   153  0     1882   1883
 5036    106   121   153  0     1883   1884
 5037     74   191   111  0     1885   2061
 5038    284   121   209  0     1886   1889
 5039    284   319   121  0     1886   1887
 5040    162   209   121  0     1888   1889
 5041    191   138    10  0     1890   1897
 5042    191    39   138  0     1890   1908
 5043    539   504   405  0     1891   3831
 5044    539   346   504  0     1891   3922
 5045    405   346   539  0     1891   3402
 5046    405   504   346  0     1891   3962
 5047    596   622   634  0     1892   3361
 5048    646   634   622  0     1892   3531
 5049    161   169   144  0     1893   1925
 5050    144   161    42  0     1894   1916
 5051    144   177   161  0     1894   1901
 5052     42   177   144  0     1894   1930
 5053    346   138   190  1     1895     -1
 5054    346   191   138  0     1895   1898
 5055    190   138   191  0     1895   1896
 5056    190   138   148  1     1896     -1
 5057    148   138   191  0     1896   1897
 5058    148   138    10  1     1897     -1
 5059    346   163   138  1     1898     -1
 5060    132   257   160  0     1899   1983
 5061    132   161   257  0     1899   1914
 5062    160   161   132  0     1899   1902
 5063    160    76    63  0     1900   2074
 5064    177   161   254  0     1901   1952
 5065    254   144   177  0     1901   1903
 5066    254   161   144  0     1901   1925
 5067    160   115   132  0     1902   2011
 5068    132   115   161  0     1902   1905
 5069    254   163   177  0     1903   1924
 5070    144   163   254  1     1903     -1
 5071    144   177   163  0     1903   1919
 5072     44   144    42  0     1904   1918
 5073    138   144    44  1     1904     -1
 5074    138    42   144  0     1904   1930
 5075    115   131   132  1     1905     -1
 5076    115   161   131  0     1905   1946
 5077    132   131   161  0     1905   1914
 5078    316   350   356  0     1906   2048
 5079    454   356   350  0     1906   1947
 5080     74    39    42  1     1907     -1
 5081    191    42    39  0     1907   1908
 5082    191    42   138  0     1908   1929
 5083    130    69    23  1     1909     -1
 5084     23    90   130  0     1909   2183
 5085     23    69    90  1     1909     -1
 5086     63     1    77  1     1910     -1
 5087    115     1    63  0     1910   1913
 5088    115    77     1  0     1910   2085
 5089    169   131     1  1     1911     -1
 5090      1   131   103  0     1911   1948
 5091    402   447   369  0     1912   3299
 5092    393   447   402  0     1912   1950
 5093    393   369   447  0     1912   1994
 5094    115     1   103  0     1913   1948
 5095    103    63   115  0     1913   1933
 5096    103     1    63  1     1913     -1
 5097    131   257   132  1     1914     -1
 5098    131   161   257  0     1914   1920
 5099    160    77    76  0     1915   2074
 5100    160   174    77  0     1915   1936
 5101     76   174   160  0     1915   2016
 5102     76    77   174  0     1915   1951
 5103     42   144     6  0     1916   1918
 5104      6    76   177  0     1917   1926
 5105     42    44     6  1     1918     -1
 5106    163   191   177  0     1919   1924
 5107    144   177   191  0     1919   1931
 5108    131   169   257  1     1920     -1
 5109    130   122   110  0     1921   2170
 5110    157   122   130  0     1921   2160
 5111    157   110   122  0     1921   2005
 5112    316   181   269  0     1922   2057
 5113    316   225   181  0     1922   2060
 5114    253   181   174  0     1923   2059
 5115    253   143   181  0     1923   2054
 5116    174   143   253  0     1923   1935
 5117    174   181   143  0     1923   2073
 5118    191   177   254  0     1924   1940
 5119    254   169   144  1     1925     -1
 5120     76   177    67  0     1926   2025
 5121     67     6    76  1     1926     -1
 5122     67   177     6  0     1926   1927
 5123     67    42     6  1     1927     -1
 5124     67   177    42  0     1927   1928
 5125     67   177   191  0     1928   2014
 5126    191   177    42  0     1928   1929
 5127    191   177   138  0     1929   1931
 5128    138   177    42  0     1929   1930
 5129    138   177   144  0     1930   1931
 5130    143   125   111  0     1932   1995
 5131    143   181   125  0     1932   2073
 5132    111   125   181  0     1932   2022
 5133    161   115   103  0     1933   1946
 5134    386   393   425  0     1934   1973
 5135    386   449   393  0     1934   1963
 5136    425   449   386  0     1934   1970
 5137    425   393   449  0     1934   1966
 5138    177   143   253  0     1935   2002
 5139    253   174   177  0     1935   2028
 5140    174    77    21  0     1936   2090
 5141    160    21    77  0     1936   2062
 5142    316   181   296  0     1937   2060
 5143    316   356   181  0     1937   1998
 5144    177   256   253  0     1938   2028
 5145    177   305   256  0     1938   2003
 5146    253   305   177  0     1938   1941
 5147    253   256   305  0     1938   2044
 5148    253   177   275  0     1939   1941
 5149    253   191   177  0     1939   2002
 5150    275   191   253  0     1939   2068
 5151    275   177   191  0     1939   1940
 5152    275   177   254  0     1940   2006
 5153    253   305   275  0     1941   2009
 5154    275   305   177  0     1941   2006
 5155    256   174   253  0     1942   2028
 5156    256   356   174  0     1942   1967
 5157    253   356   256  0     1942   2044
 5158    253   174   356  0     1942   2059
 5159    379   386   275  0     1943   1965
 5160    379   425   386  0     1943   1970
 5161    275   386   425  0     1943   1973
 5162    118    55   120  0     1944   2128
 5163     36   120    55  0     1944   2078
 5164    622   580   459  0     1945   3359
 5165    622   576   580  0     1945   3271
 5166    459   576   622  0     1945   3410
 5167    459   580   576  0     1945   3348
 5168    115   103   131  0     1946   1948
 5169    350   406   356  0     1947   2046
 5170      1   131   115  1     1948     -1
 5171    334   174   271  0     1949   2058
 5172    271   174   235  0     1949   2064
 5173    393   447   362  0     1950   1955
 5174    362   447   402  1     1950     -1
 5175    174   125    77  0     1951   2092
 5176    161   305   177  0     1952   2003
 5177    177   305   254  0     1952   2006
 5178    655   643   538  0     1953   3254
 5179    655   543   643  0     1953   3973
 5180    538   643   543  0     1953   3311
 5181    257   362   393  0     1954   2004
 5182    254   393   362  0     1954   1959
 5183    459   447   362  0     1955   3352
 5184    459   393   447  0     1955   1994
 5185    362   393   459  0     1955   1992
 5186    393   459   470  0     1956   2010
 5187    393   449   459  0     1956   1963
 5188    470   449   393  0     1956   1958
 5189    470   459   449  0     1956   3329
 5190    254   362   494  0     1957   1987
 5191    494   169   254  1     1957     -1
 5192    494   362   169  1     1957     -1
 5193    406   393   470  0     1958   2030
 5194    406   449   393  0     1958   1966
 5195    470   449   406  0     1958   3515
 5196    386   393   362  0     1959   1991
 5197    386   254   393  0     1959   1974
 5198    362   254   386  0     1959   1986
 5199     51    80    36  1     1960     -1
 5200     51   117    80  0     1960   2308
 5201     36    80   117  0     1960   2178
 5202    745   720   746  0     1961   4771
 5203    745   677   720  0     1961   2843
 5204    746   677   745  0     1961   4472
 5205    746   720   677  0     1961   4675
 5206    398   356   397  0     1962   2040
 5207    398   429   356  0     1962   2018
 5208    397   429   398  0     1962   2874
 5209    397   356   429  0     1962   2041
 5210    449   459   386  0     1963   1989
 5211    386   459   393  0     1963   1990
 5212    425   393   275  0     1964   1973
 5213    425   406   393  0     1964   1966
 5214    275   393   406  0     1964   2008
 5215    275   254   386  0     1965   1974
 5216    379   386   254  1     1965     -1
 5217    406   449   425  0     1966   3523
 5218    369   174   256  0     1967   2038
 5219    369   356   174  0     1967   2053
 5220    256   356   369  0     1967   2043
 5221    454   429   515  0     1968   1978
 5222    454   356   429  0     1968   2018
 5223    583   546   486  0     1969   2883
 5224    583   513   546  0     1969   2892
 5225    425   449   379  0     1970   1972
 5226    379   449   386  0     1970   3374
 5227    928   862   898  0     1971   3414
 5228    897   862   928  0     1971   3407
 5229    897   898   862  0     1971   3413
 5230    379   394   449  0     1972   3375
 5231    425   449   394  0     1972   3335
 5232    275   386   393  0     1973   1974
 5233    254   393   275  0     1974   2007
 5234    877   792   812  0     1975   4802
 5235    877   868   792  0     1975   3042
 5236    812   868   877  1     1975     -1
 5237    812   792   868  0     1975   2831
 5238    143    67   125  0     1976   1995
 5239     76    67   143  0     1976   2025
 5240    369   580   459  0     1977   3317
 5241    459   447   369  0     1977   1994
 5242    459   580   447  0     1977   3198
 5243    454   429   398  0     1978   2018
 5244    398   429   515  0     1978   2774
 5245    270   297   252  0     1979   2631
 5246    270   274   297  0     1979   2656
 5247    252   274   270  0     1979   2648
 5248    382   270   398  0     1980   2012
 5249    398   343   382  0     1980   2464
 5250    398   270   343  0     1980   1981
 5251    343   296   270  0     1981   2121
 5252    398   270   296  0     1981   2039
 5253    362   256   257  0     1982   1997
 5254    257   305   362  0     1982   2004
 5255    161   177   256  0     1984   2003
 5256    160   256   177  0     1984   2056
 5257    394   568   550  0     1985   3442
 5258    550   604   394  0     1985   3441
 5259    386   487   254  1     1986     -1
 5260    386   362   487  0     1986   1991
 5261    254   487   362  0     1986   1987
 5262    254   487   494  1     1987     -1
 5263    494   487   362  0     1987   3358
 5264    673   698   788  0     1988   3992
 5265    673   632   698  0     1988   3976
 5266    788   632   673  0     1988   3561
 5267    788   698   632  0     1988   3204
 5268    459   487   449  0     1989   3378
 5269    459   386   487  0     1989   1990
 5270    449   487   386  0     1989   3360
 5271    459   393   487  0     1990   1992
 5272    386   487   393  0     1990   1991
 5273    393   362   487  0     1991   1992
 5274    459   362   487  0     1992   3314
 5275    802   871   734  0     1993   2976
 5276    802   778   871  1     1993     -1
 5277    393   369   459  0     1994   2010
 5278    402   257   256  0     1996   1997
 5279    402   334   257  1     1996     -1
 5280    362   402   257  1     1997     -1
 5281    356   181   253  0     1998   2059
 5282    253   316   356  0     1998   2047
 5283    253   181   316  0     1998   2057
 5284    406   369   393  0     1999   2030
 5285    393   305   406  0     1999   2008
 5286    390   333   342  0     2000   2674
 5287    272   342   333  1     2000     -1
 5288    132    21   160  0     2001   2011
 5289    132   334    21  1     2001     -1
 5290    191   143   253  0     2002   2068
 5291    191   177   143  0     2002   2014
 5292    157   110    46  0     2005   2174
 5293    122    46   110  0     2005   2206
 5294    275   305   254  0     2006   2007
 5295    275   305   393  0     2007   2008
 5296    275   305   406  0     2008   2009
 5297    253   406   275  0     2009   2045
 5298    393   369   470  0     2010   2030
 5299    470   369   459  0     2010   3317
 5300    160   115    21  0     2011   2062
 5301    132    21   115  1     2011     -1
 5302    397   270   398  0     2012   2039
 5303    397   382   270  0     2012   2416
 5304    398   382   397  0     2012   2441
 5305    191   143   111  0     2013   2061
 5306    191   269   143  0     2013   2066
 5307    177   143    67  0     2014   2025
 5308     67   143   191  0     2014   2033
 5309    296   270   397  0     2015   2039
 5310    296   271   270  0     2015   2070
 5311    397   271   296  0     2015   2042
 5312    117   189   296  0     2017   2119
 5313    117   181   189  0     2017   2076
 5314    296   189   181  0     2017   2024
 5315    454   356   398  0     2018   2021
 5316    406   470   369  0     2019   2030
 5317    117   120    36  0     2020   2178
 5318     36   120   111  0     2020   2313
 5319    296   356   398  0     2021   2040
 5320    117   125   181  0     2022   2076
 5321     51    76   125  0     2023   2086
 5322    296   189   271  0     2024   2070
 5323    598   572   523  0     2026   2910
 5324    598   644   572  0     2026   2701
 5325    271   429   327  0     2027   2049
 5326    397   429   271  0     2027   2041
 5327    397   327   429  0     2027   2096
 5328    177   256   174  0     2028   2056
 5329     32   204   146  0     2029   2141
 5330     32    49   204  0     2029   2202
 5331    146    49    32  0     2029   2203
 5332    146   204    49  1     2029     -1
 5333    256   369   305  0     2031   2043
 5334    575   597   515  0     2032   3320
 5335    575   524   597  0     2032   3586
 5336     74   143   191  0     2033   2061
 5337    775   842   954  1     2034     -1
 5338    775   895   842  0     2034   3934
 5339    492   506   464  0     2035   2729
 5340    492   382   506  0     2035   2682
 5341    464   382   492  0     2035   2664
 5342    464   506   382  0     2035   2681
 5343    272   255   342  0     2036   2037
 5344    290   255   272  0     2036   2614
 5345    170   342   272  1     2037     -1
 5346    170   255   342  0     2037   2638
 5347    272   255   170  0     2037   2113
 5348    334   174   256  0     2038   2052
 5349    334   369   174  0     2038   2058
 5350    397   296   398  0     2039   2040
 5351    397   296   356  0     2040   2042
 5352    397   356   271  0     2041   2042
 5353    256   356   305  0     2043   2044
 5354    253   356   275  0     2045   2047
 5355    275   356   406  0     2045   2046
 5356    275   356   350  0     2046   2048
 5357    275   316   356  0     2047   2048
 5358    271   369   327  0     2049   2051
 5359    429   327   369  0     2049   2050
 5360    369   334   327  0     2050   2051
 5361    429   334   369  0     2050   3302
 5362    429   327   334  0     2050   3301
 5363    271   369   334  0     2051   2058
 5364    160   174   256  0     2052   2056
 5365    271   174   369  0     2053   2058
 5366    269   181   253  0     2054   2057
 5367    253   143   269  0     2054   2067
 5368    189   211   117  0     2055   2131
 5369    189   168   211  0     2055   2065
 5370    117   168   189  0     2055   2119
 5371    117   211   168  0     2055   2126
 5372    115    21    77  0     2062   2085
 5373    237   159   178  0     2063   2333
 5374    237   212   159  0     2063   2352
 5375    178   212   237  0     2063   2317
 5376    178   159   212  0     2063   2390
 5377    271   189   235  0     2064   2088
 5378    235   189   174  0     2064   2095
 5379    270   168   211  0     2065   2649
 5380    189   168   270  0     2065   2120
 5381    191   275   143  0     2066   2068
 5382    269   143   275  0     2066   2067
 5383    253   143   275  0     2067   2068
 5384     19   107   104  1     2069     -1
 5385    296   189   270  0     2070   2120
 5386    296   236   212  0     2071   2149
 5387    271   235   211  0     2072   2088
 5388    270   211   235  0     2072   2116
 5389    174   181   125  0     2073   2075
 5390     76    63    77  1     2074     -1
 5391    174   189   125  0     2075   2093
 5392    181   125   189  0     2075   2076
 5393    189   117   125  0     2076   2087
 5394    230   339   320  1     2077     -1
 5395    230   323   339  0     2077   2478
 5396     55    72   120  0     2078   2128
 5397     36    72    55  1     2078     -1
 5398     36   120    72  0     2078   2305
 5399     26   107   109  1     2079     -1
 5400     26   157   107  0     2079   2155
 5401    109   157    26  0     2079   2124
 5402    235    97   174  0     2080   2089
 5403    235   109    97  0     2080   2094
 5404    174   109   235  0     2080   2095
 5405    122   178    12  0     2081   2339
 5406    122     3   178  0     2081   2322
 5407     12   178     3  0     2081   2291
 5408    397   424   327  0     2082   2096
 5409    397   348   424  0     2082   2524
 5410    327   424   348  1     2082     -1
 5411    157   255   122  0     2083   2160
 5412    241   255   157  0     2083   2118
 5413    241   122   255  0     2083   2218
 5414     84    61    90  1     2084     -1
 5415     84   185    61  0     2084   2268
 5416     90   185    84  0     2084   2220
 5417    115    21     1  1     2085     -1
 5418      1    21    77  1     2085     -1
 5419     76   109    51  1     2086     -1
 5420    125   189   109  0     2087   2093
 5421    117   109   189  0     2087   2130
 5422    189   235   211  0     2088   2138
 5423    235    97    92  1     2089     -1
 5424     21   109    77  1     2090     -1
 5425     21   174   109  0     2090   2091
 5426     77   109   174  0     2090   2092
 5427     92   109    21  1     2091     -1
 5428    125   109   174  0     2092   2093
 5429    189   109   174  0     2093   2095
 5430    109   102   235  0     2094   2136
 5431    109    97   102  1     2094     -1
 5432    235   102    97  1     2094     -1
 5433    235   189   109  0     2095   2140
 5434    327   429   424  0     2096   3300
 5435    397   424   429  0     2096   2624
 5436    252   213   157  0     2097   2107
 5437    252   170   213  0     2097   2639
 5438    157   170   252  0     2097   2122
 5439    157   213   170  0     2097   2135
 5440    472   481   508  0     2098   2430
 5441    554   481   472  1     2098     -1
 5442    776   791   699  0     2099   2720
 5443    776   803   791  0     2099   2743
 5444    699   803   776  0     2099   3083
 5445    699   791   803  0     2099   3146
 5446    644   598   639  0     2100   2876
 5447    583   598   644  0     2100   2797
 5448    583   639   598  0     2100   2851
 5449     69   146    32  0     2101   2194
 5450    250   146    69  0     2101   2186
 5451    250    32   146  0     2101   2141
 5452    157   241   168  0     2102   2363
 5453    157   252   241  0     2102   2118
 5454    168   252   157  0     2102   2115
 5455    553   564   554  0     2103   2695
 5456    553   508   564  0     2103   2696
 5457    554   564   508  0     2103   2690
 5458    188   236   118  0     2104   2196
 5459    206   118   236  0     2104   2156
 5460    738   803   761  0     2105   3121
 5461    761   806   738  0     2105   2734
 5462    761   803   806  0     2105   3126
 5463    114   242   216  0     2106   2392
 5464    140   242   114  0     2106   2165
 5465    140   216   242  0     2106   2351
 5466    211   213   157  0     2107   2133
 5467    157   252   211  0     2107   2115
 5468    140   159   112  0     2108   2239
 5469    140    96   159  0     2108   2383
 5470    112   159    96  0     2108   2380
 5471    591   653   704  0     2109   2770
 5472    661   653   591  0     2109   2726
 5473    290   241   255  0     2110   2415
 5474    252   255   241  0     2110   2118
 5475    421   443   440  0     2111   2827
 5476    336   354   244  0     2112   2284
 5477    288   244   354  0     2112   2176
 5478    170   130   255  0     2113   2143
 5479    272   130   170  1     2113     -1
 5480    272   255   130  0     2113   2528
 5481    168   274   178  0     2114   2424
 5482    168   212   274  0     2114   2605
 5483    178   212   168  0     2114   2371
 5484    178   274   212  0     2114   2421
 5485    168   211   157  0     2115   2126
 5486    168   252   211  0     2115   2647
 5487    235   213   211  0     2116   2138
 5488    464   492   431  0     2117   2577
 5489    431   492   460  0     2117   2561
 5490    252   255   157  0     2118   2122
 5491    296   168   189  0     2119   2120
 5492    296   168   270  0     2120   2121
 5493    270   343   168  0     2121   2412
 5494    170   255   157  0     2122   2143
 5495    170   252   255  0     2122   2638
 5496     56   157   109  0     2123   2124
 5497     56   211   157  0     2123   2133
 5498    109   211    56  0     2123   2132
 5499    109   157   211  0     2123   2129
 5500     56    26   109  1     2124     -1
 5501     56   157    26  0     2124   2134
 5502    491   529   404  0     2125   3564
 5503    491   442   529  0     2125   2862
 5504    404   529   442  0     2125   3628
 5505    211   157   117  0     2126   2131
 5506    117   157   168  0     2126   2181
 5507    159   221   140  0     2127   2334
 5508    159   216   221  0     2127   2150
 5509    140   216   159  0     2127   2239
 5510    140   221   216  0     2127   2351
 5511     72   120   118  0     2128   2389
 5512    118    55    72  0     2128   2337
 5513    211   189   157  0     2129   2131
 5514    109   189   211  0     2129   2139
 5515    109   157   189  0     2129   2130
 5516    117   157   189  0     2130   2131
 5517    211   213   109  0     2132   2139
 5518    211    56   213  0     2132   2133
 5519    109   213    56  0     2132   2137
 5520     56   213   157  0     2133   2134
 5521     56   213    26  1     2134     -1
 5522     26   213   157  0     2134   2135
 5523     26   170   157  0     2135   2148
 5524     26   213   170  1     2135     -1
 5525    109   213   235  0     2136   2140
 5526    109   102   213  0     2136   2137
 5527    235   213   102  1     2136     -1
 5528     56   102   213  1     2137     -1
 5529    109   102    56  1     2137     -1
 5530    235   213   189  0     2138   2140
 5531    189   213   211  0     2138   2139
 5532    189   213   109  0     2139   2140
 5533     32   204   250  0     2141   2236
 5534    418   323   363  0     2142   2398
 5535    130   255   157  0     2143   2160
 5536    289   244   288  0     2144   2176
 5537    289   216   244  0     2144   2387
 5538    288   216   289  0     2144   2355
 5539    288   244   216  0     2144   2241
 5540    232   164   349  0     2145   2361
 5541    232   215   164  0     2145   2262
 5542    323   358   339  0     2146   2506
 5543    323   415   358  0     2146   2511
 5544    339   358   415  0     2146   2446
 5545    250   215   280  0     2147   2162
 5546     26    46   157  0     2148   2155
 5547    157    46   170  0     2148   2174
 5548    343   236   212  0     2149   2172
 5549    244   221   159  0     2150   2407
 5550    244   216   221  0     2150   2387
 5551     19    80   109  1     2152     -1
 5552    130    61   122  0     2153   2170
 5553    122   185   130  0     2153   2228
 5554    122    61   185  0     2153   2267
 5555    185   182   183  0     2154   2207
 5556    185   215   182  0     2154   2158
 5557    183   215   185  0     2154   2216
 5558    183   182   215  0     2154   2500
 5559     26    46   107  1     2155     -1
 5560    206   118   237  0     2156   2304
 5561    236   237   118  0     2156   2347
 5562    159   173   244  0     2157   2432
 5563    112   173   159  0     2157   2374
 5564    112   244   173  0     2157   2378
 5565    215   182   202  0     2158   2229
 5566    202   185   215  0     2158   2219
 5567    202   182   185  0     2158   2240
 5568    164   178   140  0     2159   2379
 5569    140    12   164  0     2159   2226
 5570    140   178    12  0     2159   2321
 5571    130   255   122  0     2160   2228
 5572     79   182    49  0     2161   2171
 5573     79     7   182  0     2161   2173
 5574     49     7    79  1     2161     -1
 5575     49   182     7  0     2161   2217
 5576    280   185   215  0     2162   2260
 5577    250   185   280  0     2162   2526
 5578    364   411   345  0     2163   2560
 5579    364   251   411  0     2163   2276
 5580    345   411   251  0     2163   2530
 5581    251   215   202  0     2164   2166
 5582    251   204   215  0     2164   2208
 5583    202   204   251  1     2164     -1
 5584    202   215   204  0     2164   2219
 5585    140   176   114  0     2165   2193
 5586    242   114   176  0     2165   2281
 5587    371   215   202  0     2166   2249
 5588    202   251   371  1     2166     -1
 5589     49    16   182  0     2167   2217
 5590     49   193    16  1     2167     -1
 5591    566   460   500  0     2168   2804
 5592    221   317   242  0     2169   2502
 5593    221   216   317  0     2169   2431
 5594    242   216   221  0     2169   2351
 5595    242   317   216  0     2169   2473
 5596    110    61   122  0     2170   2206
 5597    185   182    49  0     2171   2240
 5598    185    79   182  0     2171   2173
 5599     49    79   185  0     2171   2232
 5600    237   236   212  0     2172   2369
 5601    343   236   237  0     2172   2283
 5602      7   182   185  0     2173   2207
 5603    185    79     7  0     2173   2201
 5604     45    86   118  0     2175   2328
 5605     45    96    86  1     2175     -1
 5606    289   354   288  0     2176   2286
 5607    289   244   354  0     2176   2284
 5608    145   114    25  0     2177   2247
 5609     36    80   120  0     2178   2305
 5610     75    25    96  1     2179     -1
 5611    112    25    75  0     2179   2185
 5612    112    96    25  0     2179   2295
 5613    412   419   490  0     2180   2237
 5614    412   417   419  0     2180   2472
 5615    490   419   417  0     2180   2245
 5616     31    62    25  1     2182     -1
 5617     23   110   130  1     2183     -1
 5618     23    90   110  0     2183   2192
 5619    122   185   232  0     2184   2254
 5620    122   241   185  0     2184   2218
 5621    232   241   122  0     2184   2252
 5622    232   185   241  0     2184   2504
 5623    112    25   114  0     2185   2247
 5624    250   146   130  0     2186   2555
 5625    130   146    69  1     2186     -1
 5626    349   302   280  0     2187   2566
 5627    349   364   302  0     2187   2599
 5628    280   302   364  0     2187   2211
 5629    110    61    23  0     2188   2192
 5630    110    46    61  0     2188   2206
 5631     23    61    46  1     2188     -1
 5632     18    55   116  0     2189   2342
 5633     18    48    55  1     2189     -1
 5634    164   122   178  0     2190   2327
 5635     15   122   164  0     2190   2221
 5636     15   178   122  0     2190   2339
 5637    738   653   661  0     2191   2887
 5638    738   761   653  0     2191   2607
 5639    661   761   738  0     2191   3082
 5640     23    90    61  1     2192     -1
 5641      8   114   140  0     2193   2230
 5642      8   176   114  0     2193   2302
 5643    140   176     8  0     2193   2312
 5644     69    82    32  1     2194     -1
 5645     69   146    82  1     2194     -1
 5646     32    82   146  0     2194   2203
 5647    107    61    15  1     2195     -1
 5648     15    61   122  0     2195   2205
 5649    147   118   188  0     2196   2332
 5650    147   236   118  0     2196   2359
 5651    151     8    38  0     2197   2242
 5652    151    71     8  0     2197   2290
 5653     38    71   151  1     2197     -1
 5654     38     8    71  1     2197     -1
 5655    204   251   250  0     2198   2222
 5656    204   222   251  1     2198     -1
 5657    250   251   222  0     2198   2210
 5658    475   338   345  0     2199   2488
 5659    475   392   338  1     2199     -1
 5660    235   327   348  1     2200     -1
 5661     79     7    84  1     2201     -1
 5662     84   185    79  0     2201   2220
 5663     84     7   185  0     2201   2264
 5664     79   204    32  0     2202   2235
 5665     79    49   204  0     2202   2232
 5666     32    49    79  1     2202     -1
 5667     32    82    49  1     2203     -1
 5668    146    49    82  1     2203     -1
 5669    175   114   180  0     2204   2301
 5670    180   114   199  0     2204   2336
 5671     61    54    15  1     2205     -1
 5672     61   122    54  0     2205   2265
 5673     15    54   122  0     2205   2221
 5674    183     7   182  0     2207   2307
 5675    185     7   183  0     2207   2257
 5676    185   204   215  0     2208   2219
 5677    251   204   185  0     2208   2222
 5678    768   853   890  0     2209   4808
 5679    768   823   853  0     2209   4721
 5680    890   823   768  0     2209   2895
 5681    890   853   823  0     2209   3046
 5682    345   222   250  0     2210   2250
 5683    345   251   222  0     2210   2530
 5684    345   364   280  0     2211   2521
 5685    345   333   338  0     2212   2557
 5686    345   390   333  0     2212   2558
 5687    338   390   345  0     2212   2488
 5688    338   333   390  0     2212   2564
 5689    591   458   440  0     2213   2565
 5690    591   443   458  1     2213     -1
 5691    440   443   591  0     2213   2574
 5692    473   587   444  1     2214     -1
 5693    473   475   587  1     2214     -1
 5694    444   475   473  0     2214   2543
 5695    444   587   475  0     2214   2820
 5696    433   445   466  0     2215   2489
 5697    466   445   468  0     2215   2486
 5698    183   164   185  0     2216   2257
 5699    185   164   215  0     2216   2260
 5700     49    16     7  1     2217     -1
 5701      7    16   182  0     2217   2223
 5702    122   255   185  0     2218   2228
 5703    202   185   204  0     2219   2231
 5704     90    79    84  1     2220     -1
 5705     90   185    79  0     2220   2233
 5706    122   164    54  0     2221   2265
 5707    204   185   250  0     2222   2236
 5708    182    71    16  0     2223   2248
 5709      7    71   182  0     2223   2310
 5710      7    16    71  1     2223     -1
 5711    241   315   299  0     2224   2642
 5712    241   274   315  0     2224   2643
 5713    299   274   241  0     2224   2646
 5714    299   315   274  0     2224   2316
 5715    250   185    90  0     2225   2234
 5716    250   130   185  0     2225   2621
 5717    140     8   164  0     2226   2294
 5718    140    12     8  0     2226   2320
 5719    232   313   349  0     2227   2641
 5720    232   299   313  0     2227   2637
 5721    349   299   232  0     2227   2420
 5722    349   313   299  0     2227   2541
 5723    255   185   130  0     2228   2620
 5724    215   193   202  0     2229   2249
 5725      8    75   140  0     2230   2306
 5726    202   185    49  0     2231   2240
 5727     49   204   202  1     2231     -1
 5728     49   185   204  0     2231   2232
 5729    204    79   185  0     2232   2235
 5730     90   185    32  0     2233   2234
 5731     32    79    90  1     2233     -1
 5732     32   185    79  0     2233   2235
 5733     32   250   185  0     2234   2236
 5734    204    32   185  0     2235   2236
 5735    486   419   490  0     2237   2459
 5736    486   412   419  0     2237   2482
 5737    490   412   486  0     2237   2789
 5738    354   415   323  0     2238   2485
 5739    344   415   354  0     2238   2481
 5740    199   216   288  0     2241   2335
 5741     38   151   176  0     2242   2279
 5742    419   490   445  0     2243   2246
 5743    468   490   419  0     2243   2828
 5744    468   445   490  0     2243   2486
 5745    221   317   289  0     2244   2431
 5746    289   317   300  0     2244   2518
 5747    417   421   419  0     2245   2503
 5748    490   419   421  0     2245   2246
 5749    112   145   114  0     2247   2393
 5750     71   151   182  0     2248   2290
 5751     71    16   151  1     2248     -1
 5752    371   193   202  1     2249     -1
 5753    371   215   193  0     2249   2497
 5754    345   337   250  0     2250   2531
 5755    122   232   178  0     2252   2327
 5756    241   178   232  0     2252   2645
 5757    180   134   176  0     2253   2259
 5758     20   134   180  0     2253   2274
 5759     20   176   134  0     2253   2282
 5760    122   164   232  0     2254   2327
 5761    122   185   164  0     2254   2267
 5762    232   164   185  0     2254   2261
 5763    112    96    22  0     2255   2380
 5764    112    14    96  0     2255   2295
 5765     22    96    14  1     2255     -1
 5766    790   847   881  0     2256   3108
 5767    790   868   847  0     2256   3060
 5768    881   868   790  0     2256   3086
 5769    881   847   868  0     2256   3098
 5770      7   164   185  0     2257   2264
 5771      7   183   164  0     2257   2311
 5772    336   244   289  0     2258   2284
 5773    336   300   244  0     2258   2427
 5774    180   134   230  0     2259   2273
 5775    215   280   164  0     2260   2262
 5776    185   164   280  0     2260   2261
 5777    232   164   280  0     2261   2262
 5778     84   164     7  0     2263   2264
 5779     84    54   164  0     2263   2266
 5780      7    54    84  1     2263     -1
 5781      7   164    54  0     2263   2280
 5782     84   164   185  0     2264   2268
 5783     54    61   164  0     2265   2266
 5784    122   164    61  0     2265   2267
 5785     61   164    84  0     2266   2268
 5786     84    54    61  1     2266     -1
 5787     61   185   164  0     2267   2268
 5788    419   317   354  0     2269   2474
 5789    354   415   419  0     2269   2298
 5790    354   317   415  0     2269   2485
 5791    364   411   371  0     2270   2276
 5792    364   440   411  0     2270   2559
 5793    813   745   808  0     2271   4435
 5794    813   870   745  0     2271   2854
 5795    808   870   813  0     2271   2944
 5796    808   745   870  0     2271   4337
 5797    180   134    93  0     2272   2274
 5798    180   171   134  0     2272   2273
 5799     93   134   171  1     2272     -1
 5800    230   171   134  1     2273     -1
 5801     20   134    93  0     2274   2275
 5802     93    38   134  1     2275     -1
 5803     20    38    93  1     2275     -1
 5804     20   134    38  0     2275   2282
 5805    715   612   699  0     2277   2756
 5806    699   703   715  0     2277   2987
 5807    699   612   703  0     2277   2786
 5808    421   417   378  0     2278   2499
 5809    134   176    38  0     2279   2282
 5810     38   151   134  1     2279     -1
 5811      7     8    54  1     2280     -1
 5812      7   164     8  0     2280   2311
 5813    242   114   180  0     2281   2392
 5814    180   176   242  0     2281   2479
 5815    237   343   309  0     2283   2413
 5816    236   309   343  0     2283   2418
 5817    288   354   242  0     2285   2286
 5818    289   242   288  0     2286   2355
 5819     36    55    48  1     2287     -1
 5820    120   178    12  0     2288   2291
 5821    120    72   178  0     2288   2388
 5822     12    72   120  0     2288   2348
 5823     12   178    72  0     2288   2321
 5824    343   274   212  0     2289   2605
 5825    343   299   274  0     2289   2634
 5826    212   274   299  0     2289   2421
 5827     71     8   182  0     2290   2310
 5828     12   120     3  0     2291   2348
 5829    323   285   215  0     2292   2494
 5830    323   182   285  0     2292   2293
 5831    215   182   323  0     2292   2500
 5832    182   285   176  0     2293   2480
 5833    176   285   323  0     2293   2493
 5834    183     8   164  0     2294   2311
 5835    183   140     8  0     2294   2312
 5836     14    96    25  1     2295     -1
 5837    412   317   289  0     2296   2518
 5838    412   354   317  0     2296   2474
 5839    354   419   433  0     2297   2298
 5840    354   412   419  0     2297   2474
 5841    433   419   412  0     2297   2483
 5842    415   419   433  0     2298   2490
 5843    433   354   415  0     2298   2481
 5844    363   358   435  1     2299     -1
 5845    363   415   358  0     2299   2446
 5846     45   118    30  0     2300   2328
 5847     45    55   118  0     2300   2337
 5848     30    55    45  1     2300     -1
 5849     30   118    55  0     2300   2329
 5850    173   303   244  0     2303   2435
 5851    199   244   303  0     2303   2396
 5852    118   159   206  0     2304   2376
 5853    118   237   159  0     2304   2352
 5854     72    80   120  0     2305   2318
 5855     36    80    72  1     2305     -1
 5856     75    72     8  1     2306     -1
 5857     75   140    72  0     2306   2319
 5858      8    72   140  0     2306   2320
 5859      7     8   183  0     2307   2311
 5860      7   182     8  0     2307   2310
 5861    183     8   182  0     2307   2309
 5862    109    80    51  1     2308     -1
 5863    183     8   176  0     2309   2312
 5864      7    71     8  1     2310     -1
 5865    147   120   111  0     2313   2360
 5866    183   268   242  0     2314   2501
 5867     15    12   104  1     2315     -1
 5868     15   122    12  0     2315   2339
 5869    315   352   299  0     2316   2375
 5870    315   274   352  0     2316   2633
 5871    299   352   274  0     2316   2634
 5872    178   212   299  0     2317   2421
 5873    120     3    80  0     2318   2324
 5874    120    72     3  0     2318   2348
 5875     80     3    72  1     2318     -1
 5876     96    72    75  1     2319     -1
 5877     96   140    72  0     2319   2383
 5878     72    12     8  1     2320     -1
 5879     72   140    12  0     2320   2321
 5880    221   268   164  0     2323   2437
 5881    221   183   268  0     2323   2377
 5882    164   268   183  0     2323   2367
 5883    168     3    80  0     2324   2349
 5884    117   120   296  0     2325   2356
 5885    117   212   120  0     2325   2366
 5886    112   216   199  0     2326   2394
 5887    112   173   216  0     2326   2378
 5888    232   178   164  0     2327   2438
 5889     86   118    30  0     2328   2340
 5890     30    45    86  1     2328     -1
 5891     55    18   118  0     2329   2342
 5892     30    18    55  1     2329     -1
 5893     30   118    18  0     2329   2330
 5894     30   118   150  0     2330   2341
 5895    150   118    18  0     2330   2346
 5896    116   118   147  0     2331   2332
 5897    116    55   118  0     2331   2342
 5898    116   118   188  0     2332   2343
 5899    159   178   221  0     2333   2334
 5900    178   221   140  0     2334   2379
 5901    180   199   216  0     2335   2336
 5902    180   114   216  0     2336   2392
 5903    199   216   114  0     2336   2395
 5904     55    72    45  1     2337     -1
 5905    150   118    22  0     2338   2341
 5906    150   112   118  0     2338   2362
 5907     22   118   112  0     2338   2382
 5908     22    30    86  1     2340     -1
 5909     22   118    30  0     2340   2341
 5910     18   118   116  0     2342   2343
 5911     18   118   188  0     2343   2344
 5912     18   118     5  0     2344   2346
 5913      5   118   188  0     2344   2345
 5914      5   118   150  0     2345   2346
 5915    118   120   237  0     2347   2365
 5916    236   120   118  0     2347   2359
 5917    236   237   120  0     2347   2369
 5918     72     3    12  1     2348     -1
 5919     19     3    80  1     2349     -1
 5920    206   309   173  0     2350   2433
 5921    206   318   309  0     2350   2410
 5922    173   309   318  0     2350   2426
 5923    140   221   242  0     2351   2399
 5924    212   159   118  0     2352   2391
 5925    118   237   212  0     2352   2365
 5926    378   317   349  0     2353   2491
 5927    378   268   317  0     2353   2514
 5928    349   268   378  0     2353   2385
 5929    349   317   268  0     2353   2470
 5930    180   242   323  0     2354   2479
 5931    289   242   216  0     2355   2473
 5932    584   653   566  0     2357   2749
 5933    584   676   653  0     2357   2762
 5934    566   676   584  0     2357   2711
 5935    225   120   147  0     2358   2360
 5936    147   120   236  0     2358   2359
 5937    232   268   349  0     2361   2420
 5938    232   164   268  0     2361   2438
 5939    349   268   164  0     2361   2367
 5940    112   159   150  0     2362   2374
 5941    112   118   159  0     2362   2382
 5942    150   159   118  0     2362   2376
 5943    168   178   241  0     2363   2424
 5944    397   297   290  0     2364   2636
 5945    290   342   397  0     2364   2669
 5946    290   297   342  0     2364   2632
 5947    120   212   118  0     2365   2391
 5948    120   237   212  0     2365   2369
 5949    120   168   212  0     2366   2371
 5950    349   268   183  0     2367   2470
 5951    690   703   659  0     2368   2719
 5952    659   703   584  0     2368   2581
 5953    429   496   515  0     2370   3210
 5954    429   369   496  0     2370   3302
 5955    120   178   212  0     2371   2390
 5956    159   300   309  0     2372   2429
 5957    150   159   173  0     2373   2374
 5958    150   206   159  0     2373   2376
 5959    173   159   206  0     2373   2433
 5960    431   352   299  0     2375   2635
 5961    431   315   352  0     2375   2653
 5962    299   315   431  0     2375   2630
 5963    140   268   221  0     2377   2399
 5964    178   221   164  0     2379   2437
 5965    112   159    22  0     2380   2382
 5966     22   159    96  0     2380   2381
 5967     96   118   159  0     2381   2384
 5968     22   159   118  0     2381   2382
 5969     96   159    72  0     2383   2384
 5970     72   118   159  0     2384   2389
 5971    378   299   268  0     2385   2397
 5972    349   268   299  0     2385   2420
 5973    309   412   378  0     2386   2404
 5974    309   300   412  0     2386   2445
 5975    378   412   300  0     2386   2519
 5976    216   221   289  0     2387   2431
 5977    178   120   159  0     2388   2390
 5978     72   159   120  0     2388   2389
 5979    118   159   120  0     2389   2391
 5980    212   120   159  0     2390   2391
 5981    145   216   112  0     2393   2394
 5982    145   114   216  0     2393   2395
 5983    145   216   199  0     2394   2395
 5984    336   244   303  0     2396   2401
 5985    300   268   378  0     2397   2514
 5986    242   268   221  0     2399   2502
 5987    671   630   625  0     2400   2936
 5988    549   630   671  0     2400   2716
 5989    549   625   630  0     2400   3274
 5990    336   244   332  0     2401   2428
 5991    332   244   303  0     2401   2434
 5992    636   579   506  0     2402   2920
 5993    636   502   579  0     2402   3237
 5994    506   502   636  0     2402   2697
 5995    506   579   502  0     2402   2684
 5996    534   529   454  0     2403   3602
 5997    534   565   529  0     2403   3259
 5998    454   565   534  0     2403   2921
 5999    454   529   565  0     2403   3575
 6000    478   491   434  0     2405   2914
 6001    442   491   478  0     2405   3611
 6002    979   915   960  1     2406     -1
 6003    979   883   915  0     2406   4361
 6004    960   883   979  0     2406   4475
 6005    960   915   883  0     2406   4330
 6006    244   300   159  0     2407   2429
 6007    387   309   329  0     2408   2417
 6008    299   268   232  0     2411   2420
 6009    232   178   299  0     2411   2644
 6010    232   268   178  0     2411   2438
 6011    168   274   343  0     2412   2605
 6012    168   270   274  0     2412   2649
 6013    237   299   309  0     2413   2422
 6014    451   478   434  0     2414   2625
 6015    378   478   451  0     2414   2458
 6016    241   282   290  0     2415   2525
 6017    290   282   255  0     2415   2614
 6018    270   297   382  0     2416   2654
 6019    382   297   397  0     2416   2660
 6020    329   416   309  0     2417   2419
 6021    236   309   416  0     2418   2419
 6022    178   274   299  0     2421   2644
 6023    486   465   412  0     2423   2465
 6024    489   412   465  0     2423   2471
 6025    178   241   274  0     2424   2645
 6026    466   415   433  0     2425   2489
 6027    466   344   415  0     2425   2475
 6028    433   415   344  0     2425   2481
 6029    173   309   332  0     2426   2436
 6030    300   309   336  0     2427   2445
 6031    300   244   309  0     2427   2429
 6032    336   309   244  0     2427   2428
 6033    332   309   244  0     2428   2434
 6034    244   309   159  0     2429   2432
 6035    390   472   481  0     2430   2677
 6036    216   317   289  0     2431   2473
 6037    173   309   159  0     2432   2433
 6038    173   244   309  0     2432   2435
 6039    332   309   303  0     2434   2436
 6040    303   309   244  0     2434   2435
 6041    303   309   173  0     2435   2436
 6042    178   268   164  0     2437   2438
 6043    618   564   659  0     2439   2753
 6044    618   652   564  0     2439   2447
 6045    659   652   618  0     2439   2714
 6046    659   564   652  1     2439     -1
 6047    506   553   472  0     2440   2453
 6048    506   508   553  0     2440   2722
 6049    398   478   397  0     2441   2792
 6050    398   382   478  0     2441   2464
 6051    397   478   382  0     2441   2680
 6052    803   978   953  0     2442   3163
 6053    803   964   978  0     2442   3102
 6054    953   964   803  0     2442   3056
 6055    953   978   964  1     2442     -1
 6056    451   491   483  0     2443   2893
 6057    523   572   544  0     2444   2738
 6058    544   599   523  0     2444   2841
 6059    544   572   599  0     2444   2808
 6060    339   358   363  1     2446     -1
 6061    554   564   618  0     2447   2695
 6062    554   652   564  1     2447     -1
 6063    500   564   554  0     2448   2690
 6064    500   481   564  0     2448   2747
 6065    554   564   481  1     2448     -1
 6066    493   535   478  0     2449   2871
 6067    578   535   506  0     2450   2877
 6068    578   630   535  0     2450   2940
 6069    506   630   578  0     2450   2721
 6070    506   535   630  0     2450   3253
 6071    858   912   958  0     2451   2806
 6072    858   847   912  0     2451   3085
 6073    958   912   847  0     2451   3084
 6074    701   635   780  1     2452     -1
 6075    701   633   635  0     2452   3297
 6076    780   633   701  0     2452   3310
 6077    780   635   633  0     2452   3265
 6078    472   502   553  0     2453   2692
 6079    506   553   502  0     2453   2697
 6080    785   652   690  0     2454   2582
 6081    659   652   785  1     2454     -1
 6082    492   566   508  0     2455   2523
 6083    500   508   566  0     2455   2628
 6084    435   415   466  0     2456   2838
 6085    466   418   435  0     2456   2611
 6086    466   415   418  0     2456   2477
 6087    468   412   336  0     2457   2466
 6088    479   478   451  0     2458   2886
 6089    479   378   478  0     2458   2463
 6090    486   513   490  0     2459   2789
 6091    490   513   419  0     2459   2828
 6092    892   846   945  0     2460   4396
 6093    892   916   846  0     2460   4431
 6094    945   916   892  0     2460   3997
 6095    546   535   590  0     2461   2922
 6096    546   549   535  0     2461   2890
 6097    590   549   546  0     2461   2859
 6098    590   535   549  0     2461   2889
 6099    598   535   578  0     2462   2741
 6100    578   590   598  0     2462   2943
 6101    578   535   590  0     2462   2939
 6102    378   478   431  0     2463   2467
 6103    382   478   343  0     2464   2469
 6104    486   468   412  0     2465   2482
 6105    465   412   468  0     2465   2466
 6106    465   412   336  0     2466   2471
 6107    299   478   431  0     2467   2468
 6108    431   382   478  0     2468   2509
 6109    299   382   431  0     2468   2635
 6110    299   478   382  0     2468   2469
 6111    349   317   183  0     2470   2516
 6112    183   317   268  0     2470   2501
 6113    417   317   412  0     2472   2513
 6114    417   419   317  0     2472   2503
 6115    412   317   419  0     2472   2474
 6116    466   453   415  0     2475   2477
 6117    344   415   453  0     2475   2476
 6118    453   418   415  0     2476   2477
 6119    466   453   418  0     2477   4712
 6120    323   285   230  0     2478   2493
 6121    323   339   285  0     2478   2506
 6122    230   285   339  1     2478     -1
 6123    182   285   151  0     2480   2498
 6124    412   419   468  0     2482   2483
 6125    578   525   653  0     2484   2927
 6126    566   525   578  0     2484   2805
 6127    566   653   525  0     2484   2749
 6128    466   445   490  0     2486   2772
 6129    577   551   468  0     2487   2849
 6130    577   561   551  0     2487   4618
 6131    468   561   577  0     2487   4707
 6132    468   551   561  0     2487   4711
 6133    475   390   345  0     2488   2563
 6134    433   445   415  0     2489   2490
 6135    421   378   317  0     2491   2499
 6136    371   358   285  1     2492     -1
 6137    323   285   421  0     2494   2512
 6138    421   215   323  0     2494   2507
 6139    242   317   183  0     2495   2501
 6140    183   317   323  0     2495   2515
 6141    250   333   272  0     2496   2553
 6142    250   338   333  0     2496   2557
 6143    272   338   250  0     2496   2554
 6144    272   333   338  1     2496     -1
 6145    371   285   193  1     2497     -1
 6146    151   193   285  1     2498     -1
 6147    421   417   317  0     2499   2503
 6148    378   317   417  0     2499   2513
 6149    183   323   215  0     2500   2515
 6150    268   242   317  0     2501   2502
 6151    232   282   241  0     2504   2535
 6152    421   479   544  0     2505   2546
 6153    358   285   323  0     2506   2511
 6154    358   339   285  1     2506     -1
 6155    349   215   323  0     2507   2517
 6156    440   458   444  0     2508   2783
 6157    444   411   440  0     2508   2544
 6158    382   464   431  0     2509   2659
 6159    382   478   464  0     2509   2681
 6160    290   302   390  0     2510   2618
 6161    272   302   290  0     2510   2615
 6162    415   285   323  0     2511   2512
 6163    378   317   412  0     2513   2519
 6164    300   317   378  0     2514   2519
 6165    323   215   317  0     2515   2517
 6166    183   317   215  0     2515   2516
 6167    349   317   215  0     2516   2517
 6168    300   412   317  0     2518   2519
 6169    302   460   431  0     2520   2594
 6170    302   282   460  0     2520   2616
 6171    687   663   631  0     2522   3256
 6172    687   636   663  0     2522   2666
 6173    631   636   687  0     2522   3264
 6174    631   663   636  0     2522   2739
 6175    553   508   492  0     2523   2722
 6176    553   566   508  0     2523   2628
 6177    397   342   424  0     2524   2603
 6178    348   424   342  1     2524     -1
 6179    241   282   313  0     2525   2535
 6180    290   313   282  0     2525   2527
 6181    250   185   302  0     2526   2619
 6182    280   302   185  0     2526   2550
 6183    282   431   313  0     2527   2640
 6184    290   313   431  0     2527   2585
 6185    255   130   302  0     2528   2623
 6186    272   302   130  0     2528   2529
 6187    130   250   302  0     2529   2622
 6188    272   250   130  0     2529   2554
 6189    272   302   250  0     2529   2553
 6190    222   411   251  0     2530   2540
 6191    337   250   338  0     2531   2536
 6192    345   338   250  0     2531   2557
 6193    473   475   411  0     2532   2543
 6194    473   392   475  1     2532     -1
 6195    411   392   473  0     2532   2539
 6196    371   458   443  1     2533     -1
 6197    411   337   251  0     2534   2540
 6198    411   444   337  0     2534   2537
 6199    251   337   444  1     2534     -1
 6200    282   313   232  0     2535   2641
 6201    337   146   338  1     2536     -1
 6202    250   338   146  0     2536   2555
 6203    392   444   337  1     2537     -1
 6204    411   444   392  0     2537   2539
 6205    485   552   481  0     2538   2746
 6206    485   475   552  0     2538   2823
 6207    481   475   485  0     2538   2573
 6208    481   552   475  1     2538     -1
 6209    444   392   473  1     2539     -1
 6210    473   411   444  0     2539   2543
 6211    222   337   251  1     2540     -1
 6212    299   431   313  0     2541   2630
 6213    349   313   431  0     2541   2640
 6214    500   584   566  0     2542   2819
 6215    500   564   584  0     2542   2758
 6216    566   564   500  0     2542   2698
 6217    566   584   564  0     2542   2752
 6218    444   475   411  0     2543   2544
 6219    411   440   475  0     2544   2579
 6220    444   475   440  0     2544   2575
 6221    624   702   712  0     2545   2750
 6222    661   702   624  0     2545   4566
 6223    661   712   702  0     2545   2810
 6224    479   525   421  0     2546   2780
 6225    479   544   525  0     2546   2730
 6226    421   525   544  0     2546   2718
 6227    591   612   458  0     2547   2565
 6228    591   654   612  0     2547   2709
 6229    458   654   591  1     2547     -1
 6230    506   553   618  0     2548   2687
 6231    506   636   553  0     2548   2697
 6232    618   636   506  0     2548   2706
 6233    618   553   636  0     2548   2689
 6234    682   840   697  0     2549   3565
 6235    682   678   840  0     2549   3593
 6236    697   678   682  0     2549   3642
 6237    697   840   678  0     2549   3649
 6238    302   282   280  0     2550   2566
 6239    302   185   282  0     2550   2619
 6240    575   619   586  0     2551   3519
 6241    575   632   619  0     2551   3601
 6242    586   632   575  0     2551   3559
 6243    485   460   440  0     2552   2800
 6244    485   390   460  0     2552   2562
 6245    440   390   485  0     2552   2578
 6246    250   333   302  0     2553   2556
 6247    272   338   130  1     2554     -1
 6248    130   338   250  0     2554   2555
 6249    130   338   146  1     2555     -1
 6250    302   345   333  0     2556   2558
 6251    250   333   345  0     2556   2557
 6252    411   390   440  0     2559   2578
 6253    411   364   390  0     2559   2560
 6254    345   390   411  0     2560   2563
 6255    431   492   290  0     2561   2577
 6256    290   492   460  0     2561   2576
 6257    500   485   390  0     2562   2572
 6258    500   460   485  0     2562   2777
 6259    475   390   411  0     2563   2580
 6260    333   481   338  1     2564     -1
 6261    333   390   481  0     2564   2677
 6262    591   612   440  0     2565   2801
 6263    440   612   458  0     2565   2783
 6264    349   282   280  0     2566   2593
 6265    471   467   460  0     2567   2745
 6266    471   431   467  0     2567   2569
 6267    460   467   431  0     2567   2608
 6268    566   553   618  0     2568   2694
 6269    618   578   566  0     2568   2717
 6270    618   553   578  0     2568   2687
 6271    471   464   467  0     2569   2595
 6272    431   467   464  0     2569   2596
 6273    384   518   408  0     2570   4561
 6274    408   495   384  0     2570   4690
 6275    408   518   495  0     2570   4685
 6276    835   878   978  0     2571   3069
 6277    975   878   835  0     2571   3153
 6278    975   978   878  0     2571   3114
 6279    390   481   485  0     2572   2573
 6280    500   485   481  0     2572   2746
 6281    475   485   390  0     2573   2580
 6282    443   525   440  0     2574   2827
 6283    443   591   525  0     2574   2773
 6284    440   525   591  0     2574   2801
 6285    444   485   440  0     2575   2788
 6286    444   475   485  0     2575   2821
 6287    440   485   475  0     2575   2579
 6288    290   390   460  0     2576   2617
 6289    290   492   390  0     2576   2675
 6290    290   464   492  0     2577   2665
 6291    431   464   290  0     2577   2585
 6292    411   485   440  0     2578   2579
 6293    411   390   485  0     2578   2580
 6294    411   485   475  0     2579   2580
 6295    659   703   573  0     2581   2765
 6296    573   584   659  0     2581   2744
 6297    573   703   584  0     2581   2727
 6298    785   652   668  0     2582   2978
 6299    552   612   485  0     2583   2823
 6300    552   584   612  0     2583   2759
 6301    485   584   552  0     2583   2751
 6302    485   612   584  0     2583   2673
 6303    479   513   490  0     2584   2901
 6304    490   513   412  0     2584   2789
 6305    431   464   313  0     2585   2658
 6306    290   313   464  0     2585   2662
 6307    912   835   934  0     2586   3041
 6308    912   969   835  0     2586   2768
 6309    934   969   912  1     2586     -1
 6310    934   835   969  0     2586   3018
 6311    492   467   464  0     2587   2595
 6312    492   493   467  0     2587   2732
 6313    464   493   492  0     2587   2723
 6314    464   467   493  0     2587   2596
 6315    578   553   506  0     2588   2687
 6316    506   492   578  0     2588   2729
 6317    506   553   492  0     2588   2722
 6318    440   460   349  0     2589   2825
 6319    349   460   364  0     2589   2599
 6320    431   467   479  0     2590   2591
 6321    431   493   467  0     2590   2596
 6322    479   467   493  0     2590   2803
 6323    421   467   479  0     2591   2780
 6324    421   431   467  0     2591   2609
 6325    761   653   591  0     2592   2814
 6326    761   715   653  0     2592   2607
 6327    591   715   761  0     2592   2834
 6328    349   282   232  0     2593   2641
 6329    349   460   431  0     2594   2608
 6330    349   302   460  0     2594   2599
 6331    492   467   471  0     2595   2731
 6332    599   624   497  0     2597   2866
 6333    544   624   599  0     2597   2841
 6334    544   497   624  0     2597   2844
 6335    390   302   460  0     2598   2616
 6336    364   460   302  0     2598   2599
 6337    579   581   625  0     2600   3273
 6338    579   548   581  0     2600   3175
 6339    625   548   579  0     2600   3307
 6340    625   581   548  0     2600   3585
 6341    875   840   743  0     2601   3699
 6342    743   733   875  0     2601   3466
 6343    743   840   733  0     2601   3665
 6344    252   342   297  0     2602   2632
 6345    213   342   252  0     2602   2639
 6346    342   506   397  0     2603   2669
 6347    342   424   506  0     2603   2667
 6348    397   506   424  0     2603   2624
 6349    397   506   290  0     2604   2669
 6350    397   352   506  0     2604   2683
 6351    290   352   397  0     2604   2663
 6352    290   506   352  0     2604   2670
 6353    714   704   653  0     2606   2770
 6354    714   761   704  0     2606   3070
 6355    653   761   714  0     2606   2814
 6356    761   715   738  0     2607   3121
 6357    349   467   431  0     2608   2609
 6358    349   467   421  0     2609   2833
 6359    817   644   658  0     2610   2878
 6360    817   671   644  0     2610   2967
 6361    658   671   817  0     2610   2941
 6362    658   644   671  0     2610   2704
 6363    418   514   466  0     2611   4706
 6364    466   514   435  0     2611   2838
 6365    440   525   485  0     2612   2800
 6366    440   612   525  0     2612   2801
 6367    485   612   440  0     2612   2788
 6368    485   525   612  0     2612   2673
 6369    591   525   599  0     2613   2817
 6370    591   537   525  0     2613   2773
 6371    290   282   272  0     2614   2615
 6372    290   282   302  0     2615   2618
 6373    302   282   390  0     2616   2618
 6374    390   282   460  0     2616   2617
 6375    390   282   290  0     2617   2618
 6376    302   250   282  0     2619   2622
 6377    185   282   250  0     2619   2621
 6378    255   282   130  0     2620   2623
 6379    130   282   185  0     2620   2621
 6380    130   282   250  0     2621   2622
 6381    302   130   282  0     2622   2623
 6382    424   429   506  0     2624   2672
 6383    478   546   451  0     2625   2886
 6384    478   434   546  0     2625   2913
 6385    905   847   890  0     2626   3067
 6386    905   877   847  0     2626   3100
 6387    890   877   905  0     2626   4823
 6388    890   847   877  0     2626   3009
 6389    840   859   779  0     2627   3656
 6390    840   826   859  0     2627   3110
 6391    779   826   840  0     2627   3698
 6392    779   859   826  0     2627   3151
 6393    500   553   566  0     2628   2698
 6394    500   508   553  0     2628   2696
 6395    297   315   313  0     2629   2657
 6396    297   274   315  0     2629   2633
 6397    313   315   274  0     2629   2643
 6398    431   313   315  0     2630   2653
 6399    299   315   313  0     2630   2637
 6400    270   211   252  0     2631   2648
 6401    290   297   252  0     2632   2650
 6402    315   297   352  0     2633   2657
 6403    274   352   297  0     2633   2656
 6404    343   352   274  0     2634   2652
 6405    382   431   352  0     2635   2659
 6406    290   313   297  0     2636   2650
 6407    397   313   290  0     2636   2663
 6408    397   297   313  0     2636   2661
 6409    299   315   232  0     2637   2642
 6410    252   342   170  0     2638   2639
 6411    170   213   342  1     2639     -1
 6412    349   313   282  0     2640   2641
 6413    241   232   299  0     2642   2646
 6414    299   232   274  0     2644   2646
 6415    178   274   232  0     2644   2645
 6416    241   274   232  0     2645   2646
 6417    168   274   211  0     2647   2649
 6418    211   274   252  0     2647   2648
 6419    211   274   270  0     2648   2649
 6420    492   506   290  0     2651   2670
 6421    290   472   492  0     2651   2675
 6422    290   506   472  0     2651   2668
 6423    382   352   274  0     2652   2655
 6424    315   352   313  0     2653   2657
 6425    313   352   431  0     2653   2658
 6426    270   352   382  0     2654   2655
 6427    270   297   352  0     2654   2656
 6428    382   352   297  0     2654   2660
 6429    270   352   274  0     2655   2656
 6430    297   352   313  0     2657   2661
 6431    313   352   464  0     2658   2662
 6432    464   352   431  0     2658   2659
 6433    464   352   382  0     2659   2664
 6434    382   352   397  0     2660   2683
 6435    397   352   297  0     2660   2661
 6436    397   352   313  0     2661   2663
 6437    313   352   290  0     2662   2663
 6438    290   352   464  0     2662   2665
 6439    492   352   382  0     2664   2682
 6440    492   464   352  0     2664   2665
 6441    290   352   492  0     2665   2670
 6442    689   663   687  0     2666   2679
 6443    689   636   663  1     2666     -1
 6444    472   342   424  1     2667     -1
 6445    472   506   342  0     2667   2668
 6446    290   342   472  0     2668   2676
 6447    290   506   342  0     2668   2669
 6448    352   492   506  0     2670   2682
 6449    659   717   699  1     2671     -1
 6450    659   703   717  0     2671   2719
 6451    699   703   659  0     2671   2765
 6452    699   717   703  0     2671   3094
 6453    506   498   429  0     2672   2685
 6454    429   498   424  0     2672   2995
 6455    612   584   525  0     2673   2798
 6456    485   525   584  0     2673   2832
 6457    342   472   333  1     2674     -1
 6458    342   390   472  0     2674   2676
 6459    333   472   390  0     2674   2677
 6460    290   472   390  0     2675   2676
 6461    481   333   472  1     2677     -1
 6462    515   555   575  0     2678   3320
 6463    515   470   555  0     2678   3336
 6464    687   701   663  0     2679   3256
 6465    689   701   687  0     2679   3195
 6466    689   663   701  1     2679     -1
 6467    397   506   382  0     2680   2683
 6468    397   478   506  0     2680   3255
 6469    382   506   478  0     2680   2681
 6470    352   382   506  0     2682   2683
 6471    502   498   579  0     2684   3237
 6472    506   579   498  0     2684   2685
 6473    506   579   429  0     2685   3244
 6474    429   579   498  0     2685   2972
 6475    912   798   806  0     2686   3090
 6476    912   835   798  0     2686   3072
 6477    806   835   912  0     2686   3041
 6478    806   798   835  0     2686   2767
 6479    506   578   618  0     2687   2721
 6480    652   636   553  0     2688   2689
 6481    554   636   652  1     2688     -1
 6482    618   652   636  0     2689   2713
 6483    500   564   508  0     2690   2696
 6484    618   668   659  0     2691   2714
 6485    636   502   553  0     2692   2697
 6486    472   502   636  1     2692     -1
 6487    774   700   804  0     2693   3801
 6488    804   700   797  0     2693   3835
 6489    566   564   618  0     2694   2752
 6490    566   553   564  0     2694   2698
 6491    618   564   553  0     2694   2695
 6492    500   564   553  0     2696   2698
 6493    657   627   691  0     2699   4264
 6494    657   664   627  0     2699   3022
 6495    691   627   664  0     2699   3851
 6496    658   644   599  0     2700   2705
 6497    658   572   644  0     2700   2701
 6498    599   572   658  0     2700   2929
 6499    598   658   572  0     2701   2888
 6500    598   644   658  0     2701   2704
 6501    624   644   577  0     2702   4508
 6502    577   523   624  0     2702   2845
 6503    828   836   976  0     2703   4306
 6504    828   810   836  0     2703   4356
 6505    976   810   828  0     2703   4338
 6506    976   836   810  0     2703   4321
 6507    671   598   644  0     2704   2876
 6508    658   598   671  0     2704   2947
 6509    661   658   644  0     2705   3033
 6510    599   658   661  0     2705   2932
 6511    618   687   506  0     2706   2707
 6512    506   687   636  0     2706   2920
 6513    506   630   687  0     2707   3289
 6514    618   630   506  0     2707   2721
 6515    550   522   575  0     2708   3504
 6516    550   596   522  0     2708   3516
 6517    575   522   596  0     2708   3002
 6518    715   654   612  0     2709   2756
 6519    782   821   824  0     2710   3235
 6520    782   630   821  0     2710   3232
 6521    824   630   782  0     2710   3171
 6522    824   821   630  0     2710   3281
 6523    566   676   618  0     2711   2717
 6524    618   584   566  0     2711   2752
 6525    618   676   584  0     2711   2764
 6526    618   578   630  0     2712   2721
 6527    618   668   578  0     2712   2715
 6528    630   578   668  0     2712   2961
 6529    618   652   668  0     2713   2714
 6530    668   578   676  0     2715   3152
 6531    618   676   578  0     2715   2717
 6532    535   671   549  0     2716   2889
 6533    535   630   671  0     2716   2940
 6534    549   630   535  0     2716   3274
 6535    421   525   445  0     2718   2736
 6536    445   525   544  0     2718   2850
 6537    715   791   699  0     2720   3146
 6538    715   776   791  0     2720   3148
 6539    492   578   493  0     2723   2732
 6540    492   464   578  0     2723   2729
 6541    492   471   578  0     2724   2731
 6542    566   578   471  0     2724   2805
 6543    590   639   583  0     2725   2851
 6544    583   546   590  0     2725   2892
 6545    583   639   546  0     2725   3794
 6546    591   599   653  0     2726   2817
 6547    661   653   599  0     2726   2932
 6548    703   612   573  0     2727   2786
 6549    703   584   612  0     2727   2790
 6550    573   612   584  0     2727   2759
 6551    857   888   763  0     2728   3400
 6552    857   732   888  1     2728     -1
 6553    763   732   857  0     2728   3309
 6554    763   888   732  0     2728   3393
 6555    506   464   578  0     2729   2877
 6556    544   572   479  0     2730   2738
 6557    544   525   572  0     2730   2808
 6558    479   572   525  0     2730   2891
 6559    492   467   578  0     2731   2732
 6560    471   578   467  0     2731   2776
 6561    493   467   578  0     2732   2802
 6562    848   886   751  0     2733   3209
 6563    848   764   886  0     2733   3765
 6564    751   886   764  0     2733   3509
 6565    738   790   806  0     2734   3112
 6566    761   790   738  0     2734   3082
 6567    761   806   790  0     2734   3057
 6568    602   541   686  0     2735   4697
 6569    602   595   541  0     2735   4470
 6570    686   541   595  0     2735   4661
 6571    421   525   443  0     2736   2827
 6572    493   572   578  0     2737   2785
 6573    493   525   572  0     2737   2891
 6574    578   525   493  0     2737   2802
 6575    578   572   525  0     2737   2925
 6576    523   572   479  0     2738   2910
 6577    631   579   636  0     2739   3264
 6578    631   663   579  0     2739   3313
 6579    636   579   663  0     2739   3260
 6580    594   642   545  0     2740   4536
 6581    594   614   642  0     2740   4055
 6582    545   614   594  0     2740   4609
 6583    545   642   614  0     2740   4607
 6584    578   598   493  0     2741   2785
 6585    462   538   430  0     2742   3947
 6586    430   538   484  0     2742   3912
 6587    776   831   791  1     2743     -1
 6588    803   831   776  0     2743   3083
 6589    803   791   831  0     2743   3149
 6590    564   584   659  0     2744   2753
 6591    564   573   584  0     2744   2757
 6592    659   573   564  1     2744     -1
 6593    467   525   471  0     2745   2776
 6594    485   552   500  0     2746   2751
 6595    500   552   481  0     2746   2747
 6596    481   564   552  1     2747     -1
 6597    500   552   564  0     2747   2758
 6598    676   612   653  0     2748   2762
 6599    584   525   566  0     2749   2819
 6600    584   653   525  0     2749   2798
 6601    712   551   702  0     2750   4740
 6602    702   551   624  0     2750   4566
 6603    485   584   500  0     2751   2832
 6604    500   584   552  0     2751   2758
 6605    618   584   564  0     2752   2753
 6606    738   703   676  0     2754   3130
 6607    715   703   738  0     2754   3123
 6608    835   872   785  0     2755   3118
 6609    835   717   872  0     2755   3155
 6610    785   717   835  0     2755   3115
 6611    785   872   717  1     2755     -1
 6612    654   612   699  0     2756   2763
 6613    573   584   552  0     2757   2759
 6614    552   564   573  1     2757     -1
 6615    552   584   564  0     2757   2758
 6616    573   612   552  0     2759   2812
 6617    690   676   781  0     2760   2794
 6618    781   703   690  0     2760   3133
 6619    781   676   703  0     2760   3107
 6620    821   645   687  0     2761   2879
 6621    821   678   645  0     2761   3241
 6622    687   678   821  0     2761   3276
 6623    687   645   678  0     2761   2982
 6624    584   612   653  0     2762   2798
 6625    676   612   584  0     2762   2790
 6626    587   612   699  0     2763   2784
 6627    587   654   612  0     2763   2787
 6628    699   654   587  0     2763   3122
 6629    573   699   703  0     2765   2786
 6630    659   699   573  1     2765     -1
 6631    445   544   523  0     2766   2795
 6632    803   798   835  0     2767   3076
 6633    835   806   803  0     2767   3160
 6634    955   835   912  0     2768   2769
 6635    955   969   835  0     2768   3062
 6636    912   969   955  1     2768     -1
 6637    958   835   912  0     2769   3072
 6638    958   955   835  0     2769   3016
 6639    912   955   958  1     2769     -1
 6640    714   704   591  1     2770     -1
 6641    591   653   714  0     2770   2814
 6642    490   497   466  0     2771   2772
 6643    466   497   577  0     2771   4713
 6644    591   537   443  1     2773     -1
 6645    429   548   398  0     2774   2874
 6646    429   515   548  0     2774   3210
 6647    398   548   515  0     2774   3576
 6648    817   798   781  0     2775   3185
 6649    817   658   798  0     2775   3129
 6650    781   658   817  0     2775   3111
 6651    781   798   658  0     2775   3045
 6652    578   525   471  0     2776   2805
 6653    578   467   525  0     2776   2802
 6654    460   525   500  0     2777   2804
 6655    460   485   525  0     2777   2800
 6656    500   525   485  0     2777   2832
 6657    571   683   702  0     2778   4663
 6658    571   704   683  1     2778     -1
 6659    702   683   704  0     2778   3049
 6660    466   514   497  0     2779   4703
 6661    415   514   466  0     2779   2838
 6662    467   525   421  0     2780   2833
 6663    467   479   525  0     2780   2803
 6664    761   762   714  0     2781   3106
 6665    761   800   762  0     2781   3124
 6666    714   800   761  0     2781   3055
 6667    714   762   800  1     2781     -1
 6668    835   946   872  0     2782   3186
 6669    835   978   946  0     2782   3137
 6670    440   612   444  0     2783   2788
 6671    573   612   699  0     2784   2786
 6672    573   587   612  0     2784   2812
 6673    699   587   573  1     2784     -1
 6674    578   598   572  0     2785   2888
 6675    493   572   598  0     2785   2882
 6676    444   587   654  1     2787     -1
 6677    444   612   587  0     2787   2820
 6678    444   485   612  0     2788   2821
 6679    668   782   630  0     2791   2961
 6680    668   687   782  0     2791   3180
 6681    630   782   687  0     2791   3232
 6682    398   548   397  0     2792   2874
 6683    398   478   548  0     2792   3409
 6684    397   548   478  0     2792   3255
 6685    892   846   880  0     2793   4388
 6686    880   861   892  0     2793   4384
 6687    880   846   861  0     2793   2811
 6688    668   676   781  0     2794   3191
 6689    497   544   523  0     2795   2844
 6690    445   544   497  0     2795   2850
 6691    558   574   562  0     2796   3798
 6692    529   574   558  0     2796   3823
 6693    577   583   598  0     2797   2816
 6694    577   644   583  0     2797   4486
 6695    881   847   934  0     2799   3092
 6696    951   847   881  0     2799   3098
 6697    440   525   460  0     2800   2825
 6698    467   525   493  0     2802   2803
 6699    479   525   493  0     2803   2891
 6700    566   525   500  0     2804   2819
 6701    958   974   912  1     2806     -1
 6702    858   912   974  0     2806   3085
 6703    561   530   480  0     2807   4735
 6704    561   570   530  0     2807   4762
 6705    480   570   561  0     2807   4679
 6706    480   530   570  0     2807   4727
 6707    525   572   599  0     2808   2829
 6708    421   525   349  0     2809   2833
 6709    421   440   525  0     2809   2827
 6710    349   525   440  0     2809   2825
 6711    661   792   702  0     2810   3051
 6712    702   792   712  0     2810   2993
 6713    861   769   846  0     2811   4479
 6714    880   769   861  0     2811   4382
 6715    880   846   769  0     2811   3059
 6716    552   587   612  0     2812   2822
 6717    573   587   552  1     2812     -1
 6718    591   571   537  1     2813     -1
 6719    661   537   571  0     2813   2867
 6720    761   714   591  0     2814   2834
 6721    613   647   570  0     2815   4755
 6722    613   600   647  0     2815   4747
 6723    570   600   613  1     2815     -1
 6724    570   647   600  0     2815   4761
 6725    577   583   523  0     2816   2898
 6726    523   583   598  0     2816   2900
 6727    599   653   525  0     2817   2829
 6728    435   537   520  1     2818     -1
 6729    514   537   435  0     2818   2846
 6730    500   584   525  0     2819   2832
 6731    444   612   475  0     2820   2821
 6732    475   612   587  0     2820   2822
 6733    475   485   612  0     2821   2823
 6734    475   612   552  0     2822   2823
 6735    552   587   475  1     2822     -1
 6736    607   600   514  0     2824   4722
 6737    607   551   600  0     2824   4252
 6738    514   551   607  0     2824   4704
 6739    723   675   686  0     2826   3006
 6740    723   602   675  0     2826   3781
 6741    686   602   723  0     2826   4654
 6742    686   675   602  0     2826   4697
 6743    653   572   599  0     2829   2929
 6744    653   525   572  0     2829   2926
 6745    620   609   623  1     2830     -1
 6746    623   649   620  0     2830   3800
 6747    623   609   649  1     2830     -1
 6748    812   793   868  1     2831     -1
 6749    812   792   793  0     2831   2984
 6750    868   793   792  0     2831   3071
 6751    761   714   715  0     2834   3106
 6752    813   847   738  0     2835   3097
 6753    813   790   847  0     2835   3080
 6754    738   790   813  0     2835   3077
 6755    738   847   790  0     2835   3112
 6756    790   793   868  0     2836   3071
 6757    868   800   790  0     2836   3086
 6758    868   793   800  1     2836     -1
 6759    979   930   889  0     2837   4787
 6760    979   940   930  1     2837     -1
 6761    889   940   979  0     2837   3011
 6762    889   930   940  0     2837   4724
 6763    415   514   435  0     2838   2846
 6764    628   675   561  0     2839   3064
 6765    628   541   675  0     2839   3028
 6766    561   541   628  0     2839   4578
 6767    561   675   541  0     2839   4756
 6768    577   523   513  0     2840   2898
 6769    490   513   523  0     2840   2873
 6770    624   523   544  0     2841   2844
 6771    883   850   861  0     2842   4471
 6772    883   960   850  0     2842   4475
 6773    861   960   883  0     2842   3010
 6774    861   850   960  0     2842   4285
 6775    691   720   745  0     2843   4513
 6776    691   677   720  0     2843   4394
 6777    745   677   691  0     2843   4494
 6778    497   624   523  0     2844   2845
 6779    577   497   624  0     2845   4701
 6780    853   930   889  0     2847   4401
 6781    853   891   930  0     2847   4818
 6782    889   891   853  0     2847   4807
 6783    889   930   891  0     2847   3757
 6784    748   822   712  0     2848   4779
 6785    748   768   822  0     2848   4784
 6786    712   768   748  0     2848   3834
 6787    712   822   768  0     2848   4790
 6788    468   507   551  0     2849   4710
 6789    577   507   468  0     2849   4717
 6790    590   639   598  0     2851   2942
 6791    890   847   748  0     2852   3050
 6792    890   792   847  0     2852   3009
 6793    748   792   890  0     2852   2991
 6794    748   847   792  0     2852   3079
 6795    649   626   679  1     2853     -1
 6796    649   675   626  0     2853   4677
 6797    679   675   649  0     2853   4746
 6798    679   626   675  0     2853   2963
 6799    813   866   745  0     2854   4395
 6800    870   866   813  0     2854   4387
 6801    870   745   866  0     2854   4413
 6802    496   548   579  0     2855   3283
 6803    496   429   548  0     2855   3210
 6804    579   429   496  0     2855   2972
 6805    579   548   429  0     2855   3244
 6806    808   858   855  0     2856   3004
 6807    808   824   858  0     2856   2896
 6808    855   858   824  0     2856   2990
 6809    888   897   899  1     2857     -1
 6810    888   898   897  0     2857   3266
 6811    702   607   661  0     2858   4705
 6812    702   514   607  0     2858   4704
 6813    661   514   702  0     2858   4664
 6814    661   607   514  0     2858   4716
 6815    590   549   611  0     2859   2935
 6816    611   549   546  0     2859   2908
 6817    683   647   702  0     2860   4763
 6818    683   719   647  0     2860   4657
 6819    702   719   683  0     2860   4765
 6820    702   647   719  0     2860   3741
 6821    625   548   549  0     2861   3518
 6822    625   535   548  0     2861   3306
 6823    549   535   625  0     2861   3274
 6824    442   524   491  0     2862   3611
 6825    442   529   524  0     2862   2966
 6826    415   497   443  0     2863   2864
 6827    624   497   514  0     2865   4655
 6828    624   661   497  0     2865   2866
 6829    514   661   624  0     2865   4700
 6830    514   497   661  0     2865   2868
 6831    537   571   497  0     2867   2869
 6832    661   497   571  0     2867   2868
 6833    514   571   661  0     2868   4716
 6834    514   497   571  0     2868   2869
 6835    769   610   706  0     2870   4399
 6836    769   752   610  0     2870   4477
 6837    706   610   752  0     2870   3847
 6838    479   535   478  0     2871   2923
 6839    490   598   479  0     2872   2901
 6840    490   523   598  0     2872   2873
 6841    479   598   523  0     2872   2910
 6842    490   513   598  0     2873   2901
 6843    523   598   513  0     2873   2900
 6844    822   891   879  0     2875   4797
 6845    822   866   891  0     2875   4806
 6846    879   866   822  0     2875   4788
 6847    879   891   866  0     2875   4824
 6848    644   671   639  0     2876   2965
 6849    598   639   671  0     2876   2942
 6850    817   813   658  0     2878   2905
 6851    817   644   813  0     2878   2968
 6852    658   813   644  0     2878   3034
 6853    630   645   687  0     2879   3294
 6854    630   821   645  0     2879   2937
 6855    687   821   630  0     2879   3232
 6856    749   628   657  0     2880   4459
 6857    749   750   628  0     2880   3587
 6858    657   750   749  0     2880   4527
 6859    657   628   750  0     2880   3846
 6860    577   583   468  0     2881   4263
 6861    577   513   583  0     2881   2898
 6862    493   572   479  0     2882   2891
 6863    479   572   598  0     2882   2910
 6864    451   546   479  0     2884   2886
 6865    479   546   513  0     2884   2911
 6866    753   796   688  0     2885   4785
 6867    753   770   796  0     2885   4326
 6868    688   770   753  1     2885     -1
 6869    688   796   770  0     2885   4836
 6870    479   478   546  0     2886   2923
 6871    738   658   661  0     2887   3087
 6872    738   653   658  0     2887   2924
 6873    661   658   653  0     2887   2932
 6874    598   658   578  0     2888   2947
 6875    578   658   572  0     2888   2925
 6876    535   671   590  0     2889   2939
 6877    590   671   549  0     2889   2935
 6878    478   546   549  0     2890   2913
 6879    478   535   546  0     2890   2923
 6880    513   546   590  0     2892   2911
 6881    491   483   546  0     2893   3791
 6882    639   808   644  0     2894   2965
 6883    639   813   808  0     2894   2957
 6884    644   808   813  0     2894   2968
 6885    702   768   890  0     2895   4745
 6886    702   823   768  0     2895   4533
 6887    817   858   808  0     2896   2938
 6888    808   824   817  0     2896   2970
 6889    628   627   545  0     2897   4329
 6890    628   505   627  0     2897   4228
 6891    523   513   583  0     2898   2900
 6892    465   583   489  0     2899   4476
 6893    465   468   583  0     2899   3849
 6894    479   513   598  0     2901   2902
 6895    479   513   590  0     2902   2911
 6896    890   914   813  0     2903   4815
 6897    890   944   914  0     2903   3021
 6898    813   944   890  0     2903   3031
 6899    892   846   808  0     2904   4433
 6900    808   758   892  0     2904   4254
 6901    817   813   738  0     2905   3097
 6902    738   658   817  0     2905   3129
 6903    738   813   658  0     2905   3077
 6904    833   745   808  0     2906   4337
 6905    808   745   758  0     2906   4333
 6906    974   944   858  0     2907   3058
 6907    974   966   944  1     2907     -1
 6908    611   549   491  0     2908   3579
 6909    491   546   611  0     2908   3305
 6910    491   549   546  0     2908   2912
 6911    901   915   914  1     2909     -1
 6912    901   866   915  0     2909   3686
 6913    914   866   901  0     2909   4305
 6914    914   915   866  0     2909   4811
 6915    479   546   590  0     2911   2922
 6916    491   549   434  0     2912   2914
 6917    434   549   546  0     2912   2913
 6918    434   549   478  0     2913   2914
 6919    491   549   478  0     2914   3220
 6920    597   581   515  0     2915   3350
 6921    597   548   581  0     2915   3584
 6922    913   911   989  1     2916     -1
 6923    913   874   911  0     2916   3206
 6924    989   874   913  0     2916   3445
 6925    989   911   874  0     2916   2959
 6926    586   565   575  0     2917   3519
 6927    575   534   586  0     2917   3559
 6928    575   565   534  0     2917   3604
 6929    745   720   833  0     2918   4513
 6930    745   830   720  0     2918   4393
 6931    833   830   745  0     2918   4407
 6932    833   720   830  0     2918   4509
 6933    697   678   733  0     2919   3649
 6934    597   678   697  0     2919   3642
 6935    597   733   678  0     2919   3590
 6936    687   579   506  0     2920   3289
 6937    687   636   579  0     2920   3264
 6938    534   389   565  0     2921   3935
 6939    454   389   534  0     2921   3476
 6940    479   546   535  0     2922   2923
 6941    676   658   738  0     2924   3044
 6942    578   658   525  0     2925   2927
 6943    525   658   572  0     2925   2926
 6944    572   653   658  0     2926   2929
 6945    525   658   653  0     2926   2927
 6946    611   639   789  0     2928   4422
 6947    789   671   611  0     2928   3614
 6948    789   639   671  0     2928   2964
 6949    653   658   599  0     2929   2932
 6950    628   720   749  0     2930   4749
 6951    628   627   720  0     2930   4336
 6952    749   627   628  0     2930   4459
 6953    749   720   627  0     2930   4512
 6954    858   864   813  0     2931   2962
 6955    858   808   864  0     2931   3004
 6956    813   808   858  0     2931   2938
 6957    813   864   808  0     2931   2944
 6958    932   968   845  0     2933   2934
 6959    932   910   968  1     2933     -1
 6960    845   910   932  0     2933   3182
 6961    845   968   910  1     2933     -1
 6962    917   968   845  1     2934     -1
 6963    917   932   968  1     2934     -1
 6964    611   671   549  0     2935   3622
 6965    824   625   671  0     2936   3506
 6966    824   630   625  0     2936   3281
 6967    671   630   824  0     2936   2973
 6968    821   625   630  0     2937   3281
 6969    821   645   625  0     2937   3241
 6970    630   625   645  0     2937   3292
 6971    817   813   808  0     2938   2968
 6972    817   858   813  0     2938   3065
 6973    578   671   590  0     2939   2943
 6974    578   535   671  0     2939   2940
 6975    630   671   578  0     2940   2948
 6976    630   671   817  0     2941   2973
 6977    630   658   671  0     2941   2948
 6978    817   658   630  0     2941   3170
 6979    598   590   671  0     2942   2943
 6980    598   578   671  0     2943   2947
 6981    813   864   870  0     2944   4387
 6982    881   964   806  0     2945   3109
 6983    881   809   964  1     2945     -1
 6984    806   809   881  0     2945   3127
 6985    806   964   809  0     2945   3125
 6986    673   759   698  0     2946   3992
 6987    673   721   759  0     2946   3680
 6988    698   721   673  0     2946   3972
 6989    698   759   721  0     2946   3965
 6990    658   578   671  0     2947   2948
 6991    630   658   578  0     2948   3029
 6992    404   562   423  0     2949   3795
 6993    423   574   404  0     2949   3574
 6994    423   562   574  0     2949   3288
 6995    730   642   774  0     2950   4360
 6996    730   693   642  0     2950   4234
 6997    774   693   730  0     2950   4539
 6998    774   642   693  0     2950   4585
 6999    829   839   863  0     2951   3748
 7000    829   795   839  0     2951   4150
 7001    863   795   829  0     2951   4060
 7002    863   839   795  0     2951   3730
 7003    558   610   505  0     2952   4410
 7004    543   605   673  0     2953   3634
 7005    673   538   543  0     2953   3311
 7006    673   605   538  0     2953   3917
 7007    484   482   562  0     2954   3861
 7008    423   562   482  0     2954   3778
 7009    450   501   441  0     2955   3905
 7010    450   462   501  0     2955   4240
 7011    441   501   462  0     2955   3755
 7012    792   793   790  0     2956   3071
 7013    792   704   793  0     2956   3074
 7014    790   704   792  0     2956   3026
 7015    746   808   639  0     2957   3572
 7016    746   813   808  0     2957   4435
 7017    803   762   715  0     2958   3141
 7018    803   809   762  0     2958   3140
 7019    715   809   803  0     2958   3119
 7020    874   985   911  0     2959   3412
 7021    989   985   874  0     2959   3433
 7022    989   911   985  1     2959     -1
 7023    729   662   669  0     2960   4279
 7024    729   637   662  1     2960     -1
 7025    669   637   729  0     2960   4161
 7026    578   782   630  0     2961   3029
 7027    578   668   782  0     2961   3152
 7028    858   944   813  0     2962   3027
 7029    675   647   626  0     2963   4744
 7030    679   647   675  0     2963   4841
 7031    679   626   647  0     2963   4753
 7032    789   808   671  0     2964   2969
 7033    789   639   808  0     2964   4403
 7034    671   808   639  0     2964   2965
 7035    671   808   644  0     2965   2967
 7036    442   529   454  0     2966   3628
 7037    454   524   442  0     2966   3555
 7038    454   529   524  0     2966   3602
 7039    671   808   817  0     2967   2970
 7040    817   808   644  0     2967   2968
 7041    808   671   824  0     2969   2970
 7042    789   824   671  0     2969   3669
 7043    671   824   817  0     2970   2973
 7044    701   645   631  0     2971   3238
 7045    701   678   645  0     2971   2982
 7046    631   678   701  0     2971   3214
 7047    631   645   678  0     2971   3203
 7048    579   498   496  0     2972   3282
 7049    429   496   498  0     2972   2995
 7050    630   824   817  0     2973   3171
 7051    847   798   738  0     2974   3093
 7052    847   806   798  0     2974   3090
 7053    738   806   847  0     2974   3112
 7054    932   927   817  0     2975   3104
 7055    817   885   932  0     2975   3103
 7056    734   928   871  0     2976   3423
 7057    802   928   734  0     2976   3405
 7058    802   871   928  0     2976   3315
 7059    450   511   474  0     2977   4210
 7060    450   441   511  0     2977   3905
 7061    474   511   441  0     2977   3877
 7062    785   845   668  0     2978   3169
 7063    785   652   845  1     2978     -1
 7064    887   811   857  0     2979   3243
 7065    857   841   887  0     2979   3248
 7066    857   811   841  1     2979     -1
 7067    874   941   931  0     2980   3323
 7068    931   937   874  0     2980   3462
 7069    931   941   937  1     2980     -1
 7070    632   733   788  0     2981   3204
 7071    788   818   632  0     2981   3561
 7072    788   733   818  0     2981   3556
 7073    687   701   678  0     2982   3276
 7074    687   645   701  0     2982   3238
 7075    929   972   869  0     2983   4007
 7076    929   952   972  1     2983     -1
 7077    869   952   929  0     2983   3991
 7078    869   972   952  0     2983   3453
 7079    772   793   812  1     2984     -1
 7080    772   792   793  0     2984   3074
 7081    812   792   772  0     2984   3019
 7082    624   748   712  0     2985   3032
 7083    624   746   748  0     2985   3036
 7084    712   746   624  0     2985   4496
 7085    712   748   746  0     2985   3834
 7086    867   957   956  1     2986     -1
 7087    956   957   976  1     2986     -1
 7088    703   803   699  0     2987   3094
 7089    703   715   803  0     2987   3123
 7090    699   803   715  0     2987   3146
 7091    949   861   924  0     2988   4271
 7092    949   836   861  0     2988   4450
 7093    924   836   949  0     2988   4317
 7094    924   861   836  0     2988   4379
 7095    817   966   858  0     2989   2992
 7096    817   894   966  0     2989   3213
 7097    858   894   855  0     2990   2997
 7098    855   894   824  0     2990   3228
 7099    748   792   712  0     2991   2994
 7100    712   890   748  0     2991   4779
 7101    712   792   890  0     2991   2993
 7102    817   966   958  0     2992   3176
 7103    712   702   890  0     2993   4745
 7104    748   790   712  0     2994   3081
 7105    748   792   790  0     2994   3079
 7106    498   424   496  1     2995     -1
 7107    429   496   424  0     2995   3300
 7108    784   725   752  0     2996   4092
 7109    784   769   725  0     2996   3807
 7110    858   864   855  0     2997   3004
 7111    858   894   864  0     2997   3008
 7112    855   864   894  0     2997   3007
 7113    942   920   886  0     2998   3737
 7114    942   965   920  1     2998     -1
 7115    886   965   942  0     2998   3443
 7116    886   920   965  0     2998   3643
 7117    685   751   697  0     2999   3296
 7118    685   682   751  0     2999   3595
 7119    697   682   685  0     2999   3645
 7120    697   751   682  0     2999   3652
 7121    782   821   687  0     3000   3232
 7122    782   845   821  0     3000   3201
 7123    687   845   782  0     3000   3179
 7124    687   821   845  0     3000   3177
 7125    870   914   901  0     3001   4305
 7126    596   568   522  0     3002   3516
 7127    575   522   568  0     3002   3279
 7128    689   845   821  0     3003   3177
 7129    689   811   845  1     3003     -1
 7130    819   973   825  0     3005   4766
 7131    819   753   973  0     3005   4852
 7132    825   753   819  0     3005   4768
 7133    825   973   753  0     3005   4855
 7134    749   675   686  0     3006   3024
 7135    749   723   675  0     3006   4750
 7136    686   723   749  0     3006   4637
 7137    877   792   847  0     3009   3042
 7138    890   792   877  0     3009   3030
 7139    960   883   945  0     3010   4330
 7140    945   883   861  0     3010   3606
 7141    940   979   884  0     3011   4455
 7142    884   979   889  0     3011   4386
 7143    883   846   833  0     3012   4446
 7144    945   846   883  0     3012   3606
 7145    850   838   799  0     3013   4478
 7146    804   838   850  0     3013   4465
 7147    804   799   838  0     3013   4480
 7148    905   914   890  0     3014   4770
 7149    905   907   914  1     3014     -1
 7150    890   907   905  0     3014   3067
 7151    890   914   907  0     3014   3021
 7152    976   844   851  0     3015   4780
 7153    835   798   955  0     3016   3188
 7154    835   958   798  0     3016   3072
 7155    955   798   958  0     3016   3142
 7156    851   828   976  0     3017   4343
 7157    851   837   828  0     3017   4244
 7158    976   828   837  0     3017   4338
 7159    969   806   835  0     3018   3161
 7160    934   806   969  0     3018   3091
 7161    934   835   806  0     3018   3041
 7162    772   760   792  0     3019   3040
 7163    812   760   772  1     3019     -1
 7164    812   792   760  0     3019   4801
 7165    639   745   691  0     3020   4494
 7166    639   758   745  0     3020   4333
 7167    691   758   639  0     3020   4398
 7168    944   907   890  0     3021   3031
 7169    944   914   907  1     3021     -1
 7170    664   628   657  0     3022   4519
 7171    664   627   628  0     3022   4329
 7172    657   628   627  0     3022   4459
 7173    760   792   702  0     3023   4800
 7174    760   704   792  0     3023   3040
 7175    702   704   760  0     3023   3049
 7176    702   792   704  0     3023   3051
 7177    686   628   675  0     3024   3028
 7178    749   628   686  0     3024   3587
 7179    749   675   628  0     3024   4749
 7180    847   934   907  0     3025   3073
 7181    847   944   934  0     3025   3047
 7182    907   944   847  0     3025   3068
 7183    907   934   944  1     3025     -1
 7184    704   792   661  0     3026   3051
 7185    661   790   704  0     3026   3089
 7186    858   847   813  0     3027   3065
 7187    858   944   847  0     3027   3058
 7188    813   847   944  0     3027   3068
 7189    686   541   675  0     3028   4697
 7190    628   541   686  0     3028   4592
 7191    658   782   630  0     3029   3170
 7192    658   578   782  0     3029   3105
 7193    792   877   823  0     3030   4802
 7194    890   823   877  0     3030   3046
 7195    813   944   907  0     3031   3068
 7196    712   644   748  0     3032   3037
 7197    624   748   644  0     3032   3036
 7198    658   748   661  0     3033   3039
 7199    658   644   748  0     3033   3034
 7200    661   748   644  0     3033   3037
 7201    658   813   748  0     3034   3078
 7202    853   984   852  1     3035     -1
 7203    853   930   984  0     3035   4565
 7204    852   930   853  0     3035   4401
 7205    852   984   930  0     3035   4774
 7206    624   746   644  0     3036   4428
 7207    661   748   712  0     3037   3039
 7208    681   777   602  0     3038   4266
 7209    681   737   777  1     3038     -1
 7210    602   737   681  0     3038   4634
 7211    602   777   737  0     3038   4847
 7212    712   658   748  0     3039   3081
 7213    661   658   712  0     3039   3088
 7214    772   704   792  0     3040   3074
 7215    760   704   772  1     3040     -1
 7216    912   806   934  0     3041   3113
 7217    792   847   868  0     3042   3060
 7218    868   847   877  0     3042   3099
 7219    835   803   717  0     3043   3095
 7220    835   703   803  0     3043   3076
 7221    717   703   835  0     3043   3115
 7222    717   803   703  0     3043   3094
 7223    658   798   676  0     3044   3045
 7224    658   738   798  0     3044   3129
 7225    676   798   738  0     3044   3130
 7226    781   798   676  0     3045   3107
 7227    676   658   781  0     3045   3192
 7228    890   853   877  0     3046   4822
 7229    877   853   823  1     3046     -1
 7230    912   934   847  0     3047   3113
 7231    912   944   934  1     3047     -1
 7232    884   819   889  0     3048   4652
 7233    884   856   819  0     3048   4754
 7234    889   856   884  0     3048   3760
 7235    889   819   856  0     3048   4352
 7236    683   760   702  0     3049   4545
 7237    683   704   760  1     3049     -1
 7238    748   813   847  0     3050   3080
 7239    890   813   748  0     3050   4698
 7240    746   822   813  0     3052   4743
 7241    746   748   822  0     3052   4784
 7242    813   822   748  0     3052   4698
 7243    702   823   719  0     3053   4765
 7244    702   755   823  0     3053   4533
 7245    719   755   702  0     3053   3741
 7246    719   823   755  0     3053   4804
 7247    800   806   881  0     3054   3127
 7248    800   790   806  0     3054   3057
 7249    881   790   800  0     3054   3086
 7250    881   806   790  0     3054   3108
 7251    761   790   800  0     3055   3057
 7252    714   790   761  0     3055   3070
 7253    809   964   803  0     3056   3125
 7254    809   953   964  1     3056     -1
 7255    803   953   809  0     3056   3163
 7256    761   806   800  0     3057   3075
 7257    974   847   858  0     3058   3085
 7258    769   783   846  0     3059   3467
 7259    880   783   769  0     3059   3728
 7260    880   846   783  0     3059   4388
 7261    792   847   790  0     3060   3079
 7262    790   868   792  0     3060   3071
 7263    495   675   547  0     3061   4537
 7264    495   541   675  0     3061   4695
 7265    547   541   495  0     3061   4442
 7266    547   675   541  0     3061   4676
 7267    835   946   969  0     3062   3137
 7268    835   955   946  0     3062   3189
 7269    969   946   955  1     3062     -1
 7270    958   798   817  0     3063   3172
 7271    958   847   798  0     3063   3084
 7272    817   798   847  0     3063   3093
 7273    628   675   627  0     3064   4336
 7274    627   561   628  0     3064   4578
 7275    627   675   561  0     3064   4696
 7276    817   847   813  0     3065   3097
 7277    738   798   703  0     3066   3130
 7278    703   803   738  0     3066   3123
 7279    703   798   803  0     3066   3076
 7280    905   847   907  0     3067   3073
 7281    803   978   835  0     3069   3160
 7282    803   878   978  0     3069   3164
 7283    835   878   803  0     3069   3136
 7284    761   704   790  0     3070   3089
 7285    958   798   912  0     3072   3084
 7286    905   934   907  1     3073     -1
 7287    704   793   772  1     3074     -1
 7288    806   809   761  0     3075   3126
 7289    806   800   809  0     3075   3127
 7290    761   809   800  0     3075   3124
 7291    703   798   835  0     3076   3132
 7292    738   790   658  0     3077   3087
 7293    658   790   813  0     3077   3078
 7294    813   748   790  0     3078   3080
 7295    658   790   748  0     3078   3081
 7296    748   847   790  0     3079   3080
 7297    658   790   712  0     3081   3088
 7298    761   790   661  0     3082   3089
 7299    661   790   738  0     3082   3087
 7300    803   831   699  0     3083   3157
 7301    699   831   776  1     3083     -1
 7302    912   847   798  0     3084   3090
 7303    868   800   881  1     3086     -1
 7304    661   790   658  0     3087   3088
 7305    912   847   806  0     3090   3113
 7306    806   964   934  0     3091   3109
 7307    806   969   964  0     3091   3159
 7308    934   964   969  1     3091     -1
 7309    847   806   881  0     3092   3108
 7310    847   934   806  0     3092   3113
 7311    881   806   934  0     3092   3109
 7312    817   798   738  0     3093   3129
 7313    738   847   817  0     3093   3097
 7314    717   803   699  0     3094   3095
 7315    699   835   803  0     3095   3158
 7316    717   835   699  0     3095   3155
 7317    872   900   975  1     3096     -1
 7318    975   900   978  1     3096     -1
 7319    951   868   881  1     3098     -1
 7320    951   847   868  0     3098   3099
 7321    951   877   868  1     3099     -1
 7322    951   847   877  0     3099   3100
 7323    905   877   951  0     3100   4817
 7324    885   927   947  0     3101   3710
 7325    885   959   927  0     3101   3224
 7326    947   959   885  0     3101   3178
 7327    947   927   959  1     3101     -1
 7328    806   978   803  0     3102   3160
 7329    806   964   978  0     3102   3159
 7330    803   964   806  0     3102   3125
 7331    817   821   932  0     3103   3234
 7332    817   885   821  0     3103   3233
 7333    966   927   817  0     3104   3213
 7334    966   932   927  1     3104     -1
 7335    817   932   966  0     3104   3176
 7336    578   782   676  0     3105   3152
 7337    676   782   658  0     3105   3192
 7338    714   715   762  0     3106   3120
 7339    781   798   703  0     3107   3133
 7340    703   798   676  0     3107   3130
 7341    790   847   806  0     3108   3112
 7342    859   886   826  0     3110   3116
 7343    859   840   886  0     3110   3227
 7344    826   886   840  0     3110   3698
 7345    781   782   817  0     3111   3167
 7346    781   658   782  0     3111   3192
 7347    817   782   658  0     3111   3170
 7348    878   953   978  0     3114   3162
 7349    975   953   878  0     3114   3139
 7350    975   978   953  1     3114     -1
 7351    703   835   785  0     3115   3132
 7352    859   904   826  0     3116   3702
 7353    859   886   904  0     3116   3662
 7354    781   782   785  0     3117   3128
 7355    781   845   782  0     3117   3168
 7356    785   782   845  0     3117   3169
 7357    781   835   872  0     3118   3187
 7358    785   835   781  0     3118   3131
 7359    761   803   715  0     3119   3121
 7360    761   809   803  0     3119   3126
 7361    714   654   762  1     3120     -1
 7362    715   762   654  0     3120   3147
 7363    715   738   803  0     3121   3123
 7364    587   776   654  1     3122     -1
 7365    587   699   776  1     3122     -1
 7366    809   800   762  1     3124     -1
 7367    803   809   806  0     3125   3126
 7368    800   809   881  1     3127     -1
 7369    785   668   782  0     3128   3169
 7370    781   782   668  0     3128   3191
 7371    785   798   781  0     3131   3134
 7372    785   835   798  0     3131   3132
 7373    781   798   835  0     3131   3190
 7374    703   798   785  0     3132   3135
 7375    703   690   798  0     3133   3135
 7376    781   798   690  0     3133   3134
 7377    785   798   690  0     3134   3135
 7378    835   831   803  0     3136   3156
 7379    835   878   831  0     3136   3154
 7380    803   831   878  0     3136   3149
 7381    969   978   946  1     3137     -1
 7382    835   978   969  0     3137   3161
 7383    668   782   689  0     3138   3180
 7384    668   845   782  0     3138   3169
 7385    689   782   845  0     3138   3179
 7386    987   878   975  1     3139     -1
 7387    987   953   878  1     3139     -1
 7388    975   953   987  1     3139     -1
 7389    762   791   809  1     3140     -1
 7390    762   803   791  0     3140   3141
 7391    809   791   803  0     3140   3150
 7392    803   791   715  0     3141   3146
 7393    715   791   762  0     3141   3147
 7394    798   932   955  0     3142   3188
 7395    798   958   932  0     3142   3172
 7396    955   932   958  1     3142     -1
 7397    780   732   763  0     3143   3194
 7398    780   635   732  1     3143     -1
 7399    763   635   780  0     3143   3265
 7400    763   732   635  0     3143   3368
 7401    872   946   910  0     3144   3183
 7402    910   900   872  1     3144     -1
 7403    910   946   900  1     3144     -1
 7404    887   859   821  0     3145   3269
 7405    887   840   859  0     3145   3268
 7406    821   859   840  0     3145   3514
 7407    762   654   791  1     3147     -1
 7408    715   791   654  0     3147   3148
 7409    654   776   791  1     3148     -1
 7410    831   878   791  1     3149     -1
 7411    803   791   878  0     3149   3150
 7412    809   878   803  0     3150   3164
 7413    809   791   878  1     3150     -1
 7414    779   859   824  0     3151   3623
 7415    676   668   782  0     3152   3191
 7416    975   878   872  1     3153     -1
 7417    835   872   878  0     3153   3154
 7418    878   831   872  1     3154     -1
 7419    835   872   831  0     3154   3156
 7420    717   872   699  1     3155     -1
 7421    699   872   835  0     3155   3158
 7422    835   872   803  0     3156   3158
 7423    803   872   831  0     3156   3157
 7424    831   699   872  1     3157     -1
 7425    803   872   699  0     3157   3158
 7426    969   978   806  0     3159   3161
 7427    969   964   978  1     3159     -1
 7428    806   978   835  0     3160   3161
 7429    878   809   978  0     3162   3164
 7430    953   809   878  1     3162     -1
 7431    953   978   809  0     3162   3163
 7432    803   978   809  0     3163   3164
 7433    821   678   780  0     3165   3275
 7434    821   763   678  0     3165   3174
 7435    780   763   821  0     3165   3245
 7436    780   678   763  0     3165   3262
 7437    447   580   496  0     3166   3316
 7438    817   932   782  0     3167   3234
 7439    781   932   817  0     3167   3185
 7440    781   782   932  0     3167   3168
 7441    932   845   782  0     3168   3201
 7442    781   845   932  0     3168   3184
 7443    817   782   630  0     3170   3171
 7444    817   782   824  0     3171   3235
 7445    958   932   817  0     3172   3176
 7446    817   932   798  0     3172   3185
 7447    875   959   936  0     3173   3671
 7448    936   919   875  0     3173   3419
 7449    936   959   919  1     3173     -1
 7450    763   678   875  0     3174   3701
 7451    875   821   763  0     3174   3246
 7452    875   678   821  0     3174   3583
 7453    548   633   579  0     3175   3283
 7454    966   958   932  1     3176     -1
 7455    687   689   845  0     3177   3179
 7456    885   859   959  0     3178   3678
 7457    689   782   687  0     3179   3180
 7458    902   857   887  0     3181   3418
 7459    902   917   857  1     3181     -1
 7460    887   857   917  0     3181   3243
 7461    910   932   872  0     3182   3183
 7462    872   845   910  1     3182     -1
 7463    872   932   845  0     3182   3184
 7464    872   946   932  0     3183   3186
 7465    910   932   946  1     3183     -1
 7466    872   932   781  0     3184   3187
 7467    781   932   798  0     3185   3190
 7468    835   932   872  0     3186   3187
 7469    835   946   932  0     3186   3189
 7470    835   932   781  0     3187   3190
 7471    798   932   835  0     3188   3190
 7472    835   932   955  0     3188   3189
 7473    955   946   932  1     3189     -1
 7474    781   782   676  0     3191   3192
 7475    959   927   919  1     3193     -1
 7476    959   887   927  0     3193   3224
 7477    919   927   887  0     3193   3223
 7478    763   841   732  0     3194   3309
 7479    780   841   763  0     3194   3249
 7480    780   732   841  1     3194     -1
 7481    811   701   687  0     3195   3258
 7482    811   689   701  1     3195     -1
 7483    875   874   950  0     3196   3197
 7484    875   985   874  0     3196   3716
 7485    950   985   875  0     3196   3457
 7486    950   874   985  0     3196   3434
 7487    898   874   950  0     3197   3482
 7488    898   875   874  0     3197   3450
 7489    950   875   898  0     3197   3392
 7490    580   509   459  0     3198   3359
 7491    580   447   509  0     3198   3365
 7492    459   509   447  0     3198   3352
 7493    811   701   780  1     3199     -1
 7494    811   821   701  0     3199   3258
 7495    780   701   821  0     3199   3275
 7496    826   886   764  0     3200   3770
 7497    826   779   886  0     3200   3698
 7498    764   779   826  0     3200   3658
 7499    764   886   779  0     3200   3509
 7500    845   821   932  0     3201   3222
 7501    932   821   782  0     3201   3234
 7502    927   821   887  0     3202   3221
 7503    887   885   927  0     3202   3224
 7504    887   821   885  0     3202   3269
 7505    645   625   631  0     3203   3293
 7506    645   678   625  0     3203   3241
 7507    788   698   733  0     3204   3556
 7508    685   674   713  0     3205   3644
 7509    685   705   674  0     3205   3615
 7510    713   705   685  0     3205   3616
 7511    713   674   705  0     3205   3624
 7512    911   895   874  0     3206   3491
 7513    874   895   913  0     3206   3225
 7514    865   818   827  0     3207   3475
 7515    865   874   818  0     3207   3470
 7516    827   874   865  0     3207   3461
 7517    827   818   874  0     3207   3683
 7518    832   865   827  0     3208   3475
 7519    832   931   865  0     3208   3437
 7520    827   931   832  0     3208   3489
 7521    827   865   931  0     3208   3461
 7522    882   886   751  0     3209   3459
 7523    882   848   886  0     3209   3447
 7524    751   848   882  0     3209   3705
 7525    515   548   496  0     3210   3257
 7526    862   928   802  0     3211   3405
 7527    862   906   928  0     3211   3251
 7528    802   906   862  0     3211   3381
 7529    802   928   906  0     3211   3315
 7530    767   651   622  0     3212   3549
 7531    767   818   651  0     3212   3501
 7532    622   651   818  0     3212   3406
 7533    894   966   927  0     3213   3714
 7534    678   701   633  0     3214   3310
 7535    631   633   701  0     3214   3285
 7536    921   986   860  0     3215   3717
 7537    921   980   986  1     3215     -1
 7538    860   986   980  0     3215   3546
 7539    756   876   771  0     3216   3464
 7540    756   843   876  0     3216   4277
 7541    771   843   756  0     3216   3695
 7542    771   876   843  0     3216   4304
 7543    908   980   911  1     3217     -1
 7544    908   860   980  0     3217   3739
 7545    911   860   908  0     3217   3465
 7546    911   980   860  0     3217   3726
 7547    840   886   779  0     3218   3698
 7548    840   882   886  0     3218   3227
 7549    779   882   840  0     3218   3621
 7550    779   886   882  0     3218   3459
 7551    824   885   817  0     3219   3233
 7552    824   894   885  0     3219   3712
 7553    491   524   478  0     3220   3611
 7554    932   821   887  0     3221   3222
 7555    887   927   932  0     3221   3226
 7556    917   927   887  0     3223   3226
 7557    917   919   927  1     3223     -1
 7558    887   885   959  0     3224   3678
 7559    874   931   913  0     3225   3445
 7560    874   895   931  0     3225   3488
 7561    917   927   932  1     3226     -1
 7562    859   840   882  0     3227   3446
 7563    894   826   855  0     3228   3708
 7564    894   824   826  0     3228   3713
 7565    855   826   824  0     3228   3596
 7566    678   859   821  0     3229   3514
 7567    821   824   678  0     3229   3280
 7568    821   859   824  0     3229   3429
 7569    708   751   685  0     3230   3296
 7570    708   674   751  0     3230   3637
 7571    685   674   708  0     3230   3632
 7572    685   751   674  0     3230   3668
 7573    713   751   705  0     3231   3616
 7574    713   779   751  0     3231   3653
 7575    705   779   713  0     3231   3674
 7576    705   751   779  0     3231   3664
 7577    824   821   817  0     3233   3235
 7578    824   885   821  0     3233   3429
 7579    817   821   782  0     3234   3235
 7580    651   568   622  0     3236   3545
 7581    622   604   651  0     3236   3502
 7582    622   568   604  0     3236   3495
 7583    636   498   579  0     3237   3260
 7584    502   498   636  1     3237     -1
 7585    687   645   631  0     3238   3295
 7586    631   701   687  0     3238   3256
 7587    871   971   906  1     3239     -1
 7588    871   928   971  0     3239   3435
 7589    906   928   871  0     3239   3315
 7590    906   971   928  1     3239     -1
 7591    456   559   400  1     3240     -1
 7592    456   516   559  0     3240   4129
 7593    400   516   456  0     3240   3568
 7594    678   625   821  0     3241   3280
 7595    678   625   682  0     3242   3638
 7596    824   625   678  0     3242   3280
 7597    824   682   625  0     3242   3506
 7598    857   917   811  1     3243     -1
 7599    506   579   548  0     3244   3307
 7600    780   763   887  0     3245   3249
 7601    887   763   821  0     3245   3246
 7602    887   763   875  0     3246   3247
 7603    875   857   763  0     3247   3401
 7604    887   857   875  0     3247   3417
 7605    887   763   857  0     3247   3248
 7606    857   841   763  0     3248   3309
 7607    887   763   841  0     3248   3249
 7608    596   632   539  0     3250   3529
 7609    539   632   673  0     3250   3926
 7610    899   928   862  0     3251   3407
 7611    899   906   928  1     3251     -1
 7612    862   906   899  1     3251     -1
 7613    734   747   741  0     3252   3390
 7614    741   802   734  0     3252   3388
 7615    741   747   802  0     3252   3431
 7616    506   625   630  0     3253   3286
 7617    506   535   625  0     3253   3306
 7618    630   625   535  0     3253   3274
 7619    538   516   643  0     3254   3577
 7620    655   516   538  0     3254   3864
 7621    655   643   516  0     3254   4057
 7622    478   506   548  0     3255   3308
 7623    631   701   663  0     3256   3285
 7624    548   496   633  0     3257   3283
 7625    821   701   687  0     3258   3276
 7626    524   529   534  0     3259   3602
 7627    534   565   524  0     3259   3604
 7628    663   498   579  0     3260   3282
 7629    636   498   663  1     3260     -1
 7630    597   646   633  0     3261   3371
 7631    678   646   597  0     3261   3590
 7632    678   633   646  0     3261   3339
 7633    780   633   763  0     3262   3265
 7634    780   678   633  0     3262   3310
 7635    763   633   678  0     3262   3341
 7636    575   565   697  0     3263   3272
 7637    575   524   565  0     3263   3604
 7638    697   524   575  0     3263   3586
 7639    631   579   687  0     3264   3295
 7640    888   898   734  0     3266   3416
 7641    734   897   888  0     3266   3395
 7642    734   898   897  0     3266   3413
 7643    886   921   985  0     3267   3733
 7644    886   965   921  0     3267   3643
 7645    985   921   965  1     3267     -1
 7646    875   859   887  0     3268   3619
 7647    875   840   859  0     3268   3597
 7648    821   885   859  0     3269   3429
 7649    887   859   885  0     3269   3678
 7650    708   733   698  0     3270   3440
 7651    708   697   733  0     3270   3631
 7652    698   697   708  0     3270   3507
 7653    734   580   622  0     3271   3363
 7654    734   576   580  0     3271   3325
 7655    622   576   734  0     3271   3326
 7656    697   619   565  0     3272   3650
 7657    575   619   697  0     3272   3601
 7658    575   565   619  0     3272   3519
 7659    631   581   625  0     3273   3304
 7660    625   579   631  0     3273   3293
 7661    701   678   780  0     3275   3310
 7662    701   821   678  0     3275   3276
 7663    633   742   580  0     3277   3322
 7664    763   742   633  0     3277   3340
 7665    611   685   682  0     3278   3594
 7666    611   705   685  0     3278   3615
 7667    682   705   611  0     3278   3607
 7668    682   685   705  0     3278   3595
 7669    555   522   568  0     3279   3534
 7670    824   625   821  0     3280   3281
 7671    498   496   663  1     3282     -1
 7672    663   496   579  0     3282   3312
 7673    496   633   579  0     3283   3312
 7674    635   496   580  0     3284   3316
 7675    633   496   635  0     3284   3297
 7676    631   633   663  0     3285   3313
 7677    625   579   506  0     3286   3307
 7678    625   630   579  0     3286   3292
 7679    506   579   630  0     3286   3289
 7680    764   892   783  0     3287   4420
 7681    848   892   764  0     3287   3765
 7682    562   574   567  0     3288   3608
 7683    687   579   630  0     3289   3294
 7684    581   633   625  0     3290   3304
 7685    625   678   581  0     3290   3638
 7686    938   899   898  0     3291   3389
 7687    902   899   938  1     3291     -1
 7688    625   645   579  0     3292   3293
 7689    630   579   645  0     3292   3294
 7690    645   579   631  0     3293   3295
 7691    687   579   645  0     3294   3295
 7692    708   697   685  0     3296   3651
 7693    708   751   697  0     3296   3654
 7694    496   635   701  1     3297     -1
 7695    706   606   610  0     3298   3847
 7696    709   606   706  0     3298   3691
 7697    709   610   606  0     3298   3859
 7698    447   496   402  1     3299     -1
 7699    402   496   369  0     3299   3303
 7700    429   496   327  0     3300   3301
 7701    327   496   424  1     3300     -1
 7702    327   334   496  1     3301     -1
 7703    429   496   334  0     3301   3302
 7704    334   369   496  0     3302   3303
 7705    402   496   334  1     3303     -1
 7706    491   546   558  0     3305   3791
 7707    535   548   506  0     3306   3308
 7708    506   548   625  0     3306   3307
 7709    841   732   857  1     3309     -1
 7710    543   673   643  0     3311   3974
 7711    538   643   673  0     3311   3917
 7712    663   633   579  0     3312   3313
 7713    487   509   362  0     3314   3358
 7714    487   459   509  0     3314   3362
 7715    362   509   459  0     3314   3352
 7716    802   871   906  1     3315     -1
 7717    447   635   496  1     3316     -1
 7718    447   580   635  0     3316   3365
 7719    470   580   459  0     3317   3348
 7720    470   369   580  0     3317   3346
 7721    662   756   641  0     3318   4278
 7722    662   684   756  0     3318   3865
 7723    641   684   662  0     3318   4041
 7724    641   756   684  0     3318   3455
 7725    742   773   763  0     3319   3391
 7726    763   743   742  0     3319   3340
 7727    763   773   743  0     3319   3383
 7728    515   555   597  0     3320   3350
 7729    742   743   622  0     3321   3554
 7730    622   734   742  0     3321   3326
 7731    622   743   734  0     3321   3387
 7732    646   580   633  0     3322   3371
 7733    646   742   580  0     3322   3342
 7734    633   742   646  0     3322   3338
 7735    989   941   931  1     3323     -1
 7736    989   874   941  0     3323   3433
 7737    931   874   989  0     3323   3445
 7738    740   666   716  0     3324   4125
 7739    740   795   666  0     3324   4042
 7740    716   795   740  0     3324   3780
 7741    716   666   795  0     3324   3970
 7742    742   580   734  0     3325   3331
 7743    742   576   580  0     3325   3342
 7744    734   576   742  0     3325   3326
 7745    575   534   524  0     3327   3604
 7746    454   524   534  0     3327   3602
 7747    640   394   539  0     3328   3941
 7748    550   394   640  0     3328   3441
 7749    550   539   394  0     3328   3539
 7750    459   576   470  0     3329   3348
 7751    459   449   576  0     3329   3521
 7752    581   555   515  0     3330   3350
 7753    581   580   555  0     3330   3369
 7754    741   580   734  0     3331   3353
 7755    409   539   457  0     3332   3536
 7756    734   604   622  0     3333   3351
 7757    734   509   604  0     3333   3379
 7758    622   509   734  0     3333   3363
 7759    622   604   509  0     3333   3357
 7760    646   632   575  0     3334   3600
 7761    646   596   632  0     3334   3337
 7762    575   632   596  0     3334   3558
 7763    449   394   604  0     3335   3375
 7764    470   576   515  0     3336   3345
 7765    470   555   576  0     3336   3525
 7766    646   733   632  0     3337   3557
 7767    742   743   633  0     3338   3340
 7768    742   646   743  0     3338   3526
 7769    633   743   646  0     3338   3339
 7770    633   743   678  0     3339   3341
 7771    678   743   646  0     3339   3588
 7772    763   743   633  0     3340   3341
 7773    763   743   678  0     3341   3700
 7774    576   580   646  0     3342   3372
 7775    646   742   576  0     3342   3527
 7776    511   501   516  0     3343   3819
 7777    441   501   511  0     3343   3905
 7778    441   516   501  0     3343   3900
 7779    469   504   405  0     3344   3963
 7780    405   538   469  0     3344   3945
 7781    405   504   538  0     3344   3477
 7782    470   580   515  0     3345   3346
 7783    470   576   580  0     3345   3348
 7784    633   580   597  0     3347   3371
 7785    597   580   581  0     3347   3369
 7786    734   801   741  0     3349   3388
 7787    734   763   801  0     3349   3399
 7788    741   801   763  0     3349   3394
 7789    597   581   555  0     3350   3369
 7790    604   747   734  0     3351   3379
 7791    604   622   747  0     3351   3502
 7792    447   362   509  1     3352     -1
 7793    741   509   734  0     3353   3390
 7794    741   580   509  0     3353   3364
 7795    734   509   580  0     3353   3363
 7796    818   733   743  0     3354   3589
 7797    818   622   733  0     3354   3510
 7798    743   622   818  0     3354   3436
 7799    743   733   622  0     3354   3582
 7800    504   559   605  1     3355     -1
 7801    504   538   559  0     3355   3605
 7802    605   559   538  0     3355   3840
 7803    604   747   487  1     3356     -1
 7804    604   509   747  0     3356   3379
 7805    487   509   604  0     3356   3357
 7806    487   747   509  0     3356   3430
 7807    622   487   509  0     3357   3362
 7808    622   604   487  0     3357   3377
 7809    494   509   362  1     3358     -1
 7810    494   487   509  0     3358   3430
 7811    622   509   459  0     3359   3362
 7812    622   580   509  0     3359   3363
 7813    487   604   449  0     3360   3378
 7814    487   386   604  1     3360     -1
 7815    449   604   386  0     3360   3374
 7816    622   568   596  0     3361   3545
 7817    459   622   487  0     3362   3377
 7818    580   509   635  0     3364   3365
 7819    635   741   580  0     3364   3367
 7820    635   509   741  1     3364     -1
 7821    447   509   635  1     3365     -1
 7822    763   580   732  0     3366   3368
 7823    732   741   763  0     3366   3394
 7824    732   580   741  0     3366   3367
 7825    732   635   741  1     3367     -1
 7826    732   580   635  0     3367   3368
 7827    597   580   555  0     3369   3370
 7828    597   576   555  0     3370   3530
 7829    597   580   576  0     3370   3372
 7830    646   580   597  0     3371   3372
 7831    494   834   741  1     3373     -1
 7832    494   802   834  1     3373     -1
 7833    741   802   494  0     3373   3431
 7834    741   834   802  0     3373   3385
 7835    379   604   386  1     3374     -1
 7836    379   449   604  0     3374   3375
 7837    394   604   379  1     3375     -1
 7838    622   604   459  0     3377   3495
 7839    459   604   487  0     3377   3378
 7840    509   747   734  0     3379   3390
 7841    834   801   802  0     3380   3385
 7842    834   862   801  1     3380     -1
 7843    802   862   834  0     3380   3381
 7844    802   801   862  0     3380   3386
 7845    906   862   834  1     3381     -1
 7846    834   802   906  1     3381     -1
 7847    938   898   875  0     3382   3392
 7848    875   936   938  0     3382   3426
 7849    875   898   936  0     3382   3419
 7850    763   773   875  0     3383   3403
 7851    875   743   763  0     3383   3699
 7852    875   773   743  0     3383   3466
 7853    888   898   763  0     3384   3400
 7854    888   742   898  0     3384   3416
 7855    763   742   888  0     3384   3398
 7856    763   898   742  0     3384   3391
 7857    741   801   802  0     3385   3388
 7858    741   834   801  1     3385     -1
 7859    802   801   734  0     3386   3388
 7860    734   862   802  0     3386   3405
 7861    734   801   862  0     3386   3396
 7862    743   773   622  0     3387   3436
 7863    622   773   734  0     3387   3486
 7864    938   928   898  0     3389   3408
 7865    899   928   938  1     3389     -1
 7866    509   747   741  0     3390   3432
 7867    742   773   898  0     3391   3415
 7868    763   898   773  0     3391   3403
 7869    938   898   950  0     3392   3404
 7870    950   875   938  0     3392   3457
 7871    763   801   732  0     3393   3394
 7872    763   888   801  0     3393   3398
 7873    732   801   888  1     3393     -1
 7874    732   741   801  1     3394     -1
 7875    734   801   888  0     3395   3397
 7876    734   897   801  0     3395   3396
 7877    888   801   897  1     3395     -1
 7878    862   897   801  1     3396     -1
 7879    734   897   862  0     3396   3413
 7880    734   801   742  0     3397   3399
 7881    742   888   734  0     3397   3416
 7882    742   801   888  0     3397   3398
 7883    742   801   763  0     3398   3399
 7884    857   898   763  0     3400   3401
 7885    763   875   898  0     3401   3403
 7886    857   898   875  0     3401   3417
 7887    394   539   405  0     3402   3427
 7888    394   346   539  0     3402   3922
 7889    938   937   950  1     3404     -1
 7890    938   898   937  0     3404   3408
 7891    950   937   898  0     3404   3481
 7892    862   928   734  0     3405   3414
 7893    778   818   622  0     3406   3487
 7894    778   651   818  0     3406   3501
 7895    862   899   897  1     3407     -1
 7896    928   937   938  1     3408     -1
 7897    478   524   398  0     3409   3612
 7898    398   524   548  0     3409   3576
 7899    459   568   622  0     3410   3495
 7900    459   576   568  0     3410   3521
 7901    622   568   576  0     3410   3522
 7902    576   568   522  0     3411   3534
 7903    449   568   576  0     3411   3521
 7904    985   911   860  0     3412   3726
 7905    860   911   874  0     3412   3491
 7906    734   898   862  0     3413   3414
 7907    734   898   928  0     3414   3423
 7908    734   898   742  0     3415   3416
 7909    734   773   898  0     3415   3424
 7910    887   898   875  0     3417   3422
 7911    887   857   898  0     3417   3418
 7912    902   898   887  0     3418   3421
 7913    936   919   898  0     3419   3420
 7914    875   898   919  0     3419   3422
 7915    902   919   898  0     3420   3421
 7916    936   919   902  1     3420     -1
 7917    887   919   898  0     3421   3422
 7918    734   898   871  0     3423   3424
 7919    773   898   871  0     3424   3483
 7920    775   788   895  0     3425   3919
 7921    775   827   788  0     3425   3497
 7922    895   788   827  0     3425   3540
 7923    938   985   936  1     3426     -1
 7924    938   875   985  0     3426   3457
 7925    936   985   875  0     3426   3451
 7926    409   394   539  0     3427   3536
 7927    840   882   936  0     3428   3682
 7928    840   942   882  0     3428   3446
 7929    936   942   840  0     3428   3454
 7930    936   882   942  0     3428   3694
 7931    487   747   494  1     3430     -1
 7932    494   747   509  0     3430   3432
 7933    741   747   494  0     3431   3432
 7934    494   747   802  1     3431     -1
 7935    741   509   494  1     3432     -1
 7936    985   941   989  1     3433     -1
 7937    985   874   941  0     3433   3434
 7938    950   941   985  1     3434     -1
 7939    928   971   937  1     3435     -1
 7940    743   773   818  0     3436   3589
 7941    622   818   773  0     3436   3486
 7942    988   865   832  1     3437     -1
 7943    988   931   865  0     3437   3449
 7944    832   931   988  0     3437   3492
 7945    457   522   550  0     3438   3505
 7946    457   539   522  0     3438   3553
 7947    550   522   539  0     3438   3552
 7948    954   943   926  1     3439     -1
 7949    954   895   943  0     3439   3508
 7950    926   895   954  0     3439   3452
 7951    926   943   895  0     3439   3996
 7952    818   733   698  0     3440   3556
 7953    818   708   733  0     3440   3661
 7954    604   394   640  1     3441     -1
 7955    425   568   550  0     3442   3520
 7956    550   394   425  0     3442   3539
 7957    882   965   942  0     3443   3694
 7958    430   504   405  0     3444   3477
 7959    430   543   504  0     3444   3961
 7960    405   543   430  0     3444   3924
 7961    405   504   543  0     3444   3831
 7962    931   913   989  1     3445     -1
 7963    859   840   942  0     3446   3663
 7964    848   886   860  0     3447   3679
 7965    860   882   848  0     3447   3657
 7966    860   886   882  0     3447   3729
 7967    937   971   931  1     3448     -1
 7968    931   865   937  0     3448   3462
 7969    931   971   865  0     3448   3449
 7970    865   988   971  1     3449     -1
 7971    931   971   988  1     3449     -1
 7972    875   874   818  0     3450   3723
 7973    898   818   874  0     3450   3482
 7974    936   882   875  0     3451   3682
 7975    936   985   882  0     3451   3692
 7976    875   882   985  0     3451   3716
 7977    926   913   954  1     3452     -1
 7978    869   972   943  0     3453   3999
 7979    943   952   869  0     3453   3876
 7980    943   972   952  1     3453     -1
 7981    936   942   959  1     3454     -1
 7982    959   840   936  0     3454   3671
 7983    959   942   840  0     3454   3663
 7984    641   756   727  0     3455   3923
 7985    727   756   684  0     3455   4043
 7986    695   567   724  0     3456   3827
 7987    574   567   695  0     3456   3890
 7988    574   724   567  0     3456   3879
 7989    950   985   938  1     3457     -1
 7990    565   574   404  0     3458   3630
 7991    565   391   574  0     3458   3792
 7992    404   391   565  0     3458   3603
 7993    404   574   391  0     3458   3574
 7994    779   886   751  0     3459   3509
 7995    751   882   779  0     3459   3621
 7996    400   420   516  0     3460   3568
 7997    325   516   420  0     3460   3513
 7998    865   931   874  0     3461   3462
 7999    827   874   931  0     3461   3488
 8000    937   874   865  0     3462   3470
 8001    860   895   827  0     3463   3984
 8002    860   874   895  0     3463   3491
 8003    827   874   860  0     3463   3684
 8004    827   895   874  0     3463   3488
 8005    805   876   771  0     3464   4303
 8006    805   756   876  0     3464   4276
 8007    771   756   805  0     3464   4282
 8008    860   908   926  0     3465   3983
 8009    926   911   860  0     3465   3490
 8010    926   908   911  1     3465     -1
 8011    773   733   875  0     3466   3592
 8012    773   743   733  0     3466   3589
 8013    758   846   769  0     3467   4484
 8014    769   783   758  0     3467   4404
 8015    827   818   832  0     3468   3475
 8016    827   767   818  0     3468   3500
 8017    832   767   827  0     3468   3499
 8018    832   818   767  0     3468   3469
 8019    767   778   818  0     3469   3501
 8020    832   778   767  1     3469     -1
 8021    832   818   778  0     3469   3474
 8022    937   818   865  0     3470   3471
 8023    937   874   818  0     3470   3480
 8024    865   871   818  0     3471   3472
 8025    937   818   871  0     3471   3484
 8026    871   818   778  0     3472   3473
 8027    778   865   871  1     3472     -1
 8028    778   818   865  0     3472   3474
 8029    778   773   818  0     3473   3485
 8030    871   818   773  0     3473   3483
 8031    865   832   818  0     3474   3475
 8032    778   832   865  1     3474     -1
 8033    457   389   534  0     3476   3541
 8034    430   538   405  0     3477   3945
 8035    430   504   538  0     3477   3961
 8036    465   628   476  0     3478   4619
 8037    465   437   628  0     3478   4482
 8038    476   628   437  0     3478   4517
 8039    767   640   775  1     3479     -1
 8040    950   818   937  0     3480   3481
 8041    950   874   818  0     3480   3482
 8042    937   898   818  0     3481   3484
 8043    950   818   898  0     3481   3482
 8044    898   871   818  0     3483   3484
 8045    778   734   818  0     3485   3487
 8046    773   818   734  0     3485   3486
 8047    622   818   734  0     3486   3487
 8048    827   895   931  0     3488   3489
 8049    832   895   931  0     3489   3492
 8050    926   895   860  0     3490   3809
 8051    860   895   911  0     3490   3491
 8052    832   895   988  0     3492   3494
 8053    988   895   931  0     3492   3493
 8054    988   954   931  1     3493     -1
 8055    988   895   954  0     3493   3494
 8056    832   954   988  1     3494     -1
 8057    549   682   611  0     3496   3622
 8058    611   529   549  0     3496   3579
 8059    611   682   529  0     3496   3594
 8060    827   788   832  0     3497   3499
 8061    832   788   775  0     3497   3498
 8062    832   767   775  1     3498     -1
 8063    832   788   767  0     3498   3499
 8064    827   788   767  0     3499   3500
 8065    827   788   818  0     3500   3581
 8066    778   651   767  1     3501     -1
 8067    604   651   747  1     3502     -1
 8068    778   747   651  1     3503     -1
 8069    575   534   522  0     3504   3533
 8070    550   522   534  0     3504   3505
 8071    457   522   534  0     3505   3532
 8072    824   682   671  0     3506   3672
 8073    896   943   954  0     3508   3920
 8074    779   764   751  0     3509   3653
 8075    818   596   733  0     3510   3517
 8076    896   929   926  0     3511   3995
 8077    896   873   929  0     3511   3994
 8078    926   873   896  0     3511   3902
 8079    926   929   873  0     3511   3980
 8080    425   522   406  0     3512   3523
 8081    425   457   522  0     3512   3553
 8082    406   522   457  0     3512   3524
 8083    420   441   516  0     3513   4130
 8084    678   840   821  0     3514   3583
 8085    678   859   840  0     3514   3593
 8086    470   522   406  0     3515   3524
 8087    406   522   449  0     3515   3523
 8088    568   522   550  0     3516   3520
 8089    625   524   549  0     3518   3617
 8090    625   548   524  0     3518   3585
 8091    586   565   619  0     3519   3542
 8092    425   522   550  0     3520   3552
 8093    576   555   568  0     3522   3534
 8094    622   555   576  0     3522   3528
 8095    457   470   522  0     3524   3532
 8096    555   576   522  0     3525   3534
 8097    743   634   646  0     3526   3531
 8098    743   742   634  0     3526   3554
 8099    646   634   742  0     3526   3527
 8100    555   576   634  0     3528   3530
 8101    534   632   539  0     3529   3951
 8102    534   596   632  0     3529   3558
 8103    539   596   534  0     3529   3547
 8104    622   743   634  0     3531   3554
 8105    646   743   622  0     3531   3582
 8106    534   470   522  0     3532   3533
 8107    365   512   410  0     3535   3927
 8108    394   539   457  0     3536   3538
 8109    425   539   457  0     3538   3553
 8110    425   394   539  0     3538   3539
 8111    550   539   425  0     3539   3552
 8112    788   827   873  0     3540   3985
 8113    895   873   827  0     3540   3984
 8114    389   534   430  0     3541   3913
 8115    430   534   457  0     3541   3952
 8116    586   565   574  0     3542   3955
 8117    619   574   565  0     3542   3648
 8118    752   606   706  0     3543   3847
 8119    752   725   606  0     3543   4569
 8120    706   606   725  0     3543   3691
 8121    568   651   596  0     3544   3545
 8122    640   596   651  0     3544   3548
 8123    651   596   622  0     3545   3549
 8124    860   961   980  0     3546   3739
 8125    860   986   961  0     3546   3742
 8126    980   961   986  1     3546     -1
 8127    767   651   640  1     3548     -1
 8128    767   596   651  0     3548   3549
 8129    764   783   735  0     3550   4419
 8130    764   674   783  0     3550   3772
 8131    735   783   674  0     3550   3888
 8132    391   543   389  0     3551   3901
 8133    391   565   543  0     3551   3792
 8134    389   543   565  0     3551   3935
 8135    539   425   522  0     3552   3553
 8136    398   524   442  0     3555   3612
 8137    788   698   818  0     3556   3581
 8138    646   697   632  0     3557   3600
 8139    575   632   534  0     3558   3559
 8140    586   632   534  0     3559   3954
 8141    797   700   750  0     3560   3835
 8142    797   799   700  0     3560   4523
 8143    750   799   797  0     3560   4341
 8144    750   700   799  0     3560   4525
 8145    685   751   713  0     3562   3616
 8146    685   764   751  0     3562   3668
 8147    713   764   685  0     3562   3644
 8148    713   751   764  0     3562   3653
 8149    945   846   918  0     3563   4396
 8150    945   861   846  0     3563   3606
 8151    404   574   529  0     3564   3630
 8152    697   779   840  0     3565   3636
 8153    682   779   697  0     3565   3652
 8154    682   840   779  0     3565   3656
 8155    757   756   729  0     3566   4292
 8156    757   684   756  0     3566   4043
 8157    729   684   757  1     3566     -1
 8158    729   756   684  0     3566   3865
 8159    519   621   521  0     3567   4079
 8160    519   536   621  0     3567   4175
 8161    521   621   536  0     3567   4062
 8162    420   516   456  0     3568   3841
 8163    728   863   842  0     3569   4010
 8164    728   869   863  0     3569   3895
 8165    842   869   728  0     3569   4012
 8166    842   863   869  0     3569   3578
 8167    766   707   739  1     3570     -1
 8168    766   718   707  0     3570   4067
 8169    739   718   766  0     3570   4115
 8170    739   707   718  0     3570   4124
 8171    586   619   655  0     3571   3828
 8172    698   655   619  0     3571   3829
 8173    808   745   746  0     3572   4435
 8174    808   639   745  0     3572   4333
 8175    746   745   639  0     3572   4472
 8176    883   830   866  0     3573   3789
 8177    883   833   830  0     3573   4453
 8178    866   833   883  0     3573   4111
 8179    866   830   833  0     3573   4407
 8180    423   574   391  0     3574   3959
 8181    454   529   404  0     3575   3628
 8182    404   565   454  0     3575   3603
 8183    404   529   565  0     3575   3630
 8184    559   643   538  0     3577   3840
 8185    559   516   643  0     3577   3908
 8186    538   516   559  0     3577   3842
 8187    869   948   863  0     3578   3987
 8188    880   860   744  0     3580   3914
 8189    848   860   880  0     3580   3687
 8190    848   744   860  0     3580   4026
 8191    827   788   698  0     3581   3697
 8192    743   733   646  0     3582   3588
 8193    678   840   875  0     3583   3701
 8194    548   581   524  0     3584   3585
 8195    597   524   581  0     3584   3639
 8196    581   524   625  0     3585   3640
 8197    697   524   597  0     3586   3618
 8198    750   628   686  0     3587   3846
 8199    686   749   750  0     3587   4637
 8200    678   733   646  0     3588   3590
 8201    678   743   733  0     3588   3665
 8202    818   733   773  0     3589   3592
 8203    981   829   935  0     3591   4078
 8204    863   829   981  0     3591   4044
 8205    863   935   829  0     3591   3748
 8206    682   859   840  0     3593   3656
 8207    682   529   685  0     3594   3645
 8208    611   685   529  0     3594   3620
 8209    685   705   751  0     3595   3616
 8210    682   751   705  0     3595   3664
 8211    855   826   789  0     3596   3763
 8212    789   826   824  0     3596   3669
 8213    840   859   959  0     3597   3663
 8214    959   875   840  0     3597   3671
 8215    959   859   875  0     3597   3619
 8216    685   674   529  0     3598   3620
 8217    685   574   674  0     3598   3626
 8218    529   574   685  0     3598   3646
 8219    529   674   574  0     3598   3823
 8220    904   942   859  0     3599   3662
 8221    904   947   942  1     3599     -1
 8222    575   697   632  0     3600   3601
 8223    538   559   488  0     3605   3842
 8224    488   559   504  1     3605     -1
 8225    883   861   846  0     3606   4447
 8226    682   705   671  0     3607   3676
 8227    671   611   682  0     3607   3622
 8228    671   705   611  0     3607   3614
 8229    562   674   567  0     3608   3875
 8230    574   674   562  0     3608   3798
 8231    574   567   674  0     3608   3879
 8232    529   682   697  0     3609   3645
 8233    697   682   524  0     3609   3618
 8234    751   882   697  0     3610   3705
 8235    751   840   882  0     3610   3621
 8236    697   840   751  0     3610   3636
 8237    697   882   840  0     3610   3719
 8238    478   442   524  0     3611   3612
 8239    903   848   920  0     3613   3767
 8240    886   848   903  0     3613   3736
 8241    886   920   848  0     3613   3764
 8242    671   705   789  0     3614   3670
 8243    789   705   611  0     3614   4426
 8244    705   674   611  0     3615   3624
 8245    611   674   685  0     3615   3620
 8246    524   682   625  0     3617   3640
 8247    524   597   682  0     3618   3639
 8248    697   682   597  0     3618   3642
 8249    959   859   887  0     3619   3678
 8250    611   674   529  0     3620   3824
 8251    751   840   779  0     3621   3636
 8252    682   779   859  0     3623   3656
 8253    611   705   713  0     3624   4427
 8254    462   574   423  0     3625   3958
 8255    462   484   574  0     3625   3906
 8256    574   674   619  0     3626   3880
 8257    619   685   574  0     3626   3648
 8258    619   674   685  0     3626   3632
 8259    483   558   414  0     3627   3817
 8260    805   771   854  0     3629   4303
 8261    805   807   771  0     3629   4051
 8262    854   807   805  1     3629     -1
 8263    854   771   807  0     3629   4256
 8264    574   529   565  0     3630   3646
 8265    733   848   697  0     3631   3720
 8266    733   708   848  0     3631   3661
 8267    697   848   708  0     3631   3654
 8268    619   674   708  0     3632   3802
 8269    708   685   619  0     3632   3651
 8270    920   962   983  1     3633     -1
 8271    920   892   962  0     3633   3732
 8272    983   892   920  0     3633   3761
 8273    983   962   892  0     3633   3743
 8274    539   543   605  0     3634   3950
 8275    673   543   539  0     3634   3926
 8276    710   842   721  0     3635   4017
 8277    710   728   842  1     3635     -1
 8278    721   728   710  0     3635   3938
 8279    721   842   728  0     3635   4012
 8280    779   751   697  0     3636   3652
 8281    764   751   708  0     3637   3759
 8282    764   674   751  0     3637   3668
 8283    708   674   764  0     3637   3772
 8284    678   581   682  0     3638   3641
 8285    625   682   581  0     3638   3640
 8286    524   581   682  0     3639   3640
 8287    597   682   581  0     3639   3641
 8288    597   682   678  0     3641   3642
 8289    921   920   965  1     3643     -1
 8290    685   674   764  0     3644   3668
 8291    529   685   697  0     3645   3647
 8292    529   565   685  0     3646   3647
 8293    574   685   565  0     3646   3648
 8294    565   685   697  0     3647   3650
 8295    619   685   565  0     3648   3650
 8296    733   840   678  0     3649   3665
 8297    733   697   840  0     3649   3719
 8298    619   685   697  0     3650   3651
 8299    682   779   751  0     3652   3664
 8300    713   779   764  0     3653   3659
 8301    751   848   708  0     3654   3731
 8302    751   697   848  0     3654   3705
 8303    880   863   744  0     3655   4030
 8304    880   869   863  0     3655   3899
 8305    744   869   880  0     3655   4005
 8306    744   863   869  0     3655   4029
 8307    860   882   985  0     3657   3729
 8308    985   882   848  0     3657   3706
 8309    764   779   789  0     3658   3659
 8310    789   779   826  0     3658   3673
 8311    713   779   789  0     3659   3674
 8312    789   764   713  0     3659   4423
 8313    880   961   860  0     3660   3871
 8314    880   909   961  0     3660   4033
 8315    860   909   880  0     3660   3687
 8316    708   848   818  0     3661   3681
 8317    818   848   733  0     3661   3721
 8318    904   942   886  0     3662   3737
 8319    682   779   705  0     3664   3676
 8320    743   840   678  0     3665   3700
 8321    695   655   698  0     3666   3829
 8322    695   721   655  0     3666   3750
 8323    698   721   695  0     3666   3965
 8324    698   655   721  0     3666   3971
 8325    848   882   874  0     3667   3706
 8326    848   818   882  0     3667   3721
 8327    874   818   848  0     3667   3683
 8328    874   882   818  0     3667   3723
 8329    824   671   826  0     3669   3672
 8330    789   826   671  0     3669   3670
 8331    671   705   826  0     3670   3675
 8332    789   826   705  0     3670   3673
 8333    875   840   936  0     3671   3682
 8334    682   671   826  0     3672   3677
 8335    826   705   779  0     3673   3675
 8336    789   779   705  0     3673   3674
 8337    713   705   789  0     3674   4425
 8338    826   671   779  0     3675   3677
 8339    705   779   671  0     3675   3676
 8340    682   779   671  0     3676   3677
 8341    848   921   860  0     3679   3704
 8342    848   886   921  0     3679   3736
 8343    860   921   886  0     3679   3733
 8344    672   759   673  0     3680   4020
 8345    672   721   759  0     3680   4018
 8346    673   721   672  0     3680   3820
 8347    827   848   818  0     3681   3683
 8348    827   708   848  0     3681   3690
 8349    875   840   882  0     3682   3724
 8350    827   848   874  0     3683   3684
 8351    827   848   860  0     3684   3696
 8352    860   873   908  0     3685   3983
 8353    860   961   873  0     3685   3871
 8354    908   961   860  0     3685   3739
 8355    908   873   961  0     3685   4035
 8356    870   915   901  0     3686   4270
 8357    870   866   915  0     3686   4385
 8358    901   866   870  0     3686   4305
 8359    860   909   848  0     3687   3688
 8360    848   903   909  0     3688   3767
 8361    860   903   848  0     3688   3704
 8362    695   655   567  0     3689   3827
 8363    695   619   655  0     3689   3829
 8364    567   619   695  0     3689   3890
 8365    567   655   619  0     3689   3828
 8366    698   848   827  0     3690   3697
 8367    698   708   848  0     3690   4024
 8368    706   709   725  0     3691   3806
 8369    985   965   936  1     3692     -1
 8370    936   965   882  0     3692   3694
 8371    794   777   796  0     3693   4302
 8372    794   819   777  0     3693   4851
 8373    796   819   794  0     3693   4665
 8374    796   777   819  0     3693   4112
 8375    936   965   942  1     3694     -1
 8376    754   843   756  0     3695   3784
 8377    771   843   754  0     3695   4272
 8378    860   788   848  0     3696   3998
 8379    827   788   860  0     3696   3985
 8380    827   848   788  0     3696   3697
 8381    788   698   848  0     3697   4000
 8382    875   840   763  0     3699   3701
 8383    763   840   743  0     3699   3700
 8384    763   840   678  0     3700   3701
 8385    885   904   826  0     3702   3711
 8386    896   869   842  0     3703   3822
 8387    896   923   869  0     3703   3990
 8388    848   921   903  0     3704   3736
 8389    860   903   921  0     3704   3717
 8390    848   882   697  0     3705   3720
 8391    985   882   874  0     3706   3716
 8392    901   904   855  0     3707   3745
 8393    901   894   904  0     3707   3715
 8394    855   904   894  0     3707   3708
 8395    894   826   904  0     3708   3713
 8396    894   904   885  0     3709   3712
 8397    894   927   904  0     3709   3714
 8398    885   904   927  0     3709   3710
 8399    927   947   904  1     3710     -1
 8400    826   824   904  0     3711   3713
 8401    885   904   824  0     3711   3712
 8402    894   904   824  0     3712   3713
 8403    927   904   966  1     3714     -1
 8404    966   904   894  0     3714   3715
 8405    966   904   901  1     3715     -1
 8406    875   882   874  0     3716   3723
 8407    921   986   903  1     3717     -1
 8408    860   903   986  0     3717   3742
 8409    880   784   977  0     3718   4298
 8410    880   924   784  0     3718   4381
 8411    977   784   924  0     3718   4281
 8412    697   882   733  0     3719   3720
 8413    733   882   840  0     3719   3722
 8414    733   848   882  0     3720   3721
 8415    818   882   733  0     3721   3722
 8416    818   882   840  0     3722   3724
 8417    875   882   818  0     3723   3724
 8418    787   753   794  0     3725   4809
 8419    787   737   753  0     3725   4760
 8420    794   737   787  1     3725     -1
 8421    794   753   737  0     3725   4259
 8422    911   980   985  1     3726     -1
 8423    744   759   860  0     3727   4026
 8424    744   873   759  0     3727   3989
 8425    860   873   744  0     3727   3914
 8426    860   759   873  0     3727   4001
 8427    784   880   783  0     3728   3898
 8428    769   880   784  0     3728   4382
 8429    860   886   985  0     3729   3733
 8430    795   740   839  0     3730   3858
 8431    863   740   795  0     3730   3780
 8432    863   839   740  0     3730   3925
 8433    751   783   708  0     3731   3759
 8434    708   783   848  0     3731   3894
 8435    920   909   962  1     3732     -1
 8436    706   758   735  0     3734   4267
 8437    706   610   758  0     3734   4399
 8438    735   610   706  0     3734   3848
 8439    735   758   610  0     3734   4415
 8440    967   977   939  1     3735     -1
 8441    967   880   977  0     3735   4258
 8442    939   880   967  0     3735   3747
 8443    942   920   904  1     3737     -1
 8444    754   650   765  0     3738   3931
 8445    754   731   650  0     3738   4202
 8446    765   650   731  0     3738   4205
 8447    980   908   961  1     3739     -1
 8448    638   710   559  1     3740     -1
 8449    559   643   638  0     3740   3928
 8450    559   710   643  0     3740   3940
 8451    647   755   702  0     3741   4693
 8452    986   961   903  1     3742     -1
 8453    983   962   918  1     3743     -1
 8454    918   892   983  0     3743   3752
 8455    918   962   892  0     3743   3776
 8456    739   601   815  1     3744     -1
 8457    815   718   739  0     3744   4115
 8458    901   983   855  0     3745   3746
 8459    901   904   983  1     3745     -1
 8460    855   970   983  0     3746   3768
 8461    901   983   970  1     3746     -1
 8462    909   967   939  1     3747     -1
 8463    909   880   967  0     3747   4032
 8464    863   935   839  0     3748   3921
 8465    829   839   935  0     3748   4088
 8466    949   850   884  0     3749   4438
 8467    949   856   850  0     3749   4473
 8468    884   856   949  0     3749   4456
 8469    884   850   856  0     3749   4315
 8470    721   655   744  0     3750   3911
 8471    744   695   721  0     3750   4022
 8472    744   655   695  0     3750   3793
 8473    828   856   804  0     3751   4445
 8474    828   884   856  0     3751   4315
 8475    804   856   884  0     3751   4754
 8476    918   892   945  0     3752   4396
 8477    945   983   918  1     3752     -1
 8478    945   892   983  0     3752   3997
 8479    808   892   789  0     3753   4254
 8480    808   855   892  0     3753   3773
 8481    789   892   855  0     3753   3763
 8482    876   922   805  0     3754   4300
 8483    805   854   876  0     3754   4303
 8484    462   484   501  0     3755   3884
 8485    722   511   650  0     3756   4052
 8486    655   511   722  0     3756   4091
 8487    655   650   511  0     3756   4180
 8488    889   930   879  0     3757   4787
 8489    879   891   889  0     3757   4797
 8490    879   930   891  0     3757   4824
 8491    883   856   979  0     3758   4474
 8492    883   879   856  0     3758   4392
 8493    979   879   883  0     3758   4361
 8494    979   856   879  0     3758   4353
 8495    764   783   708  0     3759   3772
 8496    879   856   884  0     3760   4353
 8497    879   889   856  0     3760   4791
 8498    884   889   879  0     3760   4386
 8499    983   892   826  0     3761   3762
 8500    826   892   920  0     3761   3769
 8501    983   892   855  0     3762   3768
 8502    855   892   826  0     3762   3763
 8503    920   892   886  0     3764   3769
 8504    886   892   848  0     3764   3765
 8505    886   892   764  0     3765   3770
 8506    730   680   837  0     3766   4563
 8507    730   774   680  0     3766   4360
 8508    837   680   774  0     3766   4588
 8509    903   909   920  1     3767     -1
 8510    983   892   970  0     3768   4389
 8511    970   892   855  0     3768   3774
 8512    826   892   886  0     3769   3770
 8513    674   783   708  0     3772   3892
 8514    808   870   892  0     3773   4434
 8515    855   892   870  0     3773   3774
 8516    870   970   892  0     3774   4402
 8517    939   880   918  0     3775   3777
 8518    918   962   939  1     3775     -1
 8519    918   880   962  0     3775   3776
 8520    918   880   892  0     3776   3777
 8521    939   892   918  0     3777   4377
 8522    939   880   892  0     3777   4384
 8523    423   562   558  0     3778   3795
 8524    746   745   866  0     3779   4395
 8525    746   830   745  0     3779   4777
 8526    866   745   830  0     3779   4407
 8527    716   863   740  0     3780   3988
 8528    716   795   863  0     3780   4059
 8529    602   753   723  0     3781   4368
 8530    602   675   753  0     3781   4828
 8531    723   753   675  0     3781   4758
 8532    722   643   655  0     3782   4090
 8533    655   721   722  0     3782   3911
 8534    655   643   721  0     3782   3971
 8535    952   929   943  1     3783     -1
 8536    952   896   929  0     3783   3994
 8537    943   896   952  0     3783   3876
 8538    843   816   754  0     3784   4294
 8539    843   756   816  0     3784   4277
 8540    754   816   756  0     3784   4084
 8541    883   838   879  0     3785   4392
 8542    883   830   838  0     3785   4453
 8543    879   830   883  0     3785   3789
 8544    879   838   830  0     3785   4316
 8545    693   642   606  0     3786   4432
 8546    693   569   642  0     3786   4524
 8547    606   569   693  0     3786   4576
 8548    606   642   569  0     3786   4493
 8549    972   982   967  1     3787     -1
 8550    972   863   982  0     3787   4048
 8551    967   863   972  0     3787   4004
 8552    967   982   863  0     3787   4152
 8553    691   838   833  0     3788   4487
 8554    691   749   838  0     3788   4457
 8555    833   749   691  0     3788   4511
 8556    833   838   749  0     3788   4451
 8557    866   879   830  0     3789   4788
 8558    883   879   866  0     3789   4328
 8559    711   756   650  0     3790   4072
 8560    711   669   756  0     3790   4255
 8561    650   756   669  0     3790   4284
 8562    483   558   491  0     3791   3825
 8563    483   546   558  0     3791   4047
 8564    574   543   391  0     3792   3959
 8565    574   565   543  0     3792   3955
 8566    724   655   695  0     3793   3827
 8567    724   744   655  0     3793   3915
 8568    639   505   583  0     3794   4414
 8569    404   562   558  0     3795   3803
 8570    691   505   639  0     3796   4251
 8571    639   610   691  0     3796   4398
 8572    639   505   610  0     3796   4410
 8573    843   933   876  0     3797   4053
 8574    843   922   933  0     3797   4309
 8575    558   674   562  0     3798   3799
 8576    574   674   558  0     3798   3823
 8577    610   674   562  0     3799   3814
 8578    558   674   610  0     3799   3845
 8579    670   620   623  1     3800     -1
 8580    670   649   620  0     3800   4833
 8581    623   649   670  1     3800     -1
 8582    804   750   700  0     3801   3835
 8583    774   750   804  0     3801   4405
 8584    774   700   750  0     3801   4522
 8585    619   695   708  0     3802   3887
 8586    619   674   695  0     3802   3880
 8587    491   558   404  0     3803   3825
 8588    769   709   706  0     3804   3806
 8589    706   783   769  0     3804   3811
 8590    706   709   783  0     3804   3881
 8591    775   896   788  0     3805   3919
 8592    775   842   896  0     3805   3934
 8593    788   842   775  0     3805   4015
 8594    769   709   725  0     3806   3807
 8595    528   503   413  0     3808   3850
 8596    413   503   560  0     3808   4624
 8597    926   873   860  0     3809   3983
 8598    926   895   873  0     3809   3902
 8599    860   873   895  0     3809   3984
 8600    706   783   735  0     3811   3897
 8601    735   769   706  0     3811   4267
 8602    735   783   769  0     3811   4404
 8603    610   562   606  0     3812   3860
 8604    606   482   610  0     3812   4483
 8605    606   562   482  0     3812   3862
 8606    696   694   608  0     3813   4551
 8607    696   588   694  1     3813     -1
 8608    608   588   696  0     3813   4492
 8609    608   694   588  0     3813   4230
 8610    706   610   674  0     3814   3848
 8611    474   563   521  0     3815   4040
 8612    474   519   563  0     3815   4113
 8613    521   563   519  0     3815   4079
 8614    848   724   708  0     3816   3894
 8615    708   695   848  0     3816   4023
 8616    483   482   414  0     3817   4195
 8617    829   766   814  0     3818   4114
 8618    829   815   766  0     3818   4116
 8619    814   815   829  0     3818   4085
 8620    814   766   815  0     3818   4077
 8621    501   516   655  0     3819   3864
 8622    655   511   501  0     3819   4180
 8623    673   643   672  0     3820   3844
 8624    721   643   673  0     3820   3972
 8625    721   672   643  0     3820   3978
 8626    693   642   700  0     3821   4586
 8627    693   664   642  0     3821   4432
 8628    700   664   693  0     3821   4547
 8629    869   759   896  0     3822   3944
 8630    869   842   759  0     3822   4014
 8631    674   558   529  0     3823   3824
 8632    815   991   829  0     3826   4085
 8633    815   956   991  1     3826     -1
 8634    829   991   956  0     3826   3839
 8635    567   655   586  0     3828   3909
 8636    698   695   619  0     3829   3887
 8637    516   536   603  0     3830   4093
 8638    516   666   536  0     3830   3936
 8639    539   543   405  0     3831   3924
 8640    539   504   543  0     3831   3950
 8641    669   771   807  0     3832   4070
 8642    669   731   771  0     3832   3904
 8643    807   731   669  0     3832   4146
 8644    807   771   731  0     3832   4155
 8645    769   700   799  0     3833   3856
 8646    769   664   700  0     3833   4528
 8647    799   664   769  0     3833   4498
 8648    799   700   664  0     3833   4530
 8649    746   768   748  0     3834   4784
 8650    804   750   797  0     3835   4341
 8651    542   499   365  0     3836   4222
 8652    542   533   499  1     3836     -1
 8653    365   499   533  0     3836   4268
 8654    828   850   884  0     3837   4315
 8655    884   940   828  0     3837   4340
 8656    884   850   940  0     3837   4438
 8657    465   505   489  0     3838   3854
 8658    465   627   505  0     3838   4228
 8659    489   627   465  0     3838   4476
 8660    956   925   991  1     3839     -1
 8661    829   925   956  0     3839   4081
 8662    829   991   925  0     3839   4086
 8663    559   643   605  0     3840   3940
 8664    605   643   538  0     3840   3917
 8665    420   536   456  0     3841   4065
 8666    420   516   536  0     3841   4120
 8667    456   536   516  0     3841   4131
 8668    488   516   559  0     3842   3949
 8669    538   516   488  0     3842   3872
 8670    655   543   586  0     3843   3909
 8671    655   632   543  0     3843   3973
 8672    586   543   632  0     3843   3954
 8673    605   643   672  0     3844   3977
 8674    673   643   605  0     3844   3917
 8675    674   610   735  0     3845   3848
 8676    735   610   558  0     3845   4415
 8677    657   628   686  0     3846   4543
 8678    686   750   657  0     3846   4322
 8679    752   606   610  0     3847   4458
 8680    735   674   706  0     3848   3889
 8681    583   627   468  0     3849   4263
 8682    583   465   627  0     3849   4476
 8683    468   627   465  0     3849   4714
 8684    437   413   528  0     3850   4597
 8685    437   503   413  0     3850   4582
 8686    691   610   664  0     3851   4501
 8687    428   505   465  0     3852   3854
 8688    414   505   428  0     3853   4216
 8689    414   482   505  0     3853   4195
 8690    428   505   489  0     3854   3857
 8691    657   749   700  0     3855   4527
 8692    691   749   657  0     3855   4264
 8693    691   700   749  0     3855   4529
 8694    799   752   700  0     3856   4523
 8695    769   752   799  0     3856   4408
 8696    769   700   752  0     3856   4528
 8697    765   839   795  0     3858   3868
 8698    765   740   839  0     3858   3925
 8699    795   740   765  0     3858   4042
 8700    606   567   610  0     3859   3860
 8701    606   567   562  0     3860   3862
 8702    482   562   567  0     3861   3862
 8703    606   567   482  0     3862   3885
 8704    601   621   521  0     3863   4170
 8705    601   669   621  0     3863   4171
 8706    521   669   601  0     3863   4176
 8707    501   516   538  0     3864   3900
 8708    729   662   684  1     3865     -1
 8709    729   756   662  0     3865   4279
 8710    815   807   854  1     3866     -1
 8711    829   807   815  0     3866   4158
 8712    867   810   876  0     3867   4265
 8713    867   805   810  0     3867   4347
 8714    876   805   867  0     3867   4300
 8715    876   810   805  0     3867   4344
 8716    839   795   731  0     3868   4150
 8717    765   731   795  0     3868   4133
 8718    848   783   724  0     3869   3894
 8719    880   724   783  0     3869   3898
 8720    706   724   709  0     3870   3881
 8721    880   873   860  0     3871   3914
 8722    880   961   873  0     3871   4036
 8723    469   516   488  0     3872   3949
 8724    469   538   516  0     3872   3907
 8725    603   527   617  0     3873   4102
 8726    617   666   603  0     3873   4118
 8727    617   527   666  0     3873   4006
 8728    744   722   660  0     3874   4108
 8729    744   655   722  0     3874   3911
 8730    660   655   744  0     3874   3916
 8731    567   724   674  0     3875   3879
 8732    952   869   896  0     3876   3986
 8733    896   869   943  0     3876   3990
 8734    511   519   474  0     3877   4113
 8735    563   540   650  0     3878   4214
 8736    563   660   540  0     3878   4199
 8737    650   540   660  0     3878   4056
 8738    574   695   619  0     3880   3890
 8739    709   783   724  0     3881   3891
 8740    706   724   783  0     3881   3897
 8741    606   569   567  0     3882   3885
 8742    606   660   569  0     3882   4157
 8743    641   569   725  0     3883   4575
 8744    641   660   569  0     3883   4208
 8745    725   660   641  0     3883   4261
 8746    725   569   660  0     3883   4157
 8747    462   482   501  0     3884   4218
 8748    606   569   482  0     3885   4440
 8749    740   666   722  0     3886   4177
 8750    740   643   666  0     3886   4094
 8751    722   666   643  0     3886   4090
 8752    698   695   708  0     3887   4025
 8753    783   724   735  0     3888   3897
 8754    783   674   724  0     3888   3892
 8755    735   724   674  0     3888   3889
 8756    735   724   706  0     3889   3897
 8757    783   724   784  0     3891   3898
 8758    784   724   709  0     3891   3893
 8759    708   724   783  0     3892   3894
 8760    709   744   724  0     3893   3915
 8761    784   744   709  0     3893   3982
 8762    740   863   728  0     3895   3988
 8763    740   869   863  0     3895   4028
 8764    728   869   740  0     3895   4011
 8765    716   863   814  0     3896   4059
 8766    716   728   863  0     3896   3988
 8767    814   728   716  1     3896     -1
 8768    814   863   728  0     3896   4010
 8769    869   863   972  0     3899   3999
 8770    880   972   863  0     3899   4004
 8771    389   430   543  0     3901   3913
 8772    926   895   896  0     3902   3995
 8773    438   536   420  0     3903   4083
 8774    420   519   438  0     3903   4117
 8775    420   536   519  0     3903   4120
 8776    754   669   731  0     3904   4201
 8777    501   511   450  0     3905   4241
 8778    484   574   543  0     3906   3939
 8779    462   543   574  0     3906   3958
 8780    469   538   400  0     3907   3957
 8781    643   666   516  0     3908   4057
 8782    643   559   666  0     3908   3928
 8783    567   543   586  0     3909   3953
 8784    534   543   457  0     3910   3952
 8785    534   539   543  0     3910   3951
 8786    721   722   744  0     3911   4008
 8787    538   543   430  0     3912   3961
 8788    534   543   389  0     3913   3935
 8789    534   430   543  0     3913   3952
 8790    744   880   873  0     3914   4005
 8791    744   655   709  0     3915   3916
 8792    660   709   744  0     3916   4165
 8793    666   667   795  0     3918   3970
 8794    666   718   667  0     3918   4071
 8795    795   718   666  0     3918   4075
 8796    795   667   718  0     3918   4066
 8797    775   896   895  0     3919   3934
 8798    896   943   923  0     3920   3990
 8799    954   923   943  1     3920     -1
 8800    982   839   863  0     3921   4156
 8801    982   935   839  0     3921   4311
 8802    863   935   982  0     3921   3979
 8803    539   394   504  0     3922   3941
 8804    346   504   394  1     3922     -1
 8805    727   711   756  0     3923   4286
 8806    641   711   727  0     3923   4262
 8807    641   756   711  0     3923   4072
 8808    863   765   740  0     3925   3981
 8809    863   839   765  0     3925   4290
 8810    632   543   539  0     3926   3951
 8811    632   673   543  0     3926   3974
 8812    410   372   512  1     3927     -1
 8813    365   512   372  0     3927   4097
 8814    559   666   638  0     3928   4031
 8815    716   710   638  1     3929     -1
 8816    716   666   710  0     3929   4095
 8817    982   922   967  1     3930     -1
 8818    982   843   922  0     3930   4313
 8819    967   843   982  0     3930   4152
 8820    967   922   843  0     3930   4308
 8821    650   765   711  0     3931   4174
 8822    754   711   765  0     3931   4143
 8823    563   531   521  0     3932   4188
 8824    521   621   563  0     3932   4079
 8825    585   569   540  0     3933   4217
 8826    516   519   536  0     3936   4120
 8827    666   536   519  0     3936   4175
 8828    521   536   527  0     3937   4062
 8829    527   438   521  0     3937   4137
 8830    527   536   438  0     3937   4083
 8831    721   728   722  0     3938   4013
 8832    574   543   567  0     3939   3953
 8833    643   605   710  0     3940   3977
 8834    559   710   605  1     3940     -1
 8835    394   504   640  1     3941     -1
 8836    441   538   380  0     3942   3956
 8837    441   430   538  0     3942   3946
 8838    380   538   430  0     3942   3943
 8839    380   538   469  0     3943   3957
 8840    469   538   430  0     3943   3945
 8841    869   759   873  0     3944   3993
 8842    873   896   869  0     3944   3986
 8843    873   759   896  0     3944   4002
 8844    441   422   538  0     3946   3948
 8845    430   538   422  0     3946   3947
 8846    422   462   538  0     3947   3948
 8847    469   559   488  1     3949     -1
 8848    539   504   605  0     3950   3969
 8849    534   632   543  0     3951   3954
 8850    574   543   586  0     3953   3955
 8851    400   538   380  0     3956   3957
 8852    469   380   400  1     3957     -1
 8853    462   543   423  0     3958   3960
 8854    423   543   574  0     3958   3959
 8855    423   543   391  0     3959   3960
 8856    346   331   504  1     3962     -1
 8857    405   504   331  0     3962   3964
 8858    469   504   340  1     3963     -1
 8859    340   504   405  0     3963   3964
 8860    340   504   331  1     3964     -1
 8861    698   759   695  0     3965   4025
 8862    695   759   721  0     3965   4022
 8863    614   608   542  0     3966   4562
 8864    614   616   608  0     3966   4358
 8865    542   608   616  0     3966   4526
 8866    420   527   438  0     3967   4083
 8867    420   439   527  0     3967   4126
 8868    438   527   439  0     3967   4137
 8869    648   707   617  1     3968     -1
 8870    648   718   707  0     3968   4124
 8871    617   707   718  0     3968   4003
 8872    605   672   504  1     3969     -1
 8873    698   643   721  0     3971   3972
 8874    698   655   643  0     3971   3975
 8875    698   643   673  0     3972   3976
 8876    632   643   655  0     3973   3975
 8877    632   543   643  0     3973   3974
 8878    673   643   632  0     3974   3976
 8879    632   643   698  0     3975   3976
 8880    710   672   605  1     3977     -1
 8881    710   643   672  0     3977   3978
 8882    721   672   710  0     3978   4018
 8883    948   982   863  0     3979   4049
 8884    948   935   982  1     3979     -1
 8885    926   929   908  1     3980     -1
 8886    908   873   926  0     3980   3983
 8887    908   929   873  0     3980   4034
 8888    863   765   722  0     3981   4061
 8889    722   740   863  0     3981   4028
 8890    722   765   740  0     3981   4178
 8891    784   711   709  0     3982   4069
 8892    784   744   711  0     3982   4173
 8893    709   711   744  0     3982   4165
 8894    860   873   827  0     3984   3985
 8895    860   873   788  0     3985   4001
 8896    952   869   873  0     3986   3991
 8897    873   896   952  0     3986   3994
 8898    863   943   948  0     3987   4049
 8899    869   943   863  0     3987   3999
 8900    869   948   943  0     3987   4037
 8901    716   728   740  0     3988   4125
 8902    721   759   744  0     3989   4022
 8903    721   873   759  0     3989   3993
 8904    744   873   721  0     3989   4009
 8905    943   923   869  0     3990   4037
 8906    952   929   873  0     3991   3994
 8907    873   929   869  0     3991   4007
 8908    698   788   759  0     3992   4000
 8909    673   759   788  0     3992   4021
 8910    721   869   759  0     3993   4014
 8911    873   869   721  0     3993   4009
 8912    895   929   926  0     3995   3996
 8913    926   943   929  1     3996     -1
 8914    892   983   916  0     3997   4389
 8915    945   916   983  1     3997     -1
 8916    788   759   860  0     3998   4001
 8917    788   848   759  0     3998   4000
 8918    860   759   848  0     3998   4026
 8919    943   863   972  0     3999   4048
 8920    848   759   698  0     4000   4024
 8921    788   759   873  0     4001   4002
 8922    667   707   718  0     4003   4066
 8923    667   617   707  1     4003     -1
 8924    718   617   667  0     4003   4071
 8925    880   972   967  0     4004   4032
 8926    967   863   880  0     4004   4289
 8927    744   869   873  0     4005   4009
 8928    666   718   527  0     4006   4122
 8929    617   718   666  0     4006   4071
 8930    617   527   718  0     4006   4107
 8931    929   972   873  0     4007   4034
 8932    722   869   721  0     4008   4013
 8933    722   744   869  0     4008   4029
 8934    721   869   744  0     4008   4009
 8935    728   814   842  1     4010     -1
 8936    722   869   740  0     4011   4028
 8937    722   728   869  0     4011   4013
 8938    842   869   721  0     4012   4014
 8939    721   869   728  0     4012   4013
 8940    842   759   721  0     4014   4017
 8941    788   759   775  0     4015   4021
 8942    775   759   842  0     4015   4016
 8943    842   672   759  0     4016   4019
 8944    775   672   842  1     4016     -1
 8945    775   759   672  0     4016   4020
 8946    710   759   721  0     4017   4018
 8947    710   842   759  0     4017   4019
 8948    710   759   672  0     4018   4019
 8949    710   842   672  1     4019     -1
 8950    775   759   673  0     4020   4021
 8951    695   759   744  0     4022   4027
 8952    708   759   848  0     4023   4024
 8953    708   695   759  0     4023   4025
 8954    848   759   695  0     4023   4027
 8955    708   759   698  0     4024   4025
 8956    848   744   759  0     4026   4027
 8957    722   869   863  0     4028   4029
 8958    744   863   722  0     4029   4061
 8959    880   863   784  0     4030   4288
 8960    784   863   744  0     4030   4038
 8961    603   666   638  0     4031   4100
 8962    638   559   603  1     4031     -1
 8963    880   972   909  0     4032   4033
 8964    909   972   967  1     4032     -1
 8965    909   961   972  1     4033     -1
 8966    880   972   961  0     4033   4036
 8967    929   972   908  1     4034     -1
 8968    908   972   873  0     4034   4035
 8969    908   972   961  1     4035     -1
 8970    961   972   873  0     4035   4036
 8971    943   923   948  1     4037     -1
 8972    784   765   744  0     4038   4173
 8973    784   863   765  0     4038   4291
 8974    744   765   863  0     4038   4061
 8975    439   526   477  0     4039   4106
 8976    477   526   436  1     4039     -1
 8977    474   563   463  0     4040   4064
 8978    463   521   474  0     4040   4109
 8979    463   563   521  0     4040   4188
 8980    593   684   662  1     4041     -1
 8981    641   684   593  0     4041   4153
 8982    765   666   740  0     4042   4179
 8983    765   795   666  0     4042   4075
 8984    727   757   684  0     4043   4339
 8985    727   756   757  0     4043   4054
 8986    814   981   863  0     4044   4045
 8987    814   829   981  0     4044   4076
 8988    863   829   814  0     4044   4060
 8989    814   981   948  1     4045     -1
 8990    796   777   753  0     4046   4302
 8991    796   737   777  0     4046   4775
 8992    753   737   796  0     4046   4568
 8993    753   777   737  0     4046   4259
 8994    972   943   982  1     4048     -1
 8995    863   982   943  0     4048   4049
 8996    943   948   982  1     4049     -1
 8997    805   867   956  1     4050     -1
 8998    805   922   867  0     4050   4300
 8999    805   729   771  0     4051   4282
 9000    807   729   805  1     4051     -1
 9001    807   771   729  0     4051   4070
 9002    666   650   722  0     4052   4177
 9003    722   511   666  0     4052   4091
 9004    933   876   816  0     4053   4087
 9005    816   843   933  0     4053   4128
 9006    816   876   843  0     4053   4277
 9007    805   756   757  0     4054   4292
 9008    805   727   756  0     4054   4276
 9009    757   727   805  0     4054   4349
 9010    641   642   594  0     4055   4374
 9011    641   614   642  0     4055   4372
 9012    594   614   641  0     4055   4540
 9013    650   540   641  0     4056   4215
 9014    641   660   650  0     4056   4121
 9015    641   540   660  0     4056   4208
 9016    643   666   655  0     4057   4090
 9017    722   711   660  0     4058   4108
 9018    722   650   711  0     4058   4174
 9019    660   711   650  0     4058   4121
 9020    716   795   814  0     4059   4104
 9021    814   795   863  0     4059   4060
 9022    814   795   829  0     4060   4103
 9023    744   765   722  0     4061   4147
 9024    521   621   527  0     4062   4170
 9025    527   621   536  0     4062   4194
 9026    452   450   540  0     4063   4242
 9027    463   540   450  0     4063   4197
 9028    474   540   463  0     4064   4197
 9029    474   563   540  0     4064   4211
 9030    456   527   536  0     4065   4131
 9031    420   527   456  0     4065   4126
 9032    420   536   527  0     4065   4083
 9033    814   766   718  0     4067   4114
 9034    814   707   766  1     4067     -1
 9035    542   499   407  0     4068   4190
 9036    542   452   499  0     4068   4222
 9037    407   452   542  0     4068   4229
 9038    407   499   452  0     4068   4500
 9039    709   660   711  0     4069   4165
 9040    784   711   660  0     4069   4144
 9041    669   729   807  0     4070   4161
 9042    666   617   667  0     4071   4118
 9043    641   756   650  0     4072   4283
 9044    650   711   641  0     4072   4121
 9045    448   531   477  1     4073     -1
 9046    448   521   531  0     4073   4184
 9047    477   521   448  0     4073   4140
 9048    669   662   641  0     4074   4278
 9049    669   621   662  0     4074   4248
 9050    718   666   765  0     4075   4154
 9051    765   795   718  0     4075   4133
 9052    829   925   814  0     4076   4086
 9053    829   981   925  0     4076   4078
 9054    814   925   981  1     4076     -1
 9055    815   991   766  1     4077     -1
 9056    814   991   815  0     4077   4085
 9057    814   766   991  1     4077     -1
 9058    935   925   829  0     4078   4081
 9059    935   981   925  1     4078     -1
 9060    519   621   563  0     4079   4163
 9061    365   499   286  0     4080   4535
 9062    365   512   499  0     4080   4268
 9063    286   512   365  0     4080   4097
 9064    286   499   512  1     4080     -1
 9065    956   935   925  1     4081     -1
 9066    829   935   956  0     4081   4089
 9067    718   669   601  0     4082   4164
 9068    718   637   669  0     4082   4148
 9069    601   669   637  0     4082   4182
 9070    754   816   711  0     4084   4295
 9071    711   756   754  0     4084   4255
 9072    711   816   756  0     4084   4286
 9073    814   991   829  0     4085   4086
 9074    814   991   925  1     4086     -1
 9075    933   876   924  0     4087   4221
 9076    924   876   816  0     4087   4219
 9077    839   935   854  0     4088   4310
 9078    829   854   935  0     4088   4089
 9079    956   854   935  0     4089   4275
 9080    722   666   655  0     4090   4091
 9081    725   816   784  0     4092   4287
 9082    725   752   816  0     4092   4373
 9083    784   816   752  0     4092   4327
 9084    559   536   603  0     4093   4098
 9085    559   516   536  0     4093   4136
 9086    710   666   740  0     4094   4096
 9087    716   666   728  0     4095   4125
 9088    728   710   716  1     4095     -1
 9089    728   666   710  0     4095   4096
 9090    728   666   740  0     4096   4125
 9091    286   512   372  1     4097     -1
 9092    559   527   603  0     4098   4127
 9093    559   536   527  0     4098   4136
 9094    439   527   526  0     4099   4106
 9095    456   527   439  0     4099   4126
 9096    456   526   527  0     4099   4132
 9097    603   667   638  1     4100     -1
 9098    603   666   667  0     4100   4118
 9099    718   731   637  0     4101   4148
 9100    807   731   718  0     4101   4134
 9101    807   637   731  0     4101   4146
 9102    617   456   527  0     4102   4132
 9103    603   456   617  1     4102     -1
 9104    603   527   456  0     4102   4127
 9105    795   829   718  0     4103   4105
 9106    814   718   829  0     4103   4114
 9107    716   707   814  1     4104     -1
 9108    815   718   795  0     4105   4149
 9109    815   829   718  0     4105   4116
 9110    795   829   815  0     4105   4159
 9111    477   527   526  0     4106   4119
 9112    439   527   477  0     4106   4138
 9113    718   601   527  0     4107   4164
 9114    722   711   744  0     4108   4147
 9115    744   711   660  0     4108   4165
 9116    463   521   427  0     4109   4141
 9117    593   615   531  1     4110     -1
 9118    621   615   593  0     4110   4189
 9119    883   866   915  0     4111   4328
 9120    819   723   777  0     4112   4848
 9121    796   723   819  0     4112   4400
 9122    796   777   723  0     4112   4775
 9123    511   563   474  0     4113   4211
 9124    511   519   563  0     4113   4168
 9125    829   766   718  0     4114   4116
 9126    815   766   739  1     4115     -1
 9127    815   718   766  0     4115   4116
 9128    617   667   603  1     4118     -1
 9129    601   526   477  1     4119     -1
 9130    420   516   519  0     4120   4130
 9131    660   711   641  0     4121   4262
 9132    527   536   718  0     4122   4194
 9133    718   536   666  0     4122   4169
 9134    593   585   641  0     4123   4345
 9135    593   540   585  0     4123   4162
 9136    641   540   593  0     4123   4213
 9137    641   585   540  0     4123   4217
 9138    739   707   648  1     4124     -1
 9139    456   559   527  0     4127   4129
 9140    603   559   456  1     4127     -1
 9141    843   933   977  0     4128   4309
 9142    977   816   843  0     4128   4296
 9143    516   527   456  0     4129   4131
 9144    516   559   527  0     4129   4136
 9145    516   527   536  0     4131   4136
 9146    456   526   617  1     4132     -1
 9147    718   731   795  0     4133   4149
 9148    718   765   731  0     4133   4154
 9149    718   815   731  0     4134   4149
 9150    807   731   815  0     4134   4158
 9151    601   648   526  1     4135     -1
 9152    617   526   648  1     4135     -1
 9153    438   521   439  0     4137   4139
 9154    439   521   527  0     4137   4138
 9155    439   521   477  0     4138   4139
 9156    438   521   477  0     4139   4140
 9157    438   521   448  0     4140   4142
 9158    463   521   448  0     4141   4184
 9159    448   521   427  0     4141   4142
 9160    754   711   784  0     4143   4295
 9161    784   765   754  0     4143   4273
 9162    784   711   765  0     4143   4173
 9163    784   711   725  0     4144   4287
 9164    725   711   660  0     4144   4260
 9165    976   836   949  0     4145   4306
 9166    976   876   836  0     4145   4321
 9167    949   836   876  0     4145   4317
 9168    637   669   807  0     4146   4161
 9169    637   731   669  0     4146   4148
 9170    765   711   744  0     4147   4173
 9171    765   722   711  0     4147   4174
 9172    731   669   718  0     4148   4204
 9173    815   731   795  0     4149   4159
 9174    795   731   829  0     4150   4159
 9175    829   731   839  0     4150   4151
 9176    839   807   731  0     4151   4155
 9177    829   731   807  0     4151   4158
 9178    967   843   863  0     4152   4289
 9179    863   843   982  0     4152   4156
 9180    641   629   593  0     4153   4345
 9181    593   629   684  1     4153     -1
 9182    718   666   731  0     4154   4203
 9183    765   731   666  0     4154   4206
 9184    807   771   839  0     4155   4256
 9185    982   839   843  0     4156   4313
 9186    863   843   839  0     4156   4290
 9187    725   569   606  0     4157   4576
 9188    829   731   815  0     4158   4159
 9189    540   533   585  0     4160   4162
 9190    452   585   533  0     4160   4223
 9191    637   729   807  1     4161     -1
 9192    621   563   650  0     4163   4214
 9193    650   563   519  0     4163   4168
 9194    601   527   669  0     4164   4171
 9195    718   669   527  0     4164   4172
 9196    669   662   593  0     4166   4248
 9197    593   615   669  0     4166   4189
 9198    593   662   615  1     4166     -1
 9199    718   621   666  0     4169   4203
 9200    718   536   621  0     4169   4194
 9201    666   621   536  0     4169   4175
 9202    601   621   527  0     4170   4171
 9203    527   669   621  0     4171   4172
 9204    718   621   527  0     4172   4194
 9205    718   669   621  0     4172   4204
 9206    722   650   765  0     4174   4178
 9207    601   615   669  0     4176   4182
 9208    740   650   722  0     4177   4178
 9209    740   666   650  0     4177   4179
 9210    740   650   765  0     4178   4179
 9211    765   666   650  0     4179   4207
 9212    511   501   650  0     4180   4181
 9213    655   650   501  0     4180   4191
 9214    501   650   660  0     4181   4192
 9215    660   511   501  0     4181   4238
 9216    601   615   637  1     4182     -1
 9217    664   505   606  0     4183   4198
 9218    606   545   664  0     4183   4253
 9219    606   505   545  0     4183   4466
 9220    463   531   448  0     4184   4212
 9221    463   521   531  0     4184   4188
 9222    452   510   407  0     4185   4236
 9223    407   585   452  0     4185   4229
 9224    594   569   641  0     4186   4577
 9225    594   585   569  0     4186   4514
 9226    641   585   594  0     4186   4540
 9227    641   569   585  0     4186   4217
 9228    593   621   669  0     4189   4248
 9229    585   499   407  0     4190   4604
 9230    585   542   499  0     4190   4603
 9231    407   542   585  0     4190   4229
 9232    567   650   501  0     4191   4192
 9233    567   655   650  0     4191   4193
 9234    567   650   660  0     4192   4193
 9235    483   505   414  0     4195   4216
 9236    452   510   482  0     4196   4235
 9237    452   376   510  0     4196   4236
 9238    450   474   540  0     4197   4210
 9239    610   505   606  0     4198   4466
 9240    606   664   610  0     4198   4458
 9241    540   569   660  0     4199   4208
 9242    660   569   563  0     4199   4224
 9243    754   621   669  0     4200   4201
 9244    754   650   621  0     4200   4202
 9245    669   621   650  0     4200   4284
 9246    669   731   621  0     4201   4204
 9247    754   621   731  0     4201   4202
 9248    731   650   621  0     4202   4205
 9249    666   731   621  0     4203   4206
 9250    718   621   731  0     4203   4204
 9251    765   621   731  0     4205   4206
 9252    765   650   621  0     4205   4207
 9253    765   621   666  0     4206   4207
 9254    540   569   641  0     4208   4217
 9255    660   510   569  0     4209   4224
 9256    501   510   660  0     4209   4238
 9257    450   511   540  0     4210   4243
 9258    474   540   511  0     4210   4211
 9259    511   563   540  0     4211   4250
 9260    410   531   448  1     4212     -1
 9261    641   540   621  0     4213   4215
 9262    621   540   650  0     4214   4215
 9263    641   650   621  0     4215   4283
 9264    501   510   482  0     4218   4247
 9265    501   462   510  0     4218   4240
 9266    482   510   462  0     4218   4235
 9267    924   836   816  0     4219   4379
 9268    924   876   836  0     4219   4317
 9269    816   836   876  0     4219   4355
 9270    547   532   557  0     4220   4325
 9271    547   620   532  0     4220   4687
 9272    557   532   620  0     4220   4375
 9273    949   876   924  0     4221   4317
 9274    924   933   949  1     4221     -1
 9275    452   499   365  0     4222   4500
 9276    452   585   542  0     4223   4229
 9277    660   510   563  0     4224   4249
 9278    495   541   503  0     4225   4442
 9279    495   476   541  0     4225   4485
 9280    503   541   476  0     4225   4558
 9281    602   688   675  0     4226   4828
 9282    649   675   688  0     4226   4746
 9283    542   616   593  1     4227     -1
 9284    593   616   585  0     4227   4559
 9285    465   627   628  0     4228   4660
 9286    694   560   608  0     4230   4541
 9287    694   588   560  1     4230     -1
 9288    844   730   786  0     4231   4335
 9289    844   837   730  0     4231   4556
 9290    786   837   844  0     4231   4320
 9291    786   730   837  0     4231   4563
 9292    664   693   606  0     4232   4432
 9293    664   752   693  0     4232   4547
 9294    606   752   664  0     4232   4458
 9295    606   693   752  0     4232   4569
 9296    700   693   752  0     4233   4547
 9297    752   797   700  0     4233   4523
 9298    752   693   797  0     4233   4574
 9299    693   642   614  0     4234   4372
 9300    614   730   693  0     4234   4546
 9301    452   510   462  0     4235   4239
 9302    407   376   510  0     4236   4237
 9303    432   510   407  0     4237   4505
 9304    511   510   660  0     4238   4249
 9305    511   501   510  0     4238   4241
 9306    452   510   450  0     4239   4242
 9307    450   510   462  0     4239   4240
 9308    450   510   501  0     4240   4241
 9309    450   510   511  0     4241   4243
 9310    450   540   510  0     4242   4243
 9311    511   540   510  0     4243   4250
 9312    837   828   804  0     4244   4314
 9313    804   851   837  0     4244   4301
 9314    836   693   727  0     4245   4570
 9315    836   774   693  0     4245   4520
 9316    727   774   836  0     4245   4365
 9317    727   693   774  0     4245   4539
 9318    686   723   804  0     4246   4647
 9319    686   750   723  0     4246   4637
 9320    804   750   686  0     4246   4405
 9321    804   723   750  0     4246   4631
 9322    511   510   563  0     4249   4250
 9323    639   627   505  0     4251   4414
 9324    600   647   551  0     4252   4748
 9325    600   607   647  0     4252   4764
 9326    551   647   607  0     4252   4674
 9327    545   642   606  0     4253   4493
 9328    545   664   642  0     4253   4370
 9329    606   642   664  0     4253   4432
 9330    808   758   789  0     4254   4403
 9331    789   758   892  0     4254   4421
 9332    867   876   976  0     4257   4265
 9333    922   876   867  0     4257   4300
 9334    977   843   880  0     4258   4296
 9335    977   967   843  0     4258   4308
 9336    880   843   967  0     4258   4289
 9337    753   777   794  0     4259   4302
 9338    794   777   737  1     4259     -1
 9339    711   660   727  0     4260   4262
 9340    725   727   660  0     4260   4261
 9341    641   727   660  0     4261   4262
 9342    577   627   468  0     4263   4707
 9343    577   583   627  0     4263   4439
 9344    691   749   627  0     4264   4512
 9345    657   627   749  0     4264   4459
 9346    976   810   876  0     4265   4321
 9347    976   867   810  0     4265   4348
 9348    723   777   602  0     4266   4847
 9349    723   681   777  0     4266   4307
 9350    602   681   723  0     4266   4668
 9351    735   769   758  0     4267   4404
 9352    706   758   769  0     4267   4399
 9353    533   512   499  1     4268     -1
 9354    816   810   727  0     4269   4364
 9355    816   876   810  0     4269   4355
 9356    727   810   876  0     4269   4344
 9357    970   915   901  1     4270     -1
 9358    970   870   915  0     4270   4369
 9359    924   960   861  0     4271   4334
 9360    949   960   924  1     4271     -1
 9361    949   861   960  0     4271   4285
 9362    839   843   754  0     4272   4274
 9363    784   843   754  0     4273   4294
 9364    784   765   843  0     4273   4291
 9365    754   843   765  0     4273   4274
 9366    765   839   843  0     4274   4290
 9367    956   922   935  1     4275     -1
 9368    935   922   854  0     4275   4310
 9369    727   876   805  0     4276   4344
 9370    669   662   756  0     4278   4279
 9371    879   749   830  0     4280   4783
 9372    879   856   749  0     4280   4792
 9373    830   856   879  0     4280   4316
 9374    977   784   816  0     4281   4298
 9375    924   816   784  0     4281   4380
 9376    729   756   805  0     4282   4292
 9377    650   621   756  0     4283   4284
 9378    861   850   949  0     4285   4450
 9379    949   850   960  0     4285   4411
 9380    784   711   816  0     4287   4295
 9381    880   843   784  0     4288   4297
 9382    880   863   843  0     4288   4289
 9383    784   843   863  0     4288   4291
 9384    863   843   765  0     4290   4291
 9385    757   805   729  1     4292     -1
 9386    836   861   816  0     4293   4379
 9387    836   752   861  0     4293   4481
 9388    816   752   836  0     4293   4373
 9389    816   861   752  0     4293   4327
 9390    784   816   754  0     4294   4295
 9391    784   843   816  0     4294   4297
 9392    977   816   880  0     4296   4298
 9393    880   816   843  0     4296   4297
 9394    880   816   784  0     4297   4298
 9395    727   629   757  0     4299   4339
 9396    757   696   727  0     4299   4518
 9397    757   629   696  1     4299     -1
 9398    686   837   804  0     4301   4314
 9399    686   851   837  0     4301   4580
 9400    804   851   686  0     4301   4647
 9401    753   796   794  0     4302   4665
 9402    854   876   771  0     4303   4304
 9403    949   828   836  0     4306   4443
 9404    976   828   949  0     4306   4342
 9405    681   692   723  0     4307   4668
 9406    681   777   692  1     4307     -1
 9407    967   922   977  1     4308     -1
 9408    977   922   843  0     4308   4309
 9409    977   922   933  1     4309     -1
 9410    935   922   839  0     4310   4311
 9411    839   922   854  0     4310   4312
 9412    839   982   922  0     4311   4313
 9413    935   922   982  1     4311     -1
 9414    843   839   922  0     4312   4313
 9415    686   828   804  0     4314   4319
 9416    686   837   828  0     4314   4590
 9417    856   828   850  0     4315   4445
 9418    879   838   856  0     4316   4392
 9419    850   797   861  0     4318   4444
 9420    850   836   797  0     4318   4448
 9421    861   836   850  0     4318   4450
 9422    861   797   836  0     4318   4481
 9423    828   774   686  0     4319   4589
 9424    686   774   804  0     4319   4405
 9425    786   837   851  0     4320   4515
 9426    810   876   836  0     4321   4355
 9427    686   700   657  0     4322   4584
 9428    686   750   700  0     4322   4522
 9429    657   700   750  0     4322   4527
 9430    413   499   455  0     4323   4557
 9431    413   381   499  0     4323   4611
 9432    455   499   381  0     4323   4366
 9433    602   595   547  0     4324   4596
 9434    602   503   595  0     4324   4470
 9435    547   503   602  0     4324   4651
 9436    547   595   503  0     4324   4627
 9437    557   517   532  0     4325   4375
 9438    547   517   557  0     4325   4469
 9439    547   532   517  0     4325   4683
 9440    825   753   770  1     4326     -1
 9441    825   796   753  0     4326   4768
 9442    816   861   784  0     4327   4380
 9443    915   879   866  0     4328   4825
 9444    915   883   879  0     4328   4361
 9445    664   545   628  0     4329   4519
 9446    960   915   945  1     4330     -1
 9447    851   973   940  0     4331   4742
 9448    851   884   973  0     4331   4834
 9449    940   884   851  0     4331   4340
 9450    893   990   963  1     4332     -1
 9451    893   973   990  0     4332   4461
 9452    963   973   893  0     4332   4810
 9453    963   990   973  1     4332     -1
 9454    808   639   758  0     4333   4403
 9455    918   861   924  0     4334   4378
 9456    924   960   918  1     4334     -1
 9457    844   694   786  1     4335     -1
 9458    627   720   675  0     4336   4696
 9459    628   675   720  0     4336   4749
 9460    870   833   745  0     4337   4413
 9461    808   833   870  0     4337   4434
 9462    976   810   837  0     4338   4348
 9463    837   810   828  0     4338   4346
 9464    684   629   757  1     4339     -1
 9465    851   940   828  0     4340   4343
 9466    804   750   799  0     4341   4412
 9467    976   940   949  1     4342     -1
 9468    976   828   940  0     4342   4343
 9469    976   851   940  0     4343   4751
 9470    727   810   805  0     4344   4349
 9471    593   585   629  0     4345   4559
 9472    641   629   585  0     4345   4357
 9473    774   810   828  0     4346   4356
 9474    828   837   774  0     4346   4588
 9475    867   757   810  0     4347   4532
 9476    805   757   867  1     4347     -1
 9477    805   810   757  0     4347   4349
 9478    727   810   757  0     4349   4518
 9479    384   495   503  0     4350   4593
 9480    480   476   495  0     4351   4485
 9481    446   476   480  0     4351   4650
 9482    856   768   819  0     4352   4460
 9483    889   768   856  0     4352   4791
 9484    889   819   768  0     4352   4846
 9485    979   856   884  0     4353   4455
 9486    884   879   979  0     4353   4386
 9487    774   836   797  0     4354   4520
 9488    828   836   774  0     4354   4356
 9489    828   797   836  0     4354   4448
 9490    810   816   836  0     4355   4364
 9491    810   836   774  0     4356   4365
 9492    585   614   629  0     4357   4554
 9493    641   614   585  0     4357   4540
 9494    641   629   614  0     4357   4363
 9495    608   629   616  0     4358   4553
 9496    608   614   629  0     4358   4531
 9497    616   629   614  0     4358   4554
 9498    642   680   657  0     4359   4583
 9499    642   628   680  0     4359   4598
 9500    657   628   642  0     4359   4549
 9501    657   680   628  0     4359   4543
 9502    774   680   642  0     4360   4585
 9503    979   879   915  0     4361   4820
 9504    482   510   545  0     4362   4495
 9505    432   545   510  0     4362   4505
 9506    816   836   727  0     4364   4371
 9507    727   836   810  0     4364   4365
 9508    365   499   381  0     4366   4534
 9509    365   455   499  0     4366   4538
 9510    825   984   889  0     4367   4644
 9511    825   852   984  1     4367     -1
 9512    889   984   852  0     4367   4774
 9513    723   737   753  0     4368   4568
 9514    602   737   723  0     4368   4847
 9515    602   753   737  0     4368   4830
 9516    870   916   970  0     4369   4402
 9517    870   915   916  0     4369   4385
 9518    970   916   915  1     4369     -1
 9519    657   545   664  0     4370   4519
 9520    657   642   545  0     4370   4549
 9521    725   836   727  0     4371   4570
 9522    725   816   836  0     4371   4373
 9523    693   642   641  0     4372   4374
 9524    752   836   725  0     4373   4571
 9525    594   693   642  0     4374   4524
 9526    641   693   594  0     4374   4577
 9527    620   517   532  0     4375   4463
 9528    557   517   620  1     4375     -1
 9529    916   870   833  0     4376   4430
 9530    866   870   916  0     4376   4385
 9531    866   833   870  0     4376   4413
 9532    892   861   939  0     4377   4384
 9533    939   861   918  0     4377   4378
 9534    939   924   918  1     4378     -1
 9535    939   861   924  0     4378   4383
 9536    924   861   816  0     4379   4380
 9537    924   861   784  0     4380   4381
 9538    924   861   880  0     4381   4383
 9539    880   861   784  0     4381   4382
 9540    939   861   880  0     4383   4384
 9541    979   889   879  0     4386   4787
 9542    864   866   813  0     4387   4813
 9543    983   916   970  1     4389     -1
 9544    970   916   892  0     4389   4402
 9545    720   755   677  0     4390   4769
 9546    720   647   755  0     4390   4436
 9547    677   647   720  0     4390   4725
 9548    677   755   647  0     4390   4708
 9549    752   797   861  0     4391   4481
 9550    752   799   797  0     4391   4523
 9551    861   799   752  0     4391   4408
 9552    861   797   799  0     4391   4444
 9553    883   838   856  0     4392   4441
 9554    720   822   830  0     4393   4757
 9555    720   745   822  0     4393   4771
 9556    830   822   745  0     4393   4777
 9557    627   720   691  0     4394   4512
 9558    627   677   720  0     4394   4579
 9559    691   677   627  0     4394   4506
 9560    746   745   813  0     4395   4435
 9561    813   866   746  0     4395   4743
 9562    465   541   627  0     4397   4660
 9563    465   561   541  0     4397   4467
 9564    627   561   465  0     4397   4714
 9565    627   541   561  0     4397   4578
 9566    610   758   639  0     4398   4406
 9567    610   691   758  0     4398   4501
 9568    769   610   758  0     4399   4502
 9569    796   768   819  0     4400   4846
 9570    723   768   796  0     4400   4838
 9571    723   819   768  0     4400   4460
 9572    852   930   889  0     4401   4774
 9573    889   853   852  0     4401   4796
 9574    892   870   916  0     4402   4430
 9575    639   758   789  0     4403   4422
 9576    783   758   735  0     4404   4419
 9577    774   750   686  0     4405   4522
 9578    610   758   611  0     4406   4417
 9579    611   758   639  0     4406   4422
 9580    866   745   833  0     4407   4413
 9581    861   799   769  0     4408   4479
 9582    395   545   437  0     4409   4510
 9583    395   407   545  0     4409   4504
 9584    437   545   407  0     4409   4521
 9585    960   979   850  0     4411   4475
 9586    949   979   960  1     4411     -1
 9587    949   850   979  0     4411   4473
 9588    749   799   804  0     4412   4480
 9589    749   750   799  0     4412   4525
 9590    804   750   749  0     4412   4631
 9591    610   558   758  0     4415   4417
 9592    735   758   558  0     4415   4416
 9593    735   758   611  0     4416   4418
 9594    611   758   558  0     4416   4417
 9595    735   758   713  0     4418   4424
 9596    713   758   611  0     4418   4427
 9597    764   758   735  0     4419   4424
 9598    764   783   758  0     4419   4420
 9599    892   758   764  0     4420   4421
 9600    789   758   764  0     4421   4423
 9601    611   758   789  0     4422   4426
 9602    789   758   713  0     4423   4425
 9603    713   758   764  0     4423   4424
 9604    713   705   758  0     4425   4427
 9605    789   758   705  0     4425   4426
 9606    705   611   758  0     4426   4427
 9607    746   677   624  0     4428   4496
 9608    746   644   677  0     4428   4507
 9609    624   677   644  0     4428   4508
 9610    675   768   723  0     4429   4767
 9611    675   720   768  0     4429   4639
 9612    723   720   675  0     4429   4750
 9613    723   768   720  0     4429   4629
 9614    870   833   892  0     4430   4434
 9615    892   833   916  0     4430   4431
 9616    892   833   846  0     4431   4433
 9617    892   833   808  0     4433   4434
 9618    647   755   675  0     4436   4842
 9619    675   720   647  0     4436   4752
 9620    675   755   720  0     4436   4639
 9621    665   726   755  0     4437   4729
 9622    719   726   665  1     4437     -1
 9623    719   755   726  0     4437   4794
 9624    949   940   884  0     4438   4456
 9625    583   677   577  0     4439   4486
 9626    583   627   677  0     4439   4506
 9627    577   677   627  0     4439   4678
 9628    606   545   482  0     4440   4483
 9629    606   569   545  0     4440   4493
 9630    482   545   569  0     4440   4495
 9631    850   838   856  0     4441   4465
 9632    850   883   838  0     4441   4471
 9633    856   883   850  0     4441   4474
 9634    547   541   503  0     4442   4651
 9635    503   495   547  0     4442   4593
 9636    828   836   850  0     4443   4448
 9637    949   850   836  0     4443   4450
 9638    850   799   861  0     4444   4478
 9639    828   850   804  0     4445   4468
 9640    804   850   856  0     4445   4465
 9641    833   838   846  0     4446   4489
 9642    833   883   838  0     4446   4453
 9643    846   838   883  0     4446   4447
 9644    846   838   861  0     4447   4464
 9645    861   838   883  0     4447   4471
 9646    850   828   797  0     4448   4468
 9647    691   799   769  0     4449   4498
 9648    691   758   799  0     4449   4488
 9649    769   758   691  0     4449   4503
 9650    769   799   758  0     4449   4484
 9651    833   838   830  0     4451   4453
 9652    830   749   833  0     4451   4509
 9653    856   838   804  0     4452   4465
 9654    804   749   856  0     4452   4622
 9655    804   838   749  0     4452   4480
 9656    949   856   940  0     4454   4456
 9657    949   979   856  0     4454   4473
 9658    940   979   949  1     4454     -1
 9659    940   856   979  0     4454   4455
 9660    940   856   884  0     4455   4456
 9661    749   799   691  0     4457   4529
 9662    749   838   799  0     4457   4480
 9663    691   799   838  0     4457   4487
 9664    752   664   610  0     4458   4477
 9665    723   819   856  0     4460   4741
 9666    856   768   723  0     4460   4781
 9667    973   990   984  1     4461     -1
 9668    984   990   893  1     4461     -1
 9669    582   541   480  0     4462   4649
 9670    582   561   541  0     4462   4646
 9671    480   561   582  0     4462   4720
 9672    480   541   561  0     4462   4658
 9673    517   532   609  1     4463     -1
 9674    609   620   517  1     4463     -1
 9675    838   799   846  0     4464   4489
 9676    838   861   799  0     4464   4478
 9677    846   799   861  0     4464   4479
 9678    610   545   606  0     4466   4483
 9679    453   541   465  0     4467   4656
 9680    453   561   541  0     4467   4658
 9681    465   561   453  0     4467   4715
 9682    557   461   517  1     4469     -1
 9683    547   517   461  0     4469   4683
 9684    595   541   503  0     4470   4661
 9685    503   541   602  0     4470   4651
 9686    861   838   850  0     4471   4478
 9687    745   639   677  0     4472   4494
 9688    746   677   639  0     4472   4507
 9689    979   856   850  0     4473   4474
 9690    883   850   979  0     4474   4475
 9691    610   769   664  0     4477   4502
 9692    752   664   769  0     4477   4528
 9693    846   799   769  0     4479   4484
 9694    752   797   836  0     4481   4574
 9695    437   545   465  0     4482   4510
 9696    437   628   545  0     4482   4606
 9697    758   846   799  0     4484   4490
 9698    476   541   480  0     4485   4650
 9699    480   541   495  0     4485   4649
 9700    644   677   577  0     4486   4508
 9701    691   799   833  0     4487   4488
 9702    833   799   838  0     4487   4489
 9703    833   758   799  0     4488   4490
 9704    833   799   846  0     4489   4490
 9705    583   677   691  0     4491   4506
 9706    691   677   639  0     4491   4494
 9707    588   696   616  1     4492     -1
 9708    616   608   588  0     4492   4526
 9709    616   696   608  0     4492   4553
 9710    545   642   569  0     4493   4536
 9711    712   677   624  0     4496   4499
 9712    561   530   647  0     4497   4762
 9713    551   530   561  0     4497   4736
 9714    551   647   530  0     4497   4748
 9715    691   664   769  0     4498   4503
 9716    691   799   664  0     4498   4530
 9717    577   677   624  0     4499   4508
 9718    577   712   677  0     4499   4680
 9719    407   499   365  0     4500   4534
 9720    691   758   664  0     4501   4503
 9721    610   664   758  0     4501   4502
 9722    758   769   664  0     4502   4503
 9723    432   407   545  0     4504   4505
 9724    749   720   830  0     4509   4782
 9725    749   833   720  0     4509   4511
 9726    833   720   691  0     4511   4513
 9727    691   720   749  0     4511   4512
 9728    585   545   594  0     4514   4615
 9729    594   545   569  0     4514   4536
 9730    837   680   786  0     4515   4563
 9731    837   851   680  0     4515   4580
 9732    786   680   851  0     4515   4662
 9733    849   893   794  1     4516     -1
 9734    849   973   893  0     4516   4856
 9735    794   973   849  0     4516   4854
 9736    794   893   973  0     4516   4810
 9737    437   528   628  0     4517   4606
 9738    757   696   810  0     4518   4532
 9739    657   545   628  0     4519   4549
 9740    797   693   836  0     4520   4574
 9741    437   528   407  0     4521   4597
 9742    437   545   528  0     4521   4606
 9743    407   528   545  0     4521   4614
 9744    569   642   594  0     4524   4536
 9745    594   693   569  0     4524   4577
 9746    799   749   700  0     4525   4529
 9747    750   700   749  0     4525   4527
 9748    542   608   588  0     4526   4555
 9749    588   616   542  1     4526     -1
 9750    752   664   700  0     4528   4547
 9751    691   700   799  0     4529   4530
 9752    696   629   608  0     4531   4553
 9753    757   696   867  1     4532     -1
 9754    768   755   823  0     4533   4721
 9755    702   755   768  0     4533   4726
 9756    381   407   499  0     4534   4613
 9757    365   499   273  0     4535   4538
 9758    273   499   286  1     4535     -1
 9759    582   675   547  0     4537   4645
 9760    582   495   675  0     4537   4695
 9761    547   495   582  0     4537   4681
 9762    273   455   499  1     4538     -1
 9763    727   693   730  0     4539   4546
 9764    594   614   585  0     4540   4610
 9765    592   694   560  1     4541     -1
 9766    727   730   614  0     4542   4546
 9767    657   680   686  0     4543   4584
 9768    686   680   628  0     4543   4617
 9769    608   595   680  0     4544   4581
 9770    680   528   608  0     4544   4599
 9771    683   823   702  0     4545   4765
 9772    683   760   823  1     4545     -1
 9773    702   823   760  0     4545   4800
 9774    608   528   499  0     4548   4602
 9775    499   588   608  0     4548   4555
 9776    545   628   642  0     4549   4605
 9777    413   560   326  0     4550   4625
 9778    326   560   455  1     4550     -1
 9779    557   589   595  0     4552   4630
 9780    557   602   589  0     4552   4633
 9781    595   602   557  0     4552   4596
 9782    616   696   629  1     4553     -1
 9783    616   629   585  0     4554   4559
 9784    542   499   588  1     4555     -1
 9785    542   608   499  0     4555   4602
 9786    413   499   528  0     4557   4611
 9787    628   541   476  0     4558   4619
 9788    628   503   541  0     4558   4592
 9789    616   629   593  1     4559     -1
 9790    326   556   384  0     4560   4591
 9791    326   307   556  1     4560     -1
 9792    384   556   307  0     4560   4564
 9793    426   518   408  1     4561     -1
 9794    614   608   585  0     4562   4600
 9795    585   608   542  0     4562   4601
 9796    556   307   557  1     4564     -1
 9797    384   557   307  0     4564   4620
 9798    930   984   951  1     4565     -1
 9799    951   853   930  0     4565   4816
 9800    951   984   853  1     4565     -1
 9801    702   551   661  0     4566   4664
 9802    661   551   624  0     4566   4700
 9803    737   796   723  0     4568   4775
 9804    723   796   753  0     4568   4758
 9805    606   693   725  0     4569   4576
 9806    725   693   752  0     4569   4571
 9807    725   836   693  0     4570   4571
 9808    752   836   693  0     4571   4574
 9809    437   373   503  0     4572   4582
 9810    680   503   628  0     4573   4617
 9811    628   528   680  0     4573   4598
 9812    641   569   693  0     4575   4577
 9813    725   693   569  0     4575   4576
 9814    627   541   628  0     4578   4660
 9815    677   561   627  0     4579   4678
 9816    677   720   561  0     4579   4725
 9817    627   561   720  0     4579   4696
 9818    851   680   686  0     4580   4653
 9819    686   680   837  0     4580   4590
 9820    680   592   595  0     4581   4623
 9821    642   680   700  0     4583   4586
 9822    700   680   657  0     4583   4584
 9823    774   680   693  0     4585   4587
 9824    693   680   642  0     4585   4586
 9825    693   680   700  0     4586   4587
 9826    837   680   828  0     4588   4590
 9827    828   680   774  0     4588   4589
 9828    828   680   686  0     4589   4590
 9829    326   556   503  0     4591   4626
 9830    686   503   541  0     4592   4661
 9831    628   503   686  0     4592   4617
 9832    819   851   973  0     4595   4834
 9833    819   820   851  0     4595   4849
 9834    407   413   528  0     4597   4612
 9835    628   528   642  0     4598   4605
 9836    642   528   680  0     4598   4599
 9837    642   528   608  0     4599   4608
 9838    608   528   614  0     4600   4608
 9839    608   585   528  0     4600   4601
 9840    614   528   585  0     4600   4610
 9841    585   528   542  0     4601   4603
 9842    542   528   608  0     4601   4602
 9843    542   528   499  0     4602   4603
 9844    585   528   499  0     4603   4604
 9845    499   407   528  0     4604   4613
 9846    585   528   407  0     4604   4614
 9847    642   545   528  0     4605   4607
 9848    628   528   545  0     4605   4606
 9849    545   528   614  0     4607   4609
 9850    614   528   642  0     4607   4608
 9851    545   528   594  0     4609   4615
 9852    594   528   614  0     4609   4610
 9853    594   528   585  0     4610   4615
 9854    381   528   413  0     4611   4612
 9855    381   499   528  0     4611   4613
 9856    381   528   407  0     4612   4613
 9857    545   585   528  0     4614   4615
 9858    677   551   577  0     4618   4680
 9859    577   561   677  0     4618   4678
 9860    465   541   476  0     4619   4656
 9861    465   628   541  0     4619   4660
 9862    461   557   307  1     4620     -1
 9863    963   820   794  1     4621     -1
 9864    963   973   820  0     4621   4670
 9865    794   973   963  0     4621   4810
 9866    749   723   804  0     4622   4631
 9867    749   856   723  0     4622   4781
 9868    804   723   856  0     4622   4741
 9869    413   556   560  0     4624   4625
 9870    413   503   556  0     4624   4626
 9871    560   556   503  0     4624   4628
 9872    560   326   556  1     4625     -1
 9873    413   556   326  0     4625   4626
 9874    595   503   556  0     4627   4628
 9875    723   768   749  0     4629   4781
 9876    749   720   723  0     4629   4750
 9877    749   768   720  0     4629   4782
 9878    557   589   556  1     4630     -1
 9879    750   749   723  0     4631   4637
 9880    592   589   656  1     4632     -1
 9881    656   557   602  0     4633   4636
 9882    656   589   557  1     4633     -1
 9883    681   620   737  1     4634     -1
 9884    602   737   620  0     4634   4830
 9885    889   973   984  0     4635   4669
 9886    889   819   973  0     4635   4652
 9887    984   819   889  0     4635   4644
 9888    984   973   819  0     4635   4766
 9889    656   557   620  1     4636     -1
 9890    844   957   851  0     4638   4780
 9891    844   820   957  1     4638     -1
 9892    720   768   755  0     4639   4769
 9893    675   755   768  0     4639   4767
 9894    595   692   602  0     4640   4642
 9895    602   692   656  0     4640   4641
 9896    656   681   692  1     4641     -1
 9897    602   692   681  0     4641   4668
 9898    680   692   602  0     4642   4667
 9899    582   518   480  0     4643   4672
 9900    582   495   518  0     4643   4682
 9901    480   495   582  0     4643   4649
 9902    825   819   889  0     4644   4730
 9903    825   984   819  0     4644   4766
 9904    547   602   675  0     4645   4676
 9905    582   602   547  0     4645   4689
 9906    561   626   582  0     4646   4720
 9907    561   541   626  0     4646   4756
 9908    582   626   541  0     4646   4737
 9909    804   851   723  0     4647   4648
 9910    686   723   851  0     4647   4653
 9911    884   723   804  0     4648   4803
 9912    884   851   723  0     4648   4799
 9913    582   541   495  0     4649   4695
 9914    446   476   541  0     4650   4694
 9915    547   541   602  0     4651   4676
 9916    884   819   973  0     4652   4834
 9917    851   680   723  0     4653   4662
 9918    686   723   680  0     4653   4654
 9919    680   602   723  0     4654   4667
 9920    497   551   624  0     4655   4701
 9921    497   514   551  0     4655   4709
 9922    624   551   514  0     4655   4700
 9923    453   541   476  0     4656   4694
 9924    600   647   683  0     4657   4764
 9925    600   719   647  0     4657   4739
 9926    683   719   600  1     4657     -1
 9927    453   561   480  0     4658   4719
 9928    889   796   825  0     4659   4730
 9929    889   755   796  0     4659   4839
 9930    786   723   851  0     4662   4827
 9931    786   680   723  0     4662   4666
 9932    571   607   702  0     4663   4705
 9933    571   683   607  1     4663     -1
 9934    702   607   683  0     4663   4763
 9935    514   551   661  0     4664   4700
 9936    514   702   551  0     4664   4704
 9937    753   819   794  0     4665   4853
 9938    753   796   819  0     4665   4768
 9939    680   723   692  0     4666   4667
 9940    692   602   723  0     4667   4668
 9941    984   930   973  1     4669     -1
 9942    889   930   984  0     4669   4774
 9943    889   973   930  0     4669   4724
 9944    957   820   963  1     4670     -1
 9945    963   973   957  1     4670     -1
 9946    480   570   426  0     4671   4727
 9947    480   518   570  0     4671   4672
 9948    426   570   518  1     4671     -1
 9949    582   570   480  0     4672   4702
 9950    582   518   570  1     4672     -1
 9951    551   507   520  0     4673   4734
 9952    514   507   551  0     4673   4709
 9953    514   520   507  0     4673   4718
 9954    551   647   702  0     4674   4693
 9955    702   607   551  0     4674   4704
 9956    702   647   607  0     4674   4763
 9957    746   720   768  0     4675   4786
 9958    677   768   720  0     4675   4769
 9959    541   602   675  0     4676   4697
 9960    675   626   582  0     4677   4737
 9961    582   626   649  1     4677     -1
 9962    577   561   627  0     4678   4707
 9963    570   626   480  0     4679   4702
 9964    570   561   626  0     4679   4738
 9965    480   626   561  0     4679   4720
 9966    547   532   582  0     4681   4689
 9967    547   495   532  0     4681   4684
 9968    582   532   495  0     4681   4682
 9969    495   518   532  0     4682   4685
 9970    582   532   518  1     4682     -1
 9971    547   532   461  0     4683   4684
 9972    461   532   517  1     4683     -1
 9973    461   495   532  0     4684   4691
 9974    408   532   495  0     4685   4690
 9975    408   518   532  1     4685     -1
 9976    620   602   532  0     4686   4687
 9977    649   602   620  0     4686   4831
 9978    649   532   602  0     4686   4688
 9979    602   532   547  0     4687   4689
 9980    582   532   602  0     4688   4689
 9981    582   649   532  1     4688     -1
 9982    408   532   384  0     4690   4692
 9983    384   532   495  0     4690   4691
 9984    384   532   461  0     4691   4692
 9985    408   532   461  1     4692     -1
 9986    551   755   702  0     4693   4740
 9987    551   647   755  0     4693   4708
 9988    541   675   582  0     4695   4737
 9989    720   675   561  0     4696   4752
 9990    890   822   748  0     4698   4779
 9991    418   530   399  1     4699     -1
 9992    582   626   480  0     4702   4720
 9993    582   570   626  1     4702     -1
 9994    514   507   466  0     4703   4706
 9995    514   497   507  0     4703   4709
 9996    466   507   497  0     4703   4713
 9997    661   571   607  0     4705   4716
 9998    418   507   466  0     4706   4712
 9999    418   514   507  0     4706   4718
10000    468   561   627  0     4707   4714
10001    453   551   468  0     4710   4711
10002    468   453   561  0     4711   4715
10003    418   507   453  0     4712   4728
10004    466   507   577  0     4713   4717
10005    468   561   465  0     4714   4715
10006    418   520   507  0     4718   4728
10007    453   507   480  0     4719   4733
10008    480   507   561  0     4719   4735
10009    755   853   768  0     4721   4798
10010    755   823   853  0     4721   4804
10011    607   600   520  1     4722     -1
10012    626   726   647  0     4723   4753
10013    626   665   726  1     4723     -1
10014    647   726   665  0     4723   4729
10015    940   973   930  1     4724     -1
10016    720   561   647  0     4725   4752
10017    702   755   712  0     4726   4740
10018    712   768   702  0     4726   4745
10019    426   530   570  1     4727     -1
10020    453   520   507  0     4728   4732
10021    726   755   647  0     4729   4845
10022    889   796   819  0     4730   4846
10023    825   819   796  0     4730   4768
10024    520   530   551  0     4731   4734
10025    520   600   530  1     4731     -1
10026    551   530   600  0     4731   4748
10027    453   530   507  0     4732   4733
10028    507   530   520  0     4732   4734
10029    507   480   530  0     4733   4735
10030    507   530   551  0     4734   4736
10031    561   530   507  0     4735   4736
10032    541   675   626  0     4737   4756
10033    647   626   570  0     4738   4755
10034    647   561   626  0     4738   4744
10035    570   561   647  0     4738   4762
10036    665   647   600  0     4739   4747
10037    600   719   665  1     4739     -1
10038    723   819   804  0     4741   4803
10039    804   819   856  0     4741   4754
10040    851   957   940  0     4742   4751
10041    940   957   973  1     4742     -1
10042    813   866   822  0     4743   4806
10043    561   675   647  0     4744   4752
10044    561   626   675  0     4744   4756
10045    890   712   768  0     4745   4790
10046    679   688   649  1     4746     -1
10047    679   675   688  0     4746   4835
10048    600   665   613  1     4747     -1
10049    530   600   647  0     4748   4761
10050    749   675   720  0     4749   4750
10051    851   957   976  0     4751   4780
10052    976   957   940  1     4751     -1
10053    679   626   726  1     4753     -1
10054    804   819   884  0     4754   4803
10055    613   626   570  1     4755     -1
10056    830   768   822  0     4757   4772
10057    720   768   830  0     4757   4782
10058    720   822   768  0     4757   4786
10059    723   796   675  0     4758   4837
10060    675   796   753  0     4758   4785
10061    770   755   726  0     4759   4843
10062    726   825   770  1     4759     -1
10063    726   755   825  0     4759   4793
10064    736   753   787  1     4760     -1
10065    736   737   753  0     4760   4829
10066    787   737   736  1     4760     -1
10067    530   570   647  0     4761   4762
10068    600   570   530  1     4761     -1
10069    683   647   607  0     4763   4764
10070    683   600   607  1     4764     -1
10071    683   823   719  1     4765     -1
10072    675   755   723  0     4767   4837
10073    723   755   768  0     4767   4838
10074    914   891   905  0     4770   4789
10075    914   890   891  0     4770   4815
10076    905   891   890  0     4770   4819
10077    745   822   746  0     4771   4777
10078    746   822   720  0     4771   4786
10079    879   822   830  0     4772   4788
10080    879   768   822  0     4772   4778
10081    830   768   879  0     4772   4783
10082    822   768   891  0     4773   4776
10083    890   768   822  0     4773   4790
10084    890   891   768  0     4773   4808
10085    737   777   723  0     4775   4847
10086    768   891   889  0     4776   4807
10087    889   822   768  0     4776   4778
10088    889   891   822  0     4776   4797
10089    889   822   879  0     4778   4797
10090    879   768   889  0     4778   4791
10091    890   822   712  0     4779   4790
10092    856   768   749  0     4781   4792
10093    749   768   830  0     4782   4783
10094    749   768   879  0     4783   4792
10095    746   768   822  0     4784   4786
10096    675   688   753  0     4785   4828
10097    675   796   688  0     4785   4835
10098    879   979   930  0     4787   4820
10099    914   930   905  1     4789     -1
10100    914   891   930  0     4789   4821
10101    905   930   891  0     4789   4819
10102    879   768   856  0     4791   4792
10103    726   852   825  1     4793     -1
10104    726   755   852  0     4793   4794
10105    719   852   726  1     4794     -1
10106    719   755   852  0     4794   4805
10107    755   768   852  0     4795   4798
10108    889   768   755  0     4795   4839
10109    889   852   768  0     4795   4796
10110    852   768   853  0     4796   4798
10111    889   853   768  0     4796   4807
10112    852   755   853  0     4798   4805
10113    723   819   851  0     4799   4827
10114    723   884   819  0     4799   4803
10115    851   819   884  0     4799   4834
10116    760   792   823  0     4800   4801
10117    812   823   760  1     4801     -1
10118    812   792   823  0     4801   4802
10119    877   823   812  1     4802     -1
10120    719   853   755  0     4804   4805
10121    719   823   853  1     4804     -1
10122    719   853   852  1     4805     -1
10123    866   891   813  0     4806   4813
10124    853   768   891  0     4807   4808
10125    890   891   853  0     4808   4818
10126    753   849   787  1     4809     -1
10127    753   794   849  0     4809   4853
10128    787   849   794  1     4809     -1
10129    794   893   963  1     4810     -1
10130    915   891   914  0     4811   4821
10131    915   866   891  0     4811   4826
10132    914   891   866  0     4811   4812
10133    914   891   864  0     4812   4814
10134    864   891   866  0     4812   4813
10135    864   891   813  0     4813   4814
10136    813   914   891  0     4814   4815
10137    877   930   951  0     4816   4817
10138    877   853   930  0     4816   4822
10139    951   853   877  1     4816     -1
10140    951   905   930  1     4817     -1
10141    877   930   905  0     4817   4823
10142    890   930   853  0     4818   4822
10143    890   891   930  0     4818   4819
10144    905   930   890  0     4819   4823
10145    879   915   930  0     4820   4825
10146    979   930   915  1     4820     -1
10147    915   930   914  1     4821     -1
10148    915   891   930  0     4821   4826
10149    890   930   877  0     4822   4823
10150    891   866   930  0     4824   4826
10151    879   930   866  0     4824   4825
10152    915   930   866  0     4825   4826
10153    786   819   851  0     4827   4849
10154    786   723   819  0     4827   4848
10155    736   670   753  1     4829     -1
10156    737   670   736  1     4829     -1
10157    737   753   670  0     4829   4832
10158    737   620   753  0     4830   4832
10159    602   753   620  0     4830   4831
10160    649   753   620  0     4831   4833
10161    620   670   737  1     4832     -1
10162    620   753   670  0     4832   4833
10163    649   753   670  1     4833     -1
10164    675   796   679  0     4835   4841
10165    679   796   688  0     4835   4836
10166    679   770   688  1     4836     -1
10167    679   796   770  0     4836   4840
10168    675   755   796  0     4837   4842
10169    723   796   755  0     4837   4838
10170    755   768   796  0     4838   4839
10171    768   796   889  0     4839   4846
10172    770   647   796  0     4840   4844
10173    679   796   647  0     4840   4841
10174    675   796   647  0     4841   4842
10175    647   755   796  0     4842   4845
10176    755   726   796  0     4843   4845
10177    770   796   726  0     4843   4844
10178    647   796   726  0     4844   4845
10179    786   777   819  0     4848   4850
10180    786   819   820  0     4849   4850
10181    777   820   786  1     4850     -1
10182    777   819   820  0     4850   4851
10183    794   820   777  1     4851     -1
10184    973   849   753  0     4852   4856
10185    973   819   849  0     4852   4854
10186    753   849   819  0     4852   4853
10187    794   849   819  0     4853   4854
10188    825   893   753  1     4855     -1
10189    753   893   973  0     4855   4856
10190    753   893   849  1     4856     -1
# Generated by c:\dev\polylla3D\tetgen\build\tetgen.exe -fzenn c:\dev\polylla3D\data\input\1000random.node 
