4675  4  0
    0     240   386   326   264
    1     459   495   398   390
    2     537   582   635   501
    3     319   365   397   408
    4     592   597   603   486
    5     587   508   576   450
    6     234   210   179   206
    7     759   829   736   678
    8      66   114   143    73
    9     481   537   501   582
   10     504   537   391   426
   11     363   433   410   414
   12     426   504   438   391
   13     145    21   160   186
   14     354   258   340   318
   15     131    61    74    23
   16     125   150   151   161
   17     389   479   363   433
   18     253   282   271   128
   19     244   276   260   183
   20     732   709   679   626
   21     370   305   259   406
   22     414   330   427   339
   23     493   448   529   578
   24     582   440   501   481
   25     398   429   352   367
   26     498   443   471   441
   27     234   137   148   179
   28     123    31    65   111
   29     649   739   613   680
   30     596   748   645   619
   31     410   359   325   418
   32     488   411   499   435
   33     251   297   334   230
   34     614   665   603   576
   35     751   826   768   889
   36     434   487   397   408
   37     190   343   333   252
   38     566   439   542   510
   39     389   479   410   363
   40      18    75    98   140
   41      62   142   145   112
   42     363   235   330   339
   43     867   845   768   889
   44     135   204   212   301
   45     598   597   549   506
   46     841   750   897   848
   47     426   391   382   373
   48     135   133   158     4
   49     582   594   584   655
   50     249   211   160   186
   51     710   686   752   598
   52     294   385   315   250
   53      90   150   210     6
   54     387   311   424   501
   55     671   737   808   732
   56     496   407   461   500
   57     229   117   188    47
   58     517   594   604   655
   59     293   425   416   334
   60     275   199   281   324
   61     537   501   635   542
   62     198   217   278   306
   63     434   408   397   365
   64     437   487   499   411
   65     468   408   416   499
   66     629   739   698   613
   67     562   690   612   607
   68     451   540   497   478
   69     228   125   267   194
   70      53    19    59   138
   71     424   387   454   358
   72     236   159   263   276
   73      11   134    79   109
   74     736   678   703   602
   75     285   189   255   242
   76     420   506   521   473
   77     261   304   394   409
   78     523   464   529   448
   79     465   368   400   358
   80     123   111    65    38
   81     165   189    70   185
   82     224   250   316   309
   83     257   150   223   162
   84      51   130    36    98
   85     156   215   229   166
   86     545   579   671   553
   87     463   397   305   434
   88     305   331   259   406
   89     330   371   414   401
   90     692   705   636   693
   91     592   561   574   597
   92     376   272   254   356
   93     123   181   149    67
   94     669   604   621   594
   95     291   358   400   368
   96     387   311   501   440
   97      57    72    12   199
   98     284   184   259   246
   99     367   204   296   301
  100     580   656   674   587
  101     136   128   171   282
  102     255   288   187   189
  103      28    20   161    80
  104     662   716   664   750
  105     768   751   731   826
  106     465   503   400   368
  107     338   316   354   258
  108     165   287   187   255
  109     478   428   497   451
  110     504   537   426   469
  111     443   427   490   518
  112     419   424   485   403
  113     748   790   753   845
  114     347   377   467   484
  115     333   397   370   458
  116     368   455   432   359
  117     155   194   107    41
  118     240   122   233   141
  119     924  1025   851   846
  120      12   195    27   152
  121     877  1024   925   909
  122     590   560   637   555
  123    1006   976   910   877
  124     383   409   381   497
  125     185   237   255   242
  126     368   455   465   503
  127     570   621   620   633
  128     391   311   373   236
  129      26   121    69   139
  130      55   117   147   134
  131     678   736   591   602
  132     196   243   308   279
  133     655   683   584   582
  134     188   270   291   218
  135     440   428   376   324
  136       2    63   166    29
  137     271   128   213   253
  138     192   319   171   271
  139     391   324   387   311
  140     105    29   214   163
  141     481   440   501   391
  142     118   139   103    69
  143     555   625   637   545
  144     469   537   535   577
  145     403   358   454   474
  146     126   188   198   218
  147     514   515   539   605
  148     515   593   639   554
  149     475   413   484   377
  150     415   508   500   496
  151      34    92   127    64
  152     217   140   146   198
  153     777   834   778   707
  154     472   431   483   357
  155     458   409   292   388
  156     217   198   146   227
  157     387   358   272   356
  158     329   237   255   287
  159     356   358   272   218
  160     379   380   442   287
  161     500   444   461   433
  162     360   339   325   418
  163     672   564   714   614
  164     415   492   500   508
  165     363   479   410   433
  166     377   484   469   467
  167     161   189    70    80
  168     653   694   667   593
  169     251   170   274   178
  170     273   388   262   292
  171     694   593   653   554
  172     410   339   325   359
  173     173   237   172   131
  174     478   540   579   582
  175     394   327   364   304
  176     369   450   514   417
  177     367   375   296   289
  178    1000   968  1024   909
  179     150   125   151    54
  180     140   155   169   107
  181       4   133    59    19
  182     460   407   436   462
  183     278   346   410   339
  184     982   917   985   901
  185     330   242   255   237
  186     264   286   245   355
  187     618   491   536   586
  188      90   187   210   189
  189     208   170   251   158
  190     895   789   827   808
  191     318   338   354   256
  192     124   154    85   193
  193     278   140   174   238
  194     157   134    79   147
  195     466   417   514   515
  196     476   554   519   593
  197     149    67    71    16
  198     778   748   768   845
  199     370   333   246   305
  200     442   422   558   509
  201     354   318   340   430
  202     598   521   520   611
  203      95     6   108   150
  204     145   211   160   148
  205     854   884   904   956
  206     290   252   367   343
  207     204   170   251   208
  208     367   290   296   204
  209     392   417   351   420
  210     254   304   195   281
  211     128   168   136    91
  212     666   683   584   655
  213     218   134   272   147
  214     171    89    44   133
  215     413   331   260   244
  216     691   652   758   658
  217     153   179   148   137
  218     369   460   514   496
  219     100    17   204    52
  220     138    19    59   133
  221     398   232   352   279
  222     645   720   591   658
  223     437   487   507   499
  224     259   305   192   271
  225     489   509   589   505
  226     401   371   341   285
  227     856   854   872   938
  228     338   256   351   249
  229     148   112   115    21
  230     329   264   380   355
  231     327   304   394   261
  232     431   507   333   458
  233     272   324   254   199
  234     395   300   312   266
  235     778   748   835   736
  236     795   707   778   834
  237     508   388   450   415
  238     250   124   145   193
  239     592   459   523   493
  240     798   743   833   817
  241     559   455   522   410
  242     442   401   341   329
  243     189   242   161   185
  244     300   287   187   239
  245     493   561   486   446
  246     259   184   192   305
  247     142    45   148   112
  248     204    17   170    52
  249     352   301   317   232
  250     436   423   395   491
  251     289   204   296   290
  252     153    48   148    45
  253     142   153   148    45
  254     506   449   399   385
  255     148   137    78    48
  256     288   341   187   300
  257     167   104    25   131
  258     329   237   287   226
  259     598   477   520   506
  260     457   411   488   335
  261     370   513   555   458
  262     681   702   664   750
  263     137   150    15   108
  264     164    64   196   132
  265     210   288   303   257
  266     534   471   562   607
  267     210   137   303   234
  268     137   210   179   234
  269     442   287   341   436
  270     303   344   369   417
  271     369   460   466   417
  272      93   180   179   137
  273     401   462   341   407
  274     616   615   530   556
  275     571   482   617   538
  276     357   388   472   292
  277     351   417   318   420
  278      64    76   160   177
  279     241   346   278   295
  280     255   189   187   165
  281      13     6   137    48
  282     285   371   407   327
  283      40   186   127    92
  284     160    92   127   186
  285     829   797   830   877
  286     404   441   471   443
  287     470   471   562   534
  288     401   371   414   461
  289     625   632   731   717
  290     212   243   308   196
  291     250   256   249   186
  292     338   249   351   337
  293     312   318   340   234
  294    1028   800   932   863
  295     161   185    84    80
  296     401   461   414   509
  297     717   824   731   763
  298     228   327   268   285
  299     420   515   521   506
  300     521   515   639   629
  301     493   561   592   597
  302     752   598   661   648
  303     844   856   938   854
  304     763   706   764   840
  305     289   290   296   367
  306    1009   882   930   864
  307     605   564   552   672
  308     472   508   580   492
  309     581   467   553   535
  310     449   506   520   477
  311     325   360   216   339
  312     792   847   759   829
  313     517   465   551   503
  314     264   386   328   240
  315     752   686   770   817
  316     599   691   646   573
  317     646   580   632   674
  318     499   411   416   435
  319     698   686   770   710
  320     639   739   794   698
  321     493   578   574   502
  322     274   251   411   367
  323     804   831   810   886
  324     631   651   711   600
  325     144   273   197   181
  326     396   367   352   429
  327     251   297   416   334
  328     204   132    83   100
  329     192   271   171   139
  330     334   435   416   411
  331     767   729   792   800
  332     476   420   521   473
  333    1015   864   930   888
  334     862   828  1001   893
  335     777   834   868   811
  336     735   725   773   647
  337     592   597   659   686
  338     601   526   664   606
  339     692   693   766   705
  340     862   893  1001   966
  341     987   912   878   886
  342    1000   968   909   898
  343     280   348   314   293
  344     498   441   471   404
  345     358   368   291   299
  346     466   554   514   460
  347     714   665   775   614
  348     586   491   519   618
  349     882   864   875   823
  350     466   515   514   554
  351     476   515   521   420
  352     148   211    24   110
  353     800   859   767   785
  354     882   855   955   885
  355     704   724   746   680
  356     608   640   654   749
  357     982   885   955   995
  358     893   923  1001   966
  359     763   824   731   706
  360     640   608   654   536
  361     300   332   362   341
  362     849   851   819   949
  363     497   458   560   409
  364     821   891   784   846
  365     330   286   427   339
  366     885   775   815   855
  367     492   388   472   508
  368     172   102    43    58
  369     483   508   587   472
  370     506   449   520   473
  371     422   509   442   401
  372     332   379   436   287
  373     857   822  1016   855
  374     443   386   404   441
  375     422   401   329   330
  376     690   708   682   657
  377     823   882   787   846
  378     136   138   293   230
  379     823   864   875   747
  380     908   987   886   887
  381     410   433   522   414
  382     792   729   722   800
  383     908   891  1025   963
  384     658   522   619   573
  385     738   729   785   800
  386     724   721   659   592
  387     599   573   685   691
  388     994   932  1000   880
  389     804   793   730   831
  390     822   845   892   889
  391     325   278   238   350
  392     663   607   624   738
  393     855   832   919   995
  394     625   497   632   540
  395     728   816   809   796
  396     945   881  1014   915
  397     684   654   607   575
  398     607   657   682   588
  399     471   518   607   575
  400     560   497   632   625
  401     793   733   730   749
  402     749   689   730   765
  403    1011  1007   878   987
  404     654   765   730   689
  405     786   719   650   705
  406     747   694   739   667
  407     415   371   461   327
  408     407   342   341   285
  409     410   455   522   479
  410     730   765   738   831
  411     904  1004   872   943
  412     846   821   749   784
  413     369   417   514   460
  414     983   838   980   890
  415     111   190    38   197
  416     544   507   532   431
  417     987  1007   878   912
  418      39   129   119    81
  419     722   792   758   658
  420     940   969  1029   852
  421     674   580   632   656
  422     387   358   356   454
  423     730   654   738   765
  424     440   324   356   387
  425     384   434   413   365
  426     422   489   427   505
  427    1000   880   959   994
  428     846   949   857   851
  429     539   613   603   649
  430     488   411   435   335
  431     901   971   893   970
  432     172    58    23   141
  433     614   665   576   587
  434     863   831   738   765
  435     334   297   416   293
  436     119    28    84    39
  437     747   694   667   653
  438     511   468   482   402
  439     917   885   901   982
  440     614   539   603   649
  441     376   428   383   324
  442     691   753   768   748
  443    1023   845   892   849
  444     605   514   564   614
  445     833   817   850  1008
  446     336   357   483   450
  447     851   863   800   765
  448     558   652   589   575
  449     497   444   567   451
  450     645   748   736   720
  451     714   832   769   826
  452     770   746   837   724
  453     849   927   892   959
  454      80    20   161   125
  455     569   643   681   601
  456     501   311   438   391
  457     128    91    94   168
  458     208   204   289   251
  459     217   350   278   306
  460     792   800   849   880
  461     726   665   816   676
  462      80    28    84   119
  463     615   780   677   671
  464     326   264   404   201
  465     987  1025  1017   908
  466     202   277   245   286
  467     789   709   812   772
  468     904  1004   993   973
  469     295   194   268   169
  470     376   356   254   241
  471     406   259   381   275
  472     489   509   522   573
  473     949   908   994   863
  474     720   847   736   759
  475     646   753   768   691
  476     514   450   564   614
  477     367   251   411   335
  478    1013   856   943   938
  479     847   790   835   845
  480     907   879   840   973
  481     857   882   935   965
  482     410   479   522   433
  483     767   800   792   859
  484     987   908   994   949
  485     847  1000  1024   909
  486     963   908  1017  1025
  487     147   117   198   218
  488     501   537   438   504
  489     567   540   632   497
  490     391   347   373   426
  491     842   777   900   799
  492     860   884   904   854
  493     431   252   292   333
  494     567   492   560   580
  495     911   791   844   827
  496      17   132    73    64
  497     465   356   376   346
  498     501   594   517   582
  499     409   492   560   497
  500     504   537   630   542
  501     365   253   271   302
  502     447   455   516   565
  503     397   434   463   487
  504     259   276   347   406
  505     832   816   901   806
  506     363   242   268   371
  507    1002   913   839   911
  508     962   845   867   892
  509     144   190   197   292
  510     627   581   553   537
  511     486   597   506   561
  512     333   252   292   190
  513     467   428   391   347
  514     860   867   824   889
  515     263   236   347   366
  516     406   276   347   377
  517     377   276   263   260
  518     644   523   662   647
  519     775   714   855   832
  520     347   366   426   467
  521     732   709   789   679
  522     199   311   324   275
  523     507   437   528   431
  524     559   522   645   619
  525     346   389   241   376
  526     496   508   564   415
  527     495   539   603   576
  528     500   508   564   496
  529     732   581   671   660
  530     834   884   900   974
  531     432   547   516   503
  532     834   974   900   868
  533     907   832   796   816
  534    1004   956   904   981
  535     711   600   664   662
  536     827   920   844   934
  537     986   881   868   953
  538     834   707   777   795
  539     425   494   353   456
  540     425   293   314   353
  541     171   128   213   271
  542     499   411   526   437
  543     459   429   528   523
  544     208   170   158   135
  545     833   873   950   899
  546    1029   836   896   839
  547     475   434   484   413
  548     625   656   731   632
  549     331   377   484   413
  550     908  1025   851   949
  551     732   709   812   789
  552     714   832   775   769
  553     553   545   556   581
  554     406   331   484   434
  555     121   128   213   171
  556     196   279   232   177
  557     622   638   572   701
  558     841   725   813   735
  559     809   879   820   786
  560     543   622   563   572
  561     702   750   762   766
  562     723   617   692   745
  563     543   525   563   622
  564     592   578   574   493
  565     483   508   576   587
  566     659   597   574   561
  567     502   561   574   493
  568      19    33    44   133
  569      89   133    52    19
  570      80   150   161   189
  571     128    33   136   133
  572     261   388   262   273
  573     114    17   170   204
  574     170   135   208   204
  575      19   133   138   136
  576      89   207    99    38
  577     302   331   244   213
  578     506   597   539   613
  579     376   389   304   383
  580     392   417   450   344
  581     205   182   293   136
  582     481   467   391   537
  583      89   133   170    52
  584     133    33   136    19
  585     121   128    94   168
  586     162   211   191   265
  587     171   128    44    88
  588     458   409   370   333
  589     182     0   136    91
  590     128    91   136    33
  591     231   265   191   160
  592     293   282   314   280
  593     197   200   123   181
  594     444   409   497   492
  595     735   644   662   647
  596     353   293   314   348
  597     251   133   274   282
  598      97    52   170   114
  599     535   484   550   581
  600      59   133   158   138
  601     182    91   136   168
  602     134   109   199    72
  603     187   189    70   165
  604     276   159   263   183
  605      44   171    99    89
  606     251   335   334   411
  607      24    76   113   160
  608     251   208   335   289
  609     139   128   171    88
  610     136     0    53    91
  611     182   136    53   138
  612     182     0    53   136
  613     136    19    53   138
  614     136    91    53    33
  615     136    33    53    19
  616     411   375   457   367
  617     444   409   394   383
  618     335   375   411   367
  619     252   343   333   431
  620     197   190    38   207
  621      89    52   170    97
  622     345   251   416   411
  623      38   207    99   192
  624     139    88    99    65
  625     184    60    65   123
  626      52     4   170   135
  627     139    88   121   128
  628     121   168   213   128
  629     396   429   448   464
  630      52   135   170   204
  631     200   246   123   184
  632      97   114   170   190
  633     125    16    71    20
  634     331   365   305   271
  635      59     4   158   133
  636     133   135   158   170
  637     486   392   351   420
  638     170    89   178   133
  639     584   582   517   594
  640     114    52   170    17
  641     408   411   397   345
  642     135     4    10    52
  643     302   365   331   271
  644     427   518   624   541
  645     135   204   296   208
  646     178   282   274   133
  647     135     4   170   133
  648     507   343   333   397
  649     333   273   370   284
  650     453   367   396   464
  651     204   132   196    17
  652      10   135   204   100
  653      10    52   204   135
  654     100    52   204    10
  655     890   818   799   825
  656     151   125    71    54
  657     284   273   370   409
  658     249   186   160   177
  659     437   507   528   526
  660     251   230   335   208
  661     158   230   251   208
  662     184   284   200   246
  663     289   208   296   204
  664      19     4   170    52
  665      19   133   170     4
  666      52   133   170    19
  667     204   190   252   170
  668     525   511   543   456
  669     507   397   333   458
  670     200   304   149   261
  671     397   343   333   319
  672     495   450   576   483
  673     856   943   872   942
  674     854   936   938   920
  675     319   408   397   345
  676     319   345   397   343
  677     170   190   178    97
  678      89    97   178   190
  679     170    97   178    89
  680      96   151   191   144
  681     336   415   450   388
  682     274   190   290   343
  683     252   343   290   190
  684     556   615   530   484
  685     162    37   191   113
  686     290   251   367   289
  687     408   487   499   468
  688     136   297   251   230
  689     136   282   251   297
  690     644   592   548   523
  691     411   437   397   345
  692     178   133   274   251
  693     828   754   798   724
  694     138   230   251   158
  695     158   133   251   138
  696     133   170   251   178
  697     158   170   251   133
  698     133   282   251   136
  699     138   136   251   230
  700     138   133   251   136
  701     352   279   412   398
  702     969  1002  1029   839
  703     161   242   268   169
  704     396   301   352   367
  705     632   707   668   540
  706     677   732   742   679
  707     615   484   556   581
  708     207   178    38    89
  709     483   450   576   508
  710     274   282   319   345
  711     196   177    73    64
  712     301   204   296   135
  713     170   204   290   252
  714     873   905   972   923
  715     367   343   437   411
  716     204   251   290   289
  717     252   190   290   170
  718     274   251   290   170
  719     204   170   290   251
  720     274   178   290   190
  721     170   178   290   274
  722     170   190   290   178
  723     367   343   411   274
  724     274   251   367   290
  725     409   388   261   273
  726     290   343   367   274
  727     674   656   731   769
  728     274   282   345   251
  729     796   824   731   826
  730     688   638   622   701
  731     538   615   530   610
  732     335   289   367   251
  733     375   289   367   335
  734     904   981   993  1004
  735     314   282   402   253
  736     274   251   345   411
  737     459   429   398   431
  738     335   375   457   411
  739     587   665   576   676
  740     613   515   539   506
  741     149   125    71   151
  742     463   434   305   406
  743     333   409   292   458
  744     274   190   207   178
  745     453   464   429   367
  746     458   431   292   333
  747     397   319   305   365
  748     397   463   370   513
  749     409   458   560   492
  750     644   721   735   724
  751     579   683   660   582
  752     453   367   457   375
  753     411   367   457   437
  754     416   425   563   435
  755     507   616   636   568
  756     568   616   636   692
  757     406   377   484   331
  758     636   693   766   750
  759     353   456   314   425
  760     230   297   293   136
  761     411   343   345   274
  762     411   251   416   334
  763     437   343   345   411
  764     280   282   314   253
  765     408   487   397   411
  766     610   468   530   538
  767     136   297   293   282
  768     138   136   293   182
  769     595   638   563   688
  770     293   282   280   136
  771     537   582   660   635
  772     435   411   334   335
  773     293   136   280   205
  774     251   230   334   335
  775     668   683   660   579
  776     525   416   563   499
  777     636   650   664   719
  778     701   723   622   688
  779     538   484   530   615
  780     408   411   499   487
  781     293   205   280   348
  782     482   468   384   402
  783     336   357   450   392
  784     836   791   745   839
  785     468   487   434   408
  786     365   408   319   282
  787     128   282   280   253
  788     136   282   280   128
  789     136   168   280   182
  790     136   182   280   205
  791     136   128   280   168
  792     253   168   280   128
  793     801   688   782   701
  794     236   311   275   347
  795     670   671   556   545
  796     452   545   553   579
  797     525   425   563   416
  798     331   377   260   276
  799     513   507   544   458
  800     402   314   408   282
  801     468   456   402   511
  802     483   431   398   357
  803     319   282   271   365
  804     796   879   809   786
  805     265   344   221   298
  806     482   434   475   413
  807     334   425   416   435
  808     345   282   319   408
  809     198   140   155   241
  810    1019   974   900   884
  811     345   411   416   408
  812     408   411   416   499
  813     314   456   416   425
  814     525   617   543   511
  815     314   425   416   293
  816     408   402   416   314
  817     345   343   319   274
  818     411   487   397   437
  819     408   282   365   402
  820     732   683   812   697
  821     319   271   192   305
  822     687   693   606   702
  823     261   181   149   200
  824     687   638   595   688
  825     468   402   416   408
  826     402   456   416   314
  827     468   456   416   402
  828     251   282   416   297
  829     345   282   416   251
  830     408   282   416   345
  831     314   282   416   408
  832     314   293   416   282
  833     293   297   416   282
  834     121    88    94   128
  835     366   377   469   467
  836      12   199    79   157
  837     246   305   259   284
  838     134   220   199   159
  839     384   365   413   331
  840     437   343   431   507
  841     625   540   545   497
  842     402   253   365   302
  843     402   282   365   253
  844     384   402   365   302
  845     434   408   365   468
  846     544   431   532   458
  847     402   468   365   408
  848     384   468   365   402
  849     384   482   365   468
  850     434   482   365   384
  851     434   468   365   482
  852     437   343   397   345
  853      38   197   123   111
  854     365   302   331   384
  855     458   507   544   431
  856     197   246   123   200
  857     507   397   458   513
  858     497   409   381   458
  859     365   282   271   253
  860     178   282   171   207
  861     331   365   413   434
  862     943   973   872   942
  863     507   397   513   487
  864     263   276   347   236
  865     413   331   244   384
  866     482   434   413   384
  867     319   305   207   246
  868     246   333   197   207
  869     139   184   192   259
  870     305   463   370   397
  871      68   197   111   144
  872     284   305   259   370
  873     366   377   347   276
  874     523   643   601   662
  875     576   592   603   495
  876     463   487   513   397
  877     544   590   555   458
  878     437   429   431   367
  879     331   276   406   377
  880     496   415   564   450
  881     407   462   461   371
  882     406   434   484   463
  883     482   434   484   475
  884     625   540   579   545
  885     413   434   484   331
  886     426   347   373   366
  887     382   391   438   311
  888     370   305   246   284
  889     196   177   143    73
  890      97    89    38   190
  891     100    17    83   204
  892     390   357   398   279
  893     732   660   737   777
  894     273   333   246   284
  895     414   339   427   489
  896     535   581   627   577
  897     526   595   636   606
  898     636   526   528   507
  899     336   450   483   472
  900     431   343   333   507
  901     451   389   433   479
  902     437   343   507   397
  903     397   487   507   437
  904     376   356   478   440
  905     643   523   601   529
  906     195   157    12   155
  907     305   406   370   463
  908     117    56    55     5
  909     960   861   922   897
  910     587   656   674   676
  911     832   806   901   885
  912     555   463   556   513
  913     437   367   431   343
  914     864  1015   930   951
  915     252   343   431   367
  916     191   292   283   144
  917     397   513   370   458
  918     143   113   191    37
  919     680   686   613   597
  920     357   231   283   252
  921     191   262   283   292
  922     357   252   283   292
  923     231   265   283   191
  924     292   252   283   144
  925     390   392   486   495
  926     376   324   254   272
  927     406   434   305   331
  928     333   319   246   305
  929     271   139   192   259
  930     284   333   246   370
  931     125    41   169   194
  932     281   324   254   376
  933     346   465   479   389
  934     305   397   370   333
  935     383   381   304   281
  936     333   319   305   397
  937     174   129   209   238
  938     319   274   207   282
  939     181   273   197   200
  940     407   371   461   415
  941     139    65   192   123
  942     118   139   175   103
  943     155   149   195   194
  944     327   228   223   285
  945     261   228   223   262
  946     211   298   148   256
  947     144   292   197   273
  948     171   192    99   207
  949     136   282   171   133
  950     184    60   139    65
  951      33   128    44   133
  952     333   409   370   273
  953     273   388   292   409
  954     376   295   304   389
  955     169   125   161    20
  956     284   409   304   273
  957     273   409   292   333
  958      29   120    47   117
  959     271   365   305   319
  960     347   406   381   275
  961     625   497   545   560
  962     125    20    71    54
  963     319   305   192   207
  964     331   434   305   365
  965     397   365   305   434
  966     118    69   103    49
  967     149    67    27   123
  968     406   259   275   347
  969      36   130   174   140
  970     587   614   714   564
  971      95    80   189   150
  972     319   343   207   274
  973     178   133   171   282
  974     178   282   207   274
  975     151   162   191   223
  976     144   190    68   197
  977      31   111   123    67
  978     149   304   195   194
  979     207   246   123   197
  980     207   333   197   190
  981     142   256   148   153
  982     190   333   197   292
  983      78   112   115   148
  984      35   144   111   197
  985     292   252   144   190
  986     467   347   391   426
  987     306   272   241   198
  988     123   246   192   184
  989     246   305   192   184
  990     406   428   467   347
  991     363   235   339   278
  992     171   133    44   128
  993     241   235   174   169
  994     133   128   171   136
  995     276   175   275   199
  996     207   282   171   319
  997     271   282   171   128
  998     333   319   207   246
  999     333   343   207   319
 1000     197   181    35   144
 1001     271   319   171   282
 1002     333   190   207   343
 1003     274   343   207   190
 1004     308   393   337   323
 1005     190   178    38   207
 1006     152    31    57   123
 1007     458   409   381   370
 1008     272   199   157   134
 1009     200   273   197   284
 1010     246   284   197   273
 1011     200   284   197   246
 1012     246   273   197   333
 1013     292   333   197   273
 1014     214   324   272   199
 1015     356   306   241   376
 1016      97   190    38   111
 1017     190    89    38   178
 1018     323   294   421   315
 1019     164   186   127   219
 1020      68   144   111    35
 1021     406   331   259   276
 1022     377   475   469   484
 1023      68    97   111   190
 1024      68   190   111   197
 1025     246   184   259   305
 1026      65    60   139    88
 1027     117   134    55    11
 1028     363   371   330   242
 1029     302   384   244   331
 1030     207   197   123    38
 1031     259   139   175   276
 1032     139   121    69   183
 1033      35    67   123   111
 1034     111   197   123    35
 1035      67    35   123   181
 1036     197   181   123    35
 1037     207   305   192   246
 1038      89   133   171   178
 1039     128    88    94    33
 1040     207   246   192   123
 1041     139   123   192   184
 1042      26   139    69    60
 1043     139    88   171   192
 1044     207   319   171   192
 1045     139    65    99   192
 1046     117   120   166    29
 1047     118    49   103   109
 1048      69   139     8    60
 1049      33    91    94   128
 1050      65   123   139   184
 1051      89   178   171   207
 1052     192    88    99   139
 1053     500   580   599   564
 1054     271   331   259   305
 1055     331   271   259   139
 1056     139   276   259   331
 1057     168   253   213   128
 1058      38   123   192    65
 1059      38   207   192   123
 1060     271   302   213   331
 1061     171   207    99    89
 1062      19   133    44    89
 1063      33    88    44   128
 1064     171    88    99   192
 1065      44    88    99   171
 1066      65    38    99   192
 1067     271   253   213   302
 1068     183   139   244   276
 1069     214   311   272   324
 1070     331   276   244   139
 1071     220   159   134   109
 1072     406   377   347   484
 1073     139   128   121   171
 1074     501   510   542   439
 1075     171   139   213   121
 1076     171   271   213   139
 1077     331   276   260   244
 1078     413   377   260   331
 1079     741   825   799   715
 1080     440   324   387   391
 1081     183   121   244   139
 1082     213   139   244   121
 1083     271   139   244   213
 1084     271   331   244   139
 1085     213   331   244   271
 1086     218   198   241   272
 1087     121    88    26    94
 1088     118   109    14    49
 1089     121   139    26    88
 1090      60    88    26   139
 1091     630   566   620   642
 1092     134   109   163   220
 1093     159   109    42    14
 1094     103   139     8    69
 1095     183   139   118    69
 1096     543   456   563   525
 1097     103   139   175     8
 1098     159   109    14   118
 1099     198   140   146    98
 1100      56   117    55   106
 1101     273   144   262   181
 1102      29   134   214   117
 1103     105   109   163   134
 1104     175   159   199   276
 1105      77   194    16   149
 1106     366   377   467   347
 1107     489   339   427   410
 1108     347   311   391   236
 1109     276   183   263   260
 1110     484   406   467   347
 1111     356   324   376   272
 1112     130    51    32    98
 1113     358   218   291   270
 1114     492   388   415   394
 1115     426   537   391   467
 1116     175    72   199   109
 1117     134   159   199   109
 1118     118   109   199   159
 1119     218   147   241   198
 1120      80    54   150    95
 1121     259   175   281   275
 1122     366   276   347   263
 1123     184   139   175   259
 1124     658   684   758   722
 1125     419   322   349   439
 1126     419   510   485   424
 1127     175   109   199   118
 1128     441   386   404   374
 1129     118   159   199   175
 1130     221   211   162   265
 1131     105   134   214    29
 1132     382   311   320   220
 1133     468   434   538   482
 1134     254   281   195   199
 1135      27    77    16   149
 1136     139    60   175     8
 1137     139   184   175    60
 1138     183   139   175   118
 1139     183   276   175   139
 1140     183   159   175   276
 1141     118   159   175   183
 1142     103   109   175   118
 1143      72   109   175   103
 1144     199   220   236   159
 1145     376   306   241   346
 1146     481   582   579   537
 1147     347   259   275   276
 1148     263   377   366   276
 1149     181   200   261   273
 1150     276   259   275   175
 1151     577   537   504   469
 1152     426   391   438   382
 1153     199   220   275   236
 1154     236   220   275   311
 1155      29   117    47   106
 1156     276   236   275   347
 1157     391   311   382   373
 1158     254   241   195   304
 1159     281   381   304   284
 1160     281   284   304   200
 1161     236   276   275   159
 1162     199   159   275   276
 1163     236   159   275   199
 1164     627   581   732   660
 1165     761   713   620   633
 1166     391   537   501   481
 1167     469   537   426   467
 1168     439   424   438   501
 1169     218   311   272   214
 1170     469   467   426   366
 1171     424   311   438   501
 1172     481   428   391   467
 1173     497   428   383   451
 1174     347   428   324   275
 1175     391   504   438   537
 1176     501   439   542   438
 1177     438   504   542   501
 1178     630   566   635   620
 1179     382   311   438   320
 1180     474   547   432   503
 1181     391   537   438   501
 1182     400   455   432   368
 1183     218   198   291   227
 1184     440   311   501   391
 1185     163   220   214   134
 1186     324   428   281   275
 1187     452   406   381   428
 1188     625   656   637   706
 1189     620   761   715   713
 1190     503   455   432   400
 1191     620   621   715   761
 1192     376   389   383   451
 1193     324   347   391   428
 1194     440   428   391   481
 1195     324   428   391   440
 1196     275   347   391   324
 1197     275   311   391   347
 1198     324   311   391   275
 1199     236   347   373   391
 1200     236   366   373   347
 1201     642   630   715   635
 1202     387   322   424   311
 1203     391   311   387   440
 1204     236   311   382   220
 1205     373   311   382   236
 1206      63    42   163   105
 1207     214   134   272   218
 1208      29   117    11   134
 1209      29   134    11   105
 1210     485   480   570   510
 1211     715   683   741   635
 1212       5    56   126   117
 1213     218   134   147   117
 1214      98   130    36   140
 1215     217   130   146   140
 1216     173   185   119   222
 1217     149   123    27   152
 1218     424   322   403   419
 1219     546   503   604   547
 1220     454   403   531   485
 1221     757   744   741   811
 1222     669   781   757   788
 1223     346   455   410   465
 1224      47   117   188   106
 1225     424   501   439   510
 1226     387   324   272   311
 1227     120   156   229   117
 1228     669   655   757   673
 1229     439   480   349   419
 1230     424   322   438   311
 1231     320   311   438   322
 1232     439   320   438   322
 1233     439   322   438   424
 1234     439   510   419   424
 1235     480   510   419   439
 1236     120   117   229    47
 1237     157     7    79    12
 1238     166    29   214   117
 1239     419   480   485   510
 1240     621   510   531   485
 1241     424   322   419   439
 1242     321   322   349   419
 1243     485   510   531   424
 1244     403   358   400   291
 1245     214   134   218   117
 1246      75     7    98   147
 1247     286   237   222   330
 1248      98     5    32   126
 1249     126   188   218   117
 1250     321   322   247   349
 1251     105   134    11   109
 1252     218   117   198   126
 1253     120   117   166   156
 1254     439   322   247   320
 1255     349   322   247   439
 1256     180   300   266   206
 1257       2   120    47    29
 1258      55   134    79    11
 1259     358   465   454   503
 1260      29    63   163   105
 1261     269   117   188   229
 1262     497   451   567   540
 1263      29   120   166     2
 1264      29    63   166   163
 1265     149   152    27   195
 1266      42   109   163   105
 1267     247   163   214   166
 1268      29   106    55   117
 1269     269   117   229   322
 1270     166   117   229   156
 1271     159   109   163    42
 1272     159   220   163   109
 1273      55   134   147     7
 1274     320   220   214   163
 1275     166   163   214    29
 1276     163   134   214   105
 1277     320   311   214   220
 1278     134   220   214   199
 1279     166   322   214   247
 1280     247   320   214   163
 1281     272   147   241   218
 1282     174   339   222   235
 1283     324   199   214   311
 1284     481   428   478   440
 1285     275   220   214   311
 1286     199   220   214   275
 1287     275   311   214   199
 1288     320   322   214   311
 1289     247   322   214   320
 1290     166   215   229   247
 1291     166   247   229   322
 1292     247   321   229   322
 1293     215   321   229   247
 1294     321   419   229   322
 1295     214   166   229   322
 1296     117   166   229   214
 1297     214   322   229   117
 1298     403   322   229   419
 1299     269   322   229   403
 1300     650   670   637   706
 1301     130   129    82    36
 1302     557   607   624   663
 1303     117   106   126   188
 1304      56   106   126   117
 1305     415   444   461   500
 1306      29   117    55    11
 1307     272   198   306   218
 1308     147   140    98    75
 1309     155   241   254   147
 1310     407   415   461   500
 1311     356   272   241   306
 1312     109   134    79    72
 1313     126   188   227   198
 1314     440   428   478   376
 1315     188   218   291   227
 1316      45    87   142   153
 1317     400   503   454   474
 1318     269   117   218   188
 1319     188   270   218   269
 1320     117   322   218   214
 1321     478   540   479   451
 1322     214   322   218   311
 1323     465   356   478   376
 1324     269   270   218   322
 1325     269   322   218   117
 1326     175   199   152   281
 1327     346   295   241   389
 1328     559   522   591   645
 1329     217   140   238   130
 1330     198   217   299   227
 1331     227   198   146   126
 1332     147   155   157   254
 1333      12    72    79   199
 1334     304   261   327   267
 1335     440   582   478   481
 1336     436   462   341   401
 1337     400   358   454   503
 1338     218   270   358   322
 1339     474   358   454   400
 1340      28   107   169    41
 1341     161   125   228   151
 1342     325   339   238   278
 1343     268   235   330   363
 1344     237   131   173   185
 1345     198   188   227   218
 1346     241   295   194   304
 1347     228   149   267   261
 1348     140   147    98   198
 1349     117     5    98   126
 1350      55     5    98   117
 1351     147     7    98    55
 1352      55   117    98   147
 1353     198   117    98   126
 1354     147   117    98   198
 1355     306   465   346   356
 1356      98   140    36    18
 1357      98   126   146   198
 1358      98   140   146   130
 1359      98   130   146    32
 1360      32   126   146    98
 1361     358   270   291   403
 1362     389   478   479   451
 1363     474   358   400   403
 1364     218   322   272   311
 1365     497   452   381   383
 1366     589   684   758   658
 1367     584   465   517   478
 1368     387   218   272   358
 1369     218   322   358   387
 1370     214   199   272   134
 1371     359   455   350   368
 1372     440   324   376   356
 1373     388   409   394   492
 1374     285   371   268   242
 1375     284   273   261   200
 1376     363   346   410   389
 1377     480   510   566   570
 1378     474   503   432   400
 1379     440   387   356   454
 1380     582   683   668   579
 1381     501   387   454   424
 1382     356   324   272   387
 1383     261   388   394   327
 1384     368   455   358   465
 1385     424   322   358   403
 1386     424   387   358   322
 1387     269   322   358   270
 1388     403   322   358   269
 1389     269   270   358   403
 1390     546   594   604   517
 1391     358   503   400   465
 1392     299   368   306   358
 1393     503   455   400   368
 1394     454   358   356   465
 1395     403   424   454   358
 1396     478   540   497   428
 1397     272   147   254   241
 1398     645   596   551   666
 1399     424   510   454   501
 1400     945   910  1014   881
 1401     478   540   551   479
 1402     522   479   551   596
 1403     501   440   454   387
 1404     480   439   566   510
 1405     424   403   454   485
 1406     660   635   626   537
 1407     599   496   552   509
 1408     363   242   330   268
 1409     755   846   819   749
 1410     589   684   658   722
 1411     194   125   161   169
 1412     584   666   551   596
 1413     389   465   478   376
 1414     218   356   306   272
 1415     358   368   306   455
 1416     358   465   306   356
 1417     442   462   436   401
 1418     304   383   394   409
 1419     358   455   306   465
 1420     306   455   346   465
 1421     763   717   637   706
 1422     624   675   658   641
 1423     478   376   383   451
 1424     387   322   272   218
 1425     387   311   272   322
 1426     356   218   306   358
 1427     299   358   306   291
 1428     350   299   306   217
 1429     198   217   306   299
 1430     350   455   306   368
 1431     350   368   306   299
 1432     123   200   149   181
 1433     278   346   339   363
 1434     559   609   624   641
 1435     152   199    12   157
 1436     465   346   376   389
 1437     157   199   195   152
 1438     383   428   281   324
 1439     304   295   254   241
 1440     291   218   306   198
 1441     358   218   306   291
 1442     291   198   306   227
 1443     299   227   306   198
 1444     291   227   306   299
 1445     541   518   624   557
 1446       6    95    90   150
 1447      80   125   161    54
 1448     376   389   451   478
 1449     596   479   551   540
 1450     609   729   624   675
 1451     478   582   517   584
 1452     356   306   376   346
 1453     478   428   383   376
 1454     409   273   261   304
 1455     451   428   383   478
 1456     759   678   736   720
 1457     304   273   261   284
 1458     492   409   472   388
 1459     281   200   152   184
 1460     162   151   191    96
 1461     738   690   607   654
 1462      81   140   174    18
 1463     389   465   479   478
 1464     452   428   383   497
 1465     670   545   637   625
 1466     650   706   637   656
 1467     691   658   758   790
 1468     720   790   758   658
 1469     461   500   527   573
 1470     769   676   674   656
 1471     496   462   509   461
 1472     119   185    84   161
 1473     599   685   674   646
 1474     228   161   268   267
 1475     198   147   155   140
 1476     140   147   155    75
 1477     162   221   223   257
 1478     481   467   452   428
 1479     953   986   900   868
 1480     467   406   452   428
 1481     827   789   742   808
 1482     696   776   695   615
 1483     147   134    79     7
 1484     155   254   195   157
 1485     304   284   261   200
 1486     467   484   452   406
 1487     463   406   452   484
 1488     406   463   452   370
 1489     241   356   254   272
 1490     347   428   381   406
 1491     370   409   381   284
 1492     370   284   381   259
 1493     452   370   381   406
 1494     452   428   381   383
 1495     275   428   381   347
 1496     259   406   381   370
 1497     285   242   268   161
 1498     497   444   383   409
 1499     451   444   383   497
 1500     304   376   254   295
 1501     381   409   304   284
 1502     339   286   222   330
 1503     152   281   195   200
 1504     175   199   281   275
 1505      36    51    82   130
 1506     155     7    77    75
 1507     383   409   304   381
 1508     272   134   157   147
 1509     272   147   157   254
 1510     383   324   281   376
 1511     381   275   281   428
 1512     381   428   281   383
 1513     175   259   281   184
 1514     304   200   195   281
 1515     184   284   281   200
 1516     259   284   281   184
 1517     259   275   281   381
 1518     381   284   281   259
 1519     304   295   364   389
 1520     241   295   254   376
 1521      75   147   155     7
 1522     254   199   157   272
 1523     376   389   241   295
 1524     241   147   155   198
 1525     125    20    54    80
 1526     194   155    77    41
 1527     129   130   174    36
 1528     431   367   398   252
 1529     129    36   174    81
 1530      15   110   162   137
 1531     265   211   191   160
 1532     444   492   394   409
 1533      77   149    27   195
 1534     195    12    27    77
 1535     147     7    79   157
 1536     281   199   254   324
 1537     267   295   364   304
 1538     254   199   195   157
 1539     175   199    57   152
 1540     194   304   195   241
 1541     147     7   157   155
 1542     261   151   223   228
 1543      71   151    96   144
 1544     152   200   195   149
 1545     496   500   599   564
 1546     149   200   195   304
 1547     152   199   195   281
 1548     149   123   152   200
 1549     157   199    79   134
 1550     248   287   239   167
 1551     304   383   254   376
 1552     281   383   254   304
 1553     281   376   254   383
 1554     175     8    57   103
 1555     175   103    57    72
 1556     175    72    57   199
 1557     194   241   195   155
 1558     254   155   195   241
 1559     281   184   152   175
 1560     123   184   152   200
 1561     194   149    77   155
 1562     222   129   209   174
 1563     195   152    12   157
 1564      27   149    16    67
 1565     461   371   364   327
 1566      72   134    79   199
 1567      57   199    12   152
 1568     210     6   137   187
 1569      80    54   161   150
 1570       7   134    79    55
 1571     152    57    27    12
 1572     152   123    57   184
 1573     152   184    57   175
 1574     123    60    57   184
 1575     123    31    57    65
 1576      65    60    57   123
 1577     175   184    57    60
 1578     175    60    57     8
 1579     330   242   222   235
 1580     195   155    77   149
 1581      12   155    77   195
 1582      12   157    77   155
 1583       7   157    77    12
 1584       7   155    77   157
 1585     295   235   278   241
 1586     315   446   421   323
 1587      77    75   107   155
 1588      77   155   107    41
 1589     140    75   107    18
 1590     155    75   107   140
 1591     152    31    27    57
 1592     123    31    27   152
 1593     123    67    27    31
 1594      41   194    16    77
 1595     194   149   125    16
 1596     444   394   500   415
 1597     150    54   161   125
 1598      41   194   125    16
 1599      16    20   125    41
 1600     169    20   161    28
 1601     210   189   257   150
 1602      62   124   145   142
 1603     151   125   228   149
 1604     122    23    30    50
 1605     261   409   394   388
 1606     292   431   357   252
 1607     443   386   380   404
 1608     383   444   364   304
 1609     194    41   169   107
 1610     340   312   361   318
 1611     231   177   143   232
 1612     107   155   169   194
 1613      54   150    96   151
 1614      13   104   101   187
 1615     113   110   162    37
 1616     264   355   328   386
 1617     210   288   257   189
 1618     288   285   341   342
 1619     180   206   137   187
 1620     407   327   415   342
 1621     307   279   337   249
 1622     339   363   410   414
 1623     444   383   394   304
 1624     219   243   315   323
 1625     287   332   341   436
 1626     266   300   239   313
 1627     357   292   283   388
 1628     401   242   330   371
 1629     264   237   226   172
 1630     151   150   228   161
 1631     383   451   364   444
 1632     228   194   267   149
 1633      81    36   174   140
 1634     277   286   216   339
 1635      67   181    71    35
 1636     304   149   267   194
 1637     194   295   267   304
 1638     162   160   191   211
 1639     241   295   169   194
 1640     241   235   169   295
 1641      28    41   169    20
 1642     125    20   169    41
 1643     241   194   169   155
 1644     155   140   169   241
 1645      66    35    96   144
 1646     169   242   268   235
 1647     298   344   392   265
 1648     363   235   278   295
 1649     304   261   267   149
 1650     342   285   257   288
 1651     444   492   500   394
 1652     423   379   436   332
 1653     492   472   590   580
 1654     394   304   364   444
 1655     310   404   379   380
 1656     327   285   223   342
 1657     125   194   228   149
 1658     267   261   327   228
 1659     151   149   228   181
 1660     261   181   228   149
 1661     151   181   228   261
 1662     161   125   267   228
 1663     161   194   267   125
 1664     389   346   410   479
 1665     552   564   623   672
 1666     172   131    23    43
 1667     255   189   165   185
 1668     733   689   749   699
 1669     285   327   407   342
 1670     661   686   659   597
 1671     415   394   500   492
 1672     407   371   401   462
 1673     901   971   985   982
 1674     433   451   364   389
 1675     161   150   285   189
 1676     228   150   285   161
 1677     189   242   285   161
 1678     363   461   414   371
 1679     161   169   268   194
 1680     522   573   527   619
 1681     415   496   500   407
 1682     383   389   364   451
 1683     444   451   364   433
 1684     267   194   268   295
 1685     306   346   410   278
 1686     640   586   623   712
 1687     492   508   415   388
 1688     489   339   410   414
 1689     461   462   509   401
 1690     286   360   427   339
 1691     496   462   461   407
 1692     379   313   287   332
 1693     404   264   310   201
 1694     555   616   637   513
 1695     458   431   472   292
 1696     394   388   415   327
 1697     493   578   529   523
 1698     352   459   412   448
 1699     458   388   472   409
 1700     662   601   664   716
 1701     326   386   404   264
 1702     198   140   278   217
 1703     295   346   278   363
 1704     380   404   379   470
 1705     685   753   646   691
 1706     285   161   268   228
 1707     295   346   363   389
 1708     407   371   415   327
 1709     185   242   222   237
 1710     466   460   514   417
 1711     401   509   414   422
 1712     471   355   380   443
 1713     338   399   354   316
 1714     462   371   401   461
 1715     169   235   268   295
 1716     816   676   769   728
 1717     472   508   587   580
 1718     576   539   603   614
 1719     705   670   650   706
 1720     509   558   552   599
 1721     606   693   664   702
 1722     605   672   552   586
 1723     824   889   921   904
 1724     627   581   677   679
 1725     363   295   268   235
 1726     161   194   268   267
 1727     285   327   268   371
 1728     604   547   673   703
 1729     268   267   364   327
 1730     268   242   330   235
 1731     129    36    81    22
 1732     217   350   238   278
 1733     536   586   552   640
 1734     685   753   751   646
 1735     160   211   113    24
 1736     228   267   268   327
 1737     427   505   624   518
 1738      90    95    70   189
 1739     165   104   187   203
 1740      86    90    70   187
 1741     436   401   341   442
 1742      85   124   145     9
 1743     526   464   528   453
 1744     462   401   442   509
 1745      90   187    13     6
 1746     586   699   608   618
 1747     415   394   364   444
 1748     267   304   364   327
 1749     119   173    84   185
 1750     330   401   414   422
 1751     461   371   363   433
 1752     658   573   619   691
 1753     461   444   364   433
 1754     433   371   364   461
 1755     433   389   364   363
 1756     306   346   278   241
 1757     363   389   364   295
 1758     304   389   364   383
 1759     363   371   364   433
 1760     327   394   364   415
 1761     268   363   364   295
 1762     268   295   364   267
 1763     268   327   364   371
 1764     268   371   364   363
 1765     461   415   364   444
 1766     327   415   364   461
 1767     330   235   222   339
 1768     198   306   278   241
 1769     241   140   278   198
 1770     418   410   427   339
 1771     122    50    30     3
 1772     479   465   410   455
 1773     432   455   447   359
 1774     363   433   414   461
 1775     655   604   673   669
 1776     557   609   624   541
 1777     222   129   119   173
 1778     119   129   102   173
 1779     379   380   287   310
 1780     363   371   414   330
 1781     129   222   209   173
 1782     339   360   216   277
 1783     339   278   325   350
 1784     350   359   325   339
 1785     663   609   624   557
 1786     489   422   414   509
 1787     427   541   624   559
 1788     306   455   410   346
 1789     339   350   410   278
 1790     346   465   410   479
 1791     172    58   141   202
 1792     470   471   442   380
 1793     433   479   527   451
 1794     330   339   414   363
 1795     624   729   722   675
 1796     427   355   277   286
 1797     167   287   239   203
 1798     339   346   410   363
 1799     607   518   624   575
 1800     757   669   620   594
 1801     490   427   541   518
 1802     374   386   404   326
 1803     607   657   562   690
 1804     330   237   329   286
 1805     624   738   722   729
 1806     602   565   591   678
 1807     720   792   758   790
 1808     509   422   505   489
 1809     512   418   427   360
 1810     286   360   277   427
 1811     454   503   546   474
 1812     418   339   427   360
 1813     306   350   410   455
 1814     278   350   410   306
 1815     359   350   410   339
 1816     359   455   410   350
 1817     278   140   238   217
 1818     410   359   447   455
 1819     418   359   447   410
 1820     222   185   119   242
 1821     933   981   867   962
 1822     851   949   849   994
 1823     857   965  1018   846
 1824     443   427   405   490
 1825     490   427   405   512
 1826     172   237   226   131
 1827     422   355   443   427
 1828     994   863   880   851
 1829     877   909   925   947
 1830     339   360   277   286
 1831     185   131    84    61
 1832     470   498   471   404
 1833     286   330   427   422
 1834     422   355   427   286
 1835     414   422   427   330
 1836     489   422   427   414
 1837      22   129   116   102
 1838     129    36    22    82
 1839     418   339   325   410
 1840     278   241   174   140
 1841     209   238   216   339
 1842     339   235   174   278
 1843     310   313   287   379
 1844      81   129   119   174
 1845     169   140   174   241
 1846     102   129   116   173
 1847     287   313   239   300
 1848     161    80    84   119
 1849     119    39   102   129
 1850     222   235   119   174
 1851     341   401   255   329
 1852      36   140    81    18
 1853     330   237   222   242
 1854     222   286   173   237
 1855     278   235   174   241
 1856     169   107   174   140
 1857      18   140   174   107
 1858      81    18   174   107
 1859     202   116   172    58
 1860     238   130   174   129
 1861     238   140   174   130
 1862     339   278   174   238
 1863     442   287   436   379
 1864     237   185   173   222
 1865     173   116   172   202
 1866     174   235   119   169
 1867     325   339   216   238
 1868      28   169   119   161
 1869     174   107   119    81
 1870     180   203   187   104
 1871      22   129    39    81
 1872     174   169   119   107
 1873     202   286   172   173
 1874      39    81   119    28
 1875     222   174   119   129
 1876      81   107   119    28
 1877     169    28   119   107
 1878     222   242   119   235
 1879     169   235   119   242
 1880      84    39   102   119
 1881     161    80   119    28
 1882     161   242   119   185
 1883     169   242   119   161
 1884      22   129   102    39
 1885     355   286   245   277
 1886     264   237   329   226
 1887      23   131   122    74
 1888     174   339   209   222
 1889     174   238   209   339
 1890      23   141   122   172
 1891     286   237   264   172
 1892     173   277   202   286
 1893     222   339   216   286
 1894     209   339   216   222
 1895     173   286   216   277
 1896     222   173   216   209
 1897     222   286   216   173
 1898     427   518   443   505
 1899     129   173   202   116
 1900     216   277   202   173
 1901     173   209   202   216
 1902     173   129   202   209
 1903     116   102   172    58
 1904     173   102   172   116
 1905     380   471   442   422
 1906     470   380   442   379
 1907     286   237   172   173
 1908     564   587   674   714
 1909     234   179   148   153
 1910     264   172   245   286
 1911     202   286   245   172
 1912     245   355   328   264
 1913     313   332   266   300
 1914     173   102    43   172
 1915     172   131    43   173
 1916      84   131    43    61
 1917     119    84    43   102
 1918     119   173    43    84
 1919     102   173    43   119
 1920      84   185    43   131
 1921     173   185    43    84
 1922     173   131    43   185
 1923     471   443   380   404
 1924     122   141   240   264
 1925     248   313   239   287
 1926      23   172   122   131
 1927     201   131   122   172
 1928     122    74    30    23
 1929     172   264   201   226
 1930     226   131   201   172
 1931     131    61    23    43
 1932      43    58    23   172
 1933     141    58    23    50
 1934     443   422   471   355
 1935     471   575   442   505
 1936     264   386   380   355
 1937     738   708   682   690
 1938     562   498   585   607
 1939     240   264   326   233
 1940       3   141   122    50
 1941      23    50   122   141
 1942     245   264   328   240
 1943     310   264   380   226
 1944       3   141   233   122
 1945     264   172   122   141
 1946     201   172   122   264
 1947     245   172   240   202
 1948     141   202   240   172
 1949     505   422   443   427
 1950     461   573   522   509
 1951     172   264   240   141
 1952     245   264   240   172
 1953     233   264   326   201
 1954     264   122   233   240
 1955     264   201   233   122
 1956     277   355   328   245
 1957     607   534   612   562
 1958     286   355   329   422
 1959     414   433   522   461
 1960     787   846   749   712
 1961     360   512   405   427
 1962     575   652   589   654
 1963     277   360   405   427
 1964     328   277   405   355
 1965     427   355   405   277
 1966     443   355   405   427
 1967     329   287   255   341
 1968     266   203   187   180
 1969     310   404   380   264
 1970     514   450   539   417
 1971     730   689   738   654
 1972     380   422   442   329
 1973     558   575   589   505
 1974     380   226   287   310
 1975     490   386   405   443
 1976     443   386   405   355
 1977     328   355   405   386
 1978     201   264   310   226
 1979     607   588   682   557
 1980     441   386   498   443
 1981      96    37   191   162
 1982     505   422   442   471
 1983     165   203   187   287
 1984     443   518   471   505
 1985     404   386   380   264
 1986     300   362   266   395
 1987     380   329   442   287
 1988     329   226   380   264
 1989     180   187    46    13
 1990     167   131   165   104
 1991     330   286   329   422
 1992     471   422   380   355
 1993     738   654   607   684
 1994     201   226   310   248
 1995     329   355   380   422
 1996     712   846   749   823
 1997     329   422   442   401
 1998     313   332   300   287
 1999     787   846   857   755
 2000     505   518   471   575
 2001     341   287   300   332
 2002     404   470   380   471
 2003     505   422   471   443
 2004     341   332   362   436
 2005     318   372   466   361
 2006     498   518   471   443
 2007     286   237   329   264
 2008     264   355   329   286
 2009     458   409   472   492
 2010     443   355   380   386
 2011     380   329   287   226
 2012     310   226   287   248
 2013     672   712   623   586
 2014      84   185    70    80
 2015     310   248   287   313
 2016     712   699   640   586
 2017     755   714   822   855
 2018     629   613   639   739
 2019     694   554   586   605
 2020      13   180   101    46
 2021     185    61   165   131
 2022     524   442   536   491
 2023     330   237   255   329
 2024     318   312   361   303
 2025     148   110   221   211
 2026     312   395   361   300
 2027     770   869   876   771
 2028     124     9     1    62
 2029     436   407   341   462
 2030     292   388   472   458
 2031     407   462   460   496
 2032     407   285   341   371
 2033     509   422   558   505
 2034     564   587   576   450
 2035     599   564   552   496
 2036     442   379   436   423
 2037     362   423   395   436
 2038     189   150    90    95
 2039     341   436   362   300
 2040     361   460   466   369
 2041     749   765   730   831
 2042     712   672   755   787
 2043     478   356   517   440
 2044     122   131   167    74
 2045     436   332   362   423
 2046     362   300   266   332
 2047     372   312   361   340
 2048      61   131    25    86
 2049     442   329   341   287
 2050     104   203   165   167
 2051     407   371   341   401
 2052     340   318   361   372
 2053     210   187   137   206
 2054     239   287   187   203
 2055     369   417   466   361
 2056     226   201   167   248
 2057     257   150   162   210
 2058     137   180   179   206
 2059     187   180   101    13
 2060     436   300   395   362
 2061     165   104    86   187
 2062      13    90    86   187
 2063     165   131    86   104
 2064     167   203   165   287
 2065     108    48    78   137
 2066     640   558   552   536
 2067     855   995   955   885
 2068     122   201   167   131
 2069      48    87   179    93
 2070      48    93   179   137
 2071     137   206   179   210
 2072     420   515   430   476
 2073     392   298   351   417
 2074     318   298   303   417
 2075     436   491   395   460
 2076     226   131   167   201
 2077     187   104   101   180
 2078     180   300   187   266
 2079     185   242   255   189
 2080     287   226   167   248
 2081     185   189    70   161
 2082     160   211    24   115
 2083     180   206   187   300
 2084     401   330   255   329
 2085     401   242   255   330
 2086     285   401   255   341
 2087     288   285   255   341
 2088     288   189   255   285
 2089     266   300   187   239
 2090     187   288   210   189
 2091     401   371   255   242
 2092     285   371   255   401
 2093     285   242   255   371
 2094      13   187    86   104
 2095      86   187    70   165
 2096     239   203   187   266
 2097      13   187   137     6
 2098     257   342   369   344
 2099      61   131    86   165
 2100     167   226   165   131
 2101     287   226   165   167
 2102     189    95    70    80
 2103     131    61    25    74
 2104     161    80    70   185
 2105     287   237   165   226
 2106     255   237   165   287
 2107     255   185   165   237
 2108     226   237   165   131
 2109     185   131   165   237
 2110     255   341   187   288
 2111     255   287   187   341
 2112     300   341   187   287
 2113     262   151   223   261
 2114     187   300   210   288
 2115       6   187   210    90
 2116      86   131    25   104
 2117     187   206   210   300
 2118     167   131    25    74
 2119      90   189    70   187
 2120      86   165    70    61
 2121      61   185    70    84
 2122     165   185    70    61
 2123      90   189   210   150
 2124     180   187    93    46
 2125     316   250   338   294
 2126      46   187    93    13
 2127     148   211   221   298
 2128     473   399   354   420
 2129     137    48   153   179
 2130      45    87   153    48
 2131     210   206   234   300
 2132     294   250   338   385
 2133     273   181   262   261
 2134      48     6   137   108
 2135     153   137   148    48
 2136     148    48    78    45
 2137     124   154     1    85
 2138     338   420   354   399
 2139     567   580   599   500
 2140     341   436   369   407
 2141     288   342   369   257
 2142     258   256   142   153
 2143     232   252   231   279
 2144     179    48   153    87
 2145     473   420   354   430
 2146     180   187   137    93
 2147     210   150   137     6
 2148     108     6   137   150
 2149      93    13   137    48
 2150      93   187   137    13
 2151     385   337   351   486
 2152     429   396   448   352
 2153     372   430   340   318
 2154     341   407   369   342
 2155     592   686   659   724
 2156     476   473   430   420
 2157     258   256   225   142
 2158     153   256   318   258
 2159     210   300   303   288
 2160     982   946   955   885
 2161     148    45    78   112
 2162     148   110    78   137
 2163     160   186   127   164
 2164     142   112    62    45
 2165     893   971   966   970
 2166     262   151   191   223
 2167      34    85   127    40
 2168     186    21   160    92
 2169     150   151   162    96
 2170     196   132   212   164
 2171      40    85   127   176
 2172     361   417   466   318
 2173     285   189   257   288
 2174     231   160   191   143
 2175     292   431   472   357
 2176     318   430   466   372
 2177     160   211   162   113
 2178     210   150   162   137
 2179     257   344   336   342
 2180     137   110    78   108
 2181     342   327   336   223
 2182     196   279   308   317
 2183     151   181   262   144
 2184      85     9     1   124
 2185     390   265   307   392
 2186      45    87    62   142
 2187      17    64    83   132
 2188     154   224   193   124
 2189     506   449   473   399
 2190     115    21   160   145
 2191     466   372   445   361
 2192     225   256   145   142
 2193     153   234   318   148
 2194     186   211   160   145
 2195     648   598   661   549
 2196     142   256   145   148
 2197     193   124   145    85
 2198     193   224   250   124
 2199     224   225   316   250
 2200     186   256   145   250
 2201     307   211   351   265
 2202     262   228   223   327
 2203      62     9   145   124
 2204     145   186    92    21
 2205     553   467   556   452
 2206     145    21    92    40
 2207     176   193   250   186
 2208     164   132    34    64
 2209     212   196   308   317
 2210     148   112   145   142
 2211     429   464   396   367
 2212     204   367   352   301
 2213     631   735   726   644
 2214     196    64    73   132
 2215     294   378   421   385
 2216     186   211   145   256
 2217      62   112   145     9
 2218       9   112   145    21
 2219     193   186   145   250
 2220     431   252   398   357
 2221     151   150   223   228
 2222     204    17    83   132
 2223     148    21   145   112
 2224     124   224   250   225
 2225     225   142   145   124
 2226     196   132    73    17
 2227      40   186    92   145
 2228     232   279   398   252
 2229     661   597   659   561
 2230     754   724   735   721
 2231     186   256   249   211
 2232     357   390   398   483
 2233     327   261   262   228
 2234      64    92   160    76
 2235     661   743   659   686
 2236      76    92   160    21
 2237      76    21   160   115
 2238     318   258   340   234
 2239     393   448   412   493
 2240     148   256   145   211
 2241     262   388   336   283
 2242      40     9   145    21
 2243      40    85   145     9
 2244     176    40   145   186
 2245     186   193   145   176
 2246     250   225   145   124
 2247     256   225   145   250
 2248      85    40   145   176
 2249     176   193   145    85
 2250      21   148   145   115
 2251     338   256   318   420
 2252     115    76    24   160
 2253      40    92   127    34
 2254     196    17    73   114
 2255     164   243   212   196
 2256     149    16    71   125
 2257     212   204   232   301
 2258     100   132   212   204
 2259     108   110    15   137
 2260     149   181    71    67
 2261     115   148   160   211
 2262     145   148   160   115
 2263     143    37   191    66
 2264      40   176   127   186
 2265     177    64   164   160
 2266     219   186   127   176
 2267      34   132    83    64
 2268     352   448   412   393
 2269     204   190   232   252
 2270     186   164   243   219
 2271     219   249   243   186
 2272     196   204   212   132
 2273      34    64   127   164
 2274      64   160   127   164
 2275      64    92   127   160
 2276     177    64   196   164
 2277      96    66   191    37
 2278      76    64    73   177
 2279     395   460   361   436
 2280      68    35    66   144
 2281     196   204   232   212
 2282     446   337   315   385
 2283     249   279   196   177
 2284     243   279   196   249
 2285     186   164   196   243
 2286     186   249   196   177
 2287     243   249   196   186
 2288     164   160   196   177
 2289     186   160   196   164
 2290     186   177   196   160
 2291     204   135   212   100
 2292     667   694   639   554
 2293     219   249   315   243
 2294     396   301   317   352
 2295     204   252   232   290
 2296     421   378   477   449
 2297     459   429   352   398
 2298      17   204   232   196
 2299      17   114   232   204
 2300     196   114   232    17
 2301      73    76   143   113
 2302      73   114   143   196
 2303     113    76   143   177
 2304      66    73   143   113
 2305     190   204   232   170
 2306     357   265   390   336
 2307      71   144    96    35
 2308     262   327   336   388
 2309     265   191   336   283
 2310      54   151    96    71
 2311     144    68   143    66
 2312     150    95    15   108
 2313     150    54    15    95
 2314      76   177   113   160
 2315     151   181    71   149
 2316     181   144    71    35
 2317     151   144    71   181
 2318      66    68   143   114
 2319     115   211    24   148
 2320     148    78    24   115
 2321     148   110    24    78
 2322      96   144   191    66
 2323      37   110   162    15
 2324     285   150   257   189
 2325     257   342   223   285
 2326     223   327   336   262
 2327     258   234   318   153
 2328     191   262   336   283
 2329     357   265   283   231
 2330     191   223   336   262
 2331     341   342   369   288
 2332     177   196   143   232
 2333     113   160   191   162
 2334     143   160   191   113
 2335     502   448   393   493
 2336     256   298   318   351
 2337     262   388   283   292
 2338     231   144   283   252
 2339     317   352   448   396
 2340     257   210   162   221
 2341     162   150   223   151
 2342     137   150   162    15
 2343     210   137   162   221
 2344     191   143   283   231
 2345     450   508   472   388
 2346     232   279   317   352
 2347     327   388   262   261
 2348     586   694   618   653
 2349     148   137   221   110
 2350     262   292   191   144
 2351     298   211   221   265
 2352     261   181   262   151
 2353     283   388   336   357
 2354     257   342   336   223
 2355     265   160   231   177
 2356     221   137   162   110
 2357      15    96   162    37
 2358     221   110   162   211
 2359     273   292   262   144
 2360     160   177   265   211
 2361     232   279   231   177
 2362     336   265   392   344
 2363     144   143   283   191
 2364     144   231   283   143
 2365     144   190   143    68
 2366     262   144   191   151
 2367      73   177   143    76
 2368     232   196   143   114
 2369      54    96   162    15
 2370      54   150   162    96
 2371      15   150   162    54
 2372      24   110   162   113
 2373      24   211   162   110
 2374     113   211   162    24
 2375     257   285   223   150
 2376     495   493   486   412
 2377     228   150   223   285
 2378     298   417   392   344
 2379     143    66   191   144
 2380     231   160   143   177
 2381     459   431   398   483
 2382     113   177   143   160
 2383     357   265   336   283
 2384     113    37   143    66
 2385     231   252   398   279
 2386      68    97   143   114
 2387     190    97   143    68
 2388     190   114   143    97
 2389     144   252   143   190
 2390     231   252   143   144
 2391     357   336   390   392
 2392     312   234   303   318
 2393     232   252   143   231
 2394     232   190   143   252
 2395     170   190   143   232
 2396     170   114   143   190
 2397     472   450   483   508
 2398     385   446   421   315
 2399     294   219   315   323
 2400     232   114   143   204
 2401     170   204   143   114
 2402     232   204   143   170
 2403     392   336   390   265
 2404     231   279   398   357
 2405     315   294   421   385
 2406     300   210   303   234
 2407     312   300   303   234
 2408     317   352   308   393
 2409     177   211   307   265
 2410     415   388   336   327
 2411     415   327   336   342
 2412     223   221   336   257
 2413     221   265   336   344
 2414     221   344   336   257
 2415     191   265   336   162
 2416     191   162   336   223
 2417     223   162   336   221
 2418     265   221   336   162
 2419     605   554   514   515
 2420     357   252   398   231
 2421     651   706   650   656
 2422     450   388   472   336
 2423     431   429   398   367
 2424     459   429   523   448
 2425     344   336   450   392
 2426     436   300   361   395
 2427     592   597   724   680
 2428     445   460   519   466
 2429     881   910   868   953
 2430     592   495   576   548
 2431     631   548   576   587
 2432     493   446   393   502
 2433     317   279   308   352
 2434     493   446   412   393
 2435     336   388   472   357
 2436     651   719   650   706
 2437     898   926   932   991
 2438     342   415   450   336
 2439     336   344   450   342
 2440     300   288   361   303
 2441     415   407   450   496
 2442     312   300   361   303
 2443     303   417   361   318
 2444     472   357   483   336
 2445     232   301   317   212
 2446     221   344   303   298
 2447     483   390   398   495
 2448     337   393   412   446
 2449     483   495   398   459
 2450     392   357   483   390
 2451     450   357   483   392
 2452     392   495   483   450
 2453     392   390   483   495
 2454     193   224   294   250
 2455     461   496   599   509
 2456     773   828   870   862
 2457     636   544   600   650
 2458     754   721   735   644
 2459     862   966  1001   929
 2460     398   367   352   252
 2461     204   301   352   232
 2462     529   578   647   523
 2463     592   493   574   561
 2464     592   597   574   659
 2465     453   375   396   367
 2466     296   367   396   375
 2467     301   367   396   296
 2468     398   252   352   232
 2469     204   290   352   367
 2470     232   290   352   204
 2471     232   252   352   290
 2472     367   290   352   252
 2473     232   196   317   279
 2474     212   196   317   232
 2475     352   459   448   429
 2476     308   279   412   352
 2477     506   597   477   561
 2478     493   578   502   448
 2479     448   429   523   464
 2480     308   393   412   337
 2481     390   357   307   265
 2482     493   448   412   459
 2483     317   352   393   448
 2484     390   495   412   459
 2485     554   593   476   515
 2486     399   316   338   378
 2487     337   390   412   307
 2488     754   721   798   724
 2489     279   249   307   177
 2490     231   265   307   357
 2491     307   390   412   279
 2492     493   446   502   561
 2493     351   298   318   417
 2494     337   390   486   412
 2495     412   390   486   495
 2496     392   390   351   307
 2497     486   337   351   390
 2498     307   279   412   337
 2499     390   459   412   398
 2500     476   593   639   515
 2501     219   186   315   249
 2502     318   256   354   258
 2503     837   885   815   876
 2504     231   279   307   177
 2505     231   177   307   265
 2506     357   279   307   231
 2507     390   279   307   357
 2508     308   352   412   393
 2509     337   279   412   308
 2510     398   459   412   352
 2511     265   211   351   298
 2512     160   249   307   211
 2513     177   249   307   160
 2514     160   211   307   177
 2515     398   279   412   390
 2516     249   186   315   250
 2517     493   459   412   495
 2518     486   561   385   446
 2519     392   265   351   298
 2520     486   420   385   506
 2521     385   420   399   506
 2522     486   446   385   493
 2523     493   597   486   561
 2524     176   193   294   250
 2525     308   243   337   279
 2526     249   279   337   243
 2527     520   598   549   477
 2528     598   613   770   686
 2529     486   412   385   337
 2530     493   412   385   486
 2531     412   493   385   446
 2532     412   446   385   337
 2533     385   378   421   449
 2534     294   224   309   250
 2535     337   307   351   390
 2536     337   243   315   249
 2537     309   294   316   378
 2538     337   446   315   393
 2539     323   393   315   446
 2540     337   393   315   323
 2541     337   308   315   243
 2542     323   308   315   337
 2543     323   243   315   308
 2544     176   219   315   294
 2545     294   250   315   176
 2546     219   176   315   186
 2547     250   186   315   176
 2548     385   449   477   506
 2549     421   449   477   385
 2550     421   385   477   446
 2551     561   446   477   385
 2552     521   629   611   598
 2553     794   876   888   869
 2554     385   486   477   561
 2555     506   486   477   385
 2556     506   561   477   486
 2557     250   294   316   309
 2558     399   385   338   420
 2559     338   385   351   420
 2560     351   420   318   256
 2561     514   417   539   515
 2562     420   417   466   515
 2563     338   420   351   256
 2564     369   496   514   450
 2565     420   506   473   399
 2566     344   417   303   298
 2567     477   506   549   597
 2568     385   250   338   315
 2569     250   225   338   256
 2570     316   225   338   250
 2571     258   225   338   316
 2572     258   256   338   225
 2573     316   294   338   378
 2574     385   378   338   294
 2575     399   378   338   449
 2576     385   449   338   378
 2577     399   449   338   385
 2578     315   249   338   337
 2579     315   337   338   385
 2580     250   249   338   315
 2581     250   256   338   249
 2582     486   420   351   385
 2583     307   265   351   392
 2584     486   390   351   392
 2585     337   385   351   338
 2586     318   430   354   420
 2587     318   420   354   338
 2588     258   256   354   338
 2589     318   417   466   420
 2590     746   775   815   806
 2591     234   206   312   300
 2592     266   300   312   206
 2593     476   372   445   466
 2594     318   234   303   137
 2595     307   249   351   211
 2596     337   249   351   307
 2597     256   211   351   249
 2598     256   298   351   211
 2599     148   256   318   153
 2600     450   417   369   344
 2601     460   407   369   436
 2602     450   407   369   496
 2603     369   436   361   460
 2604     616   670   637   650
 2605     148   234   318   137
 2606     257   344   369   303
 2607     344   342   369   450
 2608     460   496   369   407
 2609     303   288   369   257
 2610     667   554   639   593
 2611     712   699   618   700
 2612     492   458   590   472
 2613     849   800   758   851
 2614     598   506   549   477
 2615     318   256   303   298
 2616     148   256   303   318
 2617     148   298   303   256
 2618     318   137   303   148
 2619     221   298   303   148
 2620     221   257   303   344
 2621     210   257   303   221
 2622     420   515   466   430
 2623     752   718   661   743
 2624     369   303   361   288
 2625     369   417   361   303
 2626    1013   856   942   943
 2627     420   430   466   318
 2628     221   148   303   137
 2629     221   137   303   210
 2630     450   415   369   407
 2631     342   415   369   450
 2632     342   407   369   415
 2633     562   607   585   588
 2634     361   372   445   312
 2635     312   395   445   361
 2636     466   554   445   515
 2637     491   460   445   395
 2638     436   341   361   300
 2639     369   341   361   436
 2640     369   288   361   341
 2641     300   341   361   288
 2642     514   554   586   460
 2643     430   476   466   372
 2644     430   515   466   476
 2645     476   515   445   554
 2646     466   515   445   476
 2647     361   460   445   466
 2648     361   395   445   460
 2649     752   869   850   817
 2650     873   899   833   798
 2651     623   640   755   652
 2652     752   686   661   598
 2653     539   597   603   613
 2654     680   649   603   613
 2655     680   597   603   592
 2656     552   672   623   586
 2657     885   946   882   876
 2658     917   984   985   832
 2659     690   689   738   730
 2660     649   515   539   613
 2661     690   708   810   738
 2662     509   462   558   442
 2663     891   963   924  1025
 2664     747   694   823   739
 2665     417   420   539   515
 2666     694   740   649   605
 2667     497   492   560   444
 2668     712   694   618   586
 2669     846   831   749   821
 2670     598   473   520   521
 2671     768   834   860   795
 2672     738   831   810   804
 2673     955   855   935   995
 2674     710   698   771   770
 2675     832   714   855   826
 2676     694   605   649   554
 2677     694   747   700   653
 2678     639   739   698   629
 2679     963   891   866   908
 2680     694   554   667   593
 2681     506   473   598   521
 2682     613   686   598   597
 2683     392   495   539   486
 2684     514   605   539   649
 2685     506   486   539   597
 2686     613   597   598   506
 2687     515   554   649   605
 2688     739   740   649   694
 2689     746   739   815   740
 2690     972  1008  1020   905
 2691     898   792   847   880
 2692     506   515   539   420
 2693     649   605   539   515
 2694     587   508   564   580
 2695     680   597   724   686
 2696     592   686   724   597
 2697     743   721   659   724
 2698     724   686   659   743
 2699     817   686   724   752
 2700     752   743   724   817
 2701     752   686   724   743
 2702     882   740   787   815
 2703     648   598   698   710
 2704     523   448   529   493
 2705     580   508   564   500
 2706     486   420   539   392
 2707     506   420   539   486
 2708     486   495   603   592
 2709     605   554   586   514
 2710     392   420   539   417
 2711     450   392   539   417
 2712     495   392   539   450
 2713     614   649   603   665
 2714     476   515   639   521
 2715     629   515   639   613
 2716     613   515   639   649
 2717     649   515   639   554
 2718     649   554   639   694
 2719     649   739   639   613
 2720     694   739   639   649
 2721     694   667   639   739
 2722     506   473   520   598
 2723     521   515   598   506
 2724     613   506   598   515
 2725     521   629   598   515
 2726     613   515   598   629
 2727     493   578   523   592
 2728     710   598   752   648
 2729     659   578   574   592
 2730     597   561   549   477
 2731     743   817   798   724
 2732     752   648   661   628
 2733     628   648   549   533
 2734     770   698   771   739
 2735     598   686   698   710
 2736     951  1009   930   864
 2737     704   735   783   724
 2738    1008   905   972   873
 2739     972   905  1020   923
 2740     718   648   752   628
 2741     477   378   533   449
 2742     739   694   823   740
 2743     752   817   833   743
 2744     629   613   698   598
 2745     611   598   698   648
 2746     611   629   698   598
 2747     752   743   833   718
 2748     710   648   752   718
 2749     628   718   661   752
 2750     752   817   850   833
 2751     770   752   771   710
 2752     564   514   552   496
 2753     752   743   661   686
 2754     628   648   661   549
 2755     533   449   549   477
 2756     520   449   549   533
 2757     520   477   549   449
 2758     611   520   549   533
 2759     611   598   549   520
 2760     648   611   549   533
 2761     648   598   549   611
 2762     631   728   711   651
 2763     659   721   647   592
 2764     597   561   661   549
 2765     773   754   870   828
 2766     598   597   661   549
 2767     598   686   661   597
 2768     770   739   876   837
 2769     527   573   599   567
 2770     486   493   592   597
 2771     495   493   592   486
 2772     613   597   603   680
 2773     774   856   852   839
 2774     500   492   580   508
 2775     643   725   662   647
 2776     523   592   548   459
 2777     879   907   840   796
 2778     698   739   770   613
 2779     483   431   548   459
 2780     828   923  1001   893
 2781     457   453   526   367
 2782     649   739   746   740
 2783     832   885   901   917
 2784     885   876   882   815
 2785     532   631   600   651
 2786     735   647   662   725
 2787     750   693   766   702
 2788     495   483   548   459
 2789     592   578   647   659
 2790     704   746   783   806
 2791     718   752   850   833
 2792     497   560   555   545
 2793    1020   996   876   939
 2794     812   838   799   890
 2795     459   448   523   493
 2796     614   514   576   539
 2797     650   705   616   670
 2798     487   507   616   513
 2799     539   486   603   597
 2800     526   499   636   595
 2801     587   472   532   483
 2802     605   514   614   649
 2803     646   580   674   599
 2804     649   605   672   614
 2805     647   754   735   644
 2806     680   739   746   649
 2807     841   893   997   897
 2808     650   513   616   544
 2809     601   606   681   569
 2810     687   638   583   595
 2811     692   693   636   568
 2812     606   595   636   693
 2813     600   507   528   532
 2814     616   507   636   544
 2815     725   735   716   662
 2816     798   828   870   754
 2817     828   783   873   905
 2818     606   457   569   526
 2819     600   532   528   548
 2820     647   523   662   643
 2821     529   523   647   643
 2822     751   674   731   769
 2823     500   496   599   461
 2824     780   791   742   844
 2825     647   592   644   578
 2826     523   578   644   592
 2827     647   578   644   523
 2828     647   754   644   721
 2829     647   721   644   592
 2830     681   716   750   601
 2831     592   721   644   724
 2832     798   817   833   873
 2833     763   706   731   717
 2834     662   644   631   523
 2835     796   826   731   769
 2836     711   719   664   600
 2837     644   592   631   548
 2838     548   523   631   644
 2839     649   665   746   704
 2840     680   649   746   704
 2841     694   605   712   672
 2842     625   706   731   656
 2843     717   706   731   625
 2844     735   644   631   662
 2845     905   885   837  1020
 2846     452   463   555   370
 2847     786   706   650   719
 2848     592   493   548   459
 2849     495   493   548   592
 2850     495   459   548   493
 2851     840   872   763   854
 2852     631   665   726   676
 2853     704   665   726   631
 2854     527   500   599   573
 2855     646   707   596   748
 2856     567   451   596   540
 2857     849   790   758   792
 2858     691   790   758   753
 2859     496   450   564   514
 2860     942   977   853   969
 2861     614   587   576   564
 2862     758   765   819   851
 2863     560   580   632   567
 2864     950   899   972   988
 2865     644   724   704   592
 2866     724   644   704   735
 2867     614   450   576   514
 2868     724   721   798   743
 2869     778   845   768   867
 2870     916   892   962  1026
 2871     539   649   614   514
 2872     587   548   576   483
 2873     514   460   552   496
 2874     495   486   603   539
 2875     674   769   751   714
 2876     450   415   564   508
 2877     558   509   552   462
 2878     587   450   564   508
 2879     495   483   576   548
 2880     539   514   576   450
 2881     564   450   576   614
 2882     815   775   787   855
 2883     832   775   885   855
 2884     592   548   576   631
 2885     750   719   664   711
 2886     815   740   787   775
 2887     539   450   576   495
 2888     916   845   835   962
 2889     587   665   714   614
 2890     631   676   576   665
 2891     587   676   576   631
 2892     442   575   558   505
 2893     631   644   576   592
 2894     885   946   876   837
 2895     564   614   672   605
 2896     680   592   704   724
 2897     653   694   618   700
 2898    1008   869   850   989
 2899     907   824   796   826
 2900     632   540   668   625
 2901     603   680   704   649
 2902     603   649   704   665
 2903     576   665   704   631
 2904     603   665   704   576
 2905     576   631   704   644
 2906     603   592   704   680
 2907     694   605   672   740
 2908     558   575   654   652
 2909     576   592   704   603
 2910     576   644   704   592
 2911     649   740   672   605
 2912     614   740   672   649
 2913     873   899   972   950
 2914     885   971   905   901
 2915     806   775   885   832
 2916     784   821   749   733
 2917     749   765   654   689
 2918     631   644   726   704
 2919     649   665   775   746
 2920     704   644   726   735
 2921     832   816   806   775
 2922     516   455   591   565
 2923     587   676   714   665
 2924     605   514   552   564
 2925     527   451   567   444
 2926     461   573   527   522
 2927     787   882   857   846
 2928     722   800   758   792
 2929     746   740   775   649
 2930     803   828   773   862
 2931     728   726   816   676
 2932     823   740   882   815
 2933     726   676   728   631
 2934     750   636   664   719
 2935     672   564   599   714
 2936     855   714   751   826
 2937     826   714   751   769
 2938     815   876   882   823
 2939     795   707   768   778
 2940     735   754   773   828
 2941     433   500   527   461
 2942     876   770   794   739
 2943     704   724   783   746
 2944     803   725   773   735
 2945     846   882   875   823
 2946     846   924  1018   857
 2947     454   510   517   501
 2948     911   978  1013  1002
 2949     691   599   646   685
 2950     672   714   755   787
 2951     851   765   819   846
 2952     820   879   903   853
 2953     901   970   985   971
 2954     905   817   873  1008
 2955     614   649   775   740
 2956     665   649   775   614
 2957     982   885   901   971
 2958     614   672   775   714
 2959     614   740   775   672
 2960     832   816   775   769
 2961     876   869   794   771
 2962     834   974   868   952
 2963     714   676   775   665
 2964     769   676   775   714
 2965     816   676   775   769
 2966     816   665   775   676
 2967     982   995   917   885
 2968     738   804   810   690
 2969     471   518   562   607
 2970     846   831   851   765
 2971     775   672   787   714
 2972     712   699   749   640
 2973     775   714   787   855
 2974     598   686   770   698
 2975     647   754   773   735
 2976     746   665   806   704
 2977     775   665   806   746
 2978     726   704   806   665
 2979     775   816   806   665
 2980     726   665   806   816
 2981    1016   822   892   889
 2982     855   832   917   885
 2983     855   995   917   832
 2984     885   995   917   855
 2985     650   513   637   616
 2986     796   719   809   728
 2987     832   984   990   917
 2988     917   995   990   832
 2989     974   937   834   884
 2990     735   828   773   803
 2991     917   832   985   901
 2992     681   606   664   702
 2993     897   848   922   957
 2994     728   816   796   769
 2995     769   676   796   728
 2996     783   746   837   806
 2997     783   806   837   905
 2998     893   923   966   971
 2999    1008   817   939   905
 3000     601   643   681   716
 3001     961   977   903   960
 3002    1008   869   939   817
 3003     862   828   841   803
 3004     823   739   815   876
 3005     735   754   828   724
 3006     750   735   711   662
 3007     973   977   872   942
 3008     763   872   764   854
 3009     636   705   766   693
 3010     662   735   711   631
 3011     774   776   764   856
 3012    1001   899   972   873
 3013     828   735   783   726
 3014    1008   817   850   869
 3015     901   816   828   806
 3016     893   816   828   901
 3017     771   739   794   770
 3018     873   923   972  1001
 3019     639   667   794   739
 3020     613   680   770   686
 3021     631   726   711   728
 3022     852   839  1029   802
 3023     828   724   783   735
 3024     907   973   928   879
 3025     716   750   813   762
 3026     899   988   870  1001
 3027     688   723   802   801
 3028    1001   862   870   828
 3029     762   861   883   807
 3030     820   861   897   750
 3031     820   750   897   841
 3032     762   861   848   883
 3033     893   970   928   907
 3034     997   897   960   957
 3035     726   735   783   704
 3036     698   613   770   598
 3037     752   710   770   686
 3038     726   704   783   806
 3039     870   798   873   828
 3040    1001   988   972   899
 3041     873   817   833  1008
 3042     724   817   770   686
 3043    1001   988   870   929
 3044    1001   929   870   862
 3045     828   726   783   816
 3046     806   816   783   726
 3047     828   816   783   806
 3048     798   817   873   724
 3049     783   828   873   724
 3050    1008   873   950   833
 3051     828   806   783   901
 3052     739   680   770   613
 3053     971   923  1020   905
 3054     787   823   712   740
 3055     548   483   532   431
 3056     939   905  1020  1008
 3057     783   901   905   828
 3058     901   806   905   885
 3059     783   806   905   901
 3060     918   869   888   876
 3061     899   798   873   870
 3062     806   885   837   905
 3063    1008   873   972   950
 3064     893   923   905   828
 3065     828   901   905   893
 3066     893   971   905   923
 3067     901   971   905   893
 3068     815   855   882   885
 3069     770   739   837   746
 3070     724   746   837   783
 3071     798   724   873   828
 3072    1001   899   873   870
 3073     870   828   873  1001
 3074     828   923   873  1001
 3075     905   923   873   828
 3076     680   739   770   746
 3077     939   996   876   918
 3078     724   680   770   746
 3079     724   686   770   680
 3080     908   863   886   987
 3081     770   817   876   869
 3082    1020   946   876   996
 3083     876   864   882   823
 3084     939   869   876   817
 3085     749   846   819   765
 3086     837   817   876   770
 3087     939   817   876   837
 3088    1018   857   935   965
 3089     720   658   619   691
 3090     739   667   794   747
 3091     694   605   586   712
 3092     752   718   850   710
 3093     752   710   850   869
 3094     950  1008   850   989
 3095     950   833   850  1008
 3096     869   710   771   752
 3097     770   869   771   817
 3098     752   817   771   869
 3099     770   817   771   752
 3100    1008   869   958   939
 3101     989   869   958  1008
 3102     864   747   823   794
 3103     958   869   918   939
 3104     784   733   749   700
 3105     618   554   519   586
 3106     971   885  1020   982
 3107     905   885  1020   971
 3108     982   885  1020   946
 3109     918   869   876   939
 3110     837   946   876  1020
 3111     698   739   794   771
 3112     939   817   837   905
 3113     771   770   794   876
 3114     885   946   837  1020
 3115     770   724   837   817
 3116     905   817   837   873
 3117     873   783   837   905
 3118     876   946   930   996
 3119     804   831   887   793
 3120     873   817   837   724
 3121     873   724   837   783
 3122     823   740   815   739
 3123     837  1020   876   905
 3124     939   905   876  1020
 3125     837   905   876   939
 3126     694   740   712   823
 3127     876   739   815   837
 3128     837   746   815   806
 3129     837   739   815   746
 3130     806   775   815   885
 3131     876   996   930   918
 3132     882   885   955   946
 3133     889  1016  1026   892
 3134     806   885   815   837
 3135     470   471   524   442
 3136     746   740   815   775
 3137     445   554   519   476
 3138     823   747   784   694
 3139     932   800   880   863
 3140     846   949   851   924
 3141     784   700   749   712
 3142     794   747   823   739
 3143     794   739   823   876
 3144     864   888   823   876
 3145     794   888   823   864
 3146     794   876   823   888
 3147     755   855   857   787
 3148     876   888   930   864
 3149     876   864   930   882
 3150     823   846   749   784
 3151     826   832   919   855
 3152     876   918   930   888
 3153     888   918   930  1015
 3154     823   747   875   784
 3155    1011  1028   878   859
 3156     882   965  1009   955
 3157     955   946  1009   882
 3158     586   491   536   460
 3159     784   747   700   694
 3160     882   946   930   876
 3161    1009   946   930   882
 3162     423   442   524   491
 3163     720   790   691   748
 3164     729   663   624   738
 3165     908   831   851   846
 3166     564   580   674   587
 3167     653   554   519   618
 3168     558   652   654   640
 3169     684   765   800   738
 3170     775   740   787   672
 3171     815   855   787   882
 3172     640   765   654   749
 3173     823   740   787   882
 3174     891  1027   924   963
 3175     947   877   999  1024
 3176     491   460   519   445
 3177     759   767   675   792
 3178     658   559   619   522
 3179     990   826   919   889
 3180     924  1025   846   908
 3181     846   823   875   784
 3182     924   949   851  1025
 3183    1009   882   846   965
 3184     949   863   851   908
 3185     653   593   519   554
 3186     863   831   851   908
 3187    1025   908   924   891
 3188     863   765   851   831
 3189     908   891   821   846
 3190     851   863   880   800
 3191     924   908   846   891
 3192     826   855   822   751
 3193     558   640   654   536
 3194     640   652   654   765
 3195     608   586   640   699
 3196     586   460   519   491
 3197     849   792   847   790
 3198     846   831   821   908
 3199     846  1025   851   908
 3200     847   944  1024  1000
 3201     880   792   847   849
 3202     859   800   932  1028
 3203     414   489   522   410
 3204     784   891   875   846
 3205     738   765   800   863
 3206     908   891   866   821
 3207     908   831   886   863
 3208     821   793   866   831
 3209     821   831   866   908
 3210     866   793   887   831
 3211    1017   908   887   987
 3212     712   605   586   672
 3213     738   654   684   765
 3214     740   694   712   672
 3215     740   672   712   787
 3216     607   575   534   471
 3217     607   657   588   562
 3218     846  1009   875   882
 3219    1009   864   875   882
 3220     951   864   875  1009
 3221    1027   951   875  1009
 3222     891   924   875   846
 3223     924  1027   875  1009
 3224     891  1027   875   924
 3225     846   965   875  1009
 3226     924   965   875   846
 3227     924  1009   875   965
 3228     586   554   519   460
 3229     653   554   586   694
 3230     699   700   749   733
 3231     712   700   618   694
 3232     823   784   749   712
 3233     653   554   618   586
 3234     729   609   624   663
 3235     690   654   738   689
 3236     623   672   755   712
 3237     787   846   712   823
 3238     536   575   654   558
 3239     586   699   618   712
 3240     466   554   519   445
 3241     559   455   591   522
 3242     700   694   712   784
 3243     442   379   524   470
 3244     826   889   822   855
 3245     423   379   524   442
 3246     442   505   558   422
 3247     442   462   536   436
 3248     847   898   829   792
 3249     784   694   712   823
 3250     466   460   519   554
 3251     599   672   623   564
 3252     904   973   993   907
 3253     558   573   623   599
 3254     573   527   646   567
 3255     452   497   555   545
 3256     640   558   623   552
 3257     599   564   623   552
 3258     460   491   536   436
 3259     749   733   730   689
 3260     749   689   654   608
 3261     470   471   534   524
 3262     652   765   684   654
 3263     640   608   536   586
 3264     524   491   536   608
 3265     618   586   536   608
 3266     436   491   536   423
 3267     442   423   536   491
 3268     608   491   536   618
 3269     730   831   738   804
 3270     714   672   685   599
 3271     586   640   623   552
 3272     558   462   536   442
 3273     846   765   749   831
 3274     712   700   749   699
 3275    1016   855   935   857
 3276     436   423   536   442
 3277     558   442   536   575
 3278     749   831   730   793
 3279     524   575   536   471
 3280     442   471   536   575
 3281     524   471   536   442
 3282     821   831   749   793
 3283     821   793   749   733
 3284     822   855   857   755
 3285     691   748   619   720
 3286    1023   849   892   959
 3287     608   699   749   689
 3288     640   699   749   608
 3289     536   524   654   575
 3290     608   524   654   536
 3291     730   804   738   690
 3292     585   607   557   588
 3293     607   690   612   654
 3294     607   690   682   657
 3295     509   489   522   414
 3296     559   505   589   624
 3297     509   573   589   558
 3298     471   498   562   518
 3299     524   471   534   575
 3300     738   708   779   682
 3301     689   654   612   690
 3302     851   994   849   880
 3303     859   767   898   792
 3304     987  1028   878  1011
 3305     753   691   685   758
 3306     753   845   822   889
 3307     470   498   562   471
 3308     587   676   674   714
 3309     534   607   612   575
 3310     534   575   612   524
 3311     607   654   612   575
 3312     524   575   612   654
 3313     608   524   612   654
 3314     654   689   612   608
 3315     898   991   932  1005
 3316     682   607   663   738
 3317     498   607   557   585
 3318     682   557   663   607
 3319     505   575   589   518
 3320     522   489   589   559
 3321     562   498   557   518
 3322     607   498   557   562
 3323     562   518   557   607
 3324     498   443   557   518
 3325     490   518   557   443
 3326     443   386   557   490
 3327     498   386   557   443
 3328     738   690   682   607
 3329     558   573   589   652
 3330     792   800   880   898
 3331     505   509   589   558
 3332    1028   863   932   994
 3333    1016   889   919   855
 3334     624   575   589   684
 3335     663   738   729   682
 3336     902   845   835   867
 3337     804   831   886   887
 3338     866   908  1017   963
 3339     887   831   886   908
 3340     847   845  1023   849
 3341     785   729   767   800
 3342    1025   908   987   949
 3343     866   831   887   908
 3344    1007   912   987  1022
 3345    1011   859   926  1028
 3346    1017   866   887   908
 3347     779   738   810   708
 3348     738   863   810   831
 3349     886   831   810   863
 3350     987   912   886  1022
 3351     607   575   624   684
 3352     932   863   880   994
 3353     646   707   632   596
 3354     987  1017   886   887
 3355     987  1022   886  1017
 3356     512   427   541   490
 3357     859  1028   932   926
 3358     729   738   785   682
 3359     800   863  1028   859
 3360     974   937   952   834
 3361     800   859   785   738
 3362     682   738   785   779
 3363     454   510   531   594
 3364     949   863   994   851
 3365     810   779   785   738
 3366     805   779   785   810
 3367    1028   863   878   859
 3368     987   863   878  1028
 3369     886   912   878   894
 3370     886   863   878   987
 3371     886   894   878   810
 3372     810   863   878   886
 3373     894   805   878   810
 3374     738   863   878   810
 3375     810   805   878   785
 3376     800   859   878   863
 3377     738   859   878   800
 3378     800   863   878   738
 3379     785   859   878   738
 3380     785   738   878   810
 3381     855   889   919   826
 3382     880   932  1000   898
 3383     792   800   898   859
 3384     909   898   829   847
 3385     902   962   835   845
 3386     927   857  1016  1018
 3387     859   926   932   898
 3388     478   582   584   540
 3389    1005   968  1000   898
 3390     909   847   877  1024
 3391     849   845   892   790
 3392     829   898   759   792
 3393     736   748   744   778
 3394     767   792   759   898
 3395     454   594   546   517
 3396    1006   910  1014   945
 3397     715   825   799   818
 3398     616   513   530   487
 3399     658   573   691   652
 3400     684   800   758   722
 3401    1005   898  1000   932
 3402     551   455   591   503
 3403     987   863   994   908
 3404    1028   863   994   987
 3405     720   748   835   790
 3406     617   511   525   538
 3407     800   851   849   880
 3408     559   505   624   427
 3409     932   859   880   800
 3410     898   859   880   932
 3411     898   800   880   859
 3412     744   736   673   666
 3413     684   765   758   800
 3414     599   573   646   567
 3415     753   748   691   790
 3416     755   672   685   714
 3417     736   678   591   720
 3418     560   656   632   580
 3419     714   855   755   787
 3420     623   672   685   755
 3421     792   800   758   849
 3422     749   765   819   755
 3423     684   624   722   589
 3424     849   790   847   845
 3425    1024   968   925   909
 3426     910   952   868   953
 3427     880   847   909  1000
 3428     880   898   909   847
 3429    1000   898   909   880
 3430     736   748   835   720
 3431     881   811   741   868
 3432     522   573   658   589
 3433     722   675   658   624
 3434     877   902   910  1006
 3435     947   909   830   877
 3436     684   652   758   765
 3437     624   518   589   575
 3438     947   877   830   976
 3439     557   490   541   518
 3440     685   714   751   755
 3441     924   949   857   846
 3442     501   582   517   440
 3443     624   684   722   738
 3444     557   518   624   607
 3445     558   462   552   536
 3446     666   778   744   748
 3447     684   738   624   607
 3448     410   489   522   559
 3449     714   676   674   769
 3450     641   609   624   675
 3451     624   559   658   589
 3452     541   609   624   559
 3453     624   589   658   722
 3454     559   522   658   589
 3455     658   792   720   759
 3456     800   729   722   738
 3457     414   461   522   509
 3458     454   465   517   503
 3459     890   986   964   980
 3460     567   500   599   527
 3461     750   702   664   693
 3462     709   697   626   660
 3463     684   654   589   652
 3464     489   573   589   509
 3465     512   641   559   565
 3466     641   559   658   624
 3467     505   518   589   624
 3468     559   489   589   505
 3469     658   790   691   720
 3470     722   759   658   675
 3471     522   573   589   489
 3472     641   759   658   678
 3473     512   609   559   641
 3474     565   418   559   512
 3475     427   418   559   410
 3476     427   410   559   489
 3477     410   418   559   447
 3478     447   455   559   410
 3479     447   418   559   565
 3480     565   455   559   447
 3481     720   658   758   792
 3482     916   944   835   847
 3483     541   609   559   512
 3484     427   512   559   418
 3485     501   440   517   454
 3486     575   654   589   684
 3487     691   573   685   652
 3488     427   489   559   505
 3489     541   512   559   427
 3490     589   573   658   652
 3491     800   738   722   684
 3492     478   440   517   582
 3493     792   759   658   722
 3494     623   599   685   672
 3495     474   454   531   546
 3496     759   792   720   847
 3497     765   851   758   800
 3498     768   889   824   867
 3499     792   759   722   675
 3500     675   729   722   767
 3501     792   767   722   729
 3502     675   767   722   792
 3503     619   748   645   720
 3504     483   548   532   587
 3505     759   678   720   658
 3506     847   792   720   790
 3507     641   675   658   759
 3508     461   573   599   500
 3509     567   497   632   560
 3510     509   573   599   461
 3511     651   656   590   676
 3512     444   500   527   433
 3513     744   736   760   703
 3514     902   944   999  1024
 3515     451   444   527   433
 3516     674   714   751   685
 3517     522   433   527   461
 3518     599   567   646   580
 3519     599   714   674   685
 3520     567   580   632   646
 3521     479   433   527   522
 3522     589   652   758   684
 3523     658   652   758   589
 3524     599   652   685   573
 3525     758   652   685   755
 3526     755   652   685   623
 3527     623   652   685   599
 3528     599   564   674   714
 3529     758   691   685   652
 3530     527   444   567   500
 3531     596   540   632   567
 3532     472   431   532   483
 3533     527   451   596   567
 3534     500   492   567   580
 3535     500   444   567   492
 3536     586   460   552   514
 3537     586   514   552   605
 3538     496   462   552   509
 3539     536   460   552   586
 3540     462   496   552   460
 3541     640   652   623   558
 3542     558   573   599   509
 3543     552   558   623   599
 3544     599   573   623   652
 3545     558   652   623   573
 3546     685   646   751   674
 3547     599   580   674   564
 3548     436   460   552   536
 3549     436   462   552   460
 3550     536   462   552   436
 3551     889   855  1016   822
 3552     768   826   731   824
 3553     596   748   666   645
 3554     936   956  1019   884
 3555     573   619   646   527
 3556     560   492   590   580
 3557     851   849   819   758
 3558     990   832   919   826
 3559     959  1000  1023   880
 3560     712   640   755   623
 3561     751   753   822   889
 3562     846   965  1018   924
 3563    1026   889   933   990
 3564     751   714   822   755
 3565     857   855   935   882
 3566     751   855   822   714
 3567     955   882   935   855
 3568     787   846   755   749
 3569     749   640   755   712
 3570     749   712   755   787
 3571     640   765   755   652
 3572     749   765   755   640
 3573     573   691   646   619
 3574     555   670   637   616
 3575     544   590   532   651
 3576     965   882   935   955
 3577     751   889   822   826
 3578    1023   845   916   892
 3579     819   851   857   949
 3580     927   857  1018   949
 3581     819   755   857   846
 3582    1016   995   935   855
 3583     755   765   819   652
 3584     758   652   819   765
 3585     755   652   819   758
 3586     787   855   857   882
 3587     846   882   857   965
 3588     755   819   857   822
 3589     846   851   857   819
 3590    1000   944  1023   847
 3591     916   845   962   892
 3592     751   685   822   753
 3593     755   685   822   751
 3594     819   758   822   755
 3595     753   790   822   845
 3596    1023   944   916   847
 3597     685   755   822   758
 3598     685   758   822   753
 3599     790   753   822   758
 3600     758   849   822   790
 3601     819   849   822   758
 3602     924   949  1018   857
 3603    1016   855   919   995
 3604     849   790   892   822
 3605     847   845   916  1023
 3606    1016   857   935  1018
 3607     621   594   531   510
 3608     824   860   904   795
 3609     910   881   868   811
 3610     819   949   927   849
 3611     857   949   927   819
 3612     936   884   854   956
 3613     849   994   959   880
 3614     849   949   959   994
 3615     927   949   959   849
 3616     822   790   892   845
 3617     990   995   919   832
 3618     668   707   717   795
 3619     478   582   579   481
 3620     919   889  1026   990
 3621    1016   857   892   822
 3622     959   880  1023   849
 3623    1000   847  1023   880
 3624     849   880  1023   847
 3625     927   857   892  1016
 3626     819   822   892   857
 3627     819   849   892   822
 3628     819   857   892   927
 3629     927   849   892   819
 3630     902   916   999   944
 3631     953   952   868   974
 3632     834   795   768   778
 3633     919  1016  1026   889
 3634     748   845   835   790
 3635     892  1023  1026   916
 3636     892   959  1026  1023
 3637     927   959  1026   892
 3638     892  1016  1026   927
 3639     884   956  1019   974
 3640     580   656   590   560
 3641     596   707   666   748
 3642     854   956   904  1004
 3643     768   826   824   889
 3644     834   778   768   867
 3645     811   834   778   777
 3646     902   847   835   944
 3647     877   781   830   871
 3648     980   838   865   890
 3649     981   956   884   974
 3650     916   962   835   902
 3651     795   884   777   834
 3652     753   889   768   845
 3653     670   706   705   764
 3654     452   481   553   467
 3655     763   706   637   670
 3656     596   707   632   540
 3657     753   646   768   751
 3658     983   945   914   890
 3659     458   472   532   544
 3660     497   444   560   567
 3661     516   503   591   455
 3662     596   540   666   707
 3663     890   986   980   983
 3664     566   510   620   570
 3665     768   707   632   646
 3666     937   981   884   974
 3667     904   889   921   933
 3668     715   757   741   825
 3669     744   736   877   797
 3670     537   481   553   579
 3671     936   884  1019   842
 3672     535   467   553   537
 3673     962   981   867   937
 3674     596   567   632   646
 3675     567   444   560   492
 3676     892   845   867   889
 3677     834   937   902   867
 3678     890   818   825   914
 3679     478   465   517   356
 3680     551   522   591   455
 3681     668   777   660   683
 3682     860   795   824   768
 3683     625   540   668   579
 3684     691   748   768   646
 3685     778   707   768   748
 3686     751   889   768   753
 3687     777   683   668   707
 3688     646   748   768   707
 3689     720   790   835   847
 3690     600   528   664   601
 3691     753   845   768   748
 3692     937   962   902   867
 3693     867   834   860   768
 3694     892  1026   867   962
 3695     892   889   867  1026
 3696    1026   933   867   962
 3697    1026   889   867   933
 3698     877   736   835   847
 3699     847   845   835   916
 3700     867   889   860   933
 3701     774   764   696   705
 3702     454   440   517   356
 3703     884   981   860   956
 3704     834   884   860   795
 3705     768   867   824   860
 3706     732   626   679   627
 3707     617   538   525   610
 3708     596   540   551   584
 3709     867   933   860   981
 3710     703   669   673   604
 3711     590   472   532   587
 3712     937   884   860   834
 3713     937   981   860   884
 3714     867   981   860   937
 3715     867   937   860   834
 3716     587   676   590   656
 3717     651   676   590   587
 3718     560   458   590   492
 3719     973   943   872  1004
 3720     907   984   921   990
 3721     872   904   840   973
 3722     715   683   799   741
 3723     795   777   717   668
 3724     594   683   655   582
 3725     646   619   596   527
 3726     842   906  1010   895
 3727     530   616   568   610
 3728     660   626   732   627
 3729     786   774   705   764
 3730     527   567   596   646
 3731     670   717   637   763
 3732     732   683   799   812
 3733     777   707   668   795
 3734     902   944   835   916
 3735     697   635   626   660
 3736     479   540   596   451
 3737     479   451   596   527
 3738     555   513   637   650
 3739     632   560   637   656
 3740     560   625   637   555
 3741     632   656   637   625
 3742     584   594   517   655
 3743     497   428   545   452
 3744     478   428   579   540
 3745     481   428   579   478
 3746     497   428   579   545
 3747     497   540   579   428
 3748     545   540   579   497
 3749     818   772   799   715
 3750     452   428   579   481
 3751     545   428   579   452
 3752     527   522   596   479
 3753     619   522   596   527
 3754     759   847   736   829
 3755     516   565   591   602
 3756     645   748   666   736
 3757     691   619   596   646
 3758     691   748   596   619
 3759     646   748   596   691
 3760     479   465   551   478
 3761     760   736   797   829
 3762     660   668   671   737
 3763     501   510   517   594
 3764     778   845   835   748
 3765     778   748   666   707
 3766     668   632   717   707
 3767     625   632   717   668
 3768     615   670   556   616
 3769     580   472   590   587
 3770     587   656   590   580
 3771     600   650   664   636
 3772     544   472   532   590
 3773     632   768   717   707
 3774     795   707   717   768
 3775     619   658   645   559
 3776     720   658   645   619
 3777     546   594   531   604
 3778     432   455   516   447
 3779     356   465   517   454
 3780     666   748   744   736
 3781     474   503   546   547
 3782     465   455   551   503
 3783     454   594   517   510
 3784     668   707   666   540
 3785     778   707   666   777
 3786     777   707   666   683
 3787     668   683   666   707
 3788     697   709   732   660
 3789     517   503   546   454
 3790     736   829   760   678
 3791     736   602   673   591
 3792     591   547   673   503
 3793     517   503   551   584
 3794     584   478   551   465
 3795     715   772   727   818
 3796     642   630   727   715
 3797     584   540   551   478
 3798     584   465   551   517
 3799     666   668   584   683
 3800     582   683   584   668
 3801     540   668   584   666
 3802     546   517   604   503
 3803     703   736   673   744
 3804     596   540   584   666
 3805     503   455   516   432
 3806     720   645   591   736
 3807     668   579   584   582
 3808     540   579   584   668
 3809     540   582   584   579
 3810     559   565   591   455
 3811     736   678   760   703
 3812     479   455   551   465
 3813     522   455   551   479
 3814     619   596   551   645
 3815     619   522   551   596
 3816     645   522   551   619
 3817     645   658   591   559
 3818     551   645   591   522
 3819     604   594   669   655
 3820     962   845   902   867
 3821     703   547   673   602
 3822     635   594   741   715
 3823     843   788   825   881
 3824     475   484   535   469
 3825     945   881   890   986
 3826     678   658   591   720
 3827     658   678   591   641
 3828     658   641   591   559
 3829     641   565   591   559
 3830     641   678   591   565
 3831     516   547   591   503
 3832     602   547   591   516
 3833     703   744   673   781
 3834     485   424   531   454
 3835     703   781   760   744
 3836     666   655   673   744
 3837     703   602   673   736
 3838     788   871   757   881
 3839     871   976   830   877
 3840     591   602   673   547
 3841     760   781   797   744
 3842     847  1024   902   877
 3843     947  1024   925   877
 3844     744   736   797   760
 3845     847   944   902  1024
 3846     736   645   673   666
 3847     591   645   673   736
 3848     551   645   673   591
 3849     551   666   673   645
 3850     551   584   673   666
 3851     655   666   673   584
 3852     591   503   673   551
 3853     604   503   673   547
 3854     551   503   673   584
 3855     604   517   673   503
 3856     655   517   673   604
 3857     517   584   673   503
 3858     655   584   673   517
 3859     761   788   621   757
 3860     829   847   877   909
 3861     620   566   635   542
 3862     797   736   877   829
 3863     847   829   877   736
 3864    1024   877   999   902
 3865     962   916   999   902
 3866     778   744   835   902
 3867     877   847   835   902
 3868     937   962   999   902
 3869     720   847   835   736
 3870    1006   902   910   952
 3871     867   845   835   778
 3872     778   811   902   834
 3873     890   838   799   818
 3874     877   811   910   902
 3875    1006   976  1014   910
 3876     777   732   842   737
 3877     744   811   902   778
 3878     877   811   902   744
 3879     811   881   871   910
 3880     911   934  1013   978
 3881     902   834   952   937
 3882     902   937   952   999
 3883     778   736   835   744
 3884     902   867   835   834
 3885     778   834   835   867
 3886     902   834   835   778
 3887     877   744   835   736
 3888     902   744   835   877
 3889     910   976   871   877
 3890     910   811   868   834
 3891     655   594   741   683
 3892     952   999  1006   902
 3893     877   902  1006   999
 3894     999   947  1006   877
 3895     976   877  1006   947
 3896     881   757   799   741
 3897     902   811   910   834
 3898     812   772   799   838
 3899     890   914   825   843
 3900     843   788   761   825
 3901     872   973   840   879
 3902     630   542   635   566
 3903     877   811   871   910
 3904     877   781   871   811
 3905     877   909   830   829
 3906     797   744   830   877
 3907     797   781   830   744
 3908     877   811   830   781
 3909     744   811   830   877
 3910     744   781   830   811
 3911     757   825   715   761
 3912     761   825   727   756
 3913     454   424   531   510
 3914     986   881   890   868
 3915     812   683   799   697
 3916     741   683   799   777
 3917     844   920  1013   934
 3918     871   910  1014   976
 3919     945   881   953   910
 3920     881   871  1014   915
 3921     881   910  1014   871
 3922     906   789   895   812
 3923     811   881   757   871
 3924     825   756   761   843
 3925     945   910   953  1006
 3926     952  1006   953   910
 3927     818   983   914   890
 3928     825   881   799   890
 3929     945   881   986   953
 3930     854   808   780   737
 3931     902   952   868   910
 3932     902   834   868   952
 3933     910   834   868   902
 3934     757   788   621   669
 3935     621   510   620   594
 3936     621   604   531   594
 3937     744   655   741   666
 3938     812   777   799   732
 3939     983   838   890   818
 3940     945   986   890   983
 3941     538   511   525   468
 3942     655   757   741   715
 3943     761   756   727   713
 3944     635   683   799   715
 3945     777   811   741   778
 3946     843   881   825   945
 3947     717   795   737   777
 3948     812   890   865   838
 3949     868   811   741   777
 3950     788   881   757   825
 3951     914   756   843   954
 3952     914   954   843  1021
 3953     914  1021   843   945
 3954     914   945   843   890
 3955     945  1021   843   915
 3956     915   881   843   945
 3957     881   871   843   788
 3958     915   871   843   881
 3959     890   945   825   881
 3960     843   945   825   890
 3961     757   621   715   620
 3962     501   504   542   537
 3963     485   510   570   621
 3964     914   756   825   843
 3965     914   818   825   756
 3966     635   630   626   537
 3967     669   594   757   655
 3968     788   825   757   761
 3969     620   594   715   757
 3970     635   683   741   594
 3971     871   781   757   811
 3972     788   781   757   871
 3973     454   594   531   546
 3974     655   744   757   673
 3975     777   868   799   741
 3976     635   582   660   683
 3977     713   642   727   715
 3978     744   781   757   673
 3979     744   811   757   781
 3980     703   669   757   673
 3981     703   781   757   669
 3982     673   781   757   703
 3983     474   403   531   454
 3984     757   811   741   881
 3985     642   630   635   620
 3986     566   510   542   501
 3987     744   778   741   811
 3988     501   510   620   566
 3989     504   577   630   537
 3990     655   683   741   666
 3991     582   683   635   594
 3992     537   542   635   630
 3993     715   594   741   655
 3994     621   594   620   669
 3995     621   669   620   757
 3996     566   570   620   642
 3997     570   510   620   621
 3998     620   542   635   501
 3999     777   795   842   884
 4000     642   633   620   713
 4001     621   761   620   633
 4002     582   594   635   501
 4003     501   594   635   620
 4004     842   799   900   812
 4005     501   594   620   510
 4006     655   744   741   757
 4007     666   683   741   777
 4008     836   911   839   913
 4009     744   666   741   778
 4010     570   633   620   642
 4011     620   713   715   642
 4012     620   642   715   635
 4013     635   594   715   620
 4014     715   630   727   635
 4015     818   756   727   825
 4016     761   713   727   715
 4017     757   761   715   621
 4018     789   732   808   812
 4019     727   715   697   772
 4020     757   594   715   655
 4021     582   537   660   579
 4022     501   566   620   542
 4023     777   778   741   666
 4024     715   818   727   825
 4025     458   472   544   590
 4026     660   581   671   553
 4027     635   715   697   727
 4028     812   732   842   777
 4029     553   581   671   545
 4030     727   630   697   635
 4031     741   757   799   825
 4032     844   776   780   791
 4033    1004   936   943   854
 4034     977   969   903   853
 4035    1002   856  1013   844
 4036     715   825   727   761
 4037     668   625   671   717
 4038     467   484   535   581
 4039     467   537   535   469
 4040     469   484   535   467
 4041     537   660   553   627
 4042     627   660   553   581
 4043     780   808   677   671
 4044     579   481   553   452
 4045     535   537   553   581
 4046     660   537   553   579
 4047     697   630   626   635
 4048     842   812   808   732
 4049     766   734   802   807
 4050     537   467   553   481
 4051     941   986   900   974
 4052     799   777   900   868
 4053     581   577   535   537
 4054     577   537   626   630
 4055     697   772   812   709
 4056     660   709   732   626
 4057     737   795   854   842
 4058     842   732   808   737
 4059     777   660   799   732
 4060     697   709   812   732
 4061     839   911   844  1002
 4062     537   660   627   626
 4063     732   660   671   737
 4064     537   577   627   581
 4065     626   577   627   537
 4066     511   456   525   468
 4067     890   980   964   865
 4068     581   545   556   671
 4069     854   920   938   844
 4070     717   777   737   668
 4071     615   695   538   571
 4072     535   581   550   634
 4073     671   732   677   679
 4074     842   884   900   777
 4075     660   668   737   777
 4076     895   920   934   975
 4077     818   838   799   772
 4078     741   868   799   881
 4079     668   579   671   625
 4080     911   978  1002   998
 4081     697   683   799   635
 4082     881   825   799   757
 4083     890   881   799   868
 4084    1003   948   940   874
 4085     545   625   671   579
 4086     538   695   617   571
 4087     732   660   799   683
 4088     553   579   671   660
 4089     635   697   732   660
 4090     635   683   732   697
 4091     660   683   732   635
 4092     936   842   920   808
 4093     895   842   920  1010
 4094     812   838   865   772
 4095     895   920   827   934
 4096     668   717   671   737
 4097     660   579   671   668
 4098     671   732   679   581
 4099     627   581   679   732
 4100     868   974   900   953
 4101     953   974   900   986
 4102     615   581   556   670
 4103     812   777   842   799
 4104    1019   941   900   974
 4105     936   941   920   842
 4106     763   854   764   780
 4107    1019   884   900   842
 4108     737   795   842   777
 4109     906   964  1010   979
 4110     842   941  1019   936
 4111     777   683   799   660
 4112     812   697   799   772
 4113     697   715   799   772
 4114     635   715   799   697
 4115     842   941   900  1019
 4116     705   706   650   786
 4117     895   808   920   842
 4118     865   986   964   890
 4119     774   776   696   764
 4120     844   791   742   827
 4121     826   832   907   990
 4122     581   671   556   670
 4123     884   795   854   860
 4124     568   610   525   468
 4125     938   920  1013   844
 4126     808   812   895   789
 4127     943   854   872   904
 4128     646   751   731   768
 4129     786   796   840   706
 4130     650   656   637   590
 4131     728   676   651   631
 4132     868   777   900   834
 4133     884   834   900   777
 4134     799   868   900   890
 4135     799   890   900   812
 4136     737   842   854   808
 4137     868   986   900   890
 4138     865   890   900   986
 4139     812   890   900   865
 4140     900   865   906   812
 4141     964   865   906   986
 4142     900   986   906   865
 4143     812   772   906   789
 4144     865   772   906   812
 4145     643   529   601   569
 4146     844   808   742   780
 4147     906   979  1010   895
 4148     906   812   895   842
 4149     808   842   895   812
 4150     936   842   854   884
 4151    1010   842   920   941
 4152     990   832   907   984
 4153     969  1002   839   856
 4154    1010   979   975   895
 4155     906   842  1010   812
 4156    1010   895   975   920
 4157     906   986  1010   964
 4158     900   812  1010   842
 4159     900   842  1010   941
 4160     812   900  1010   906
 4161     906   900  1010   986
 4162     941   986  1010   900
 4163     913   911  1002   998
 4164     856   776   780   844
 4165     836   911   844   839
 4166     572   622   563   638
 4167     874   807   852   802
 4168     809   719   711   728
 4169     839   856   852   969
 4170     475   484   550   535
 4171     839   856   844   776
 4172     780   737   763   854
 4173     463   513   530   556
 4174     789   732   742   808
 4175     824   904   921   907
 4176     560   625   555   545
 4177     827   934   844   911
 4178     883   992   961   861
 4179     706   656   651   796
 4180     824   826   921   889
 4181     854   956  1004   936
 4182     990   889   921   826
 4183     993   907   921   904
 4184     816   728   809   726
 4185     796   706   786   719
 4186     497   458   555   560
 4187     632   768   731   717
 4188     839  1002   844   856
 4189     836   791   844   911
 4190     776   791   844   839
 4191     844   934  1013   911
 4192     895   920   844   827
 4193     650   719   636   705
 4194     751   769   731   826
 4195     463   487   530   513
 4196     856   942   872   853
 4197     808   842   854   936
 4198     600   662   711   631
 4199     839   791   844   836
 4200     842   795   854   884
 4201     776   856   774   839
 4202     526   457   569   453
 4203     458   431   532   472
 4204     827   808   844   895
 4205     961   960   903   861
 4206     854   844   780   808
 4207     856   844   780   854
 4208     671   737   780   808
 4209     824   706   840   796
 4210     555   545   556   452
 4211     854   795   904   860
 4212     961   969   903   977
 4213     907   816   809   893
 4214     893   879   809   907
 4215     766   861   852   820
 4216     895   808   844   920
 4217     973   904   840   907
 4218     853   774   852   766
 4219     634   615   695   677
 4220     766   861   820   750
 4221     484   463   556   452
 4222     774   853   764   786
 4223     813   848   897   957
 4224     907   826   921   824
 4225     808   920   854   844
 4226     808   936   854   920
 4227     904   933   921   993
 4228     904   933   993   981
 4229     911  1002  1013   844
 4230     938   844  1013   856
 4231     907   824   840   796
 4232     796   656   651   676
 4233     860   981   904   956
 4234     904  1004   943   854
 4235     795   824   731   717
 4236     854   936   943   938
 4237     832   816   907   901
 4238     532   651   600   544
 4239     860   956   904   884
 4240     889   860   904   824
 4241     889   933   904   860
 4242     933   981   904   860
 4243     933   889   921   990
 4244     538   468   525   610
 4245     650   590   637   544
 4246     786   719   809   796
 4247     717   768   731   795
 4248     728   719   711   651
 4249    1002   856   942  1013
 4250    1002   969   942   856
 4251     990   826   921   907
 4252     907   973   921   984
 4253     993   973   921   907
 4254     726   631   711   735
 4255     632   674   731   646
 4256     985   984   907   832
 4257     985   832   907   901
 4258     973   879   872   977
 4259     901   816   907   893
 4260     872   786   764   853
 4261     370   463   555   513
 4262     780   856   764   776
 4263     840   706   764   786
 4264     764   706   705   786
 4265     985   970   907   984
 4266     901   970   907   985
 4267     970   901   907   893
 4268     801   734   802   688
 4269     897   893   997   928
 4270     973   984   907   970
 4271     856   938   872   943
 4272     942   969   853   856
 4273     769   816   796   832
 4274     769   656   796   676
 4275     650   656   590   651
 4276     600   651   711   719
 4277     907   826   796   832
 4278     769   832   796   826
 4279     735   803   813   841
 4280     879   786   840   872
 4281     907   904   840   824
 4282     854   904   840   872
 4283     467   581   556   484
 4284     943   938   872   854
 4285     973  1004   872   904
 4286     879   796   840   786
 4287     828   816   809   726
 4288     893   816   809   828
 4289     828   726   809   735
 4290     750   719   711   809
 4291     853   879   903   977
 4292     907   879   809   796
 4293     796   816   809   907
 4294     590   656   637   560
 4295     553   581   556   467
 4296     728   719   651   796
 4297     750   716   664   601
 4298     625   706   637   717
 4299     538   482   617   511
 4300     646   674   731   751
 4301     853   977   872   879
 4302     942   977   872   853
 4303     879   786   872   853
 4304     824   795   763   717
 4305     544   513   555   650
 4306     796   676   651   728
 4307     763   706   670   764
 4308     587   631   651   676
 4309     737   717   763   795
 4310     796   719   651   706
 4311     560   458   555   590
 4312     555   452   556   463
 4313     650   544   637   555
 4314     737   795   763   854
 4315     780   763   670   764
 4316     840   824   763   706
 4317     555   544   637   590
 4318     545   625   670   671
 4319     556   513   530   616
 4320     487   507   568   616
 4321     840   904   763   824
 4322     854   904   763   840
 4323     904   854   763   795
 4324     904   795   763   824
 4325     840   872   764   763
 4326     840   786   764   872
 4327     856   853   764   774
 4328     872   853   764   856
 4329     854   856   764   780
 4330     872   856   764   854
 4331     544   458   555   513
 4332     468   434   530   538
 4333     482   511   538   468
 4334     844   827   742   808
 4335     548   631   651   587
 4336     646   768   731   632
 4337     780   737   670   763
 4338     780   671   670   737
 4339     632   656   731   674
 4340     795   768   731   824
 4341     671   625   670   717
 4342     671   717   670   737
 4343     763   737   670   717
 4344     651   650   544   590
 4345     651   719   600   650
 4346     544   513   616   507
 4347     555   670   556   637
 4348     625   560   637   632
 4349     796   706   731   824
 4350     796   769   731   656
 4351     796   656   731   706
 4352     670   625   637   717
 4353     636   507   528   600
 4354     809   728   711   726
 4355     643   662   716   601
 4356     526   453   569   464
 4357     601   662   664   600
 4358     651   587   532   548
 4359     590   587   532   651
 4360     429   453   528   464
 4361     548   631   532   651
 4362     600   719   664   650
 4363     528   526   569   464
 4364     555   513   556   616
 4365     467   484   556   452
 4366     555   616   556   670
 4367     839   791   745   776
 4368     615   616   530   610
 4369     695   634   571   615
 4370     535   581   634   627
 4371     745   791   695   776
 4372     637   545   556   555
 4373     452   545   556   553
 4374     637   670   556   545
 4375     538   434   530   484
 4376     507   568   636   526
 4377     497   452   555   381
 4378     381   458   555   497
 4379     381   452   555   370
 4380     381   370   555   458
 4381     677   780   742   808
 4382     615   634   571   550
 4383     808   732   742   677
 4384     468   487   530   434
 4385     550   615   538   571
 4386     670   671   615   581
 4387     780   671   615   670
 4388     679   581   677   671
 4389     634   581   677   627
 4390     482   550   538   571
 4391     766   750   762   861
 4392     745   776   692   839
 4393     595   687   606   583
 4394     695   617   692   610
 4395     789   679   742   732
 4396     556   484   530   463
 4397     634   581   550   615
 4398     610   696   692   695
 4399     482   434   538   484
 4400     734   638   687   688
 4401     903   861   852   961
 4402     530   468   568   487
 4403     705   774   692   696
 4404     808   732   677   671
 4405     530   487   568   616
 4406     615   581   677   634
 4407     615   671   677   581
 4408     484   434   530   463
 4409     435   499   563   416
 4410     434   487   530   463
 4411     525   617   622   543
 4412     616   670   696   615
 4413     616   705   696   670
 4414     705   764   696   670
 4415     615   670   696   780
 4416     615   780   696   776
 4417     677   780   695   742
 4418     764   780   696   670
 4419     764   776   696   780
 4420     973   977   928   879
 4421     696   615   610   616
 4422     583   488   606   595
 4423     544   650   636   616
 4424     677   615   695   780
 4425     742   780   695   791
 4426     776   791   695   780
 4427     776   780   695   615
 4428     487   499   568   507
 4429     695   745   692   617
 4430     610   468   568   530
 4431     499   487   568   468
 4432     550   484   538   581
 4433     615   581   538   484
 4434     550   581   538   615
 4435     475   484   538   550
 4436     475   482   538   484
 4437     550   482   538   475
 4438     802   807   852   766
 4439     568   468   525   499
 4440     600   548   528   523
 4441     610   617   692   525
 4442     416   499   525   468
 4443     692   723   802   688
 4444     688   693   595   687
 4445     688   693   687   734
 4446     615   696   610   695
 4447     617   538   610   695
 4448     615   695   610   538
 4449     734   693   802   688
 4450    1003   874   940   801
 4451     696   774   692   776
 4452     839   776   692   774
 4453     416   468   525   456
 4454     528   523   601   600
 4455     583   595   563   488
 4456     766   807   762   702
 4457     896   858  1030  1003
 4458    1029  1003   896   931
 4459     568   499   526   507
 4460     416   456   525   425
 4461     525   499   563   595
 4462     526   568   636   499
 4463     595   568   636   693
 4464     723   701   782   688
 4465     525   456   563   425
 4466     688   701   801   638
 4467     616   610   692   568
 4468     544   507   600   532
 4469     695   696   692   776
 4470     695   776   692   745
 4471     616   696   692   610
 4472     616   705   692   696
 4473     861   807   762   766
 4474     766   692   802   693
 4475     774   692   802   766
 4476     766   693   802   734
 4477     861   961   940   852
 4478     814   802   782   801
 4479     688   525   563   595
 4480     595   693   606   687
 4481     692   525   622   688
 4482     692   617   622   525
 4483     723   692   622   688
 4484     723   617   622   692
 4485     616   705   636   692
 4486     907   879   928   893
 4487     600   523   601   662
 4488     688   692   595   693
 4489     525   692   595   688
 4490     525   499   595   568
 4491     528   526   601   569
 4492     723   802   782   814
 4493     601   606   664   681
 4494     526   429   528   437
 4495     569   526   601   606
 4496     429   464   528   523
 4497     583   638   563   595
 4498     692   568   595   693
 4499     457   367   526   437
 4500     960   897   903   861
 4501     750   762   848   813
 4502     499   437   526   507
 4503     692   525   595   610
 4504     568   610   595   525
 4505     692   610   595   568
 4506     367   453   526   429
 4507     367   429   526   437
 4508     437   411   526   457
 4509     494   543   563   572
 4510     688   638   563   622
 4511     622   525   563   688
 4512     595   499   563   488
 4513     435   488   563   499
 4514     494   456   563   543
 4515     494   425   563   456
 4516     595   499   636   568
 4517     809   726   711   735
 4518     874   948   940   992
 4519     616   650   636   705
 4520     862   893   841   828
 4521     711   662   664   750
 4522     548   631   600   532
 4523     750   601   664   681
 4524     507   431   528   532
 4525     636   507   600   544
 4526     488   595   526   606
 4527     606   457   526   488
 4528     488   499   526   595
 4529     488   411   526   499
 4530     488   457   526   411
 4531     548   459   528   523
 4532     651   650   600   544
 4533     631   548   600   523
 4534     631   523   600   662
 4535     431   437   528   429
 4536     750   693   664   636
 4537     803   862   813   841
 4538     526   453   528   429
 4539     459   431   528   429
 4540     548   431   528   459
 4541     532   431   528   548
 4542     853   969   852   856
 4543     643   725   716   662
 4544     528   464   601   523
 4545     569   464   601   528
 4546     529   464   601   569
 4547     529   523   601   464
 4548     705   774   766   692
 4549     705   636   766   750
 4550     636   693   664   606
 4551     636   526   664   528
 4552     606   526   664   636
 4553     601   528   664   526
 4554     750   702   762   681
 4555     688   638   801   734
 4556     809   879   841   820
 4557     813   841   897   848
 4558     716   735   750   662
 4559     600   636   664   528
 4560     802   774   852   839
 4561     786   879   820   853
 4562     681   716   762   750
 4563     841   750   848   813
 4564     750   861   848   762
 4565     636   719   750   705
 4566     809   893   841   879
 4567     897   893   928   841
 4568    1012   861   922   960
 4569     841   750   813   716
 4570     883   861  1012   992
 4571     716   725   813   841
 4572     750   809   841   820
 4573     803   828   841   735
 4574     828   893   841   809
 4575     903   969   852   853
 4576     774   839   802   692
 4577     687   702   766   693
 4578     807   702   766   687
 4579     734   807   766   687
 4580     687   693   766   734
 4581     897   861   922   848
 4582     750   809   820   719
 4583     786   719   820   809
 4584     766   774   820   853
 4585     786   853   820   774
 4586     735   725   813   803
 4587     705   719   820   786
 4588     750   719   820   705
 4589     766   705   820   774
 4590     750   705   820   766
 4591     786   774   820   705
 4592     809   735   841   828
 4593     716   735   841   750
 4594     961   969   852   903
 4595     966   893   841   862
 4596     897   957   922   960
 4597     711   750   841   735
 4598     809   750   841   711
 4599     711   735   841   809
 4600     896   836   814   839
 4601     848   750   897   861
 4602     716   725   841   735
 4603     928   977   903   879
 4604     820   861   903   897
 4605     841   966   997   893
 4606     862   813   897   957
 4607     862   841   897   813
 4608     928   893   997   970
 4609     957   929   897   862
 4610     928   897   960   997
 4611     841   862   897   966
 4612     970   893   997   966
 4613     957   929   997   897
 4614     970   973   928   907
 4615     897   966   997   841
 4616     852   969  1029   839
 4617     897   929   997   862
 4618     966   862   997   929
 4619     897   862   997   966
 4620     896  1003  1030   931
 4621     960   977   903   928
 4622     883   861   874   807
 4623     961   992  1012   861
 4624     961   861  1012   960
 4625     820   861   852   903
 4626     874   992   940   883
 4627     802   874   940   852
 4628     928   897   903   960
 4629     841   820   903   897
 4630     841   879   903   820
 4631     841   897   903   928
 4632     928   879   903   893
 4633     841   893   903   879
 4634     928   893   903   841
 4635    1012   883   922   861
 4636     848   861   922   883
 4637     688   693   802   692
 4638     801   807   802   734
 4639     802   940   896  1029
 4640     801   874   802   807
 4641     820   853   852   766
 4642     766   774   852   802
 4643     913   836  1029   839
 4644     766   807   852   861
 4645     852   802  1029   940
 4646     903   853   852   820
 4647     853   856   852   774
 4648     874   861   852   807
 4649     961   883   940   992
 4650     802   745   814   723
 4651     874   883   940   861
 4652     874   861   940   852
 4653     802   801   940   874
 4654     692   839   802   745
 4655     692   745   802   723
 4656     839   836   814   745
 4657     852   961   940   969
 4658    1002   913  1029   839
 4659     814   801   782   858
 4660     723   801   782   802
 4661     861   883   940   961
 4662     896   801   814   858
 4663     839   745   814   802
 4664     723   688   782   801
 4665     802   801   814   896
 4666     896   839   814   802
 4667    1029   839   896   802
 4668     967  1029   896   931
 4669     940  1003   896  1029
 4670     913  1029   896   967
 4671     913   836   896  1029
 4672     940   802   896   801
 4673     940   801   896  1003
 4674     801   858   896  1003
# Generated by c:\dev\polylla3D\tetgen\build\tetgen.exe -fzenn c:\dev\polylla3D\data\input\1000poisson.node 
