4872  4  0
    0      21    59    11   107
    1     612   563   498   553
    2     538   602   510   593
    3     373   406   456   493
    4     718   788   776   812
    5     925   953   834   844
    6      77    76   105    67
    7     794   639   832   693
    8     151   130   256   215
    9     321   320   346   327
   10     588   570   497   486
   11      80    68   128   115
   12     260   252   247   382
   13      83   112   154    23
   14     154   112   246   100
   15     772   811   743   762
   16     662   528   763   639
   17     215   271   238   173
   18      47   142   108    79
   19     181   122   203   196
   20     198   266   272   182
   21     666   592   675   693
   22     409   344   380   279
   23     675   693   717   868
   24     267   213   248   178
   25     432   327   437   396
   26     164   180   148   264
   27     456   592   512   491
   28     116   127   249   146
   29     745   762   743   811
   30     198   165   182   127
   31     810   788   851   774
   32     850   847   853   797
   33     554   514   632   449
   34     261   368   389   188
   35     406   290   307   385
   36     112   159   203   122
   37     123    55    98   105
   38     172   167   212   229
   39     273   279   329   344
   40     613   476   534   584
   41     410   331   490   446
   42     214   271   297   223
   43     664   560   698   688
   44     878   803   871   779
   45     732   579   774   718
   46     662   655   651   639
   47     114   179    16     0
   48     124   183     7    30
   49     942   864   894   833
   50     503   448   520   466
   51     984   845   872   844
   52     723   715   628   733
   53      52   142   152   113
   54     819   872   855   909
   55     353   192   333   210
   56     152   131   108    79
   57     797   861   853   850
   58     573   645   680   724
   59     112    23    36    97
   60      11   107   149    21
   61     179   117   122    16
   62     557   460   579   612
   63     215   173   170   151
   64     796   857   870   829
   65     177   151   170    92
   66     453   392   359   274
   67     644   779   775   754
   68     162    67    93    87
   69     245   154   342   203
   70     186   246   216   100
   71     865   702   783   690
   72     792   813   811   762
   73     331   420   375   266
   74     136    71    29     9
   75     394   289   254   357
   76       5   112   194    83
   77     417   514   526   449
   78     124   197     7   118
   79       4    94    95   127
   80     257   265   337   282
   81     350   262   371   358
   82     203   122   183   244
   83     409   421   527   553
   84     372   323   355   234
   85     781   802   853   893
   86     256   307   386   373
   87     112   100   154   159
   88     539   538   496   602
   89     515   394   500   499
   90     732   655   774   579
   91     646   553   635   718
   92     158    82    34   110
   93      49   170   136   173
   94     212   229   233   193
   95     436   435   473   427
   96     272   230   330   225
   97     341   326   367   352
   98     722   698   697   759
   99      16    23   122    97
  100     409   429   527   573
  101     390   472   542   442
  102     345   350   371   394
  103     345   254   262   394
  104     196   201   237   203
  105     573   429   487   409
  106     800   874   773   866
  107     557   456   516   493
  108     367   450   501   412
  109     207   113   152   142
  110     316   436   366   369
  111     341   352   367   311
  112     390   468   519   454
  113      97   159   122    61
  114     106    24     7    30
  115     126   107   164   115
  116     828   677   707   689
  117     218   118   124   183
  118     618   517   601   555
  119     269   260   305   252
  120     276   207   300   200
  121     305   264   355   234
  122     557   460   544   579
  123     539   485   496   337
  124     199   247   336   339
  125     612   553   498   546
  126     360   435   369   427
  127     162     8   156    90
  128     126   115    38    11
  129     801   803   775   809
  130     609   712   677   582
  131     355   260   278   247
  132     190   169   119   208
  133      81   119     6    14
  134     328   326   253   352
  135     577   625   584   668
  136     885   894   901   863
  137     284   264   222   347
  138     288   262   257   431
  139     306   313   280   314
  140     695   746   605   661
  141     269   252   220   260
  142     598   500   568   478
  143     224   155   257   262
  144     165   162   111     4
  145     323   234   278   355
  146     240   224   257   288
  147     263   344   255   279
  148     347   264   222   364
  149     510   602   506   501
  150     280   241   165   198
  151     498   435   511   569
  152     136   170   238   173
  153     208   169   119   171
  154     208   128   119   191
  155     431   262   257   335
  156     262   197   282   335
  157     451   447   365   407
  158     180   264   164   126
  159     191   129   119   208
  160      40   164   148   115
  161     620   625   756   794
  162     113    80    75    79
  163     154   100   246   159
  164     710   576   610   687
  165     244   179   183   114
  166     334   352   286   311
  167     106   236   240   169
  168     129   205   208   191
  169     224   288   240   236
  170     462   423   400   345
  171      44   166    65   139
  172     597   569   644   660
  173     113    68    89   115
  174     699   771   559   658
  175     312   378   365   314
  176     430   344   535   405
  177     353   436   369   383
  178      32   125    86   163
  179     287   200   205   131
  180     627   549   524   591
  181     166   163    65   145
  182     112   159    73   100
  183     427   435   369   436
  184      80   113   129   128
  185     288   363   240   340
  186     551   512   530   622
  187     137   246   110   100
  188     190    99   178   156
  189     306   313   365   320
  190     247   260   142   148
  191     209   266   163   175
  192     204   221   274   217
  193     391   343   349   424
  194      60    54    70   109
  195     694   627   767   667
  196     320   370   464   361
  197     385   406   373   307
  198     190   156   178   231
  199     319   320   321   327
  200     376   247   278   339
  201     355   247   278   376
  202     401   399   347   364
  203     162    93     4   165
  204     328   380   239   340
  205     378   407   488   522
  206     162   105   217   134
  207     353   444   383   294
  208     809   718   735   788
  209     817   780   698   751
  210     127     4   111    95
  211     413   418   389   261
  212     810   788   880   851
  213     451   437   365   359
  214     186   100   216   140
  215     391   417   419   449
  216     941   951   967   872
  217     111   138    32   163
  218     190   251   267   239
  219     373   187   386   268
  220     637   569   684   621
  221     234   260   305   264
  222     646   553   535   617
  223      18    99    70   109
  224     225   303   272   301
  225     306   312   365   314
  226     131   101   135   157
  227     314   378   365   407
  228     438   440   512   456
  229     533   453   507   451
  230     287   251   296   205
  231      52   142    47    79
  232     644   514   632   554
  233     760   708   703   687
  234     108   131    33    79
  235     250   331   309   243
  236      97   159    73   112
  237     105    55    98    28
  238      73   100    26   112
  239     404   372   509   450
  240     628   556   739   656
  241     254   262   218   224
  242     163   250   166   331
  243     312   287   306   361
  244     274   221   308   392
  245      15     9   172    91
  246     154   258   246   194
  247     545   576   510   501
  248     353   210   297   192
  249     361   339   300   320
  250     698   759   722   817
  251     140   195   121   169
  252      79   142   152    52
  253     234   235   191   164
  254     702   580   696   596
  255     190   169   178   109
  256     431   400   395   363
  257     710   780   751   674
  258     400   423   395   363
  259      54   109    72    53
  260     190    99    69    53
  261      14   129    69   119
  262     770   868   717   882
  263     928   851   880   788
  264     251   190   156   205
  265     350   262   358   335
  266     130   151    41    92
  267     204   105   156   123
  268      90    99   156    55
  269     182   162   111   165
  270     280   162   165   241
  271     375   221   227   242
  272      90    55   156   105
  273     944   920   835   822
  274     266   138   272   182
  275     175    95    78    39
  276      94   104    95   127
  277     880   814   855   812
  278     192   185   248   213
  279     436   435   498   473
  280      94    31    95   104
  281     391   417   504   467
  282     438   377   440   373
  283     427   261   413   360
  284     413   271   366   270
  285     136   188    15   167
  286     141   226   389   188
  287     516   460   519   406
  288     133    43   170   141
  289     184   294   333   229
  290     383   553   495   444
  291      76    67   134   105
  292     405   380   362   452
  293     188   170   389   261
  294     835   786   876   822
  295     442   332   542   390
  296     459   455   544   428
  297     844   946   984   845
  298     872   926   941   984
  299     857   841   932   927
  300     963   860   896   898
  301     961   958   773   985
  302     544   546   532   625
  303     663   690   696   702
  304     563   473   498   435
  305     467   637   621   569
  306     372   450   404   323
  307     733   715   628   637
  308     637   656   628   733
  309     360   435   368   443
  310     629   609   564   562
  311     579   546   544   625
  312     733   660   691   565
  313     580   636   600   574
  314     613   738   534   585
  315     733   656   691   637
  316     461   474   567   518
  317      83   201   154   194
  318     507   434   564   562
  319     718   612   735   732
  320     494   573   527   598
  321     822   839   739   733
  322     754   733   839   809
  323     925   922   834   953
  324     444   391   419   449
  325     801   924   839   740
  326     460   473   579   612
  327     214   223   174   144
  328     554   600   632   616
  329     550   577   668   642
  330     868   949   981   966
  331     422   357   237   411
  332     662   516   519   608
  333     693   592   620   639
  334     457   465   523   472
  335     535   476   534   405
  336     261   167   238   270
  337     406   385   456   477
  338     359   447   451   453
  339     359   434   451   437
  340     221   162   242   217
  341     731   668   584   625
  342     811   743   827   840
  343     834   662   763   655
  344     612   436   579   498
  345     385   457   406   290
  346     834   639   832   844
  347     787   990   854   694
  348     528   460   519   516
  349     350   275   262   197
  350     662   608   519   556
  351     516   468   519   540
  352     457   473   552   427
  353     546   553   579   612
  354     905   883   849   930
  355     393   289   409   421
  356     964   857   829   897
  357     873   895   847   971
  358     404   264   305   399
  359     396   437   249   293
  360     608   472   542   390
  361     473   457   519   460
  362     638   730   699   744
  363     243   221   308   274
  364     292   272   330   310
  365     377   392   308   375
  366     807   780   746   852
  367     897   857   927   882
  368     214   223   297   285
  369     289   357   393   342
  370     463   439   474   461
  371     914   970   903   879
  372     848   738   819   757
  373     720   641   635   646
  374     668   802   782   781
  375     927   857   869   882
  376     579   655   774   639
  377     577   625   668   575
  378     378   361   365   407
  379     662   540   763   516
  380     758   712   743   790
  381     665   582   689   681
  382     385   459   477   460
  383     775   831   871   747
  384     406   256   386   373
  385     303   301   330   272
  386     930   868   882   946
  387     305   264   220   284
  388     437   320   365   359
  389     295   372   264   277
  390     175    78    86   145
  391     509   583   548   543
  392     643   627   652   679
  393     433   404   355   466
  394     206   241   165   135
  395     764   703   799   711
  396     458   408   524   416
  397     556   542   523   572
  398     180   277   222   264
  399     464   339   513   361
  400     464   437   507   497
  401     797   861   799   842
  402     359   453   451   434
  403     634   633   642   564
  404     886   803   801   809
  405     834   655   763   639
  406     628   656   739   723
  407     583   501   509   506
  408     326   395   328   363
  409     334   352   378   397
  410     891   975   842   893
  411     398   462   431   358
  412     415   392   426   274
  413     339   283   336   199
  414     380   397   452   352
  415     697   748   806   750
  416     583   558   619   586
  417     556   457   519   473
  418     916   942   833   873
  419     337   548   539   571
  420     515   474   518   478
  421     242   182   166   163
  422     882   930   849   883
  423     790   784   743   758
  424     924   801   839   886
  425     904   876   834   925
  426     357   281   411   419
  427     449   391   504   511
  428     906   936   865   871
  429     320   319   241   293
  430     774   655   844   639
  431     872   951   967   909
  432     184   229   333   210
  433     856   738   646   753
  434     547   582   689   677
  435     984   951   941   872
  436     376   339   278   355
  437     821   847   850   752
  438     885   968   948   826
  439     782   668   731   625
  440     305   234   355   260
  441     764   850   799   760
  442     399   401   347   388
  443     854   813   974   954
  444     634   796   676   705
  445     710   780   746   807
  446     828   772   870   784
  447     724   785   692   645
  448     387   339   479   414
  449     841   802   869   777
  450     582   513   555   522
  451     404   264   399   372
  452     886   788   809   888
  453     697   685   571   631
  454     806   833   894   864
  455     638   704   699   730
  456     360   333   349   229
  457     298   258   417   325
  458     369   436   366   413
  459     641   724   646   856
  460     666   491   551   592
  461     814   774   756   625
  462     122    30   183    16
  463     462   262   371   345
  464     431   400   487   395
  465     391   343   444   294
  466     203   289   246   342
  467     402   471   502   529
  468     646   585   535   753
  469     675   592   607   693
  470     719   833   806   836
  471     684   660   754   640
  472     839   953   920   888
  473      11   115   149   107
  474     802   872   777   814
  475     456   493   557   592
  476     719   760   825   824
  477     113    75   129    51
  478     227   242   166   163
  479     434   549   437   420
  480     874   889   961   866
  481     828   781   842   841
  482     876   922   925   904
  483     758   784   743   772
  484     453   609   564   633
  485     646   617   635   553
  486     483   489   573   421
  487     346   464   497   327
  488     455   415   492   426
  489      97    61   122    16
  490     419   281   411   417
  491     809   886   839   801
  492     498   553   495   546
  493     511   435   495   424
  494     383   436   495   553
  495     880   788   809   886
  496     928   788   886   888
  497     866   785   771   874
  498     749   766   729   791
  499     203   289   254   159
  500     357   203   254   244
  501     554   616   632   644
  502     281   203   342   357
  503      83    23   154   181
  504     690   636   600   580
  505     452   405   532   362
  506     474   381   518   461
  507     203   159   246   289
  508     986   859   904   982
  509     573   409   487   421
  510     136   173   238   167
  511     541   600   632   554
  512     648   671   589   614
  513     534   613   566   593
  514     419   489   494   357
  515     302   381   379   244
  516     527   553   635   617
  517     527   617   635   641
  518     214   291   316   271
  519     801   715   839   691
  520     614   658   709   678
  521     275   219   302   244
  522     671   686   728   648
  523     725   658   709   614
  524     818   808   855   819
  525     278   189   191   311
  526     641   617   646   738
  527     845   851   872   844
  528     154   194   246   176
  529     714   786   822   734
  530     360   443   354   349
  531     417   342   419   281
  532     357   281   419   342
  533     489   449   632   597
  534     244   478   394   357
  535     422   357   244   237
  536      37   177     1   133
  537     759   697   825   719
  538     757   719   806   750
  539     237   122   244   219
  540     345   288   431   262
  541     154   201   245   194
  542     114   179   122    16
  543     885   766   863   826
  544     636   663   596   690
  545     865   936   867   871
  546     733   656   628   723
  547     506   538   539   602
  548     947   895   850   847
  549     885   769   910   958
  550     171   132   240   169
  551     323   235   278   234
  552      83    23    36   112
  553     856   961   773   911
  554     916   942   894   833
  555     350   345   371   262
  556     117   179   237   219
  557     135   101    33    96
  558     621   616   644   640
  559     176   112   154   194
  560     194   258   245   154
  561     232   277   265   211
  562     183   118     7   106
  563      83   181   154   201
  564     149   155   160   262
  565     191   189   129   205
  566     196   201   203   181
  567      97   159   112   122
  568     176   112   194     5
  569     203   201   154   181
  570     136    48    13   141
  571     124    30     7   114
  572     474   568   596   614
  573     391   294   444   342
  574     117    23   196    16
  575     179   117    16     0
  576      23     0    16   117
  577     573   641   680   585
  578     183   254   106   159
  579     122   112   154   203
  580     176   112   246   154
  581     122    23   112    97
  582     121   169   106    53
  583      61    30   122    16
  584      30    61   122   159
  585     203   181   154   122
  586     112   159   154   203
  587     372   232   299   323
  588     419   444   393   342
  589     716   614   671   663
  590     474   244   379   381
  591     237   357   244   203
  592     179   117   196   122
  593     194   112   154    83
  594     435   424   467   443
  595     122    23   196   181
  596     122    16   196    23
  597     117    16   196   122
  598     181    23   154   122
  599     369   291   366   316
  600     112   122   154    23
  601     203   281   342   245
  602     498   435   495   511
  603     382   252   305   260
  604       5    83    36   112
  605     112    97    36    73
  606       5   112    36    73
  607     169   195   121   236
  608      30   159    24    61
  609     114   219   275   244
  610     118   155   224   262
  611     236   289   259   159
  612      73    97    24   159
  613      61   159    24    97
  614     105    55   156    99
  615     282   160   257   149
  616     240   288   257   363
  617      35   118   160   149
  618      49    37   136   170
  619      66    82   136    71
  620     383   424   495   436
  621     254   288   236   345
  622     154   159   246   203
  623     409   430   380   405
  624     442   226   332   389
  625     641   617   635   646
  626     245   154   246   342
  627     202   264   148   180
  628     298   281   417   258
  629     380   352   251   397
  630       9    15   172   136
  631     381   439   474   463
  632     483   357   394   478
  633     311   352   367   334
  634     449   391   511   444
  635     122   179   183   244
  636     329   315   304   362
  637     357   203   342   289
  638     228   176   298   194
  639     203   201   245   154
  640     381   461   474   439
  641     474   478   515   379
  642     379   478   515   302
  643     229   167   212   188
  644     590   598   663   568
  645     508   499   502   578
  646     254   289   236   159
  647     273   246   216   263
  648     110    26    29    58
  649     246   159   255   289
  650     419   342   393   357
  651     526   514   541   489
  652     264   260   164   234
  653     422   381   474   463
  654     644   597   635   632
  655     196   179   237   117
  656     154   203   246   342
  657     248   267   304   329
  658     237   219   244   381
  659     245   258   246   154
  660     203   122   244   237
  661     467   569   504   511
  662     333   435   360   424
  663     176   100   246   112
  664     527   598   632   580
  665     489   514   554   449
  666     246   194   298   176
  667     246   258   298   194
  668     345   288   340   363
  669     342   246   298   294
  670     381   422   237   439
  671     360   424   349   333
  672     194   258   298   228
  673     137   100   216   246
  674     219   179   244   114
  675     596   478   494   590
  676     186   263   216   246
  677     172   229   212   193
  678     343   342   298   294
  679     270   229   261   167
  680     720   597   635   644
  681     357   289   254   203
  682     541   489   632   580
  683     511   424   495   444
  684     246   245   298   258
  685     342   245   298   246
  686     281   245   298   342
  687     281   258   298   245
  688     298   258   325   228
  689     428   344   383   353
  690     357   244   254   394
  691     444   342   419   391
  692     449   514   504   417
  693     229   291   333   210
  694     244   275   394   302
  695     183   114   124   275
  696     439   117   237   219
  697     616   779   702   644
  698     298   343   391   342
  699     343   294   391   342
  700     598   478   568   590
  701     391   342   419   417
  702     267   274   304   362
  703     439   219   237   381
  704     417   325   391   298
  705     343   298   391   325
  706     733   637   691   715
  707     170   167   238   261
  708     417   325   354   391
  709     417   281   391   342
  710     298   281   391   417
  711     298   342   391   281
  712     304   274   426   362
  713     440   459   557   456
  714     426   329   428   285
  715     553   344   383   546
  716     344   444   383   393
  717     237   381   244   422
  718     275   302   350   394
  719     476   352   452   412
  720     417   391   504   449
  721     332   457   390   442
  722     428   353   383   436
  723     167   188   261   170
  724      16    30   183   114
  725     393   289   421   357
  726     580   598   696   590
  727     204   217   274   231
  728     122   179   244   219
  729     165   198   249   127
  730     259   289   340   409
  731     159   289   259   255
  732     419   489   421   393
  733     419   357   421   489
  734     393   357   421   419
  735     444   344   421   393
  736     444   553   421   344
  737     936   837   950   867
  738     831   856   837   747
  739     657   658   611   614
  740     402   265   337   277
  741     254   394   345   289
  742     462   358   371   262
  743     851   888   926   844
  744     439   422   463   381
  745     474   478   379   302
  746     409   429   487   395
  747     611   614   589   671
  748     580   489   536   541
  749     357   489   494   421
  750     462   394   371   499
  751     203   122   237   196
  752     196   122   237   179
  753     219   179   237   122
  754     357   281   237   411
  755     357   203   237   281
  756     245   203   237   201
  757     281   203   237   245
  758     226   177   170   133
  759     302   244   379   474
  760     566   395   487   429
  761     244   219   302   381
  762     259   236   195   255
  763     345   288   363   431
  764     501   412   510   367
  765     382   388   347   269
  766     394   478   500   483
  767     372   232   337   299
  768     345   394   371   462
  769     244   381   474   422
  770     569   498   597   511
  771     411   357   474   422
  772     421   344   409   393
  773      38   115    40    11
  774     244   357   474   478
  775     422   357   474   244
  776     501   450   510   412
  777     423   289   394   357
  778     345   431   363   400
  779     409   255   340   259
  780     289   357   423   421
  781     345   394   262   350
  782     358   262   431   335
  783     162   217   280   242
  784     534   538   566   476
  785     471   485   594   529
  786     508   462   487   423
  787     462   345   431   262
  788     474   302   394   478
  789     244   302   394   474
  790     474   478   394   244
  791     483   423   487   462
  792     508   400   487   431
  793     483   423   394   421
  794     357   421   394   423
  795     483   421   394   357
  796     405   344   380   409
  797     345   394   462   423
  798      21   155   171   132
  799     858   744   699   730
  800     251   286   205   287
  801     483   423   462   394
  802     345   288   262   254
  803     171   155   240   132
  804      24    73   102    72
  805     254   159   183   203
  806     203   159   183   122
  807     604   645   680   573
  808     819   909   855   848
  809     132   155   240   224
  810     449   514   526   489
  811     371   462   398   358
  812     489   597   632   527
  813     262   197   335   350
  814     240   171   257   155
  815     224   118   106   132
  816     132   224   240   106
  817     299   232   337   235
  818     372   232   234   264
  819     534   430   566   585
  820     400   423   487   395
  821      72   140   102   121
  822      53    72   102   121
  823     140   159   102   121
  824     247   260   148   252
  825     315   344   329   279
  826     244   114   183   275
  827     132    53   119    81
  828     326   323   299   235
  829     149   155   257   171
  830     452   380   362   397
  831     149   155   171    21
  832     400   423   363   345
  833     692   785   747   696
  834     534   593   566   538
  835     398   471   402   431
  836     590   568   663   614
  837     429   585   566   430
  838     766   685   683   650
  839     595   736   680   626
  840     529   631   571   685
  841     471   462   431   398
  842     174   231   248   178
  843     398   358   431   335
  844     128   235   119   171
  845     462   262   431   358
  846     571   529   594   485
  847     462   345   400   431
  848     337   326   496   506
  849     885   826   863   846
  850     337   485   496   326
  851     529   485   571   402
  852     573   692   598   645
  853     421   553   409   344
  854     200   189   129   131
  855     431   335   402   398
  856     584   476   534   452
  857      64   115    40    22
  858     400   431   508   462
  859     560   605   520   610
  860     535   738   534   613
  861     235   232   234   323
  862     409   430   340   380
  863     593   757   670   669
  864     186   195   216   255
  865     195   255   186   259
  866     200   131   287   276
  867     585   553   429   617
  868     429   344   409   553
  869     487   573   500   604
  870     246   100   186   159
  871     368   348   318   360
  872     255   289   259   409
  873     610   583   619   586
  874     186   100   140   159
  875     430   344   405   409
  876     718   612   732   579
  877     421   289   409   423
  878     266   292   209   331
  879     296   231   267   362
  880     140   169   109   213
  881     405   380   452   476
  882     384   453   359   434
  883     359   242   375   384
  884     195   279   213   273
  885     255   279   195   273
  886     956   960   871   936
  887     534   476   566   430
  888     596   663   702   690
  889     223   173   143   214
  890     430   344   409   429
  891     363   340   328   240
  892     412   397   378   367
  893     275   197   124   218
  894     362   239   304   267
  895      53   109    72   169
  896      73   159   102   100
  897     140   100   102   159
  898     262   288   224   254
  899     100    46   137   140
  900     109    54    72    85
  901     118   262   218   197
  902     106   169   240   132
  903     236   289   340   259
  904     409   279   255   344
  905     205   162   156   217
  906     380   279   255   409
  907     159   236   186   259
  908     195   259   186   236
  909      12   190    69   205
  910     263   393   255   344
  911     263   246   255   342
  912     289   342   255   246
  913     255   246   186   159
  914     409   380   340   255
  915     393   289   255   409
  916     409   344   255   393
  917     342   393   255   263
  918     342   289   255   393
  919     255   279   273   263
  920     263   246   186   255
  921      18    20    70    99
  922     259   255   186   159
  923     207   189   191   278
  924     140   195   216   186
  925     195   236   169   255
  926     320   313   365   359
  927     241   157   135   206
  928     236   288   340   345
  929     187   130   151   215
  930     378   397   407   312
  931     453   397   314   447
  932     423   395   340   409
  933     423   363   340   395
  934     409   395   340   429
  935     430   429   340   395
  936     409   429   340   430
  937     409   289   340   423
  938     236   254   340   289
  939     345   254   340   236
  940     345   289   340   254
  941     363   423   340   345
  942     345   394   340   289
  943     423   394   340   345
  944     423   289   340   394
  945     137   140   216   100
  946     556   472   523   542
  947     118   197   160   262
  948     277   364   372   402
  949      24   159   102    73
  950     195   236   186   159
  951      63    82   143    66
  952     583   558   586   560
  953      52   113   152    79
  954     263   255   216   273
  955     188   229   261   318
  956     186   255   216   263
  957     195   273   216   255
  958     380   344   315   279
  959     115    68     3    80
  960     178   185   248   174
  961     236   254   224   288
  962     217   105   156   204
  963     329   213   248   315
  964      35    59    21   107
  965      11    59   126   107
  966     167   170   136   188
  967     231   251   267   190
  968      91     9   110    26
  969     626   624   704   604
  970     140   169   121    72
  971     312   251   314   296
  972      72   169   121    53
  973      16   114   183   122
  974      72    73   102   100
  975     251   239   208   253
  976     129   190    69   119
  977     380   239   362   251
  978     216   137   213   140
  979     380   405   315   344
  980     216   195   213   273
  981     255   195   213   169
  982     255   279   213   195
  983     169   279   213   255
  984     140   195   213   216
  985     169   195   213   140
  986      12    99    69   190
  987     159   236   121   195
  988     159   254   106   236
  989     244   275   183   218
  990     367   352   378   334
  991     867   716   765   737
  992     160   197   282   262
  993     141    37   136    48
  994      72   100   102   140
  995     142   150   207   247
  996     109   140    72   169
  997      85   140    72   109
  998      46    73    72   100
  999     262   275   218   197
 1000     140    46    72   100
 1001      85    46    72   140
 1002     224   262   218   118
 1003     183   218   106   254
 1004     235   149   128   115
 1005      16     0     7   114
 1006     211   149   265   232
 1007     513   570   555   517
 1008     186   195   121   140
 1009     186   159   121   195
 1010     140   159   121   186
 1011     200   276   287   286
 1012     114    30     7    16
 1013     224   236   106   254
 1014     218   197   124   118
 1015     183   275   124   218
 1016     203   244   183   254
 1017     122   114   183   179
 1018     118   132    10   106
 1019     218   254   183   244
 1020     118   155   132   224
 1021     232   264   164   234
 1022     106    30     7   183
 1023     282   265   337   402
 1024     254   394   218   262
 1025     254   244   218   394
 1026      30   159   106    24
 1027     121    53   106   102
 1028     183   159   106   122
 1029      53    72   106   102
 1030     262   350   218   275
 1031     394   350   218   262
 1032     132    21   119   171
 1033     240   326   253   328
 1034     102    24   106   159
 1035     183   118   106   224
 1036     122    30   106   183
 1037     159   236   106   121
 1038     122   159   106    30
 1039     102   159   106   121
 1040     350   394   218   275
 1041     244   275   218   394
 1042     102    72   106    24
 1043     218   118   183   224
 1044     963   987   896   860
 1045     118   155   160   149
 1046     118   183     7   124
 1047     183    30   124   114
 1048     224   218   106   183
 1049     224   254   106   218
 1050     282   335   257   262
 1051     269   382   305   347
 1052     236   169   106   121
 1053     236   288   240   340
 1054     262   288   257   224
 1055     452   532   584   550
 1056       7    35    10   118
 1057     232   126   164   264
 1058     207   142   152   150
 1059     128    64   119    22
 1060       7   106    10    24
 1061     118   106    10     7
 1062     106    72    10    24
 1063      53    72    10   106
 1064     128    22     3   115
 1065     129    80     6    14
 1066     164   235   128   115
 1067     262   155   160   118
 1068      21   107    10    35
 1069     232   277   264   372
 1070     520   401   664   543
 1071     466   450   433   404
 1072     105   204   217   134
 1073      21   107   149    10
 1074     149   107   160    35
 1075     299   326   337   323
 1076     107   115   126    11
 1077      38    27    40   180
 1078     160   149   265   211
 1079     299   323   337   372
 1080     347   403   317   388
 1081      10   107   149    35
 1082      21   132   149   155
 1083      10   132   149    21
 1084      35   118   149    10
 1085     118   132   149    10
 1086     118   155   149   132
 1087     262   149   257   160
 1088     262   160   257   282
 1089     240   363   257   326
 1090       7   197   160   118
 1091     211   107   160   149
 1092     638   604   699   704
 1093       7   118   160    35
 1094     257   171   235   149
 1095     235   257   299   326
 1096     347   382   466   448
 1097      12    53    69    99
 1098      11    64   171   149
 1099     129    75    14    51
 1100     149    21   171    11
 1101     115    68   128   113
 1102     211   149   232   107
 1103     211   107   232   126
 1104     395   363   326   431
 1105     372   277   295   364
 1106     766   650   683   744
 1107     323   326   367   341
 1108     367   397   378   352
 1109     265   160   282   149
 1110     299   257   337   326
 1111     341   286   205   251
 1112     347   399   305   264
 1113     284   269   220   305
 1114     412   323   367   450
 1115     402   335   337   282
 1116     548   337   539   372
 1117     479   576   601   555
 1118     400   462   508   423
 1119     334   397   286   352
 1120     149   262   257   155
 1121     543   630   631   364
 1122     240   155   257   224
 1123     224   236   240   106
 1124     149   265   257   282
 1125     363   431   257   326
 1126     363   288   257   431
 1127     506   619   539   548
 1128      68    22    40   115
 1129      57   123    45    20
 1130     412   397   367   352
 1131     716   678   671   614
 1132     668   713   584   642
 1133     534   585   566   613
 1134     613   585   566   738
 1135     615   604   704   624
 1136     771   785   724   645
 1137     548   602   539   571
 1138     874   858   800   910
 1139     200   131   129   205
 1140     631   364   529   548
 1141      12   190   156    99
 1142     232   211   264   277
 1143     323   232   299   235
 1144     323   232   234   372
 1145     404   466   509   520
 1146     257   282   337   335
 1147     402   277   337   372
 1148      53   109   190    99
 1149     253   328   239   240
 1150     232   277   337   265
 1151     372   277   337   232
 1152     235   257   337   299
 1153     558   450   509   501
 1154     404   450   509   466
 1155     571   402   539   337
 1156     402   431   337   335
 1157     257   335   337   431
 1158     431   326   337   257
 1159     149   232   337   265
 1160     235   232   337   149
 1161     149   257   337   235
 1162     149   265   337   257
 1163     326   431   337   485
 1164     402   471   337   431
 1165     485   471   337   402
 1166     485   431   337   471
 1167     126   211   264   232
 1168     169   239   208   190
 1169     719   836   825   821
 1170     341   352   253   326
 1171     243   377   309   308
 1172     119    81    69    14
 1173     520   560   664   688
 1174     207   339   300   278
 1175     264   295   399   372
 1176     364   295   399   264
 1177     364   372   399   295
 1178     347   388   317   269
 1179     710   674   746   780
 1180      40   180   148   164
 1181     305   260   220   264
 1182     169   171   208   240
 1183     586   670   619   687
 1184     850   760   764   821
 1185     264   364   347   399
 1186     795   815   695   780
 1187     278   234   191   207
 1188      50    27   148    40
 1189     326   323   367   412
 1190     983   840   820   828
 1191     202   180   148    27
 1192     376   260   355   247
 1193     710   687   610   674
 1194     668   550   584   577
 1195     448   382   466   445
 1196     445   376   479   414
 1197     404   399   305   347
 1198     401   403   317   347
 1199     471   485   529   402
 1200     388   382   347   448
 1201     347   269   317   284
 1202     401   403   347   388
 1203     790   712   677   758
 1204     404   323   355   372
 1205     269   252   305   382
 1206     475   445   479   414
 1207     269   260   220   305
 1208     180    27   202   284
 1209     202   252   148   260
 1210      11    59    38   126
 1211     284   347   222   317
 1212     347   269   284   305
 1213     305   264   284   347
 1214     235   232   164   234
 1215     115    68    89    40
 1216     336   247   376   339
 1217     264   211   180   277
 1218     126   211   180   264
 1219     264   277   222   295
 1220     264   295   222   364
 1221     220   264   222   284
 1222      11   115    40    64
 1223     347   401   222   317
 1224     347   364   222   401
 1225     232   107   164   126
 1226     235   115   164   149
 1227     235   149   164   232
 1228      40    27   148   180
 1229     232   149   164   107
 1230     115   107   164   149
 1231     113   115    89    52
 1232      38   180    40   126
 1233      38   126    40   115
 1234     164   115    40   126
 1235     164   126    40   180
 1236     609   743   677   712
 1237     217   231   296   274
 1238     220   252   202   260
 1239      64    22   128   115
 1240     158    82   143    34
 1241     222   180   202   284
 1242     222   284   202   220
 1243     156   251   231   190
 1244     414   376   479   387
 1245     220   260   202   264
 1246     222   220   202   264
 1247     222   264   202   180
 1248     115    40    89    52
 1249     202   260   148   264
 1250     164   264   148   260
 1251      79   142   108   152
 1252      99    55   123   105
 1253     274   204   248   285
 1254     239   240   208   253
 1255      80   113   128    68
 1256     429   585   535   553
 1257      51   131   129   113
 1258     152   276   161   241
 1259     531   458   537   524
 1260     169   279   239   213
 1261     171   149   128   235
 1262      50    84    52   142
 1263      40    50    52   148
 1264     148   115    52    40
 1265     148    50    52   142
 1266     142   115    52   148
 1267     340   240   239   328
 1268     129   190   119   208
 1269     841   802   893   951
 1270     189   131   200   152
 1271     152    79    51   131
 1272     108   150   153   152
 1273     191   128   119   129
 1274      14   119     6   129
 1275     150   152   199   153
 1276     152   142   108   150
 1277      55    12    90    99
 1278     311   433   341   355
 1279     278   200   300   207
 1280     404   450   355   323
 1281     278   235   191   234
 1282      89    52    79   113
 1283     101   131    33   108
 1284      68   113    79    80
 1285      89   113    79    68
 1286     171    64   128   149
 1287     149    64   128    11
 1288     115    11   128    64
 1289     149    11   128   115
 1290     113   207   152   189
 1291     190   205   208   129
 1292     860   987   896   892
 1293     142   247   207   260
 1294     128   113   207   115
 1295     128   115   207   164
 1296     162   105   156   217
 1297     241   131   161   152
 1298     983   828   870   840
 1299     382   260   376   247
 1300     339   247   278   207
 1301     164   260   207   234
 1302     113    52   207   115
 1303     142    52   207   113
 1304     142   115   207    52
 1305     142   148   207   115
 1306     164   115   207   148
 1307     148   260   207   164
 1308     142   260   207   148
 1309      25   131    93   162
 1310     130   151   177    41
 1311      52    84    47   142
 1312     877   990   854   787
 1313     152   207   200   189
 1314     555   712   601   618
 1315     437   327   497   320
 1316     205   190    69   129
 1317     152   131    51   113
 1318     113    79    51   152
 1319      75    79    51   113
 1320     208   171   119   235
 1321     191   235   208   128
 1322     339   370   336   283
 1323     320   324   346   370
 1324     190   239   208   251
 1325     152   131   153   108
 1326     152   207   199   247
 1327     150   207   199   152
 1328     150   247   199   207
 1329     412   326   328   352
 1330     255   279   239   169
 1331     612   655   579   557
 1332     276   300   306   287
 1333     311   300   287   334
 1334     311   334   287   286
 1335     414   339   479   441
 1336     276   300   287   286
 1337     207   247   278   260
 1338     341   450   367   323
 1339     276   339   300   207
 1340     152   247   339   207
 1341     376   339   387   336
 1342     278   189   311   200
 1343     191   205   208   251
 1344     430   405   476   380
 1345     370   324   339   320
 1346     370   283   339   324
 1347     287   286   205   200
 1348     320   370   346   464
 1349     433   450   355   404
 1350     207   234   191   164
 1351     306   361   365   312
 1352     199   247   339   152
 1353     276   320   241   280
 1354     253   235   191   341
 1355     334   286   312   287
 1356     466   376   479   445
 1357     441   475   479   414
 1358     200   131   276   152
 1359     387   376   479   339
 1360     614   518   611   474
 1361     425   415   492   455
 1362     990   937   854   954
 1363     280   131   241   276
 1364     414   339   441   387
 1365     316   271   297   214
 1366     336   339   441   370
 1367     387   339   441   336
 1368     437   320   293   327
 1369     319   327   293   320
 1370     437   327   293   396
 1371     543   560   664   520
 1372     347   399   466   404
 1373     710   682   610   576
 1374     764   760   799   752
 1375     242   217   280   296
 1376     479   376   355   339
 1377     320   321   346   241
 1378     706   712   601   682
 1379     545   547   522   397
 1380     629   622   564   634
 1381     479   433   341   311
 1382     320   370   361   339
 1383     253   171   208   235
 1384     533   451   507   464
 1385     490   512   530   551
 1386     305   404   355   264
 1387     152   207   276   200
 1388     207   260   278   234
 1389     207   189   278   200
 1390     452   476   510   593
 1391     355   234   278   260
 1392     470   445   479   475
 1393     466   445   479   470
 1394     300   200   311   276
 1395     305   260   355   382
 1396     347   404   355   305
 1397     466   404   355   347
 1398     264   372   355   234
 1399     404   372   355   264
 1400     287   312   280   314
 1401     113    80    14    75
 1402     128    80     6   129
 1403     479   433   355   466
 1404     479   466   355   376
 1405     466   445   355   376
 1406     382   445   355   466
 1407     466   347   355   382
 1408     305   382   355   347
 1409     376   382   355   260
 1410     445   382   355   376
 1411     667   627   767   679
 1412     455   428   492   544
 1413     339   207   276   152
 1414     341   433   367   450
 1415     300   334   311   361
 1416     199   283   276   339
 1417     339   152   276   199
 1418     241   321   346   324
 1419     464   327   346   320
 1420     706   768   601   712
 1421     300   278   311   200
 1422     311   355   341   278
 1423     300   339   311   278
 1424     361   339   311   300
 1425     267   231   248   274
 1426     562   437   507   434
 1427     241   157   206   161
 1428     475   470   505   479
 1429     361   479   311   339
 1430     355   339   311   479
 1431     278   339   311   355
 1432     593   602   670   757
 1433     412   352   452   397
 1434     380   352   452   476
 1435     479   433   311   355
 1436     287   361   312   334
 1437     311   200   286   276
 1438     191   128   129   113
 1439     129    80    14   113
 1440     276   300   286   311
 1441     334   397   312   286
 1442     654   591   562   549
 1443     251   397   362   380
 1444     286   300   287   311
 1445     300   361   287   334
 1446     286   352   341   311
 1447     217   162   280   296
 1448     306   320   280   313
 1449     287   276   280   306
 1450     306   314   280   312
 1451     355   323   341   278
 1452     433   450   341   355
 1453     412   352   367   326
 1454     361   334   378   312
 1455     128   115     3    80
 1456     323   235   341   278
 1457     272   266   209   175
 1458     355   450   341   323
 1459     171    64   119   128
 1460     190   251   208   205
 1461     178   213   185   109
 1462     207   113   191   189
 1463     326   363   328   240
 1464     128   164   191   235
 1465     798   718   776   812
 1466     757   738   750   848
 1467     864   942   894   935
 1468     752   760   799   850
 1469     459   436   544   460
 1470     555   441   601   479
 1471     334   311   378   367
 1472     401   630   543   364
 1473     162   287   280   296
 1474     334   397   378   312
 1475     311   334   378   361
 1476     428   546   579   436
 1477     426   362   532   428
 1478     731   713   584   668
 1479     577   532   584   625
 1480     641   645   573   724
 1481     731   625   584   753
 1482     642   550   584   668
 1483     731   753   584   613
 1484     642   713   584   550
 1485     120   145   187   103
 1486     362   251   296   397
 1487     165     4   127    17
 1488     769   748   736   750
 1489     255   380   239   279
 1490     341   235   191   278
 1491     340   363   328   395
 1492     476   395   328   412
 1493     476   412   328   352
 1494     476   352   328   380
 1495     251   341   191   205
 1496     340   380   239   255
 1497     340   395   328   430
 1498     340   430   328   380
 1499     476   430   328   395
 1500     380   430   328   476
 1501     175   230   272   225
 1502     312   397   251   286
 1503     278   311   191   341
 1504     323   235   253   341
 1505     323   326   253   235
 1506     341   326   253   323
 1507     235   257   253   171
 1508     240   171   253   257
 1509     257   326   253   240
 1510     235   326   253   257
 1511     171   169   119   132
 1512     191   113   129   189
 1513      77    28    87   105
 1514     253   235   208   191
 1515     286   397   251   352
 1516     312   286   251   287
 1517     119    22     3   128
 1518     236   169   239   240
 1519     240   340   239   236
 1520     169   236   239   255
 1521     207   164   191   128
 1522     208   235   119   128
 1523     259   236   239   340
 1524     259   255   239   236
 1525     340   255   239   259
 1526     253   328   251   239
 1527     253   352   251   328
 1528     286   352   251   341
 1529     341   286   191   205
 1530     207   128   191   113
 1531     328   380   251   239
 1532     328   352   251   380
 1533      42   120   130    88
 1534     253   240   208   171
 1535     169   240   208   239
 1536     251   352   191   341
 1537     113    75    14   129
 1538     135   131    33   101
 1539     205   200   191   189
 1540     286   200   191   205
 1541     341   311   191   286
 1542     311   200   191   286
 1543     311   189   191   200
 1544     205   189   129   200
 1545     152   113   129   131
 1546     189   113   129   152
 1547     152   131   129   189
 1548     191   251   208   352
 1549     253   352   208   251
 1550     191   352   208   341
 1551     253   341   208   352
 1552     191   341   208   253
 1553     119    53    69    81
 1554       3    80     6   128
 1555     106    53    81    10
 1556     106   132    81    53
 1557      10   132    81   106
 1558     205   131   162   287
 1559     119   190    69    53
 1560       3   119     6    22
 1561      81    10   119   132
 1562      21    10   119    81
 1563      21   132   119    10
 1564      21    22   119    64
 1565     190    53   119   109
 1566     169   109   119    53
 1567     190   109   119   169
 1568     106   169   119    53
 1569     132   169   119   106
 1570     106    53   119   132
 1571      11    64   119   171
 1572      11    21   119    64
 1573     171    21   119    11
 1574     115    22     3    68
 1575     128   119     6     3
 1576     128   129     6   119
 1577     119    21     6    22
 1578      81    21     6   119
 1579     272   127   125    95
 1580      69    14     8   129
 1581     110    46    34   137
 1582      57   123   144    45
 1583     116   293   249   127
 1584      69   129     8   205
 1585     314   313   280   359
 1586      99    53    18    12
 1587     134   123    57   105
 1588     300   320   306   361
 1589      12    99   156    90
 1590     109    54    18    53
 1591     129    51    25   131
 1592      26    58   110    46
 1593     524   416   531   458
 1594      95   127   125   138
 1595     316   291   297   353
 1596     267   178   248   231
 1597     205    12     8    69
 1598     205   190     8    12
 1599     452   447   407   397
 1600     451   453   507   434
 1601     105    67    87    77
 1602      87    25    93   162
 1603     762   767   854   694
 1604      14   129    25     8
 1605      14    51    25   129
 1606     129   205    25     8
 1607     129   131    25   205
 1608      90   105   156   162
 1609      37    41     1   177
 1610      25   205   162     8
 1611     268   308   374   338
 1612     312   378   314   407
 1613      19    49   136    66
 1614      18   109    70    54
 1615      87    25   162     8
 1616      70   109   174   185
 1617      99    12    18    55
 1618     359   296   280   314
 1619     719   697   750   650
 1620      88   120   151   187
 1621      33   131    93    25
 1622     123   105   156    99
 1623     162    67   111    93
 1624     287   131   280   276
 1625     134   204   217   221
 1626     120   103   187    88
 1627     251   205   156   217
 1628      53    99    18   109
 1629     296   251   314   397
 1630     296   397   314   362
 1631      49   173   143    63
 1632      25   131   162   205
 1633     407   397   314   312
 1634     165   293   249   198
 1635     168   146   272   225
 1636      74    76   134   105
 1637     134    67   162   105
 1638     362   405   315   380
 1639      90    55   105    28
 1640     444   294   353   342
 1641     460   356   385   459
 1642     407   447   365   314
 1643     272   301   249   168
 1644     243   145   166   139
 1645     287   312   314   296
 1646     627   643   521   561
 1647     173   187   151   215
 1648     792   813   854   954
 1649     205   190   156     8
 1650      12    90   156     8
 1651     272   138   125   127
 1652     373   481   386   406
 1653     375   392   525   446
 1654     384   420   437   266
 1655     272   225   125   175
 1656     407   361   365   451
 1657     453   384   375   434
 1658     204   123   134   105
 1659     205     8   156   162
 1660       8   190   156    12
 1661     105    67   162    87
 1662     134   221   217   162
 1663     204   217   231   156
 1664      88   103   187   139
 1665     268   187   386   309
 1666     158   136   143    82
 1667     413   271   385   366
 1668      87     8   162    90
 1669      87    90   162    28
 1670     105    28   162    90
 1671      87    28   162   105
 1672     331   266   375   242
 1673     362   405   329   315
 1674     270   360   369   413
 1675     241   283   206   324
 1676     174   214   192   185
 1677     185   213   192   137
 1678     333   229   360   291
 1679     426   362   428   329
 1680     362   239   267   251
 1681     137   140   185   213
 1682     637   656   691   565
 1683     307   223   338   356
 1684     639   592   516   540
 1685     314   313   365   306
 1686     165   127   111   182
 1687     375   392   308   221
 1688      70    99   174   109
 1689     919   962   840   921
 1690     359   447   365   451
 1691     412   397   407   378
 1692     362   380   304   239
 1693     231   190   267   178
 1694     446   561   524   521
 1695     490   446   530   512
 1696     757   760   670   752
 1697     682   576   707   582
 1698     384   266   359   242
 1699     446   622   561   530
 1700     857   964   829   882
 1701     464   320   365   437
 1702     322   377   268   309
 1703     828   681   781   713
 1704     528   557   516   639
 1705     162   131   280   287
 1706     455   426   492   428
 1707     492   532   577   625
 1708     308   331   227   243
 1709     446   377   512   490
 1710     498   546   579   612
 1711     454   468   516   482
 1712     794   774   844   639
 1713     437   320   497   464
 1714     375   434   525   453
 1715     498   436   579   546
 1716     312   361   365   378
 1717     242   274   296   359
 1718     217   205   296   251
 1719     359   313   365   314
 1720     407   447   314   397
 1721     362   274   296   231
 1722     287   312   296   251
 1723     221   274   359   392
 1724     242   274   359   221
 1725     312   397   314   251
 1726     300   361   306   287
 1727     362   453   314   296
 1728     362   397   314   453
 1729     860   780   817   896
 1730     451   464   365   437
 1731     296   453   314   359
 1732     296   287   280   314
 1733     359   453   314   447
 1734     420   384   437   434
 1735     276   320   306   300
 1736     453   274   296   362
 1737     359   274   296   453
 1738     221   274   296   242
 1739     221   217   296   274
 1740     242   217   296   221
 1741     156   251   296   231
 1742     156   217   296   251
 1743     231   217   296   156
 1744     217   162   296   205
 1745     287   205   296   162
 1746     306   312   280   287
 1747     811   745   647   743
 1748     314   447   365   359
 1749     762   792   854   767
 1750     276   320   280   306
 1751     241   324   346   320
 1752     359   242   280   296
 1753     359   313   280   242
 1754      94   104   127    17
 1755     241   131   165   135
 1756     464   370   346   469
 1757     359   434   437   384
 1758     627   591   654   549
 1759      17   104   127   135
 1760     359   266   437   320
 1761     384   266   437   359
 1762     870   828   841   772
 1763     306   320   365   361
 1764     841   857   869   927
 1765     321   319   241   320
 1766     163   331   227   266
 1767     531   524   537   599
 1768     679   705   654   721
 1769     609   451   533   447
 1770     451   361   365   464
 1771     464   361   365   320
 1772     451   437   507   464
 1773     647   591   562   654
 1774     361   370   464   339
 1775     241   324   206   321
 1776     562   570   497   588
 1777     451   447   609   453
 1778     647   618   562   588
 1779     562   533   507   497
 1780     321   293   241   319
 1781     153   131   161   108
 1782     161   283   206   241
 1783     321   293   206   241
 1784     157   131   161   241
 1785      56   104    17   135
 1786     198   162   165   280
 1787     152   131   161   153
 1788     152   199   161   276
 1789     339   283   241   324
 1790     276   283   241   339
 1791     339   324   241   320
 1792     241   276   161   283
 1793     152   153   161   199
 1794     199   283   161   276
 1795     276   131   241   152
 1796     280   162   241   131
 1797     173   151   143    63
 1798     300   339   241   320
 1799     276   339   241   300
 1800     300   320   241   276
 1801     241   162   165   131
 1802     293   241   165   206
 1803     116   135   127   104
 1804     138   266   272   175
 1805     101   131   161   157
 1806     101   108   161   131
 1807     241   131   135   157
 1808     540   481   516   482
 1809      94   104    17    56
 1810      79   131    33    51
 1811      25    51    33   131
 1812      17     4   127    94
 1813      96   101    33    47
 1814     163    65    86    32
 1815     198   241   165   293
 1816      93   131   165   162
 1817      17   135   127   165
 1818     362   329   532   428
 1819     225   303   330   272
 1820     168   225   272   301
 1821     108    47    33   101
 1822     108    79    33    47
 1823     272   175   125   138
 1824     408   272   330   301
 1825     280   242   198   162
 1826     241   293   198   320
 1827     241   320   198   280
 1828     280   313   198   242
 1829     437   320   198   293
 1830     437   266   198   320
 1831     293   266   198   437
 1832     280   320   198   313
 1833     242   313   198   359
 1834     359   266   198   242
 1835     359   313   198   320
 1836     359   320   198   266
 1837     198   266   182   242
 1838     166   145    65   139
 1839     198   162   182   165
 1840     242   162   182   198
 1841     272   198   249   266
 1842      93   165    17     4
 1843      33    96    17   135
 1844      56   135    17    96
 1845     135   131    17    33
 1846     165   131    17   135
 1847     165    93    17   131
 1848      33   131    17    93
 1849     135   206   127   165
 1850     116   206   127   135
 1851     408   301   330   351
 1852     206   293   127   165
 1853     116   293   127   206
 1854     127   198   272   182
 1855      44    67    65   166
 1856     139   145    65    44
 1857      65    67    32   111
 1858     752   797   689   731
 1859     425   440   512   377
 1860     862   540   666   763
 1861     359   453   375   392
 1862     384   266   375   420
 1863     308   375   227   331
 1864     272   408   330   416
 1865     303   351   330   301
 1866     359   392   375   221
 1867     524   521   531   416
 1868     331   292   209   250
 1869     272   301   408   396
 1870     127   104    95   116
 1871      39    31   146    95
 1872     408   396   480   437
 1873     168   225   301   303
 1874     437   396   480   432
 1875     182   138   272   127
 1876     116   127   146    95
 1877      95   175   146    39
 1878      95    31   146   104
 1879      95   104   146   116
 1880     962   813   974   811
 1881     375   420   446   434
 1882     396   301   249   272
 1883      95   175   225   146
 1884     480   437   458   408
 1885     272   266   249   437
 1886     293   437   249   266
 1887     396   437   408   272
 1888     221   242   375   359
 1889     643   705   679   778
 1890     743   784   840   772
 1891     127   293   249   165
 1892     272   127   249   198
 1893     272   146   249   127
 1894     517   570   497   513
 1895     480   437   486   549
 1896     293   266   249   198
 1897     272   437   249   396
 1898     272   168   249   146
 1899     331   266   163   209
 1900     310   266   292   272
 1901     599   667   694   587
 1902     214   223   144   143
 1903     292   310   331   266
 1904     175   266   163   138
 1905     292   230   330   272
 1906     146    95   272   225
 1907     146   127   272    95
 1908     642   794   756   634
 1909     416   266   331   310
 1910     480   432   486   437
 1911     521   416   524   446
 1912     627   652   599   521
 1913     883   793   770   868
 1914     384   420   375   434
 1915     172   167   110     9
 1916     453   362   426   274
 1917     408   351   531   458
 1918     416   310   330   272
 1919     242   266   227   331
 1920     811   792   840   962
 1921     437   420   416   266
 1922     359   384   375   453
 1923     377   410   512   490
 1924     416   420   331   266
 1925     242   266   375   384
 1926     416   408   330   351
 1927     272   266   416   310
 1928     437   266   416   272
 1929     130   120   151    88
 1930     477   385   456   459
 1931       2    44    88   139
 1932     209   175   163   125
 1933     175   230   209   272
 1934     184   246   110   137
 1935     243   377   308   331
 1936     675   592   512   607
 1937     308   243   227   221
 1938     250   331   322   309
 1939     440   438   512   377
 1940     375   331   308   377
 1941     525   425   512   446
 1942     457   472   390   442
 1943     556   673   572   714
 1944     377   331   446   375
 1945     130   187   386   256
 1946     438   491   512   490
 1947     377   410   490   446
 1948     163   125    86   145
 1949     182   163   111   166
 1950     227   243   139   134
 1951       4    93   111    67
 1952     243   250   145   309
 1953     292   272   209   230
 1954     120   309   187   145
 1955     377   375   446   392
 1956     377   331   322   410
 1957      42   120    88   103
 1958     292   266   209   272
 1959     649   659   713   665
 1960     377   438   512   410
 1961     410   331   446   377
 1962     440   425   512   525
 1963     891   870   975   983
 1964     243   331   309   377
 1965     134    67   111   162
 1966     163   266   227   242
 1967     227   243   166   139
 1968     162    93   111     4
 1969     139   134     2    76
 1970      95   175   125   225
 1971     274   204   243   221
 1972     375   242   227   331
 1973     457   465   442   389
 1974     243   250   166   145
 1975     145   139   103    62
 1976      95   225   125   272
 1977     438   377   322   410
 1978     309   331   322   377
 1979     163   145    86    65
 1980      78   145    62    86
 1981     385   460   477   406
 1982     250   410   322   331
 1983     331   292   250   310
 1984     331   416   250   410
 1985     331   310   250   416
 1986     165     4   111   127
 1987     125   175   163   138
 1988     308   221   227   375
 1989     250   331   163   209
 1990     243   331   166   250
 1991     134   221   227   243
 1992     163   145   166   250
 1993     145   209   163   125
 1994     145   250   163   209
 1995     182   138   163   266
 1996     182   266   163   242
 1997     226   133   170   141
 1998     111   125    32   138
 1999     227   221   166   242
 2000     103   139    88    62
 2001     139    67   166   134
 2002     163   331   166   227
 2003     139   134    44    67
 2004     139   134   166   227
 2005     227   134   166   221
 2006     111    67    32     4
 2007       4    95    32   111
 2008     111   163    32    65
 2009      76    67    44   134
 2010     166   139    44    67
 2011     139    76     2    44
 2012      76   134    44   139
 2013     182   138   111   163
 2014     166    67   111   134
 2015      95   138   111   127
 2016     449   444   527   419
 2017     163   138    32   125
 2018     227   331   166   243
 2019      92   173    49    63
 2020     143    63   144    45
 2021     103    62    88    42
 2022     127   138   111   182
 2023     111   163    65   166
 2024     111   166    65    67
 2025      62   139    88    44
 2026     125   138   111    95
 2027     243   274   223   204
 2028     221   134   111   162
 2029     166   134   111   221
 2030     242   182   111   166
 2031     166   221   111   242
 2032     242   162   111   182
 2033     242   221   111   162
 2034      92   151    63    88
 2035     209   145    86   125
 2036     209   175    86   145
 2037     125   175    86   209
 2038     175    95    86    78
 2039     125    95    86   175
 2040     111   125    86    32
 2041     111    95    86   125
 2042      32    95    86   111
 2043      65   145    62    44
 2044      86   145    62    65
 2045     170    37   136   141
 2046     145   139    62    44
 2047     103   145   187   139
 2048      45    99   174    70
 2049     542   608   556   472
 2050      74    76     2   134
 2051     557   592   516   639
 2052     308   274   223   243
 2053     238   271   290   270
 2054     192   184   210   158
 2055     223   187   151   173
 2056     173   223   215   271
 2057     100    46   110   137
 2058     147   223   144   204
 2059     427   418   552   457
 2060     187   223   215   173
 2061     147   204   144   123
 2062     655   528   612   651
 2063     185   137   192    60
 2064     105    28    98    77
 2065      43    37   141    48
 2066      45    63   144    57
 2067      74   134   144    57
 2068     187   139   268   223
 2069     308   243   268   309
 2070     214   192   297   210
 2071     141   188   136   170
 2072     133   177   170    37
 2073     130   187   151   120
 2074      99    55    98   123
 2075     362   231   267   274
 2076     144   204   174   123
 2077     167   136   143   158
 2078     174   158   192   214
 2079      37   133     1    43
 2080     184   229   110   246
 2081      91    26   110   172
 2082     110    58    29    71
 2083     176   100   110   246
 2084     184   137   110   158
 2085      92    42    41   130
 2086     290   332   390   256
 2087     457   472   442   465
 2088     151    88    92   130
 2089     413   261   389   457
 2090      88    42    92   130
 2091     173   151    63    92
 2092     158   137   192   184
 2093     170   173    49    92
 2094     238   215   290   271
 2095     233   348   349   229
 2096     143   151   147    63
 2097      60    34   174    45
 2098     147    63   144   143
 2099     147   143   144   223
 2100     144    45   174   143
 2101     109   213   185   140
 2102     130   187   256   215
 2103      41   151   177    92
 2104     426   415   338   455
 2105      46   100    26    73
 2106     151   215   256   177
 2107     151   173   170    92
 2108     141   188    13   136
 2109     144   143   174   214
 2110     453   274   426   392
 2111     172     9   110    91
 2112      60   158    34   137
 2113      82    58    34   110
 2114     133    37   170    43
 2115     298   343   349   325
 2116     215   223   307   271
 2117     141    43   170    37
 2118      92    37    49   170
 2119     368   418   427   261
 2120     214   173   143   158
 2121      46   100   110    26
 2122     190   109   178    99
 2123     185   109   174    99
 2124     188   226   170   141
 2125     136     9    29   110
 2126      15   136    13   188
 2127     215   151   170   177
 2128      82    71   158   136
 2129     176   246   110   229
 2130     109   169   178   213
 2131      70    60   174    45
 2132      26   176   110   172
 2133     639   620   544   557
 2134     177    41   170    37
 2135      92    41   170   177
 2136      92    37   170    41
 2137     603   714   723   556
 2138     270   360   261   229
 2139     360   368   261   318
 2140     360   348   318   349
 2141       5   112    26   176
 2142     229   298   349   233
 2143      19    66   136    71
 2144      98   105    57   123
 2145      19   136    13    15
 2146     176   112    26   100
 2147      73   112    26     5
 2148       2   134   147    74
 2149     229   294   349   298
 2150      71    19     9   136
 2151     444   511   527   597
 2152     229   228   193   176
 2153      57   134   144   123
 2154      19    48   136    49
 2155      49    48   136    37
 2156     982   859   904   876
 2157      15   136     9    19
 2158      77   105    57    98
 2159     246   294   229   298
 2160      19    48    13   136
 2161     158   173   143   167
 2162     172   188   212   167
 2163     213   279   315   273
 2164      60   137    34    46
 2165     333   424   349   343
 2166     174   204   248   231
 2167     147   134   144    74
 2168      82    71   110   158
 2169      26   100   110   176
 2170     862   793   883   868
 2171     167   173   143   136
 2172     298   228   229   176
 2173     298   176   229   246
 2174     349   391   354   343
 2175     368   435   427   418
 2176     349   348   354   360
 2177     584   753   535   613
 2178       9   136   172   167
 2179     460   436   385   356
 2180     167   136   172    15
 2181     184   167   110   229
 2182     246   294   184   229
 2183     413   270   366   369
 2184     922   944   908   835
 2185      66    82   143   136
 2186     158    71   110   136
 2187     123    20    57    98
 2188      15   188   172   167
 2189     413   427   369   436
 2190     329   285   304   248
 2191       9    26    29   110
 2192     270   271   366   291
 2193     214   271   210   291
 2194      54   109    60    85
 2195      99    20    98    18
 2196     110    71    29   136
 2197     143   223   147   173
 2198     239   169   178   190
 2199     178   190   267   239
 2200     315   239   304   380
 2201     204   123   147   134
 2202     229   167   110   172
 2203      82    58   110    71
 2204      63    74   144    57
 2205     173    49   143   136
 2206     136    49   143    66
 2207      63     2   144    74
 2208      49    63   143    66
 2209     173   271   214   223
 2210     110   137    34   158
 2211     110    58    34    46
 2212      99   123    98    20
 2213     193   229   110   172
 2214     193   176   110   229
 2215     172   176   110   193
 2216     167   136   110     9
 2217     167   184   110   158
 2218     158   136   110   167
 2219      46   140    60   137
 2220      85   140    60    46
 2221     178   204   174   231
 2222     109   140    60    85
 2223     109   137    60   140
 2224     158   214   174   143
 2225     620   592   557   639
 2226      18    55    98    99
 2227     223   139   147   187
 2228     144   123   174    45
 2229     315   279   329   273
 2230     178   239   267   213
 2231     144   223   174   204
 2232      34    63   143    45
 2233      82    63   143    34
 2234      45   123   174    99
 2235     243   139   147   223
 2236     223   187   147   151
 2237     134   105    57    74
 2238     105    76    57    74
 2239      77    76    57   105
 2240      20    99    45    70
 2241      20   123    45    99
 2242     173   151   147   143
 2243     139   134   147     2
 2244      63    88   147     2
 2245     315   213   248   267
 2246     315   267   248   329
 2247     248   192   297   214
 2248     156    99   178   123
 2249     185    60   174    70
 2250     185   158   174    60
 2251     109   140   185   137
 2252     143    45   174    34
 2253     757   797   731   819
 2254     158   173   210   214
 2255     333   291   369   316
 2256     173   271   210   214
 2257     170   177   256   215
 2258     223   204   147   243
 2259     173   223   147   151
 2260     167   173   210   158
 2261     248   274   304   267
 2262     123   204   178   156
 2263     178   109   185    99
 2264      60   109   185   137
 2265      60   158   174    34
 2266     329   273   248   213
 2267     185   214   248   174
 2268     231   156   178   204
 2269      70   109   185    60
 2270     184   167   210   158
 2271     147   123   144   134
 2272     147    74   144     2
 2273     243   134   147   139
 2274     221   134   147   243
 2275     221   204   147   134
 2276     243   204   147   221
 2277     151    88   147    63
 2278     151   187   147    88
 2279     139    88   147   187
 2280     139     2   147    88
 2281     147     2   144    63
 2282     239   213   178   169
 2283     297   223   338   285
 2284     563   656   735   612
 2285     393   342   353   263
 2286     158   214   210   192
 2287     143    34   174   158
 2288     185    99   174   178
 2289     178    99   174   123
 2290     178   123   174   204
 2291     329   274   304   285
 2292     428   546   383   344
 2293     296   251   267   231
 2294     405   344   329   315
 2295     267   239   304   315
 2296     184   137   192   246
 2297     216   273   192   246
 2298      60   137   192   158
 2299     457   261   389   290
 2300     216   246   192   137
 2301     213   216   192   137
 2302     273   216   192   213
 2303     393   444   353   342
 2304      60   158   192   185
 2305     185   158   192   174
 2306     263   344   353   393
 2307     246   342   353   294
 2308     263   342   353   246
 2309     587   591   599   581
 2310     273   263   353   246
 2311     273   344   353   279
 2312     263   279   353   344
 2313     273   279   353   263
 2314     315   273   329   213
 2315     362   251   267   296
 2316     273   246   353   192
 2317     270   167   238   173
 2318     444   344   383   553
 2319     457   418   389   413
 2320     267   315   304   329
 2321     239   380   315   279
 2322     178   213   248   185
 2323     223   274   285   204
 2324     248   285   304   274
 2325     315   380   304   362
 2326     239   213   315   267
 2327     239   279   315   213
 2328     193   229   233   228
 2329     425   377   512   446
 2330     679   627   652   667
 2331     584   593   623   613
 2332     316   214   297   291
 2333     366   436   385   460
 2334     344   393   383   353
 2335     353   291   297   210
 2336     274   231   248   204
 2337     329   344   248   273
 2338     285   344   248   329
 2339     285   273   248   344
 2340     353   393   383   444
 2341     192   213   248   273
 2342     360   333   369   435
 2343     214   185   248   192
 2344     214   223   248   174
 2345     285   223   248   214
 2346     223   204   248   174
 2347     285   204   248   223
 2348     732   718   774   788
 2349     316   356   366   436
 2350     383   294   333   353
 2351     356   271   297   316
 2352     210   291   297   214
 2353     214   285   297   248
 2354     248   285   297   273
 2355     329   344   297   285
 2356     353   192   297   273
 2357     644   660   775   720
 2358     356   223   297   271
 2359     308   274   338   223
 2360     229   298   233   228
 2361     248   273   297   192
 2362     285   344   297   273
 2363     349   343   354   325
 2364     188   167   261   229
 2365     528   460   516   477
 2366     333   316   369   353
 2367     369   270   366   291
 2368     426   455   338   356
 2369     428   356   338   285
 2370     353   273   297   344
 2371     428   436   383   546
 2372     553   546   383   436
 2373     270   291   369   360
 2374     349   229   318   360
 2375     579   639   774   625
 2376     333   294   349   229
 2377     383   436   435   424
 2378     456   592   491   493
 2379     362   405   532   329
 2380     261   418   389   368
 2381     406   481   386   454
 2382     373   438   456   440
 2383     718   612   579   553
 2384     297   285   428   329
 2385     523   556   552   465
 2386     304   362   426   329
 2387     848   833   806   750
 2388     261   360   427   368
 2389     256   290   454   390
 2390     349   443   354   391
 2391     383   436   369   435
 2392     572   523   552   603
 2393     145   309   268   243
 2394     187   309   268   145
 2395     446   434   525   375
 2396     584   452   534   535
 2397     763   693   832   639
 2398     329   274   426   304
 2399     309   377   268   308
 2400     316   291   366   271
 2401     223   243   268   308
 2402     421   444   527   553
 2403     579   639   544   655
 2404     285   274   426   329
 2405     307   187   268   223
 2406     477   460   516   406
 2407     455   356   428   459
 2408     356   455   428   426
 2409     512   592   551   491
 2410     436   297   428   353
 2411     297   344   428   353
 2412     329   344   428   297
 2413     356   285   428   297
 2414     316   297   428   436
 2415     316   356   428   297
 2416     436   356   428   316
 2417     349   348   318   229
 2418     809   660   754   733
 2419     349   325   354   233
 2420     353   291   333   316
 2421     353   210   333   291
 2422     285   356   338   297
 2423     233   348   354   349
 2424     333   343   349   294
 2425     978   923   853   902
 2426     598   489   527   494
 2427     639   528   651   662
 2428     556   473   552   457
 2429     188   226   389   170
 2430     360   427   369   413
 2431     368   188   261   318
 2432     141   133   389   226
 2433     332   290   390   457
 2434     325   343   354   391
 2435     368   360   427   435
 2436     188   229   233   212
 2437     353   294   333   246
 2438     353   246   333   192
 2439     192   184   333   210
 2440     383   444   333   294
 2441     343   294   333   444
 2442     383   424   333   444
 2443     325   228   233   298
 2444     360   348   354   443
 2445     360   443   368   348
 2446     184   246   333   294
 2447     192   246   333   184
 2448     391   444   333   424
 2449     391   343   333   444
 2450     424   343   333   391
 2451     298   294   349   343
 2452     424   391   467   443
 2453     298   325   349   233
 2454     569   660   684   621
 2455     832   972   862   959
 2456     662   556   651   656
 2457     424   443   349   391
 2458     360   435   349   424
 2459     443   435   349   360
 2460     443   424   349   435
 2461     956   866   837   856
 2462     170   215   290   238
 2463     467   435   511   424
 2464     822   953   835   839
 2465     391   417   467   354
 2466     354   443   467   391
 2467     188   229   318   233
 2468     563   435   569   565
 2469     413   436   473   427
 2470     170   215   256   290
 2471     233   229   318   348
 2472     693   592   607   620
 2473     290   271   385   413
 2474     573   421   527   409
 2475     318   229   261   360
 2476     608   468   519   556
 2477     435   443   418   368
 2478     616   690   702   779
 2479     427   418   413   261
 2480     360   291   369   333
 2481     270   360   413   261
 2482     215   173   238   170
 2483     454   468   519   516
 2484     390   457   519   556
 2485     519   556   651   662
 2486     270   173   238   271
 2487     413   457   385   290
 2488     662   528   651   519
 2489     639   655   651   528
 2490     353   383   369   333
 2491     413   270   290   271
 2492     366   356   385   436
 2493     442   389   332   457
 2494     167   173   270   210
 2495     210   271   270   291
 2496     173   271   270   210
 2497     603   465   552   418
 2498     465   418   389   457
 2499     424   435   369   333
 2500     229   291   270   360
 2501     290   457   332   389
 2502     291   229   270   210
 2503     184   167   270   210
 2504     184   229   270   167
 2505     210   229   270   184
 2506     167   170   238   136
 2507     413   436   366   473
 2508     424   383   369   435
 2509     333   383   369   424
 2510     297   316   369   436
 2511     297   353   369   316
 2512     436   353   369   297
 2513     133   226   332   442
 2514     460   457   406   385
 2515     473   427   457   413
 2516     177   130   256   151
 2517     389   133   442   226
 2518     572   714   603   556
 2519     427   418   457   413
 2520     393   489   527   419
 2521     691   565   684   637
 2522     516   540   519   608
 2523     238   261   290   170
 2524     297   356   338   223
 2525     454   482   516   406
 2526     261   413   290   457
 2527     436   424   495   435
 2528     691   733   684   660
 2529     366   271   385   316
 2530     460   477   528   557
 2531     356   385   338   307
 2532     285   223   338   274
 2533     426   356   338   428
 2534     460   413   385   366
 2535     872   814   880   851
 2536     418   467   552   603
 2537     256   290   406   454
 2538     851   810   872   814
 2539     718   553   579   546
 2540     455   459   374   338
 2541     316   356   385   366
 2542     261   270   290   413
 2543     238   270   290   261
 2544     261   290   332   389
 2545     290   261   332   170
 2546     290   170   332   226
 2547     389   226   332   170
 2548     389   170   332   261
 2549     170   226   256   177
 2550     290   226   256   170
 2551     332   226   256   290
 2552     535   452   534   476
 2553     582   712   555   609
 2554     406   493   373   481
 2555     268   377   374   308
 2556     446   392   425   377
 2557     457   472   523   556
 2558     540   592   516   493
 2559     557   493   516   592
 2560     390   290   406   457
 2561     256   215   307   290
 2562     830   540   763   608
 2563     356   271   307   223
 2564     316   271   385   356
 2565     460   457   385   413
 2566     377   373   374   440
 2567     459   356   338   455
 2568     415   274   338   392
 2569     556   465   523   457
 2570     481   454   406   482
 2571     413   473   460   457
 2572     473   413   460   366
 2573     662   528   519   516
 2574     390   457   406   454
 2575     655   656   733   651
 2576     459   477   544   557
 2577     428   436   460   356
 2578     459   436   460   428
 2579     428   356   460   459
 2580     540   493   516   481
 2581     366   436   460   473
 2582     223   139   268   243
 2583     556   603   552   628
 2584     442   133   542   332
 2585     557   639   528   655
 2586     675   700   653   666
 2587     535   430   534   585
 2588     456   459   374   440
 2589     322   377   373   268
 2590     385   307   374   338
 2591     322   438   373   377
 2592     739   740   789   723
 2593     290   215   307   271
 2594     268   309   386   373
 2595     385   271   307   356
 2596     268   309   373   322
 2597     454   290   406   390
 2598     763   793   666   862
 2599     425   308   374   377
 2600     557   655   528   460
 2601     338   223   268   308
 2602     307   223   268   338
 2603     215   187   307   223
 2604     373   307   386   187
 2605     440   455   374   425
 2606     290   271   307   385
 2607     579   655   544   557
 2608     308   392   338   274
 2609     268   307   374   373
 2610     377   440   374   425
 2611     268   338   374   307
 2612     187   145   268   139
 2613     139   145   268   243
 2614     373   377   374   268
 2615     406   454   386   256
 2616     428   285   338   426
 2617     426   285   338   274
 2618     426   274   338   415
 2619     456   440   374   373
 2620     440   459   374   455
 2621     373   438   484   456
 2622     377   392   425   308
 2623     406   482   516   481
 2624     477   557   516   528
 2625     268   307   373   187
 2626     307   406   373   290
 2627     256   290   373   406
 2628     307   290   373   256
 2629     406   481   516   493
 2630     456   406   516   493
 2631     579   460   544   436
 2632     457   465   552   556
 2633     477   406   516   456
 2634     557   440   544   459
 2635     625   620   544   639
 2636     540   482   516   468
 2637     456   459   557   477
 2638     373   307   374   385
 2639     425   392   374   308
 2640     338   308   374   392
 2641     415   455   374   338
 2642     425   455   374   415
 2643     456   385   374   459
 2644     456   373   374   406
 2645     385   406   374   373
 2646     456   406   374   385
 2647     425   415   374   392
 2648     338   392   374   415
 2649     356   385   374   338
 2650     356   459   374   385
 2651     338   459   374   356
 2652     373   309   386   322
 2653     373   493   386   481
 2654     307   215   386   187
 2655     256   215   386   307
 2656     256   187   386   215
 2657     120   187   386   130
 2658     120   309   386   187
 2659     484   373   386   438
 2660     322   438   386   373
 2661     456   373   386   484
 2662     456   493   386   373
 2663     484   493   386   456
 2664     701   608   714   673
 2665     691   715   839   733
 2666     477   456   516   557
 2667     899   930   882   946
 2668     575   794   642   634
 2669     460   436   579   473
 2670     720   660   775   809
 2671     599   524   537   591
 2672     556   542   572   673
 2673     612   473   579   436
 2674     362   397   550   452
 2675     446   549   564   420
 2676     792   829   962   954
 2677     425   392   525   415
 2678     629   622   654   679
 2679     613   593   534   476
 2680     810   812   880   788
 2681     727   591   762   694
 2682     607   620   575   693
 2683     633   649   642   713
 2684     453   397   550   362
 2685     877   787   854   767
 2686     410   416   490   331
 2687     456   493   491   484
 2688     733   565   691   656
 2689     556   468   519   390
 2690     667   587   990   694
 2691     763   592   666   693
 2692     733   651   739   655
 2693     473   460   519   528
 2694     512   622   551   675
 2695     608   540   519   468
 2696     454   457   519   390
 2697     406   460   519   457
 2698     406   454   519   516
 2699     579   625   544   639
 2700     830   986   876   859
 2701     822   714   739   786
 2702     436   435   495   498
 2703     920   839   835   953
 2704     660   656   563   565
 2705     546   553   495   436
 2706     569   637   684   565
 2707     542   673   556   608
 2708     527   580   632   489
 2709     714   608   556   673
 2710     390   472   556   608
 2711     608   468   556   390
 2712     642   634   756   841
 2713     457   472   556   390
 2714     835   740   789   739
 2715     579   612   732   655
 2716     637   565   569   467
 2717     523   465   552   603
 2718     418   465   552   457
 2719     621   660   684   640
 2720     565   656   628   637
 2721     714   556   739   723
 2722     739   839   835   733
 2723     786   822   835   739
 2724     573   604   559   500
 2725     511   444   495   553
 2726     691   660   684   565
 2727     832   925   843   949
 2728     540   516   662   608
 2729     406   457   519   454
 2730     460   473   612   528
 2731     460   655   612   557
 2732     651   656   612   655
 2733     557   655   544   639
 2734     424   444   511   391
 2735     444   424   495   383
 2736     569   435   511   467
 2737     715   723   740   733
 2738     569   565   684   660
 2739     563   565   569   660
 2740     467   424   511   391
 2741     473   435   563   427
 2742     668   753   756   625
 2743     684   733   754   660
 2744     528   655   612   460
 2745     612   656   732   655
 2746     563   435   498   569
 2747     519   473   612   651
 2748     519   528   612   473
 2749     651   528   612   519
 2750     546   436   495   498
 2751     563   656   612   565
 2752     473   563   498   612
 2753     639   693   794   620
 2754     612   436   498   473
 2755     926   844   872   851
 2756     456   592   607   440
 2757     740   715   839   801
 2758     556   603   628   723
 2759     565   656   733   660
 2760     712   582   707   677
 2761     656   662   739   651
 2762     839   924   789   740
 2763     832   959   949   972
 2764     856   831   646   641
 2765     467   565   569   435
 2766     572   556   552   523
 2767     603   556   552   572
 2768     603   467   552   628
 2769     628   565   552   656
 2770     628   656   552   556
 2771     427   435   552   418
 2772     612   473   552   651
 2773     556   656   552   651
 2774     519   556   552   651
 2775     519   473   552   556
 2776     651   473   552   519
 2777     427   473   552   563
 2778     443   467   552   418
 2779     628   637   552   565
 2780     467   637   552   628
 2781     467   565   552   637
 2782     563   565   552   435
 2783     563   435   552   427
 2784     435   443   552   418
 2785     563   473   552   612
 2786     612   565   552   563
 2787     612   656   552   565
 2788     651   656   552   612
 2789     435   565   552   467
 2790     467   443   552   435
 2791     597   449   527   489
 2792     573   421   487   483
 2793     426   415   492   392
 2794     428   546   544   579
 2795     856   812   831   855
 2796     718   660   735   563
 2797     732   656   735   733
 2798     512   491   551   490
 2799     835   723   789   786
 2800     814   810   880   851
 2801     809   801   839   754
 2802     871   878   865   906
 2803     809   788   776   718
 2804     597   511   527   449
 2805     419   489   527   449
 2806     737   663   765   867
 2807     429   617   527   585
 2808     573   489   527   421
 2809     596   590   696   663
 2810     573   617   527   641
 2811     419   444   527   393
 2812     459   460   544   477
 2813     428   546   532   544
 2814     557   477   544   460
 2815     579   436   544   428
 2816     646   617   535   585
 2817     880   941   938   907
 2818     625   718   774   579
 2819     428   436   544   459
 2820     702   720   747   696
 2821     800   769   773   961
 2822     814   812   880   810
 2823     479   475   601   576
 2824     446   331   490   416
 2825     639   540   763   592
 2826     682   712   707   706
 2827     490   446   521   530
 2828     868   930   905   981
 2829     430   405   534   476
 2830     832   793   868   693
 2831     532   329   535   428
 2832     655   656   732   733
 2833     732   612   735   656
 2834     646   625   535   546
 2835     429   344   535   430
 2836     405   329   535   532
 2837     540   592   666   763
 2838     732   788   735   718
 2839     851   788   926   888
 2840     419   357   494   411
 2841     538   476   534   593
 2842     510   412   488   367
 2843     588   618   562   570
 2844     361   311   488   378
 2845     547   397   545   452
 2846     819   738   731   757
 2847     782   625   731   753
 2848     546   344   535   553
 2849     508   462   502   499
 2850     613   738   731   753
 2851     855   960   831   856
 2852     880   872   855   814
 2853     886   936   871   960
 2854     563   612   735   718
 2855     563   660   735   656
 2856     844   639   832   794
 2857     918   985   873   931
 2858     774   625   814   753
 2859     809   733   735   660
 2860     928   941   880   851
 2861     910   858   800   744
 2862     810   774   845   814
 2863     805   764   875   799
 2864     870   796   841   857
 2865     978   891   955   861
 2866     639   625   794   774
 2867     639   620   794   625
 2868     845   814   872   810
 2869     634   633   564   676
 2870     880   788   831   809
 2871     855   880   831   960
 2872     841   717   777   794
 2873     855   812   831   880
 2874     886   960   831   880
 2875     833   864   847   873
 2876     821   833   847   757
 2877     822   922   835   944
 2878     831   788   776   809
 2879     809   960   831   886
 2880     772   811   840   743
 2881     930   949   981   868
 2882     763   859   862   830
 2883     876   922   834   925
 2884     851   774   844   845
 2885     851   888   844   788
 2886     774   732   844   655
 2887     781   802   841   713
 2888     484   456   512   491
 2889     512   675   551   592
 2890     818   753   798   808
 2891     830   739   763   822
 2892     891   870   842   975
 2893     868   946   930   949
 2894     794   845   844   774
 2895     562   437   564   549
 2896     781   713   782   668
 2897     844   926   872   984
 2898     464   370   513   339
 2899     840   919   870   983
 2900     525   622   564   446
 2901     774   788   844   732
 2902     851   788   844   774
 2903     944   839   835   920
 2904     832   834   949   959
 2905     876   835   982   786
 2906     851   845   872   774
 2907     810   774   872   845
 2908     851   774   872   810
 2909     926   788   928   888
 2910     880   960   938   928
 2911     956   866   856   911
 2912     573   641   527   598
 2913     880   907   938   960
 2914     839   888   944   886
 2915     756   668   782   753
 2916     872   851   880   941
 2917     733   723   739   656
 2918     880   928   938   941
 2919     774   788   798   810
 2920     926   851   928   788
 2921     941   872   928   926
 2922     851   872   928   941
 2923     851   926   928   872
 2924     656   651   739   733
 2925     856   753   818   738
 2926     428   329   535   344
 2927     907   967   880   941
 2928     872   941   880   967
 2929     774   625   798   718
 2930     604   508   626   624
 2931     650   685   594   571
 2932     818   808   798   855
 2933     961   874   773   800
 2934     639   655   763   662
 2935     656   660   735   733
 2936     928   960   886   880
 2937     880   788   886   928
 2938     908   835   982   922
 2939     856   956   871   837
 2940     856   960   871   956
 2941     956   936   871   837
 2942     866   889   961   952
 2943     744   748   730   769
 2944     750   806   736   769
 2945     568   658   614   606
 2946     855   808   798   812
 2947     886   880   831   809
 2948     641   738   646   773
 2949     579   546   646   718
 2950     837   747   871   831
 2951     908   786   982   835
 2952     775   779   871   803
 2953     702   632   696   580
 2954     786   714   739   723
 2955     839   740   789   835
 2956     740   723   739   733
 2957     740   733   839   715
 2958     723   556   739   628
 2959     986   786   982   908
 2960     809   888   839   886
 2961     844   953   839   888
 2962     739   822   835   839
 2963     662   656   739   556
 2964     986   859   982   876
 2965     739   723   835   786
 2966     801   691   839   754
 2967     809   733   839   735
 2968     732   733   839   844
 2969     684   733   839   754
 2970     684   691   839   733
 2971     754   691   839   684
 2972     733   732   839   735
 2973     809   788   839   888
 2974     735   788   839   809
 2975     844   888   839   788
 2976     844   788   839   732
 2977     732   788   839   735
 2978     920   888   944   839
 2979     876   922   904   982
 2980     662   655   739   651
 2981     905   930   849   964
 2982     876   922   982   835
 2983     608   540   763   662
 2984     920   953   835   822
 2985     822   786   830   734
 2986     739   733   835   740
 2987     739   723   789   835
 2988     740   733   835   839
 2989     920   953   822   944
 2990     639   592   763   693
 2991     830   822   876   786
 2992     662   556   739   608
 2993     714   608   739   556
 2994     734   714   739   822
 2995     834   739   763   662
 2996     882   868   843   946
 2997     732   733   739   655
 2998     844   733   739   732
 2999     794   845   843   844
 3000     822   922   876   835
 3001     714   734   739   701
 3002     608   701   739   734
 3003     714   701   739   608
 3004     839   886   908   924
 3005     944   886   908   839
 3006     944   839   908   835
 3007     822   734   830   739
 3008     739   734   830   608
 3009     789   786   908   835
 3010     789   839   908   924
 3011     835   839   908   789
 3012     876   786   982   986
 3013     964   930   849   882
 3014     904   859   834   876
 3015     425   446   525   392
 3016     516   528   763   662
 3017     959   904   832   834
 3018     834   822   763   739
 3019     743   712   618   768
 3020     925   834   949   832
 3021     794   844   843   832
 3022     830   786   876   734
 3023     986   734   876   786
 3024     830   734   876   986
 3025     830   822   763   876
 3026     830   608   763   739
 3027     739   608   763   662
 3028     834   859   763   876
 3029     876   859   763   830
 3030     922   944   834   953
 3031     868   966   981   862
 3032     777   845   869   794
 3033     620   794   756   575
 3034     868   883   905   930
 3035     868   862   981   883
 3036     834   925   949   904
 3037     984   844   925   946
 3038     926   844   925   984
 3039     844   888   925   953
 3040     926   888   925   844
 3041     834   904   949   959
 3042     516   639   763   528
 3043     516   540   763   639
 3044     834   876   763   822
 3045     981   883   905   868
 3046     822   953   834   944
 3047     822   839   834   953
 3048     844   953   834   839
 3049     763   793   832   693
 3050     834   844   832   925
 3051     739   844   834   733
 3052     739   733   834   822
 3053     639   834   832   763
 3054     844   655   834   639
 3055     739   662   834   655
 3056     822   922   834   876
 3057     822   944   834   922
 3058     733   839   834   822
 3059     733   844   834   839
 3060     732   844   834   739
 3061     732   655   834   844
 3062     739   655   834   732
 3063     627   667   599   652
 3064     832   693   843   794
 3065     830   540   862   763
 3066     857   882   717   843
 3067     654   627   762   591
 3068     763   793   862   832
 3069     792   921   870   840
 3070     959   904   862   832
 3071     834   763   862   832
 3072     834   859   862   763
 3073     949   980   862   972
 3074     949   972   862   832
 3075     954   990   974   854
 3076     834   904   862   859
 3077     832   904   862   834
 3078     980   949   862   977
 3079     868   832   862   793
 3080     868   949   862   832
 3081     868   966   862   949
 3082     977   949   862   966
 3083     675   622   643   705
 3084     984   946   843   845
 3085     610   661   698   560
 3086     832   844   843   925
 3087     925   844   843   946
 3088     949   925   843   946
 3089     868   949   843   946
 3090     934   933   954   877
 3091     752   760   850   821
 3092     828   784   840   790
 3093     882   946   843   984
 3094     844   845   843   946
 3095     868   693   843   832
 3096     832   949   843   868
 3097     599   581   537   531
 3098     883   868   882   930
 3099     491   592   666   493
 3100     899   964   882   930
 3101     899   946   882   897
 3102     849   883   770   882
 3103     622   675   607   717
 3104     446   420   524   549
 3105     679   778   767   787
 3106     970   840   914   919
 3107     793   693   675   868
 3108     897   946   882   984
 3109     899   897   882   964
 3110     857   964   882   897
 3111     653   592   551   675
 3112     700   793   675   770
 3113     675   705   643   755
 3114     857   794   869   843
 3115     872   951   869   984
 3116     668   625   756   620
 3117     857   927   932   976
 3118     975   841   842   781
 3119     717   675   607   693
 3120     755   700   653   675
 3121     679   622   654   705
 3122     772   758   676   743
 3123     700   793   666   693
 3124     843   868   717   693
 3125     883   868   770   882
 3126     693   793   666   763
 3127     962   954   974   813
 3128     521   561   524   627
 3129     755   705   643   778
 3130     525   446   512   622
 3131     675   705   717   622
 3132     540   493   666   592
 3133     675   755   717   705
 3134     700   693   675   793
 3135     562   629   676   654
 3136     438   456   512   484
 3137     693   700   675   666
 3138     622   607   512   525
 3139     770   755   675   700
 3140     770   882   717   849
 3141     770   755   717   675
 3142     607   440   512   525
 3143     767   792   854   829
 3144     840   796   870   829
 3145     843   882   717   868
 3146     558   687   586   576
 3147     562   654   676   743
 3148     666   592   653   675
 3149     438   484   512   491
 3150     456   440   512   592
 3151     607   592   512   440
 3152     627   549   654   679
 3153     490   410   512   438
 3154     721   778   679   705
 3155     375   453   525   392
 3156     793   770   717   675
 3157     793   868   717   770
 3158     675   868   717   793
 3159     843   693   717   794
 3160     843   794   717   857
 3161     469   517   497   513
 3162     458   480   537   524
 3163     533   618   513   570
 3164     679   549   629   622
 3165     440   620   607   557
 3166     557   456   607   440
 3167     557   592   607   456
 3168     620   592   607   557
 3169     607   622   512   675
 3170     652   667   787   679
 3171     666   592   551   653
 3172     767   627   762   679
 3173     717   705   634   622
 3174     512   446   530   622
 3175     853   802   782   819
 3176     964   905   940   849
 3177     634   564   642   577
 3178     767   796   762   792
 3179     581   458   537   531
 3180     649   659   676   713
 3181     561   530   521   446
 3182     629   705   654   622
 3183     629   679   654   549
 3184     562   549   564   629
 3185     575   634   642   577
 3186     564   525   575   634
 3187     575   544   577   625
 3188     756   717   777   634
 3189     550   633   642   713
 3190     937   990   854   877
 3191     762   727   854   813
 3192     625   544   492   532
 3193     492   544   577   575
 3194     426   392   492   453
 3195     675   755   561   653
 3196     551   622   561   675
 3197     530   622   561   551
 3198     675   653   561   551
 3199     857   882   721   717
 3200     721   654   767   796
 3201     717   882   721   849
 3202     717   755   721   705
 3203     778   705   721   755
 3204     778   755   721   849
 3205     717   770   721   755
 3206     849   770   721   717
 3207     849   755   721   770
 3208     675   755   643   561
 3209     561   622   643   675
 3210     458   437   524   408
 3211     524   591   599   627
 3212     446   434   564   525
 3213     599   591   537   581
 3214     408   458   531   416
 3215     524   521   599   531
 3216     679   778   652   643
 3217     743   790   840   784
 3218     561   622   627   643
 3219     351   581   531   458
 3220     643   622   679   705
 3221     627   622   679   643
 3222     627   549   679   622
 3223     762   813   854   792
 3224     762   813   811   745
 3225     654   796   676   772
 3226     560   543   509   520
 3227     762   792   772   811
 3228     677   743   659   758
 3229     562   609   507   533
 3230     848   873   833   757
 3231     416   351   531   408
 3232     490   416   521   446
 3233     627   521   599   524
 3234     524   549   537   591
 3235     587   591   694   599
 3236     847   821   850   864
 3237     983   891   842   861
 3238     768   879   805   823
 3239     652   643   521   627
 3240     479   470   505   466
 3241     609   447   550   453
 3242     533   464   507   497
 3243     790   828   677   712
 3244     562   434   564   437
 3245     627   622   524   549
 3246     561   622   524   627
 3247     446   622   524   561
 3248     446   549   524   622
 3249     446   375   524   420
 3250     416   437   524   420
 3251     549   420   524   437
 3252     416   272   524   437
 3253     408   272   524   416
 3254     408   437   524   272
 3255     480   437   524   458
 3256     480   549   524   437
 3257     331   375   524   446
 3258     446   416   524   331
 3259     375   331   524   420
 3260     416   420   524   331
 3261     480   549   537   524
 3262     570   432   497   486
 3263     486   549   537   480
 3264     990   694   787   667
 3265     772   796   870   840
 3266     599   627   694   667
 3267     591   627   694   599
 3268     921   919   870   840
 3269     721   679   767   654
 3270     679   654   762   767
 3271     768   743   827   811
 3272     694   627   762   767
 3273     762   694   854   727
 3274     933   937   954   877
 3275     877   829   954   934
 3276     762   654   772   792
 3277     954   937   854   877
 3278     829   877   854   767
 3279     787   694   854   767
 3280     849   964   829   877
 3281     634   705   676   629
 3282     877   964   940   849
 3283     767   796   829   721
 3284     841   794   869   857
 3285     787   667   767   679
 3286     679   778   787   652
 3287     879   840   820   914
 3288     679   721   767   778
 3289     811   962   879   974
 3290     787   778   767   877
 3291     857   897   976   934
 3292     954   813   962   792
 3293     787   694   767   667
 3294     849   882   829   964
 3295     679   627   762   654
 3296     772   792   840   811
 3297     957   927   932   841
 3298     432   327   497   437
 3299     767   654   762   796
 3300     792   796   762   654
 3301     877   778   829   849
 3302     927   897   976   857
 3303     654   705   796   721
 3304     629   705   796   654
 3305     767   778   829   877
 3306     575   564   577   525
 3307     479   339   513   441
 3308     582   649   681   665
 3309     378   311   488   367
 3310     486   591   562   588
 3311     717   857   796   721
 3312     721   705   796   717
 3313     758   790   681   677
 3314     633   609   676   659
 3315     856   900   855   907
 3316     796   767   829   792
 3317     694   591   762   627
 3318     811   792   962   813
 3319     882   849   829   721
 3320     767   721   829   778
 3321     849   778   829   721
 3322     721   857   829   882
 3323     796   857   829   721
 3324     811   743   618   768
 3325     850   861   853   978
 3326     762   813   745   727
 3327     853   781   782   802
 3328     857   897   934   829
 3329     583   501   506   619
 3330     877   940   934   933
 3331     829   897   934   964
 3332     877   964   934   940
 3333     829   964   934   877
 3334     829   792   854   954
 3335     954   877   854   829
 3336     829   934   976   921
 3337     710   703   764   706
 3338     752   850   799   797
 3339     731   669   623   689
 3340     777   794   869   841
 3341     575   642   756   668
 3342     792   829   921   962
 3343     575   634   577   564
 3344     954   829   921   934
 3345     962   829   921   954
 3346     870   921   957   919
 3347     873   848   797   757
 3348     507   453   564   434
 3349     654   796   772   792
 3350     914   970   879   840
 3351     875   764   807   710
 3352     746   780   695   815
 3353     432   469   497   346
 3354     919   840   914   983
 3355     828   784   790   758
 3356     828   784   758   772
 3357     629   622   634   705
 3358     708   669   703   687
 3359     707   711   799   689
 3360     970   974   879   962
 3361     829   857   976   934
 3362     792   829   870   921
 3363     588   591   562   647
 3364     717   622   634   607
 3365     547   681   689   582
 3366     875   969   917   913
 3367     492   550   577   532
 3368     409   553   527   429
 3369     642   713   756   668
 3370     464   320   497   327
 3371     647   743   618   811
 3372     802   713   781   668
 3373     510   593   623   545
 3374     513   570   562   533
 3375     446   622   564   549
 3376     772   762   743   654
 3377     367   412   488   378
 3378     517   469   497   570
 3379     513   464   497   469
 3380     711   576   703   669
 3381     864   947   824   836
 3382     828   784   870   840
 3383     840   784   870   772
 3384     962   792   840   921
 3385     503   505   605   695
 3386     873   757   797   847
 3387     792   796   840   829
 3388     772   796   840   792
 3389     840   829   870   792
 3390     346   327   497   432
 3391     919   962   970   840
 3392     819   802   782   814
 3393     903   823   820   879
 3394     466   445   505   448
 3395     510   367   488   501
 3396     807   780   852   875
 3397     847   757   797   752
 3398     688   401   664   520
 3399     510   545   488   412
 3400     555   576   488   479
 3401     840   962   879   811
 3402     970   962   879   840
 3403     711   669   703   708
 3404     706   768   805   823
 3405     913   861   955   890
 3406     875   710   807   780
 3407     811   840   827   879
 3408     768   712   805   743
 3409     609   453   550   633
 3410     533   513   497   562
 3411     470   445   505   466
 3412     570   469   497   432
 3413     745   762   647   743
 3414     762   591   647   654
 3415     731   757   669   752
 3416     588   486   497   562
 3417     727   762   647   745
 3418     727   591   647   762
 3419     634   622   564   525
 3420     361   378   513   407
 3421     805   827   820   879
 3422     497   437   507   562
 3423     884   965   795   817
 3424     346   469   497   464
 3425     703   687   710   760
 3426     533   464   497   513
 3427     633   453   550   564
 3428     575   525   577   492
 3429     654   549   562   629
 3430     533   609   507   453
 3431     629   705   676   796
 3432     412   476   510   452
 3433     609   453   533   451
 3434     545   576   488   522
 3435     756   753   782   808
 3436     545   593   623   547
 3437     507   609   564   453
 3438     758   677   665   659
 3439     659   743   676   758
 3440     872   845   869   802
 3441     659   758   676   713
 3442     766   826   885   791
 3443     361   378   488   522
 3444     513   618   555   570
 3445     758   712   677   743
 3446     796   705   634   717
 3447     659   609   665   633
 3448     654   629   676   796
 3449     976   829   932   857
 3450     758   677   681   665
 3451     845   774   777   814
 3452     677   609   659   743
 3453     659   677   665   609
 3454     533   618   562   609
 3455     533   570   562   618
 3456     469   370   513   464
 3457     361   339   513   479
 3458     544   428   492   532
 3459     562   609   676   629
 3460     513   570   497   562
 3461     486   437   497   562
 3462     486   432   497   437
 3463     451   434   507   437
 3464     693   794   575   634
 3465     486   437   562   549
 3466     682   712   601   555
 3467     464   451   513   533
 3468     451   464   513   361
 3469     451   361   513   407
 3470     441   370   513   469
 3471     441   339   513   370
 3472     501   576   488   545
 3473     522   397   488   545
 3474     522   576   488   555
 3475     896   973   817   860
 3476     693   620   575   794
 3477     609   618   562   743
 3478     647   743   562   618
 3479     647   654   562   762
 3480     743   762   562   654
 3481     647   762   562   743
 3482     537   549   562   591
 3483     486   549   562   537
 3484     537   591   562   486
 3485     806   864   863   836
 3486     665   758   713   681
 3487     758   828   681   790
 3488     607   440   575   620
 3489     743   609   676   562
 3490     810   788   798   812
 3491     659   758   713   665
 3492     532   426   492   362
 3493     582   609   665   677
 3494     649   665   713   681
 3495     550   362   492   453
 3496     681   758   713   828
 3497     682   582   555   576
 3498     840   879   820   827
 3499     547   576   522   582
 3500     845   814   777   872
 3501     492   625   577   544
 3502     841   802   777   756
 3503     452   397   550   447
 3504     633   649   665   659
 3505     758   828   781   713
 3506     525   415   492   425
 3507     743   654   676   772
 3508     609   743   676   659
 3509     841   951   869   802
 3510     582   609   550   633
 3511     525   392   492   415
 3512     794   625   756   774
 3513     620   575   756   668
 3514     756   808   782   814
 3515     525   440   575   607
 3516     425   455   492   440
 3517     453   362   492   426
 3518     582   649   665   633
 3519     633   609   665   582
 3520     698   583   619   610
 3521     845   872   777   802
 3522     613   593   623   757
 3523     677   576   547   582
 3524     676   629   564   634
 3525     797   757   731   752
 3526     507   562   564   609
 3527     492   525   577   453
 3528     668   625   782   753
 3529     584   550   547   452
 3530     676   609   564   629
 3531     522   576   555   582
 3532     693   794   634   717
 3533     532   428   492   426
 3534     437   434   564   549
 3535     532   362   492   550
 3536     629   549   564   622
 3537     434   420   564   549
 3538     633   609   564   676
 3539     577   575   668   642
 3540     713   668   731   782
 3541     453   447   550   397
 3542     492   453   577   550
 3543     525   434   564   453
 3544     532   362   550   452
 3545     659   649   676   633
 3546     525   453   492   392
 3547     670   602   750   757
 3548     841   870   932   957
 3549     819   814   782   808
 3550     446   420   564   434
 3551     713   649   550   633
 3552     550   453   577   564
 3553     564   453   577   525
 3554     550   564   642   633
 3555     634   622   575   607
 3556     525   607   575   622
 3557     525   622   575   634
 3558     634   794   756   717
 3559     425   525   575   492
 3560     425   440   575   525
 3561     492   440   575   425
 3562     634   607   575   717
 3563     693   717   575   607
 3564     634   717   575   693
 3565     492   544   575   455
 3566     492   455   575   440
 3567     557   440   575   544
 3568     557   620   575   440
 3569     544   620   575   557
 3570     544   440   575   459
 3571     455   459   575   440
 3572     544   459   575   455
 3573     577   564   642   550
 3574     676   713   642   649
 3575     676   649   642   633
 3576     676   633   642   634
 3577     634   717   777   841
 3578     814   625   756   753
 3579     544   620   668   575
 3580     544   625   668   620
 3581     575   625   668   544
 3582     555   517   601   513
 3583     687   670   719   760
 3584     670   593   623   510
 3585     613   757   731   738
 3586     641   585   573   617
 3587     864   947   863   824
 3588     756   814   777   774
 3589     814   753   756   808
 3590     882   857   869   843
 3591     802   713   756   642
 3592     545   397   488   412
 3593     802   642   756   841
 3594     634   841   777   756
 3595     756   774   777   794
 3596     777   802   869   845
 3597     843   794   869   845
 3598     781   713   841   676
 3599     753   738   782   819
 3600     947   895   864   935
 3601     927   951   869   841
 3602     843   845   869   984
 3603     984   845   869   872
 3604     575   794   756   642
 3605     802   668   756   713
 3606     676   758   781   713
 3607     772   796   841   870
 3608     758   828   841   781
 3609     758   772   841   828
 3610     676   758   841   781
 3611     676   772   841   758
 3612     676   796   841   772
 3613     802   642   841   713
 3614     676   713   841   642
 3615     634   676   841   642
 3616     634   796   841   676
 3617     717   794   841   857
 3618     571   602   650   697
 3619     794   774   777   845
 3620     756   794   777   717
 3621     796   717   841   857
 3622     634   717   841   796
 3623     882   984   927   897
 3624     842   891   853   861
 3625     848   757   819   797
 3626     825   836   863   864
 3627     957   870   975   841
 3628     764   707   799   805
 3629     957   841   975   927
 3630     884   965   929   968
 3631     843   984   869   882
 3632     927   984   869   951
 3633     882   984   869   927
 3634     857   870   932   841
 3635     957   870   932   921
 3636     870   857   932   829
 3637     781   841   893   975
 3638     976   921   932   829
 3639     870   829   932   921
 3640     781   802   893   841
 3641     869   951   893   802
 3642     872   951   893   869
 3643     689   669   711   752
 3644     689   677   711   623
 3645     841   927   893   975
 3646     752   669   711   708
 3647     931   895   873   971
 3648     841   951   893   927
 3649     870   919   975   983
 3650     957   919   975   870
 3651     872   909   893   951
 3652     802   872   893   869
 3653     802   909   893   872
 3654     931   971   873   918
 3655     945   918   855   909
 3656     918   985   848   873
 3657     971   918   848   873
 3658     911   945   856   900
 3659     907   900   855   945
 3660     808   753   798   814
 3661     847   864   850   947
 3662     501   450   506   510
 3663     969   913   875   955
 3664     766   826   791   749
 3665     670   757   750   719
 3666     782   819   731   797
 3667     848   945   855   818
 3668     506   619   548   583
 3669     661   674   610   751
 3670     757   760   752   821
 3671     670   752   687   708
 3672     971   918   853   848
 3673     452   397   545   412
 3674     513   378   522   407
 3675     902   971   853   978
 3676     757   821   752   847
 3677     971   902   853   918
 3678     697   602   650   719
 3679     853   797   782   781
 3680     708   752   703   711
 3681     719   836   806   825
 3682     704   800   680   771
 3683     689   613   623   731
 3684     880   960   855   907
 3685     665   677   689   582
 3686     842   861   853   797
 3687     823   601   807   706
 3688     943   858   889   910
 3689     752   731   689   669
 3690     952   936   956   866
 3691     850   847   797   752
 3692     873   942   833   864
 3693     870   828   842   841
 3694     842   983   820   828
 3695     708   760   703   752
 3696     702   644   775   720
 3697     916   931   873   985
 3698     703   576   707   682
 3699     895   931   873   916
 3700     802   756   782   777
 3701     861   891   853   978
 3702     873   757   847   833
 3703     870   841   842   975
 3704     916   942   873   895
 3705     889   874   961   910
 3706     510   602   670   593
 3707     782   738   731   819
 3708     502   471   594   529
 3709     503   399   520   388
 3710     893   975   842   781
 3711     689   547   623   584
 3712     848   918   853   923
 3713     821   864   836   947
 3714     650   697   766   726
 3715     824   898   863   817
 3716     864   935   873   942
 3717     895   935   873   864
 3718     895   942   873   935
 3719     947   864   850   821
 3720     777   814   782   802
 3721     847   978   853   971
 3722     894   935   901   864
 3723     503   466   520   505
 3724     548   602   571   697
 3725     821   757   836   833
 3726     610   751   619   698
 3727     337   326   506   323
 3728     631   364   548   543
 3729     764   711   799   707
 3730     681   677   689   665
 3731     873   864   847   895
 3732     836   821   847   864
 3733     833   821   847   836
 3734     836   864   847   833
 3735     797   781   853   842
 3736     850   978   853   847
 3737     819   797   782   853
 3738     847   971   853   873
 3739     753   738   731   782
 3740     853   802   819   893
 3741     947   895   847   864
 3742     894   864   863   806
 3743     895   978   847   971
 3744     722   685   726   697
 3745     577   550   584   532
 3746     682   706   707   703
 3747     848   797   819   853
 3748     870   983   842   828
 3749     891   983   842   870
 3750     669   576   623   545
 3751     476   412   510   538
 3752     361   378   522   513
 3753     757   752   670   669
 3754     902   923   853   918
 3755     847   873   853   797
 3756     978   891   853   923
 3757     797   873   853   848
 3758     687   669   703   576
 3759     698   759   619   697
 3760     895   978   850   847
 3761     895   947   850   978
 3762     764   805   875   823
 3763     708   752   687   760
 3764     687   576   558   670
 3765     407   397   522   452
 3766     501   545   488   510
 3767     864   824   863   825
 3768     558   576   610   479
 3769     853   923   819   848
 3770     378   412   488   407
 3771     782   781   731   713
 3772     797   781   731   782
 3773     689   584   623   613
 3774     670   669   623   593
 3775     819   808   782   753
 3776     802   668   782   756
 3777     848   918   855   945
 3778     893   923   819   853
 3779     893   802   819   909
 3780     682   712   555   707
 3781     777   756   782   814
 3782     873   971   853   848
 3783     893   891   853   842
 3784     893   923   853   891
 3785     842   781   853   893
 3786     893   909   819   923
 3787     802   872   819   909
 3788     814   872   819   802
 3789     753   625   798   774
 3790     918   909   819   848
 3791     918   923   819   909
 3792     848   923   819   918
 3793     774   718   798   788
 3794     814   753   798   774
 3795     547   452   522   397
 3796     689   677   623   547
 3797     706   703   764   707
 3798     791   766   744   769
 3799     806   836   863   825
 3800     550   447   547   452
 3801     479   441   601   475
 3802     618   712   601   768
 3803     584   452   547   593
 3804     510   538   506   602
 3805     545   412   510   452
 3806     538   593   510   476
 3807     506   450   509   372
 3808     367   311   488   341
 3809     718   625   646   579
 3810     856   798   646   831
 3811     535   405   534   430
 3812     430   585   535   429
 3813     731   681   584   713
 3814     547   593   623   584
 3815     452   593   510   545
 3816     713   649   584   550
 3817     713   681   584   649
 3818     593   476   584   452
 3819     613   476   584   593
 3820     707   582   555   682
 3821     583   543   509   560
 3822     511   391   504   467
 3823     566   585   595   738
 3824     914   840   820   983
 3825     452   593   545   547
 3826     633   681   584   550
 3827     633   649   584   681
 3828     550   649   584   633
 3829     707   712   555   582
 3830     550   633   547   582
 3831     681   633   547   550
 3832     513   441   601   555
 3833     513   441   555   479
 3834     533   618   555   513
 3835     517   570   555   618
 3836     649   633   547   681
 3837     649   582   547   633
 3838     681   582   547   649
 3839     361   479   488   311
 3840     670   752   708   669
 3841     752   703   799   764
 3842     323   450   506   372
 3843     828   712   707   677
 3844     543   364   548   372
 3845     824   780   751   710
 3846     548   619   539   602
 3847     670   760   687   752
 3848     795   989   688   815
 3849     650   602   750   719
 3850     476   395   496   538
 3851     677   576   707   711
 3852     670   576   623   669
 3853     703   706   710   682
 3854     510   602   619   670
 3855     948   791   910   885
 3856     545   576   623   510
 3857     623   669   711   689
 3858     664   630   672   698
 3859     613   757   623   731
 3860     669   757   623   593
 3861     669   731   623   757
 3862     545   576   522   547
 3863     752   797   799   711
 3864     711   689   707   677
 3865     547   677   711   576
 3866     823   706   764   805
 3867     669   670   687   708
 3868     669   576   687   670
 3869     513   479   488   361
 3870     513   407   522   451
 3871     912   969   917   875
 3872     827   879   805   768
 3873     955   947   875   969
 3874     823   764   807   875
 3875     584   731   689   681
 3876     613   731   689   584
 3877     731   713   689   681
 3878     842   781   689   797
 3879     828   781   689   842
 3880     828   681   689   781
 3881     681   828   689   790
 3882     677   790   689   828
 3883     681   790   689   677
 3884     973   817   989   965
 3885     697   698   548   619
 3886     547   584   689   550
 3887     681   550   689   584
 3888     547   550   689   681
 3889     731   781   689   713
 3890     797   781   689   731
 3891     781   681   689   713
 3892     586   558   610   560
 3893     903   914   820   890
 3894     752   797   711   689
 3895     890   983   820   861
 3896     790   712   820   828
 3897     669   545   711   576
 3898     547   576   711   545
 3899     623   677   711   547
 3900     545   669   711   623
 3901     623   547   711   545
 3902     836   947   824   821
 3903     605   479   610   576
 3904     706   707   764   805
 3905     586   576   610   558
 3906     677   582   707   576
 3907     703   711   707   576
 3908     513   361   488   522
 3909     903   823   917   913
 3910     670   757   719   760
 3911     601   706   823   768
 3912     875   912   852   917
 3913     341   311   488   479
 3914     706   712   805   768
 3915     875   913   917   823
 3916     707   712   805   706
 3917     560   605   698   695
 3918     548   372   539   506
 3919     506   583   548   509
 3920     533   582   522   513
 3921     890   914   820   983
 3922     513   451   522   533
 3923     896   780   817   898
 3924     506   412   496   538
 3925     815   852   746   780
 3926     703   576   710   687
 3927     682   576   710   703
 3928     560   605   610   661
 3929     586   687   610   576
 3930     670   687   586   558
 3931     555   576   601   682
 3932     821   760   719   757
 3933     605   505   520   466
 3934     698   543   619   583
 3935     874   858   889   943
 3936     576   501   558   510
 3937     501   479   558   433
 3938     466   433   558   479
 3939     501   433   558   450
 3940     466   450   558   433
 3941     623   576   558   510
 3942     670   576   558   623
 3943     623   510   558   670
 3944     547   447   522   452
 3945     407   452   522   447
 3946     533   451   522   447
 3947     407   447   522   451
 3948     547   550   522   447
 3949     582   550   522   547
 3950     609   582   522   533
 3951     533   447   522   609
 3952     550   609   522   447
 3953     582   609   522   550
 3954     533   609   555   618
 3955     582   533   555   513
 3956     582   609   555   533
 3957     743   618   555   609
 3958     743   712   555   618
 3959     609   712   555   743
 3960     513   522   488   555
 3961     555   479   488   513
 3962     558   479   488   576
 3963     501   479   488   558
 3964     558   576   488   501
 3965     501   433   488   479
 3966     407   397   488   522
 3967     407   412   488   397
 3968     367   341   488   433
 3969     479   433   488   341
 3970     501   450   488   433
 3971     367   450   488   501
 3972     367   433   488   450
 3973     890   861   955   983
 3974     513   517   601   469
 3975     513   469   601   441
 3976     760   703   764   710
 3977     619   501   506   602
 3978     466   479   605   505
 3979     903   879   820   914
 3980     752   711   799   703
 3981     891   983   955   861
 3982     969   947   875   824
 3983     764   821   875   850
 3984     875   852   963   860
 3985     885   846   901   929
 3986     466   399   520   404
 3987     842   828   799   689
 3988     707   689   799   828
 3989     913   823   875   805
 3990     764   710   875   824
 3991     710   760   824   764
 3992     689   797   799   842
 3993     797   850   799   861
 3994     711   797   799   689
 3995     703   760   764   752
 3996     790   828   820   840
 3997     703   711   764   707
 3998     890   913   820   903
 3999     840   743   820   790
 4000     827   743   820   840
 4001     879   823   820   805
 4002     799   842   820   828
 4003     861   983   820   842
 4004     707   712   799   805
 4005     707   828   799   712
 4006     913   805   820   823
 4007     913   823   820   903
 4008     743   712   820   790
 4009     805   712   820   743
 4010     768   827   820   805
 4011     768   743   820   827
 4012     805   743   820   768
 4013     799   828   820   712
 4014     799   712   820   805
 4015     799   861   820   842
 4016     791   769   744   858
 4017     631   698   548   697
 4018     543   583   548   619
 4019     388   448   520   503
 4020     503   505   520   605
 4021     824   710   875   780
 4022     586   558   619   670
 4023     601   706   661   746
 4024     850   947   955   978
 4025     850   978   955   861
 4026     605   576   610   674
 4027     764   850   875   799
 4028     824   947   875   821
 4029     805   799   875   820
 4030     820   913   875   805
 4031     955   850   875   947
 4032     821   947   875   850
 4033     824   821   875   760
 4034     764   760   875   821
 4035     824   760   875   764
 4036     955   913   875   861
 4037     955   861   875   850
 4038     799   850   875   861
 4039     799   861   875   820
 4040     890   913   875   820
 4041     890   861   875   913
 4042     820   861   875   890
 4043     764   706   807   710
 4044     823   706   807   764
 4045     807   875   852   823
 4046     917   823   852   875
 4047     852   780   860   875
 4048     695   503   520   605
 4049     898   896   929   817
 4050     885   791   910   766
 4051     807   601   746   706
 4052     807   706   746   710
 4053     661   780   695   746
 4054     695   605   520   560
 4055     875   912   963   852
 4056     948   858   979   910
 4057     815   780   860   852
 4058     815   780   795   817
 4059     817   860   795   815
 4060     892   973   896   860
 4061     860   780   896   898
 4062     860   815   817   780
 4063     863   929   901   846
 4064     619   602   548   697
 4065     766   650   748   697
 4066     695   780   698   795
 4067     863   898   901   929
 4068     795   688   698   695
 4069     824   969   898   875
 4070     875   780   898   824
 4071     860   780   898   875
 4072     912   875   898   969
 4073     963   875   898   912
 4074     860   875   898   963
 4075     989   817   795   965
 4076     323   372   506   337
 4077     558   501   619   510
 4078     510   670   619   558
 4079     751   824   817   780
 4080     759   824   817   751
 4081     898   780   817   824
 4082     894   806   863   885
 4083     989   815   795   860
 4084     674   780   661   746
 4085     825   824   863   759
 4086     884   846   863   817
 4087     884   968   929   846
 4088     688   815   695   795
 4089     916   833   894   958
 4090     958   833   894   806
 4091     837   702   783   867
 4092     719   821   825   760
 4093     821   836   825   824
 4094     800   785   771   866
 4095     757   833   719   836
 4096     817   846   795   884
 4097     866   961   856   911
 4098     884   817   929   965
 4099     965   817   929   973
 4100     896   973   929   817
 4101     520   688   698   560
 4102     347   399   520   466
 4103     722   685   697   631
 4104     973   817   795   989
 4105     973   860   795   817
 4106     989   860   795   973
 4107     695   505   605   746
 4108     751   780   661   674
 4109     631   543   548   698
 4110     560   695   698   520
 4111     520   695   698   688
 4112     751   759   698   817
 4113     619   674   719   751
 4114     697   826   749   726
 4115     661   780   698   695
 4116     817   795   722   698
 4117     670   687   719   619
 4118     746   710   661   674
 4119     706   710   661   746
 4120     601   682   661   706
 4121     710   706   661   682
 4122     710   682   661   674
 4123     505   448   503   466
 4124     388   401   503   399
 4125     560   558   509   583
 4126     388   403   503   401
 4127     372   364   548   402
 4128     661   605   698   560
 4129     466   448   520   347
 4130     364   399   543   401
 4131     560   558   610   466
 4132     337   372   548   402
 4133     746   601   605   661
 4134     746   505   605   601
 4135     601   682   605   661
 4136     601   576   605   682
 4137     601   475   605   576
 4138     505   475   605   601
 4139     479   475   605   505
 4140     479   576   605   475
 4141     674   682   605   576
 4142     661   682   605   674
 4143     697   631   571   548
 4144     610   605   520   466
 4145     399   364   543   372
 4146     558   560   509   520
 4147     610   674   619   751
 4148     398   462   502   471
 4149     548   364   529   402
 4150     610   466   520   560
 4151     674   661   610   605
 4152     698   795   672   664
 4153     520   399   509   404
 4154     610   586   619   687
 4155     543   399   509   520
 4156     372   399   509   543
 4157     619   698   548   543
 4158     543   583   698   560
 4159     795   780   698   817
 4160     560   583   698   610
 4161     724   771   680   800
 4162     543   401   664   630
 4163     751   824   719   759
 4164     619   602   719   670
 4165     766   650   744   748
 4166     674   682   610   710
 4167     674   576   610   682
 4168     560   583   610   586
 4169     619   751   719   759
 4170     619   759   719   697
 4171     697   602   719   619
 4172     479   466   610   558
 4173     605   466   610   479
 4174     697   685   726   650
 4175     759   826   697   722
 4176     610   751   698   661
 4177     401   399   520   503
 4178     543   399   520   401
 4179     863   846   901   885
 4180     506   372   539   337
 4181     560   466   520   558
 4182     695   688   520   503
 4183     672   630   631   698
 4184     347   388   520   399
 4185     448   388   520   347
 4186     503   403   520   401
 4187     688   403   520   503
 4188     688   401   520   403
 4189     661   751   698   780
 4190     664   688   698   795
 4191     661   695   698   605
 4192     698   751   619   759
 4193     672   698   722   795
 4194     817   846   722   795
 4195     817   759   722   846
 4196     372   404   509   399
 4197     736   806   773   769
 4198     664   630   698   543
 4199     664   543   698   560
 4200     697   685   650   571
 4201     506   501   509   450
 4202     698   630   631   543
 4203     759   826   722   846
 4204     326   412   496   506
 4205     509   372   548   506
 4206     571   685   594   529
 4207     748   697   806   766
 4208     824   759   825   719
 4209     885   826   948   791
 4210     337   402   539   485
 4211     571   485   539   402
 4212     710   824   719   751
 4213     710   687   719   760
 4214     821   757   719   836
 4215     722   672   697   698
 4216     631   672   697   722
 4217     631   698   697   672
 4218     583   501   619   558
 4219     558   501   509   583
 4220     510   501   619   602
 4221     710   760   719   824
 4222     610   674   719   619
 4223     610   687   719   674
 4224     619   687   719   610
 4225     674   710   719   751
 4226     674   687   719   710
 4227     509   543   548   372
 4228     323   326   506   412
 4229     412   450   506   323
 4230     510   450   506   412
 4231     548   631   571   529
 4232     402   548   571   529
 4233     506   602   539   619
 4234     412   538   506   510
 4235     573   595   680   604
 4236     881   858   874   943
 4237     558   466   509   450
 4238     520   466   509   558
 4239     476   412   496   395
 4240     538   412   496   476
 4241     645   559   568   598
 4242     697   826   766   749
 4243     402   398   502   471
 4244     638   499   606   604
 4245     337   506   496   539
 4246     539   506   496   538
 4247     485   431   496   326
 4248     548   402   571   337
 4249     867   887   804   939
 4250     846   826   863   759
 4251     326   431   496   395
 4252     571   485   496   539
 4253     697   826   726   722
 4254     578   471   502   508
 4255     704   773   680   800
 4256     704   744   638   615
 4257     866   961   773   856
 4258     328   412   496   326
 4259     395   412   496   328
 4260     328   326   496   395
 4261     757   848   750   833
 4262     910   769   961   958
 4263     749   726   766   697
 4264     736   585   680   773
 4265     539   602   650   571
 4266     500   573   598   559
 4267     719   602   750   670
 4268     683   744   729   766
 4269     929   846   863   884
 4270     791   766   729   744
 4271     748   650   750   697
 4272     863   947   901   969
 4273     724   641   680   573
 4274     818   738   773   856
 4275     508   423   487   400
 4276     979   858   943   910
 4277     864   935   901   947
 4278     769   958   773   961
 4279     858   791   729   744
 4280     685   650   766   726
 4281     836   864   825   824
 4282     765   867   804   816
 4283     961   985   773   848
 4284     759   817   863   846
 4285     848   918   945   985
 4286     824   760   825   821
 4287     929   817   863   898
 4288     709   678   716   614
 4289     602   593   750   757
 4290     736   848   773   806
 4291     819   753   818   808
 4292     863   969   901   898
 4293     747   720   776   641
 4294     806   766   885   769
 4295     806   769   885   958
 4296     968   826   885   846
 4297     818   848   773   738
 4298     864   947   901   863
 4299     943   881   952   889
 4300     806   766   863   885
 4301     817   759   863   824
 4302     833   864   806   836
 4303     635   720   776   718
 4304     771   725   709   614
 4305     474   357   494   478
 4306     889   881   952   874
 4307     766   748   769   806
 4308     748   750   769   806
 4309     884   817   863   929
 4310     757   833   806   719
 4311     750   833   806   757
 4312     894   864   901   863
 4313     750   719   806   697
 4314     911   900   856   956
 4315     856   945   855   900
 4316     773   724   646   641
 4317     766   748   744   769
 4318     683   744   638   729
 4319     968   846   885   929
 4320     806   958   885   894
 4321     848   833   958   806
 4322     766   769   910   885
 4323     873   916   958   833
 4324     873   985   958   916
 4325     848   873   958   833
 4326     848   985   958   873
 4327     759   697   863   825
 4328     759   826   863   697
 4329     697   766   863   806
 4330     697   826   863   766
 4331     806   825   863   719
 4332     697   719   863   825
 4333     806   719   863   697
 4334     824   969   863   898
 4335     824   947   863   969
 4336     858   791   910   948
 4337     858   769   910   791
 4338     766   791   910   769
 4339     568   518   611   614
 4340     515   379   518   474
 4341     624   748   730   744
 4342     874   910   889   858
 4343     858   769   744   910
 4344     943   881   889   874
 4345     421   393   527   444
 4346     773   738   646   856
 4347     858   744   730   800
 4348     750   602   624   595
 4349     699   658   725   771
 4350     624   595   626   736
 4351     958   806   773   848
 4352     798   625   646   718
 4353     848   985   773   958
 4354     945   848   773   856
 4355     856   848   773   818
 4356     945   961   773   848
 4357     737   816   742   671
 4358     866   874   771   800
 4359     747   641   776   831
 4360     699   771   725   800
 4361     594   650   683   685
 4362     848   985   945   961
 4363     648   614   596   663
 4364     819   738   818   753
 4365     855   812   798   856
 4366     866   785   773   800
 4367     736   585   773   738
 4368     874   889   866   952
 4369     573   585   680   595
 4370     967   909   855   872
 4371     819   814   855   872
 4372     535   585   534   738
 4373     967   872   855   880
 4374     956   900   856   960
 4375     579   625   646   546
 4376     744   769   800   910
 4377     808   812   855   814
 4378     874   910   800   961
 4379     769   806   773   958
 4380     961   910   800   769
 4381     702   596   696   663
 4382     736   738   773   848
 4383     736   769   773   800
 4384     874   881   800   858
 4385     848   909   855   918
 4386     624   736   626   730
 4387     595   585   680   736
 4388     911   945   773   856
 4389     911   961   773   945
 4390     648   671   737   728
 4391     812   856   831   798
 4392     429   553   535   344
 4393     856   848   818   945
 4394     812   788   798   718
 4395     945   856   855   818
 4396     496   395   566   538
 4397     819   848   855   818
 4398     848   738   818   819
 4399     856   753   798   818
 4400     911   961   956   866
 4401     952   866   956   961
 4402     961   866   773   874
 4403     753   738   646   585
 4404     444   449   527   511
 4405     880   812   831   788
 4406     856   907   855   960
 4407     814   810   798   812
 4408     736   738   595   585
 4409     773   785   724   800
 4410     617   585   646   738
 4411     584   452   535   532
 4412     615   604   638   704
 4413     771   800   724   785
 4414     750   738   736   848
 4415     798   812   776   831
 4416     945   909   855   967
 4417     819   808   855   814
 4418     907   960   856   900
 4419     814   812   798   808
 4420     624   496   626   595
 4421     702   690   865   779
 4422     750   848   736   806
 4423     814   774   798   810
 4424     720   809   776   735
 4425     967   907   855   945
 4426     856   818   798   855
 4427     880   907   855   967
 4428     754   660   775   644
 4429     696   785   837   663
 4430     696   702   837   747
 4431     597   718   635   553
 4432     644   632   635   720
 4433     597   527   635   632
 4434     750   738   595   736
 4435     750   602   595   593
 4436     704   604   680   626
 4437     626   604   680   595
 4438     724   585   680   641
 4439     584   532   535   625
 4440     856   785   724   866
 4441     704   730   638   744
 4442     753   625   646   798
 4443     573   585   527   617
 4444     692   645   641   724
 4445     856   866   724   773
 4446     773   866   724   785
 4447     718   546   646   553
 4448     566   593   595   538
 4449     671   728   742   737
 4450     645   771   680   724
 4451     704   736   680   773
 4452     566   538   595   496
 4453     593   602   595   538
 4454     613   593   595   566
 4455     578   499   615   604
 4456     471   462   508   431
 4457     405   344   535   329
 4458     499   462   502   371
 4459     494   489   527   573
 4460     569   467   504   621
 4461     600   616   702   632
 4462     936   865   867   887
 4463     956   936   837   866
 4464     613   584   534   535
 4465     597   553   635   527
 4466     641   856   747   724
 4467     736   748   730   624
 4468     856   753   646   798
 4469     398   371   502   462
 4470     476   395   566   430
 4471     538   395   566   476
 4472     508   499   578   604
 4473     553   585   535   617
 4474     748   650   624   750
 4475     430   395   566   429
 4476     866   874   837   785
 4477     724   585   641   773
 4478     532   452   535   405
 4479     476   405   535   452
 4480     773   585   641   738
 4481     617   738   641   585
 4482     773   856   646   724
 4483     532   546   535   625
 4484     646   753   535   625
 4485     584   625   535   753
 4486     753   738   535   613
 4487     753   585   535   738
 4488     646   546   535   553
 4489     428   546   535   532
 4490     428   344   535   546
 4491     487   508   500   483
 4492     569   621   504   511
 4493     379   381   518   474
 4494     641   692   573   645
 4495     636   574   596   648
 4496     462   483   500   508
 4497     750   650   624   602
 4498     508   499   604   462
 4499     657   658   614   678
 4500     578   471   594   502
 4501     724   773   680   585
 4502     735   718   776   720
 4503     736   769   730   748
 4504     867   816   838   950
 4505     508   471   502   462
 4506     553   563   597   612
 4507     704   800   699   858
 4508     511   514   504   449
 4509     485   471   508   431
 4510     680   645   559   771
 4511     724   800   680   773
 4512     626   736   680   704
 4513     508   496   626   624
 4514     566   738   595   613
 4515     757   738   595   750
 4516     750   593   595   757
 4517     757   593   595   613
 4518     613   738   595   757
 4519     394   483   500   462
 4520     604   508   500   487
 4521     559   500   568   598
 4522     487   483   500   573
 4523     573   641   598   692
 4524     515   478   500   394
 4525     800   744   730   769
 4526     744   729   699   638
 4527     800   858   704   730
 4528     800   769   730   736
 4529     595   538   624   496
 4530     483   462   487   508
 4531     748   750   624   736
 4532     736   750   624   595
 4533     744   650   624   748
 4534     735   809   776   718
 4535     766   749   729   726
 4536     766   685   729   683
 4537     766   726   729   685
 4538     614   606   611   568
 4539     508   496   624   485
 4540     595   602   624   538
 4541     538   602   624   496
 4542     496   571   624   485
 4543     594   571   624   650
 4544     508   595   626   496
 4545     683   594   624   650
 4546     683   650   624   744
 4547     650   539   624   602
 4548     496   602   624   539
 4549     539   571   624   496
 4550     650   571   624   539
 4551     615   594   624   683
 4552     683   744   624   615
 4553     615   604   624   578
 4554     615   578   624   594
 4555     594   485   624   571
 4556     604   508   624   578
 4557     594   471   624   485
 4558     508   485   624   471
 4559     594   578   624   471
 4560     508   471   624   578
 4561     730   624   704   626
 4562     683   615   638   744
 4563     626   736   704   730
 4564     624   744   704   615
 4565     730   744   704   624
 4566     838   816   988   950
 4567     858   730   699   704
 4568     615   499   638   604
 4569     730   736   704   800
 4570     773   800   704   736
 4571     409   395   487   423
 4572     744   858   699   729
 4573     704   771   699   800
 4574     671   716   737   816
 4575     635   632   696   702
 4576     541   489   536   526
 4577     771   704   699   680
 4578     431   485   487   508
 4579     409   423   487   421
 4580     680   771   559   699
 4581     638   699   559   606
 4582     573   645   598   559
 4583     699   604   559   704
 4584     604   645   559   680
 4585     483   421   487   423
 4586     604   595   487   573
 4587     699   658   559   606
 4588     765   783   804   867
 4589     302   478   515   394
 4590     350   302   515   394
 4591     515   478   559   500
 4592     573   645   559   604
 4593     371   394   515   499
 4594     350   394   515   371
 4595     566   429   487   585
 4596     573   585   487   429
 4597     566   496   487   395
 4598     485   496   487   508
 4599     496   431   487   395
 4600     485   431   487   496
 4601     626   508   487   595
 4602     604   508   487   626
 4603     626   595   487   604
 4604     595   496   487   566
 4605     508   496   487   595
 4606     595   566   487   585
 4607     595   585   487   573
 4608     462   499   500   394
 4609     638   604   559   699
 4610     606   604   559   638
 4611     704   604   559   680
 4612     500   499   559   515
 4613     606   499   559   604
 4614     515   499   559   606
 4615     498   569   597   563
 4616     518   474   568   478
 4617     699   704   559   680
 4618     500   462   559   499
 4619     604   499   559   462
 4620     500   604   559   508
 4621     462   508   559   604
 4622     500   508   559   462
 4623     559   478   568   500
 4624     515   478   568   559
 4625     518   478   568   515
 4626     614   657   671   611
 4627     559   658   568   606
 4628     568   606   611   518
 4629     614   658   611   606
 4630     606   515   568   559
 4631     518   515   568   606
 4632     518   474   614   568
 4633     663   716   737   671
 4634     646   718   776   798
 4635     867   702   783   865
 4636     568   559   614   658
 4637     771   658   614   559
 4638     906   936   887   865
 4639     725   658   614   771
 4640     614   590   596   663
 4641     663   690   837   696
 4642     645   559   614   568
 4643     645   771   614   559
 4644     580   590   494   598
 4645     616   644   702   632
 4646     614   645   663   771
 4647     771   645   663   785
 4648     568   645   663   614
 4649     568   598   663   645
 4650     692   645   663   598
 4651     692   785   663   645
 4652     635   718   776   646
 4653     809   660   775   754
 4654     646   720   776   635
 4655     716   709   663   771
 4656     614   709   663   716
 4657     614   771   663   709
 4658     678   657   671   614
 4659     648   663   596   636
 4660     671   614   648   663
 4661     611   474   567   614
 4662     611   614   567   589
 4663     720   718   635   597
 4664     686   671   589   648
 4665     614   568   596   590
 4666     614   474   648   463
 4667     611   518   567   474
 4668     648   474   567   463
 4669     461   463   567   474
 4670     463   474   596   614
 4671     648   614   567   474
 4672     589   614   567   648
 4673     598   489   494   580
 4674     598   590   494   478
 4675     569   660   597   563
 4676     724   856   747   785
 4677     568   478   596   590
 4678     474   478   596   568
 4679     511   553   597   444
 4680     580   574   600   536
 4681     718   612   597   563
 4682     718   563   597   660
 4683     463   614   596   648
 4684     648   574   596   463
 4685     660   569   644   621
 4686     411   357   494   474
 4687     596   590   494   580
 4688     489   393   527   421
 4689     573   429   527   585
 4690     702   720   775   747
 4691     596   636   580   574
 4692     690   636   580   596
 4693     596   474   494   478
 4694     598   580   696   632
 4695     663   590   696   598
 4696     600   690   702   616
 4697     541   580   600   536
 4698     553   612   597   718
 4699     429   553   527   617
 4700     597   553   527   444
 4701     692   785   696   663
 4702     644   449   632   514
 4703     644   597   632   449
 4704     641   724   747   692
 4705     536   526   494   411
 4706     536   489   494   526
 4707     580   489   494   536
 4708     598   478   494   500
 4709     580   574   494   596
 4710     463   474   494   596
 4711     421   489   494   483
 4712     357   421   494   483
 4713     483   478   494   357
 4714     536   411   494   574
 4715     536   574   494   580
 4716     526   489   494   449
 4717     419   449   494   489
 4718     417   411   494   526
 4719     417   419   494   411
 4720     500   573   494   598
 4721     500   478   494   483
 4722     463   574   494   411
 4723     596   574   494   463
 4724     474   463   494   422
 4725     411   422   494   463
 4726     474   422   494   411
 4727     417   449   494   419
 4728     526   449   494   417
 4729     573   483   494   489
 4730     500   483   494   573
 4731     498   563   597   553
 4732     541   514   554   489
 4733     511   449   597   514
 4734     616   779   644   640
 4735     495   498   597   553
 4736     511   498   597   495
 4737     495   553   597   511
 4738     801   809   775   754
 4739     541   580   632   600
 4740     554   489   632   541
 4741     866   785   837   856
 4742     489   598   527   580
 4743     702   720   696   635
 4744     554   449   632   489
 4745     621   640   644   660
 4746     554   616   644   621
 4747     754   640   644   779
 4748     660   640   644   754
 4749     632   644   702   720
 4750     663   837   783   867
 4751     597   660   720   718
 4752     696   690   837   702
 4753     660   809   720   735
 4754     598   692   696   663
 4755     735   718   720   660
 4756     867   887   950   936
 4757     871   886   906   936
 4758     590   596   696   580
 4759     754   779   775   803
 4760     596   690   702   580
 4761     775   747   871   702
 4762     663   690   783   837
 4763     511   569   644   597
 4764     511   621   644   569
 4765     621   504   644   554
 4766     776   831   775   747
 4767     644   660   720   597
 4768     504   621   644   511
 4769     696   641   747   692
 4770     597   449   644   514
 4771     886   801   878   924
 4772     632   720   702   635
 4773     641   692   696   598
 4774     702   779   775   644
 4775     504   514   644   554
 4776     504   511   644   514
 4777     597   514   644   511
 4778     886   803   878   801
 4779     776   747   775   720
 4780     702   747   871   837
 4781     747   785   837   696
 4782     747   856   837   785
 4783     580   600   702   632
 4784     580   690   702   600
 4785     724   785   747   692
 4786     641   831   747   856
 4787     798   831   776   646
 4788     632   527   696   598
 4789     641   598   696   527
 4790     635   641   696   527
 4791     635   527   696   632
 4792     696   635   747   641
 4793     720   635   747   696
 4794     720   641   747   635
 4795     831   812   776   788
 4796     646   641   776   720
 4797     646   831   776   641
 4798     871   702   865   779
 4799     775   702   871   779
 4800     776   809   775   831
 4801     720   809   775   776
 4802     939   816   804   867
 4803     783   663   765   690
 4804     950   816   988   939
 4805     636   663   737   648
 4806     924   886   906   878
 4807     871   936   867   837
 4808     878   886   906   871
 4809     952   943   915   881
 4810     636   690   737   663
 4811     754   803   775   801
 4812     939   887   950   867
 4813     831   856   871   837
 4814     831   960   871   856
 4815     831   809   871   960
 4816     775   809   871   831
 4817     886   960   871   809
 4818     775   803   871   809
 4819     878   886   871   803
 4820     809   803   871   886
 4821     871   779   865   878
 4822     771   716   741   761
 4823     648   663   737   671
 4824     716   663   737   867
 4825     865   871   867   702
 4826     837   702   867   871
 4827     761   800   741   771
 4828     771   725   741   709
 4829     837   866   867   874
 4830     663   785   867   771
 4831     837   785   867   663
 4832     725   771   741   800
 4833     837   874   867   785
 4834     771   785   867   874
 4835     837   690   783   702
 4836     761   816   838   867
 4837     737   690   765   663
 4838     783   867   765   663
 4839     865   867   804   783
 4840     865   887   804   867
 4841     950   874   838   867
 4842     867   816   950   939
 4843     771   709   741   716
 4844     867   837   950   866
 4845     866   936   950   952
 4846     837   936   950   866
 4847     867   866   950   874
 4848     952   874   950   866
 4849     950   915   988   838
 4850     663   716   761   867
 4851     663   771   761   716
 4852     867   771   761   663
 4853     867   716   761   765
 4854     765   816   761   867
 4855     737   816   761   765
 4856     737   716   761   816
 4857     765   716   761   737
 4858     952   950   838   915
 4859     915   881   838   952
 4860     761   867   838   771
 4861     874   771   838   867
 4862     952   874   838   950
 4863     952   881   838   874
 4864     761   800   838   741
 4865     699   800   838   858
 4866     881   858   838   800
 4867     761   771   838   800
 4868     874   800   838   771
 4869     874   881   838   800
 4870     725   800   838   699
 4871     741   800   838   725
# Generated by c:\dev\polylla3D\tetgen\build\tetgen.exe -fzenn c:\dev\polylla3D\data\1000random.node 
