4691  4  0
    0     251   180   248   184
    1     298   227   375   299
    2     802   881   935   818
    3     260   286   309   182
    4     241   172   132   136
    5     441   355   393   303
    6     168   187   244   265
    7     803   691   758   668
    8     182   225   260   286
    9     113   143   108   180
   10     544   460   504   407
   11     431   409   510   524
   12     381   256   278   367
   13     514   590   544   554
   14     155    29   132   102
   15      38   158   141   118
   16     308   234   369   281
   17      16   115    65    45
   18     338   285   269   236
   19     106    17   167   150
   20     630   534   655   659
   21     195   225   272   143
   22     578   717   641   644
   23     724   859   814   825
   24     154   150   171   230
   25     332   323   300   245
   26     430   287   364   277
   27     187   216   138   227
   28     472   434   541   467
   29     149   239   199   216
   30     150    77   138    18
   31     225   140   143    13
   32     681   781   748   767
   33     267   429   354   299
   34     200   222   144   121
   35       8   147   104   163
   36     447   448   519   446
   37     457   373   450   454
   38     272   225   358   307
   39     834   915   937   844
   40     637   540   592   653
   41     781   847   861   846
   42     162    87    45     2
   43     284   193   233   178
   44      75   130    25    51
   45     131   236   189   151
   46     297   222   238   258
   47     834   693   774   703
   48     928   854   856   996
   49     697   669   607   599
   50     158   135   125    64
   51     396   331   423   448
   52     815   858   906   819
   53     451   372   479   436
   54     463   460   554   452
   55     540   575   570   477
   56     262   268   208   139
   57     717   652   736   644
   58     272   195   270   225
   59     656   688   757   737
   60     401   494   520   482
   61      80    13   143    19
   62     154    39    50    71
   63     184   324   248   251
   64     542   454   595   527
   65     145   162    63    45
   66     710   786   736   799
   67     539   447   526   524
   68     449   417   391   332
   69      62   121   144    49
   70     394   268   352   262
   71       4    27   141    38
   72     830   879   917   901
   73     272   225   307   194
   74     272   194   248   143
   75     172    89   136   205
   76      88    74   136    28
   77     376   419   503   424
   78     212   304   282   290
   79     173   182   286   225
   80      93    13   143   140
   81     775   869   892   798
   82     250   247   213   342
   83     135   152    37    61
   84     125   179   176   254
   85     266   216   149   187
   86     291   268   213   168
   87    1010   898   938   980
   88     221   200   305   349
   89     132    29    36    43
   90     450   316   346   454
   91     266   239   149   216
   92     834   771   787   703
   93     200   349   221   255
   94     324   438   327   414
   95     663   622   672   712
   96     615   614   598   726
   97     323   193   245   284
   98     325   384   291   251
   99     366   404   431   457
  100     147   209   163    77
  101     196   187   138   227
  102     613   547   566   663
  103     683   620   631   711
  104     188     2   145   146
  105     450   528   438   476
  106     234   281   308   208
  107     585   483   584   517
  108     209    77   154   150
  109     141   158   199   118
  110     955   991   989   868
  111     454   384   347   346
  112      80    92   173   225
  113     384   454   443   471
  114     172   162   229   192
  115     629   620   683   720
  116      42   178   112    79
  117     811   721   764   723
  118       6   114    65    59
  119     260   235   292   344
  120      12    79   185   178
  121     163   150   120    77
  122     387   331   396   301
  123     250   222   160   297
  124     118   239   199   149
  125     637   665   641   696
  126     430   314   364   287
  127     574   629   595   527
  128     447   448   539   519
  129     964   976   882  1005
  130     319   434   467   333
  131      14   157    70    83
  132     185   321   238   284
  133     248   307   232   194
  134     253   259   340   298
  135     167   227   259   230
  136     224   216   301   295
  137     106   150   167   171
  138     180   194   113   143
  139     281   193   284   280
  140     590   639   618   673
  141     643   575   570   540
  142     291   342   215   213
  143     145   162   205   124
  144     358   362   436   476
  145     667   577   595   620
  146     408   312   368   357
  147      55   177   142    11
  148     342   368   330   415
  149     285   321   238   335
  150     195    80   225    13
  151      33    76   138   149
  152      64    58    38   135
  153     331   239   266   216
  154     519   571   539   583
  155     760   883   841   803
  156     804   949   847   846
  157     196   150   120   163
  158     365   448   375   331
  159     167   295   259   227
  160     354   325   291   267
  161     364   349   486   305
  162     190   287   243   164
  163     546   628   523   674
  164     106    77   150    39
  165     315   302   252   393
  166     375   448   429   423
  167     150   230   298   259
  168      41    70   160   107
  169     447   519   539   583
  170     265   316   347   346
  171      56    60    38   118
  172     338   405   269   285
  173     842   892   855   902
  174     720   711   683   806
  175     172   115   192   153
  176      71   106   150    39
  177     427   505   477   458
  178     364   349   305   314
  179     211   314   134   183
  180     943   864   952  1006
  181     686   651   738   702
  182     109    53    80   125
  183     135    61    37    58
  184     272   310   217   316
  185     195   179   296   225
  186     125    53    80    64
  187     195   179   173   125
  188     176   152    37   135
  189     103   168   120    47
  190      21    79   129   117
  191     121    95   203   157
  192     127   153   219   156
  193     131   107   112    42
  194     290   310   217   272
  195     298   365   424   375
  196     846   922   910   792
  197     788   801   725   775
  198     200   147   203   121
  199     258   238   236   131
  200     205   293   275   172
  201     485   587   520   467
  202     251   268   177   184
  203     669   599   697   706
  204     425   321   284   411
  205     147   261   134   200
  206     635   587   541   467
  207     881   958   857   907
  208     468   405   481   485
  209     830   901   817   879
  210     362   372   390   286
  211      42   107   112   178
  212     148   157   139    83
  213     564   441   555   410
  214      59    21   142    55
  215      68   159    85   110
  216     379   400   361   378
  217     472   485   541   587
  218     187   168   120   103
  219      65   115   156   114
  220     159   151   202   110
  221     509   614   640   588
  222     382   281   369   323
  223      28   175   136    88
  224     431   326   422   350
  225     363   482   330   321
  226     392   445   428   489
  227     151   111    46    15
  228     635   602   725   644
  229      46   110    51   112
  230     415   482   432   498
  231     250   342   330   247
  232     444   349   357   434
  233      46    22   112    42
  234     357   222   258   319
  235     452   378   391   361
  236     398   313   402   311
  237      46   131   112    22
  238     824   900   814   778
  239     213   268   139   177
  240     335   222   258   357
  241     151   131   112    46
  242     146   264   246   226
  243     325   384   354   394
  244     815   925   906  1011
  245     324   438   355   327
  246     205   241   275   293
  247     214   178   233   110
  248     804   917   852   973
  249     278   218   275   315
  250     684   678   712   613
  251     500   422   510   431
  252      87   170   162   115
  253     240   166   233   130
  254     307   358   248   327
  255     287   430   359   277
  256     576   601   668   538
  257     132   241   275   172
  258     240   311   233   202
  259      87   170   114    34
  260     132    43   116    57
  261     249    88   136   175
  262     463   441   416   393
  263     327   438   416   358
  264     344   433   407   381
  265      80   109    92    23
  266     290   326   366   350
  267     266   310   217   239
  268     743   711   720   769
  269     926   956   866   952
  270     496   418   549   580
  271     336   413   428   337
  272     180   187   119   168
  273     265   266   347   316
  274      73   140    92    52
  275     113   119   108    24
  276     218   172   192   153
  277     168   268   177   251
  278      92    13   225    80
  279     153    16    65    40
  280     565   413   590   561
  281     566   547   579   663
  282     522   499   536   588
  283     463   407   504   460
  284     145   231   205   162
  285     300   369   391   386
  286     315   367   275   278
  287     464   547   566   452
  288     300   229   271   170
  289     225   194   260   307
  290     225   182   260   140
  291     803   718   758   749
  292     367   400   275   413
  293     284   313   377   380
  294     214   151   202   159
  295     618   544   668   538
  296     962   916   960   862
  297      32   124   136   205
  298      40    52   127   122
  299     249   124   136    88
  300     172    89   205   162
  301     402   388   418   487
  302     378   379   274   279
  303     327   358   416   307
  304     413   400   275   293
  305     400   367   275   320
  306     292   344   381   433
  307     551   602   532   520
  308     684   833   827   840
  309     707   756   779   717
  310     127   153   156    65
  311     414   324   473   352
  312     146   246   145   188
  313     161   140   122   260
  314     389   404   440   366
  315     218   172   275   320
  316     888   848   997   880
  317     785   800   829   806
  318     231   322   271   246
  319     313   311   233   377
  320     882   831   784   788
  321     580   612   549   661
  322     427   426   354   353
  323     661   606   648   580
  324     549   606   535   612
  325     708   689   597   678
  326     303   234   386   369
  327     279   303   361   320
  328     514   452   554   460
  329     368   444   494   408
  330     927   888   970  1008
  331     899   883   969  1012
  332     632   711   631   620
  333     307   225   358   260
  334     779   717   784   670
  335     274   379   371   336
  336     749   718   668   673
  337     678   613   566   663
  338     851   811   764   821
  339     653   743   667   751
  340     189   242   269   341
  341     802   818   716   744
  342     397   313   377   398
  343     721   612   660   606
  344     530   626   592   571
  345     460   442   544   501
  346     819   868   897   763
  347     530   599   571   474
  348     714   813   716   802
  349     413   241   379   293
  350     283   202   294   214
  351     685   701   766   654
  352     531   580   558   650
  353     487   490   418   402
  354     481   525   594   587
  355     871   786   766   799
  356     397   356   370   488
  357     791   713   779   670
  358     344   463   315   407
  359     478   386   555   441
  360     338   341   269   405
  361     515   484   507   380
  362     555   609   680   579
  363     397   377   515   402
  364     464   550   566   478
  365     535   606   545   660
  366     853   923  1009   859
  367     840   727   827   684
  368     937   848   997   970
  369     478   441   555   547
  370     284   281   323   193
  371     336   210   371   274
  372     707   710   815   756
  373     803   883  1012   863
  374     717   756   736   652
  375     388   402   418   311
  376     496   418   580   465
  377     452   441   478   547
  378     563   556   560   647
  379     492   363   425   321
  380     850   925   815   867
  381     382   363   425   492
  382     214   110   202   151
  383     983   907   892   984
  384     206   165   236   131
  385     646   744   679   714
  386     554   609   672   552
  387     466   461   557   496
  388     111   131    46    22
  389     482   498   492   432
  390     492   321   411   482
  391     606   721   723   660
  392     963   901   917   879
  393     470   478   555   579
  394     498   482   578   505
  395     280   321   382   363
  396     664   798   736   677
  397     471   414   502   352
  398     336   413   379   428
  399     918   995   808   881
  400     405   411   380   285
  401     918   881   808   797
  402     979   836   948  1011
  403     963   917   967   852
  404     471   454   414   384
  405     420   405   338   481
  406     377   313   402   398
  407     264   204   226   146
  408     660   606   654   723
  409     335   411   468   405
  410     382   280   284   321
  411     577   513   592   459
  412     542   527   595   629
  413     819   800   779   894
  414     880   848   997   937
  415     576   538   668   544
  416     855   902   966   889
  417     813   842   714   775
  418     395   335   338   319
  419     405   335   338   468
  420     476   435   416   362
  421     324   414   327   346
  422     382   321   425   363
  423     786   723   766   654
  424     454   384   443   347
  425     610   674   706   568
  426     464   462   371   379
  427     784   698   795   791
  428     686   600   631   683
  429     851   721   764   811
  430     851   941   824   900
  431     562   467   541   434
  432     530   513   592   540
  433     869   831   788   801
  434     418   377   515   531
  435     535   418   515   531
  436     653   575   540   513
  437     811   867   871   900
  438     703   845   774   771
  439     763   741   809   663
  440     811   900   824   778
  441     799   818   797   881
  442     897   904   850   859
  443     810   864  1009   926
  444     926   923   866   956
  445     695   713   647   729
  446     806   785   870   829
  447     494   505   401   368
  448     530   551   593   469
  449     530   540   592   626
  450     858   798   788   736
  451     993   867   950   900
  452     350   326   263   290
  453     401   482   520   468
  454     810   859  1009   904
  455     680   741   763   663
  456     880   845   747   848
  457     830   917   852   804
  458     424   459   376   298
  459     641   643   735   698
  460     492   425   507   411
  461     705   828   735   743
  462     183   243   134   128
  463     358   316   327   346
  464     653   513   577   575
  465     541   532   649   635
  466     513   426   459   429
  467     472   587   541   608
  468     333   255   357   222
  469     485   335   338   395
  470     484   581   573   584
  471     890   870   965   829
  472     611   771   703   653
  473     578   482   602   494
  474     653   620   643   575
  475     696   602   725   635
  476     469   349   486   364
  477     932   902  1004   983
  478     426   459   376   474
  479     365   331   375   298
  480     934   834   937   848
  481     858   894   906   819
  482     964   884   882   831
  483     408   426   427   353
  484     380   425   377   411
  485     802   744   716   714
  486     399   426   421   353
  487     290   326   263   239
  488     504   619   533   552
  489     611   583   539   571
  490     463   441   552   416
  491     834   693   787   731
  492     530   599   610   626
  493     458   540   530   551
  494     421   426   530   408
  495     435   390   344   362
  496     429   423   506   443
  497     553   632   542   502
  498     890   955   914   965
  499     540   477   570   505
  500     375   298   376   459
  501     376   298   340   424
  502     289   287   318   345
  503     788   717   696   784
  504     922   846   910   978
  505     795   743   735   828
  506      92   140   225    13
  507     476   358   438   450
  508     438   450   414   528
  509     362   225   358   328
  510     884   831   784   882
  511     788   869   882   831
  512     669   706   732   674
  513      94   213   139    30
  514     731   697   607   658
  515     730   699   704   645
  516     965   955   999   870
  517     135    58    27   123
  518     266   316   217   310
  519     965   854   883   914
  520     819   729   779   713
  521     970   927   891   888
  522     645   499   543   508
  523     225   179   296   286
  524     823   880   747   773
  525     304   158   270   290
  526     366   350   431   440
  527     981   887   865   928
  528    1011   858   906   815
  529     700   657   740   726
  530    1008   887   972   939
  531     569   436   529   435
  532     582   588   656   694
  533     752   689   777   794
  534     707   717   779   670
  535     988  1001   933   872
  536     793   827   866   878
  537     556   650   560   652
  538     795   743   769   698
  539      93   140   113    52
  540     895   749   899   860
  541     741   680   763   695
  542     718   809   841   760
  543     452   460   514   400
  544     884   791   835   887
  545     720   620   683   711
  546     870   890   965   955
  547     119   177   113   184
  548     544   673   668   622
  549     217   187   180   265
  550     651   528   683   629
  551     272   328   358   225
  552     155   218   252   153
  553     696   637   735   641
  554     577   620   667   575
  555     272   316   358   373
  556     576   622   619   504
  557    1012   883   969   863
  558     791   713   769   711
  559     712   613   673   684
  560     722   614   719   666
  561    1012   863   969   931
  562     570   698   641   670
  563     815   925   989   906
  564     707   729   779   819
  565     564   695   631   647
  566     858   779   784   791
  567     791   670   784   698
  568     540   458   530   513
  569     600   609   631   564
  570     499   455   334   389
  571     930   870   999   887
  572     153    40   127   122
  573     436   372   479   390
  574     125   135   304   254
  575     154   196   298   209
  576     937   844   896   845
  577     354   342   291   394
  578     358   316   450   373
  579      20   190   128    91
  580     334   455   273   389
  581     304   195   270   125
  582     135   125    37   176
  583     290   310   366   326
  584     339   212   273   334
  585     212   339   282   304
  586     304   158   290   135
  587     373   316   290   272
  588     451   436   508   404
  589     135   152   123   212
  590     135    58   123    61
  591     135    61   123   152
  592      64   135    38   158
  593      80   125   225   109
  594      38    27   141   123
  595     125   254   176   135
  596     152   135   176   212
  597     180   143   108   217
  598     109    23   173    92
  599     195    13   143    80
  600     119    54    24   113
  601     153   155   122   302
  602     161   260   122   155
  603     217   265   248   316
  604      23    53    80   109
  605     135    58    37    64
  606     125    64    37    53
  607     135    64    37   125
  608     125   179   109   176
  609      37    53   109   125
  610      37   125   109   176
  611     155   102   153    29
  612     971   921   838   880
  613     100    54    47   119
  614     275   367   337   278
  615     225   194   272   143
  616      73   140    78    92
  617     194   140   143   225
  618     184   180   119   168
  619      52   140    92    93
  620     250   255   203   121
  621     352   394   502   471
  622     518   459   519   571
  623      93   140    92    13
  624      24    19    60   108
  625     355   307   416   302
  626     373   310   290   316
  627     113    93    44    19
  628     217   316   248   272
  629     502   563   632   570
  630      36   132   116   155
  631     225    13   143   195
  632     838   971   898   921
  633     307   260   358   362
  634     225   140   173   182
  635     229   228   234   170
  636     182   140   173    92
  637     195   125   173   225
  638     225    92   173   140
  639     143   195   217   272
  640     331   216   301   239
  641      52    99   122    29
  642     215   196   120   163
  643     272   316   248   358
  644      92    23   182    78
  645      78   140   182    92
  646     225   109   173    80
  647     225   179   286   173
  648     217   272   248   143
  649     295   227   167   224
  650     114    87     6   115
  651     180   143   248   194
  652      80   109   173    92
  653     195   125   225    80
  654     307   194   358   272
  655     358   456   450   476
  656     304   404   270   328
  657     569   476   624   548
  658     125   179   173   109
  659     691   576   617   601
  660     225   179   173   195
  661     182    92   173    23
  662     340   419   318   376
  663     270   272   217   195
  664      19    13   143    93
  665     224   216   295   227
  666     225   125   173   109
  667     251   184   177   168
  668     117   193   129   197
  669     344   390   292   309
  670     195   125   143   158
  671     118    60    38    64
  672      56    60   118    33
  673     331   227   295   216
  674     751   743   848   835
  675     195    80   143   125
  676      64   125   143    80
  677     884   791   795   835
  678     738   651   624   702
  679     225   140   260   194
  680     225   195   328   296
  681     296   286   328   225
  682     372   286   328   296
  683     457   574   510   524
  684     117   193   185    79
  685     337   367   445   442
  686     362   286   390   309
  687     310   326   290   239
  688     266   187   149   217
  689     366   339   440   389
  690     118   149   199   141
  691     141   212   199   123
  692     325   251   244   265
  693     217   143   248   180
  694     290   272   270   373
  695     251   346   248   265
  696     121   105    41     9
  697     476   456   436   358
  698     373   404   457   456
  699     366   404   457   373
  700     473   600   553   564
  701     393   441   416   355
  702     436   404   451   372
  703     346   450   327   358
  704     328   272   358   373
  705     362   260   358   225
  706     299   196   267   298
  707     177   223   127   184
  708      76    33    56   149
  709     259   227   298   150
  710     499   451   508   385
  711     260   362   344   309
  712     265   346   325   251
  713     542   575   595   577
  714     328   372   362   286
  715     286   260   309   362
  716     286   225   362   328
  717     260   225   362   286
  718     663   613   712   678
  719     638   614   627   726
  720     443   513   506   429
  721     413   501   544   590
  722     438   327   416   355
  723     544   618   668   673
  724     897   864   810   890
  725     590   613   673   712
  726     504   544   576   622
  727     663   659   579   566
  728     390   435   479   436
  729     362   372   436   390
  730     408   353   427   312
  731     498   471   394   477
  732     382   432   470   369
  733     328   372   436   362
  734     248   324   232   327
  735     120    77    48   163
  736     414   454   346   384
  737     515   648   507   581
  738     720   806   683   742
  739     431   457   509   510
  740     182   140   161   260
  741     344   309   292   260
  742     328   404   436   372
  743     362   435   436   476
  744     362   390   436   435
  745     358   328   436   362
  746     373   456   436   404
  747     373   404   436   328
  748     358   373   436   328
  749     456   373   436   358
  750     254   179   304   125
  751     366   290   457   409
  752     389   385   334   499
  753     394   384   354   443
  754     373   328   270   404
  755     212   176   273   334
  756     339   334   304   212
  757     212   152   273   176
  758     623   588   536   645
  759     451   404   385   372
  760     296   372   385   404
  761     225   328   270   272
  762     389   404   334   385
  763     373   272   270   328
  764     499   404   389   385
  765     373   409   454   457
  766     265   346   248   316
  767     373   316   409   310
  768     181   224   126   216
  769     195   125   304   179
  770     119   168    47   100
  771     334   389   273   339
  772     138   150   167    17
  773     521   436   569   508
  774     272   316   290   310
  775      84    18    48   120
  776     614   598   638   510
  777     331   448   396   365
  778     632   620   542   575
  779     350   339   440   366
  780     135   212   290   304
  781     385   254   304   334
  782     334   404   304   385
  783     346   316   347   454
  784     310   239   266   331
  785     304   135   270   158
  786     304   125   270   135
  787     158   125   270   195
  788     296   179   304   254
  789     195   179   304   296
  790     195   296   270   328
  791     180   265   248   217
  792     304   296   270   195
  793     225   195   270   328
  794     328   372   304   404
  795     296   372   304   328
  796     296   404   304   372
  797     296   254   304   385
  798     385   404   304   296
  799     176   254   304   135
  800     176   135   304   212
  801     176   212   304   334
  802     334   254   304   176
  803     373   404   270   290
  804     158   135   270   125
  805     304   328   270   296
  806     703   658   693   607
  807     409   326   431   310
  808     150   154   298   230
  809     295   216   301   331
  810     366   290   263   282
  811     282   212   199   263
  812     366   373   457   290
  813     873   876   832   770
  814     290   404   366   373
  815     312   255   368   357
  816     339   282   366   350
  817     282   339   366   304
  818     282   304   366   290
  819     270   304   366   404
  820     290   304   366   270
  821     270   404   366   290
  822     334   404   366   304
  823     334   389   366   404
  824     339   334   366   304
  825     339   389   366   334
  826     113    54    24    19
  827     543   451   521   508
  828     521   479   569   436
  829     510   457   509   574
  830     366   310   431   326
  831     856   826   911   987
  832     103    24    33   108
  833     326   239   181   263
  834     393   320   252   315
  835     627   614   699   726
  836     366   326   431   350
  837     533   493   529   576
  838     290   310   409   366
  839     457   409   431   366
  840     396   448   423   447
  841     409   310   457   373
  842     290   310   457   409
  843     290   373   457   310
  844     409   310   431   366
  845     694   722   699   588
  846     651   600   533   619
  847     588   694   582   645
  848     431   350   422   440
  849     431   440   422   491
  850     823   820   726   845
  851     429   513   577   448
  852     216   227   266   331
  853     409   423   347   454
  854     431   409   500   422
  855     431   524   500   409
  856     726   740   638   598
  857     657   615   598   726
  858     290   239   217   310
  859     773   880   747   888
  860     350   290   263   366
  861     366   282   263   350
  862     181   216   126   149
  863     409   422   387   500
  864     251   268   184   324
  865     706   804   697   732
  866     477   415   394   498
  867     443   458   354   477
  868      44   113    11    98
  869     295   331   396   365
  870     301   331   396   295
  871     318   376   399   353
  872     387   409   423   331
  873     239   310   301   331
  874     239   326   301   310
  875     373   316   454   409
  876     409   310   387   326
  877     331   310   387   409
  878     301   326   387   310
  879     301   310   387   331
  880     422   431   387   326
  881     409   431   387   422
  882     409   326   387   431
  883     424   419   340   376
  884     577   653   667   611
  885     355   324   473   414
  886     324   268   184   223
  887     373   456   450   358
  888     703   771   751   653
  889     450   358   346   316
  890     355   327   416   307
  891     265   316   217   266
  892     471   414   352   394
  893     387   396   423   447
  894     387   331   423   396
  895     439   367   407   381
  896     454   457   527   450
  897     611   577   615   595
  898     500   409   423   387
  899     500   524   423   409
  900     500   387   423   447
  901     447   524   423   500
  902     362   307   416   358
  903     279   293   361   379
  904     414   450   346   454
  905     384   471   394   414
  906      54   177   113   119
  907     568   523   610   674
  908     251   265   248   180
  909     299   196   298   227
  910     570   505   641   540
  911     384   414   324   346
  912     376   426   354   429
  913     454   373   450   316
  914     250   121   203   157
  915     457   456   450   373
  916     471   450   414   454
  917     423   409   347   331
  918     150   227   298   196
  919      24    19   108   113
  920     259   295   298   227
  921     477   575   443   513
  922     446   375   424   365
  923     414   410   473   502
  924     355   441   416   473
  925     324   410   352   355
  926     432   410   470   369
  927     439   442   460   407
  928     394   471   443   477
  929     251   268   291   168
  930     103    18   138    76
  931     168   268   213   177
  932     238   247   160   297
  933     454   316   347   409
  934     230   154   253   171
  935      84   168    30   100
  936     291   354   215   342
  937     108    24    33    60
  938     327   358   248   316
  939     123   135    38    27
  940     358   194   248   272
  941     438   358   327   450
  942     384   324   352   394
  943     120    18    48    77
  944     114   129   142    21
  945      47   119   103   168
  946     187   168   103   119
  947     346   414   327   450
  948     438   450   327   414
  949     270   195   217   158
  950     187   265   217   266
  951     135    58    38    27
  952     150    18   120    77
  953     250   157   213   247
  954      76    18   138    77
  955     270   290   217   272
  956      47   168    84   100
  957     518   459   503   446
  958     266   216   187   227
  959     266   331   347   310
  960     409   310   347   331
  961     120   163    48    84
  962     196   227   138   150
  963       8   163   104    48
  964     149   216   138   187
  965     266   310   347   316
  966     409   316   347   310
  967     331   347   375   299
  968     217   239   149   266
  969     263   239   199   290
  970     184   268   177   223
  971     180   251   168   184
  972     290   158   217   239
  973     270   158   217   290
  974     217   187   149   108
  975     180   119   108   113
  976     327   316   248   346
  977     307   194   248   358
  978     320   367   393   400
  979     327   324   232   223
  980      56    33   118   149
  981     184   324   232   248
  982     320   172   275   293
  983      78    73   161   140
  984     470   432   502   410
  985     327   307   232   248
  986     154   230   253   298
  987     180   187   168   265
  988     357   444   368   408
  989     369   308   303   234
  990     184   223   232   324
  991     346   324   248   327
  992     346   251   248   324
  993     248   194   232   180
  994     217   239   118   149
  995     248   180   232   184
  996     180   265   168   251
  997     213   342   215   250
  998      79   193   129   117
  999      33   103   138    76
 1000     150    17   138    76
 1001     145     2   101    97
 1002     113    19   108   143
 1003     150    77   154    39
 1004     357   467   401   444
 1005      39    71   154   150
 1006     592   658   611   571
 1007     177   184   119   168
 1008     119    24    47   108
 1009     232   194   113   180
 1010     119   180   108   187
 1011     538   433   504   493
 1012     200   255   203   312
 1013     363   321   492   482
 1014     100    54   119   177
 1015     217   187   108   180
 1016     184   180   113   119
 1017     783   738   826   782
 1018      83   157   139    94
 1019     124    63    32    88
 1020     232   180   113   184
 1021     143   194   113   140
 1022     143   140   113    93
 1023     210   231   205   145
 1024     169   207   278   132
 1025     113    19    44    54
 1026      47    24   103   108
 1027     143    93   113    19
 1028      24   119    47    54
 1029     301   239   181   326
 1030     103   108    33   187
 1031      19   143    60   108
 1032     143    19    60    80
 1033     143    80    60    64
 1034     301   216   181   239
 1035       4    38   141    96
 1036     290   239   199   158
 1037     149    56    38   118
 1038     149    33   118   108
 1039     251   346   325   384
 1040     149   108   118   217
 1041     108   119   103    47
 1042     108   187   103   119
 1043      20   190    91   164
 1044      33   108   149   187
 1045     287   318   399   314
 1046     263   141   199   181
 1047     215   213    94    84
 1048     289   253   318   287
 1049     118   158   199   239
 1050     290   282   199   263
 1051     301   224   181   216
 1052     217   158   118   239
 1053      60    64   118   143
 1054      60   108   118    33
 1055      64   158    38   118
 1056     143   108   118    60
 1057     143   217   118   108
 1058     217   195   118   158
 1059     143   195   118   217
 1060     143   158   118   195
 1061     143   125   118   158
 1062      64   125   118   143
 1063      64   158   118   125
 1064     123   158   199   141
 1065     347   266   299   331
 1066     181   239   199   263
 1067     468   405   507   481
 1068     135   212   199   290
 1069     277   287   190   306
 1070     149   216   199   181
 1071     263   212   199   141
 1072     212   135   199   123
 1073     290   212   199   282
 1074     141   149   199   181
 1075      38   118   141   149
 1076      38   135   141   158
 1077     123   135   141    38
 1078     123   158   141   135
 1079     181   216   199   239
 1080     123   135   199   158
 1081      96    38   141    56
 1082     149    56   141    38
 1083      76    72    17   126
 1084     290   158   199   135
 1085      72    56   126    76
 1086     149    76   126    56
 1087     149   141   126   181
 1088      72    96   126    56
 1089     141   149   126    56
 1090     141    56   126    96
 1091      17    77   150   106
 1092     209   353   261   312
 1093     423   347   429   375
 1094     222   319   333   221
 1095     126   224   167   216
 1096     154    71   171   106
 1097     340   298   318   253
 1098     563   498   570   502
 1099     150   196   298   154
 1100      14    95    70   157
 1101     427   312   354   342
 1102      76    77   138   150
 1103     149    76   138   126
 1104     443   384   325   347
 1105     458   426   530   513
 1106      17    76   150    77
 1107     308   223   303   234
 1108     149   187   138    33
 1109     345   340   318   253
 1110     331   448   375   423
 1111     227   331   299   266
 1112      33   187   138   103
 1113     126   216   138   149
 1114     347   265   299   266
 1115     331   423   375   347
 1116     345   253   318   289
 1117     432   363   492   482
 1118     126    76   138    17
 1119     261   318   243   314
 1120     365   295   298   259
 1121     295   365   298   331
 1122     331   227   298   295
 1123     429   448   459   513
 1124     430   437   567   480
 1125     375   448   459   429
 1126      84   213    94    30
 1127     267   209   163   203
 1128     209   150   163    77
 1129     345   419   318   340
 1130     186   164   243   253
 1131     150   196   154   209
 1132     424   298   340   365
 1133     150    71   154   106
 1134     163    77    48     8
 1135     154   106   171   150
 1136     347   299   429   375
 1137     138    17   167   126
 1138      49    82   144    62
 1139     150   227   167   230
 1140     126   216   167   138
 1141     150   230   167   171
 1142     138   227   167   150
 1143     216   227   167   138
 1144     216   224   167   227
 1145     347   429   325   443
 1146     299   227   375   331
 1147     637   665   745   626
 1148     298   331   375   227
 1149     474   399   421   480
 1150     530   469   523   421
 1151     230   227   259   150
 1152     717   652   670   707
 1153     376   353   354   426
 1154     251   346   291   324
 1155     203   267   215   163
 1156     266   265   299   187
 1157     187   227   299   266
 1158     215   267   244   196
 1159     458   426   354   427
 1160     494   408   427   368
 1161     147    77   163     8
 1162     325   443   354   384
 1163      84   168   120   215
 1164     340   376   318   298
 1165     396   448   446   365
 1166     447   448   446   396
 1167     657   615   726   700
 1168     375   365   446   448
 1169     325   429   354   443
 1170     446   459   424   448
 1171     298   375   424   459
 1172     964   831   879   884
 1173     253   298   318   154
 1174     299   429   354   325
 1175     653   658   751   611
 1176     375   448   424   459
 1177     446   448   424   375
 1178     636   674   732   767
 1179     399   318   403   419
 1180     646   587   608   714
 1181     530   474   523   480
 1182     658   697   607   599
 1183     546   469   523   593
 1184     611   658   703   607
 1185     459   513   474   426
 1186     670   578   570   563
 1187     733   674   610   593
 1188     335   357   485   401
 1189     745   705   735   696
 1190     312   349   408   261
 1191     200    62   134   147
 1192     287   277   359   306
 1193     259   365   340   298
 1194     568   512   503   480
 1195     696   801   725   788
 1196     429   375   376   459
 1197     459   426   376   429
 1198      26    95    14   157
 1199     458   429   354   426
 1200     230   259   253   298
 1201     571   459   519   448
 1202     277   287   243   190
 1203     520   444   532   494
 1204     398   313   311   283
 1205     469   349   444   434
 1206     186   253   243   318
 1207     314   287   430   399
 1208     289   287   359   306
 1209     593   628   523   546
 1210     498   471   570   502
 1211     363   415   330   482
 1212     289   437   359   287
 1213     551   665   532   635
 1214     318   353   399   261
 1215     312   349   261   255
 1216     185   107   148    12
 1217     469   364   486   453
 1218     376   426   399   353
 1219     277   314   243   287
 1220     287   253   243   164
 1221     314   318   243   287
 1222     209   298   318   376
 1223     287   399   403   480
 1224     318   261   399   314
 1225     353   209   318   376
 1226     261   209   318   353
 1227     448   459   519   446
 1228     190   287   191   306
 1229     291   251   244   325
 1230     183   128   134   211
 1231     474   426   399   376
 1232     261   349   408   421
 1233     277   314   183   243
 1234     469   434   486   349
 1235     480   399   403   419
 1236     287   437   403   289
 1237     345   419   403   318
 1238     287   289   403   345
 1239     287   318   403   399
 1240     480   437   403   287
 1241     287   345   403   318
 1242     421   353   408   261
 1243     495   437   430   412
 1244     802   744   714   775
 1245     134    82   144   211
 1246     277   287   364   314
 1247     399   353   421   261
 1248     568   599   669   706
 1249     430   287   359   437
 1250     287   437   430   480
 1251     399   287   430   480
 1252     305   349   486   434
 1253     706   804   732   674
 1254     636   512   669   568
 1255     807   834   787   731
 1256     469   530   523   593
 1257     287   289   191   306
 1258     430   437   359   412
 1259     144   222   201   121
 1260      20   137   128   190
 1261     287   253   164   289
 1262      91    20    86   128
 1263      31    91   134     8
 1264     261   186   147   243
 1265     190   277   183   243
 1266     318   253   243   287
 1267     190   243   183   128
 1268     250   312   203   255
 1269     849   834   787   807
 1270     267   354   215   291
 1271      70    83   148   107
 1272      20   137    86   128
 1273      50    20    91   164
 1274     314   349   200   261
 1275     261   349   200   255
 1276      50    71   164   154
 1277     154   171   164   253
 1278     318   154   186   253
 1279     318   298   186   154
 1280     154    71   164   171
 1281     318   261   243   186
 1282     147    62   121   200
 1283     221   349   333   255
 1284     164   253   186   154
 1285     197   193   281   280
 1286     261   209   186   318
 1287     261   209   147   186
 1288      91   190   128   164
 1289     191   287   164   289
 1290      20   190   164   137
 1291     191   190   164   287
 1292     137   190   164   191
 1293     209   298   186   318
 1294     209   154   186   298
 1295     284   178   238   185
 1296     236   285   269   214
 1297     261   255   200   312
 1298     105    49   144   121
 1299     243   186    91   164
 1300     186    39    91   154
 1301     186   154    91   164
 1302      50   154    91    39
 1303     164   154    91    50
 1304      20     0    86   137
 1305      62     8   134   147
 1306     285   178   214   236
 1307     258   335   238   297
 1308     335   357   297   222
 1309     421   408   530   551
 1310     267   209   203   312
 1311     121   157    70    10
 1312     200   314   134   211
 1313     277   314   211   183
 1314     243   314   200   261
 1315     128    91    31    86
 1316     376   209   267   353
 1317      62    31   134     8
 1318      86   128    35    31
 1319      35   211   134   128
 1320     430   453   469   480
 1321     121    10    41    62
 1322     148   157   160   247
 1323     129    79     5   133
 1324      26   121   104    62
 1325      91   164   134   243
 1326     200   243   134   314
 1327     221   255   333   222
 1328     297   357   401   368
 1329     186   154   147    39
 1330     209   154   147   186
 1331       8    39   147    77
 1332     128   164   134    91
 1333     200   261   134   243
 1334     485   468   338   335
 1335     147   243   134   261
 1336     394   384   443   471
 1337     183   314   134   243
 1338     267   196   163   209
 1339     325   299   244   267
 1340     196   150   163   209
 1341     154    77   147    39
 1342     209    77   147   154
 1343     415   427   477   342
 1344      70   157   148    83
 1345     696   705   735   637
 1346      35   128   134    31
 1347      31   128   134    91
 1348     111    22    46     7
 1349     297   335   238   321
 1350     333   349   305   434
 1351     243   186   134    91
 1352     147   186   134   243
 1353     147     8   134    39
 1354      91    39   134     8
 1355      35    31   134    82
 1356      35    82   134   211
 1357     128   190   134   164
 1358     243   190   134   128
 1359     243   164   134   190
 1360     147    39   134   186
 1361      91   186   134    39
 1362     363   262   308   281
 1363     200    62   121   134
 1364     168   265   244   251
 1365     458   513   443   429
 1366     363   321   330   280
 1367     222   255   121   200
 1368       8    62   104   147
 1369     147   121   104    26
 1370      10    95   121   157
 1371     203   209   163   147
 1372     421   349   408   444
 1373     134   200   144   121
 1374     134   211   144   200
 1375     121    62   144   134
 1376     197   185   280   262
 1377     222   319   221   201
 1378     134    31   144    82
 1379      62    31   144   134
 1380      62    82   144    31
 1381     221   349   305   333
 1382     144   222   221   201
 1383     144   211   221   200
 1384     200   222   221   144
 1385     200   255   221   222
 1386     211   200   305   221
 1387     200   314   305   349
 1388     211   314   305   200
 1389     314   277   305   364
 1390     211   277   305   314
 1391     541   562   649   532
 1392     551   444   532   469
 1393     185   193   284   178
 1394     593   605   662   628
 1395     705   643   637   653
 1396     603   621   679   690
 1397     458   426   427   408
 1398     314   349   469   364
 1399     421   426   408   353
 1400     261   353   408   312
 1401     635   602   532   551
 1402     469   314   421   349
 1403     427   353   354   312
 1404     578   498   570   563
 1405     333   349   357   255
 1406     415   505   477   427
 1407     261   349   421   314
 1408     368   312   427   342
 1409     477   513   443   458
 1410     408   349   357   444
 1411     444   434   357   467
 1412     471   575   443   477
 1413     399   261   421   314
 1414     399   314   421   430
 1415     792   674   706   733
 1416     280   193   284   185
 1417     581   484   507   515
 1418     766   799   679   728
 1419     469   349   421   444
 1420      84    18   120    47
 1421     258   285   236   238
 1422     299   325   354   267
 1423     280   247   330   262
 1424     474   426   421   399
 1425     401   467   520   444
 1426     430   453   421   469
 1427     480   430   421   469
 1428     480   399   421   430
 1429     196   227   244   187
 1430     222   319   357   333
 1431     364   314   421   469
 1432     469   453   421   364
 1433     430   314   421   364
 1434     364   453   421   430
 1435     408   426   530   551
 1436     443   429   354   458
 1437     494   368   427   505
 1438     333   319   357   467
 1439     408   312   357   349
 1440     255   349   357   312
 1441     333   434   357   349
 1442     467   434   357   333
 1443     477   342   394   415
 1444     338   319   360   395
 1445     117   185   262   148
 1446     626   658   592   571
 1447     312   255   250   368
 1448     342   312   250   368
 1449     291   267   244   215
 1450     222   255   250   121
 1451      47    18   120   103
 1452      12    79    21   117
 1453     429   426   458   513
 1454     299   196   244   267
 1455     572   468   520   482
 1456     209   312   267   353
 1457     486   469   532   434
 1458     280   262   281   197
 1459     745   831   735   705
 1460     408   312   427   368
 1461     215   168   244   291
 1462     363   482   432   415
 1463     467   444   532   520
 1464     626   705   745   637
 1465     148   247   280   262
 1466     376   429   354   267
 1467     172   293   279   205
 1468     531   606   515   535
 1469     234   197   142   114
 1470     468   411   507   405
 1471     520   494   532   551
 1472     653   643   637   540
 1473     388   348   418   461
 1474     427   368   415   505
 1475     342   368   415   427
 1476     405   285   380   269
 1477     332   226   271   188
 1478     564   410   555   502
 1479     148   185   280   247
 1480     213   250   215   157
 1481     298   196   267   209
 1482     432   382   492   363
 1483     482   505   498   415
 1484     332   322   271   378
 1485     250   247   160   157
 1486     354   394   291   325
 1487     347   299   325   429
 1488     325   265   244   299
 1489     342   312   354   250
 1490     415   505   498   477
 1491     377   418   323   417
 1492     819   713   779   800
 1493     441   410   473   355
 1494     719   722   640   614
 1495     600   619   672   552
 1496     438   528   416   476
 1497     438   476   416   358
 1498     492   482   556   498
 1499     578   644   556   652
 1500     298   209   267   376
 1501     299   187   244   227
 1502     299   347   325   265
 1503     695   609   672   741
 1504     352   268   308   262
 1505      70    10    41   121
 1506     203   250   215   267
 1507      26    48   104   163
 1508     185   197   280   193
 1509     291   325   244   267
 1510     312   250   203   267
 1511     347   423   443   454
 1512     429   423   443   347
 1513     394   384   291   325
 1514     299   265   244   187
 1515     267   312   354   353
 1516     347   384   325   346
 1517     347   346   325   265
 1518     346   384   291   324
 1519     299   227   244   196
 1520     324   384   291   394
 1521     410   324   473   355
 1522     267   250   354   312
 1523     324   268   291   251
 1524     458   427   354   477
 1525     477   427   354   342
 1526     443   477   354   394
 1527     267   353   354   376
 1528     477   342   354   394
 1529      14   157    94   163
 1530     178    79   185   193
 1531      29   155   122   153
 1532     121   255   203   200
 1533     251   384   291   346
 1534     429   375   267   376
 1535     429   299   267   375
 1536     376   375   267   298
 1537     299   298   267   375
 1538     291   168   244   251
 1539     196   187   120   138
 1540     138    18   120   150
 1541      47   168   120    84
 1542     312   261   203   200
 1543     312   209   203   261
 1544     147   261   203   209
 1545     200   261   203   147
 1546     168   291   215   213
 1547     411   284   380   285
 1548     163   267   215   196
 1549      26   163   104   147
 1550     432   410   369   308
 1551     156   177   208   223
 1552     147    62   104   121
 1553     250   255   297   368
 1554     163   147    26   203
 1555      94    14    83   157
 1556     203   157   215   250
 1557     163   157   215   203
 1558     354   267   215   250
 1559     354   250   215   342
 1560      83    12    21   117
 1561     215   213    84   168
 1562     138   150   120   196
 1563     103    18   120   138
 1564     138   187   120   103
 1565     244   168   120   187
 1566     215   168   120   244
 1567     244   187   120   196
 1568     244   196   120   215
 1569     203   157    26   163
 1570     203    95    26   157
 1571     203   121    26    95
 1572     147   121    26   203
 1573      10    95    26   121
 1574     121    62    26    10
 1575     341   420   383   405
 1576     117    79   185    12
 1577     163    48    14    26
 1578      26   157    14   163
 1579     148   178   160   107
 1580     156   223   208   234
 1581     215   157    94   213
 1582     163    48    94    14
 1583     163    84    94    48
 1584     163   157    94   215
 1585     120    84    94   163
 1586     215    84    94   120
 1587     120   163    94   215
 1588     107   178    42    12
 1589     117   197   262   185
 1590      51    67    75   130
 1591     208    11   142   177
 1592     285   178   238   284
 1593      54   177    11   113
 1594     517   488   585   483
 1595      98   113    11   127
 1596      84   213   139   168
 1597     114    21   142    59
 1598     280   363   382   281
 1599     262   185   280   148
 1600     129    21   114    34
 1601      94   157   139   213
 1602      10   157    70    95
 1603     197   193   185   117
 1604     213   268   262   139
 1605      12   178    42    79
 1606      51   133    25     5
 1607     291   324   352   268
 1608      12   117   148   185
 1609     129    79   133   193
 1610     229   303   279   320
 1611     556   492   560   558
 1612     148   213   139   157
 1613     510   491   627   522
 1614     393   302   416   463
 1615       2    90   188    87
 1616     185   178   148   107
 1617      42    22   112   131
 1618      45   115     6    87
 1619     233   178   133   112
 1620     229   170   234   114
 1621     498   394   502   432
 1622     330   250   297   368
 1623      41     9   174   121
 1624     284   321   285   411
 1625     467   434   395   472
 1626      94    30   139    83
 1627     335   411   285   321
 1628      70   121   160   157
 1629     213   157   148   247
 1630     279   205   274   162
 1631      84   168   139    30
 1632     168   100   139    30
 1633     205   241   274   210
 1634     213   177   139   168
 1635      12   178   185   107
 1636     153   192   252   219
 1637      83   117   139   148
 1638     280   262   330   363
 1639     139   177   142    55
 1640     425   321   411   492
 1641     394   415   432   498
 1642     148   213   262   139
 1643     213   247   262   342
 1644     148   247   262   213
 1645     117    12   148    83
 1646     107    83   148    12
 1647      70   157   160   148
 1648     330   247   297   250
 1649      30   213   139    84
 1650     379   336   274   293
 1651     127   223   219   184
 1652     129    34   114   170
 1653     115   170   114    87
 1654     667   771   700   703
 1655     119   168   139   177
 1656     100   168   139   119
 1657     119   177   139   100
 1658     122   302   219   153
 1659     117    21   142   129
 1660     342   415   262   394
 1661     213   291   262   268
 1662     342   291   262   213
 1663     291   394   262   268
 1664     342   394   262   291
 1665     262   280   281   363
 1666     127   122   219   153
 1667     129   228   245   226
 1668     397   398   402   490
 1669     432   410   308   352
 1670     663   659   680   579
 1671     201   319   257   258
 1672     483   383   397   343
 1673     380   411   507   515
 1674     420   481   383   405
 1675     206   258   236   165
 1676     368   330   401   297
 1677     889   901   893   966
 1678     405   468   338   485
 1679     335   222   297   258
 1680     189   242   111   151
 1681     223   234   308   208
 1682     382   321   284   425
 1683     185   178   160   148
 1684     465   417   323   382
 1685     300   332   391   417
 1686     487   388   418   461
 1687     496   449   466   461
 1688     303   441   386   393
 1689     208   281   308   262
 1690     262   268   308   208
 1691     999   939   972   887
 1692     352   410   308   355
 1693     250   157   160   121
 1694     631   683   553   629
 1695     465   425   558   492
 1696     391   386   478   452
 1697     470   417   496   534
 1698     619   622   672   552
 1699     616   652   558   644
 1700     418   377   531   465
 1701     368   342   330   250
 1702     185   321   284   280
 1703     131    22     7    81
 1704     201   319   258   222
 1705       9   105   174   121
 1706     238   222   174   258
 1707     545   654   517   596
 1708     494   482   401   505
 1709     481   405   507   484
 1710     110    46    85    68
 1711     357   319   258   335
 1712     596   488   517   545
 1713     490   398   370   397
 1714     481   405   338   485
 1715     411   482   468   492
 1716     401   357   485   467
 1717     262   247   330   342
 1718     363   262   330   415
 1719     342   415   330   262
 1720     572   468   507   481
 1721     736   677   788   644
 1722     250   222   297   255
 1723     368   255   297   357
 1724     238   178   160   185
 1725     357   255   297   222
 1726     111   242    15   151
 1727     368   415   401   330
 1728     330   415   401   482
 1729     357   444   401   368
 1730     494   368   401   444
 1731     335   357   401   297
 1732     468   335   485   401
 1733     121   222   160   250
 1734     723   648   654   786
 1735     297   247   160   250
 1736     402   490   515   397
 1737     238   285   131   178
 1738     121    70   160    41
 1739     485   587   472   525
 1740     285   335   405   411
 1741     238   297   160   222
 1742     160    41   131   174
 1743     226   276   240   204
 1744     380   313   377   397
 1745     285   335   238   258
 1746     467   319   395   434
 1747     604   466   557   550
 1748     481   485   338   420
 1749     338   329   360   257
 1750     415   505   401   482
 1751     368   505   401   415
 1752     411   482   401   468
 1753     411   321   401   482
 1754     335   411   401   468
 1755     335   321   401   411
 1756     330   482   401   321
 1757     297   330   401   321
 1758     297   321   401   335
 1759     802   775   714   842
 1760     488   490   517   545
 1761     485   467   395   472
 1762     335   357   395   485
 1763     335   319   395   357
 1764     357   467   395   485
 1765     357   319   395   467
 1766     621   728   679   690
 1767     285   335   338   405
 1768     285   258   338   335
 1769     405   420   338   341
 1770     485   525   481   587
 1771     654   606   517   581
 1772     343   356   397   483
 1773     687   701   772   685
 1774     257   258   206   165
 1775     165     9   174    41
 1776     338   420   360   329
 1777     338   420   329   341
 1778     472   525   420   485
 1779     481   485   420   525
 1780     481   525   420   475
 1781     411   425   377   284
 1782     242   220   151   159
 1783     269   151   294   242
 1784     759   811   723   750
 1785     258   319   338   335
 1786     338   285   236   258
 1787     285   284   238   321
 1788     148   247   238   185
 1789     222   201   174   258
 1790     485   420   360   338
 1791     338   395   360   485
 1792     258   338   360   257
 1793     258   319   360   338
 1794     257   319   360   258
 1795     472   485   360   395
 1796     420   485   360   472
 1797     201   105   174     9
 1798     257   201   174   165
 1799     111     7    46    15
 1800     121    49    41   105
 1801     121    62    41    49
 1802     107    70   160   148
 1803     148   247   160   238
 1804     185   148   160   238
 1805     121   222   174   160
 1806     160   222   174   238
 1807     258   238   131   174
 1808       9    81    41   165
 1809     144   105   174   201
 1810     330   247   238   297
 1811     297   321   238   330
 1812     185   247   238   280
 1813     280   321   238   185
 1814     131   238   236   285
 1815     285   178   236   131
 1816     258   201   174   257
 1817     257   165   174   258
 1818       9   165   174   201
 1819      41   121   174   160
 1820     201   222   174   121
 1821     280   247   238   330
 1822     330   321   238   280
 1823     144   121   174   105
 1824     201   121   174   144
 1825     160   178   131   107
 1826     160   238   131   178
 1827     174   238   131   160
 1828     151   131   111   189
 1829      41    22   131    81
 1830     107    41   131   160
 1831     107    22   131    41
 1832     112   178   214   110
 1833      22   107   131    42
 1834     102    29   132    43
 1835     174    41   131   165
 1836      81   165   131    41
 1837     110   151   214   112
 1838     398   370   294   283
 1839     220   242   237   159
 1840     257   258   236   206
 1841     257   338   236   258
 1842     174   258   236   131
 1843     174   165   236   258
 1844     131   165   236   174
 1845     257   329   236   338
 1846     206   329   236   257
 1847     377   418   245   323
 1848     114   156   142   234
 1849     131    22   111     7
 1850     721   606   723   612
 1851       7    81   111   131
 1852     189   236   111   206
 1853     131   236   111   189
 1854     131   206   111   236
 1855     131   165   111   206
 1856     131    81   111   165
 1857     151   131    46   111
 1858     151    46   112   110
 1859     233   284   245   193
 1860     226   418   245   233
 1861      66   146    97     2
 1862     131   178   112   107
 1863     112   131   214   178
 1864     226   233   245   133
 1865     130   146    25   133
 1866     133   112    51   110
 1867      79   178   133   193
 1868     202   214   283   313
 1869     233   193   133   178
 1870     236   178   214   131
 1871     112   151   214   131
 1872     236   131   214   151
 1873     285   284   214   178
 1874     313   284   214   285
 1875     313   178   214   284
 1876     237   214   202   159
 1877     496   417   391   449
 1878     269   341   383   405
 1879     343   341   383   269
 1880     581   654   584   517
 1881     214   285   269   313
 1882     341   338   269   329
 1883     343   341   269   242
 1884     129   197   142   117
 1885     151   159   237   242
 1886     214   159   237   151
 1887     405   383   397   484
 1888     110   151    68   159
 1889      46   151    68   110
 1890      68    46     1   151
 1891      15   151     1    46
 1892     151   159     1    68
 1893     151   220     1   159
 1894     151   242     1   220
 1895      15   242     1   151
 1896     233   110   133   166
 1897     821   862   766   755
 1898     480   399   503   474
 1899     383   405   397   269
 1900     484   383   397   483
 1901     269   343   397   383
 1902     485   467   520   401
 1903     411   284   377   380
 1904     475   481   383   420
 1905     236   329   269   338
 1906     236   151   269   189
 1907     240   276   233   311
 1908     269   285   380   313
 1909     383   481   484   405
 1910     841  1006   899  1000
 1911     214   151   269   236
 1912     189   151   269   242
 1913     206   236   269   189
 1914     189   341   269   206
 1915     236   206   269   329
 1916     341   329   269   206
 1917     572   481   594   587
 1918     377   398   402   397
 1919     727   746   734   684
 1920     237   202   294   283
 1921     475   383   484   483
 1922     418   311   276   388
 1923     475   481   484   383
 1924     377   311   418   402
 1925     821   962   862   843
 1926     531   580   648   606
 1927     151   214   294   237
 1928     193   197   245   129
 1929     472   587   608   525
 1930     397   484   380   405
 1931     377   311   402   313
 1932     269   343   294   397
 1933     283   370   294   237
 1934     881   862   808   766
 1935     862   843   808   839
 1936     285   284   380   313
 1937     744   799   736   798
 1938     380   484   507   405
 1939     635   665   725   696
 1940     237   214   294   202
 1941     397   405   380   269
 1942     308   281   369   363
 1943     110    67    51   130
 1944     269   242   294   343
 1945     269   214   294   151
 1946     398   397   294   370
 1947     146   204   226   130
 1948     483   356   397   488
 1949     169   132   278   218
 1950      85   159   166   110
 1951     470   556   560   563
 1952     237   242   294   151
 1953     283   214   294   313
 1954     269   313   294   214
 1955     398   313   294   397
 1956     283   313   294   398
 1957     370   351   294   237
 1958     343   242   294   351
 1959     380   397   294   313
 1960     269   397   294   380
 1961     380   313   294   269
 1962     370   356   294   351
 1963     397   356   294   370
 1964     397   343   294   356
 1965     351   356   294   343
 1966     351   242   294   220
 1967     237   220   294   242
 1968     351   220   294   237
 1969     535   490   515   418
 1970     515   484   517   581
 1971      90     5    25   133
 1972     763   868   897   890
 1973     303   386   300   361
 1974     130   146   133   226
 1975     654   606   581   648
 1976     133   193   245   129
 1977     233   377   245   284
 1978     130    75    25    66
 1979     998   859   900   850
 1980     281   228   300   323
 1981     284   178   233   313
 1982     416   307   344   302
 1983     789   684   833   768
 1984     462   336   371   379
 1985      51   130    25   133
 1986     388   348   276   418
 1987     313   178   233   214
 1988     463   302   315   393
 1989     264   276   226   204
 1990     572   594   616   664
 1991     377   417   323   465
 1992     274   231   271   188
 1993     162    89   205    32
 1994     112   110   133   233
 1995     470   410   386   369
 1996     369   308   386   303
 1997     418   377   465   417
 1998     130    67   166   110
 1999     355   223   303   308
 2000     663   712   672   741
 2001     544   439   538   442
 2002     218   172   320   192
 2003      55    21   142   117
 2004     101   145    63    45
 2005     393   355   416   302
 2006     234   223   303   229
 2007     464   406   449   378
 2008     378   279   300   361
 2009     110   178   233   112
 2010     284   382   323   280
 2011     281   280   323   382
 2012     284   280   323   281
 2013     284   425   323   382
 2014     377   425   323   284
 2015     465   382   323   425
 2016     465   425   323   377
 2017     110   130    51   133
 2018       5   129    90    34
 2019      90   170    87    34
 2020     112   178   133    79
 2021     226   276   233   240
 2022      85   110   166    67
 2023     233   130   133   226
 2024     233   418   245   377
 2025     323   281   245   193
 2026     166   202   233   110
 2027     240   202   233   166
 2028     129   226   245   133
 2029     202   110   166   159
 2030     197   193   245   281
 2031     129   197   245   228
 2032     202   313   233   214
 2033     284   313   233   377
 2034     284   377   245   323
 2035     214   110   233   202
 2036      87    90   188   170
 2037     145   124   205   210
 2038     133   233   245   193
 2039      85    67    51   110
 2040     110    46    51    85
 2041     332   417   300   323
 2042     166   130   133   233
 2043     129    34     5    21
 2044     386   234   300   369
 2045     146   226   188    90
 2046     162    89    45   115
 2047      90   129   188   170
 2048     166   110   133   130
 2049     288   241   317   337
 2050     281   228   245   197
 2051     323   228   245   281
 2052     332   322   449   374
 2053     281   323   300   369
 2054      21    79     5   129
 2055     112    42    51    46
 2056     283   202   233   311
 2057     283   313   233   202
 2058     311   313   233   283
 2059     240   130   233   204
 2060     226   204   233   130
 2061     240   204   233   226
 2062     226   418   233   276
 2063     276   418   233   311
 2064     377   311   233   418
 2065     146    90   188     2
 2066     162   115    45    87
 2067     133   129    90     5
 2068     129   170    90    34
 2069      40    52    44   127
 2070      79   133    51     5
 2071      79   112    51   133
 2072     112    79    51    42
 2073     136    89    43    32
 2074     231   188   145   246
 2075     226   146   188   246
 2076      66   146    25   130
 2077      90   226    25   146
 2078     133   226    25    90
 2079     133   146    25   226
 2080      25   146     2    90
 2081      66   146     2    25
 2082      45     2   101   145
 2083     208   177   142   139
 2084     473   528   553   600
 2085     502   410   555   470
 2086     155   256   315   218
 2087     102    43   132    89
 2088     205   241   136   172
 2089     684   746   840   727
 2090      78   140   161   182
 2091     127    52    44   113
 2092     155   132   116   169
 2093     146     2   145    97
 2094     231   188   162   145
 2095     188    87   162     2
 2096     386   441   478   452
 2097     188   170   162    87
 2098     129   228   188   170
 2099     226   228   188   129
 2100     235   344   315   292
 2101     188     2   162   145
 2102      90   133   188   129
 2103     226   133   188    90
 2104     226   129   188   133
 2105     114   197   142   129
 2106     332   374   449   461
 2107     303   234   300   386
 2108     308   363   369   432
 2109     619   554   552   504
 2110     231   162   274   205
 2111     449   332   496   417
 2112     378   322   449   332
 2113     162   170   279   229
 2114     162     2    45   145
 2115     337   392   428   317
 2116     378   406   371   464
 2117     465   534   496   417
 2118     464   400   452   413
 2119     172    89   132   136
 2120     400   393   452   460
 2121      63   162    32    45
 2122      45   162    32    89
 2123     136    88    43    74
 2124      59    11   156    98
 2125     229   156   234   223
 2126      88   124   136    32
 2127      63   145    32   162
 2128     124   145    32    63
 2129     124   162    32   145
 2130     232   194   127   113
 2131     198   175   136   207
 2132     175    74   136   207
 2133     514   565   590   559
 2134     207   241   136   198
 2135     315   320   275   367
 2136     172   241   275   205
 2137     274   231   371   322
 2138     218   320   275   315
 2139     115    89   172   162
 2140     260   302   122   155
 2141     449   406   466   374
 2142      43    57   132   136
 2143     256   155   169   218
 2144     122    52   127   113
 2145      32    88    43   136
 2146     407   367   315   256
 2147     124   162   205    32
 2148     625   678   684   613
 2149     136    74    43    57
 2150     229   172   279   162
 2151      28    74   136   175
 2152     278   256   315   367
 2153     590   622   544   554
 2154     275   207   337   241
 2155     463   393   315   407
 2156     684   768   827   833
 2157     393   367   315   407
 2158     136   207   132   241
 2159     155    69    36    29
 2160     172   115   153    16
 2161      43   136   132    89
 2162     442   367   460   407
 2163     192   115   156   153
 2164     127    98   156    11
 2165     352   324   473   410
 2166      65   153   156   115
 2167     127   177   156   223
 2168     207    74   136    57
 2169     344   302   315   463
 2170     205    89   136    32
 2171     155    29    36   132
 2172       3    99   122   161
 2173     235   260   161   155
 2174     169   132   116   207
 2175     156   223   219   127
 2176     198   241   136   249
 2177     198   249   136   175
 2178     210   241   136   205
 2179     205   124   136   210
 2180     210   124   136   249
 2181     249   241   136   210
 2182     275   413   337   367
 2183     114    21    59    34
 2184      16   102   132    89
 2185     172   102   132    16
 2186      45    89    16   115
 2187     172   115    16    89
 2188     161    99   122    73
 2189     162   115   192   172
 2190      36    57   116    43
 2191     279   293   274   205
 2192     413   501   445   442
 2193     177   184   127   113
 2194     127   113    11   177
 2195     155   172   132   218
 2196     132   218   169   155
 2197     155   169   161   235
 2198     169   256   235   155
 2199     478   534   579   470
 2200     169    69    36   155
 2201      16   102    40   153
 2202     114   156   234   229
 2203     332   246   271   322
 2204     113    52    44    93
 2205     192   218   252   320
 2206     113   140   127   122
 2207     153   102    40    29
 2208     352   262   308   363
 2209     155   169   116    36
 2210      16    89   132   172
 2211     407   439   544   460
 2212      36    43   116   132
 2213     136   207   116   132
 2214     136    57   116   207
 2215     132    57   116   136
 2216     113   140   122    52
 2217     433   435   504   493
 2218      11   177   156   127
 2219     218   256   315   278
 2220      73   140   122   161
 2221     177    54    55   100
 2222     161   235   292   260
 2223     320   218   252   315
 2224      29   153   122    40
 2225       3    29   122    99
 2226     113   184   127   232
 2227     161   260   292   182
 2228     309   182   292   260
 2229     303   320   252   393
 2230     320   303   252   192
 2231     355   302   252   219
 2232      21   117    55    83
 2233     155    69   161   169
 2234     478   547   579   566
 2235      40    52   122    29
 2236     102   172   153    16
 2237     114   228   234   197
 2238     114    59   156    65
 2239     172   155   153   218
 2240     114   170   234   228
 2241      44    54    11   113
 2242     324   414   355   438
 2243     156    11   142   208
 2244     132   155   153   172
 2245     102   155   153   132
 2246     132   172   153   102
 2247       3    69   122    29
 2248     155    29   122    69
 2249      52   140   122    73
 2250      73    99   122    52
 2251     192   115   229   156
 2252     275   241   337   413
 2253     161   155   122    69
 2254     161    69   122     3
 2255     113   194   127   140
 2256     379   378   361   279
 2257     156   223   229   192
 2258     162   115   229   192
 2259     113   127    98    44
 2260      11    54    55   177
 2261     114    34    59     6
 2262     139   262   142   208
 2263     139    83    55   117
 2264     177   100    55   139
 2265      30    83    55   139
 2266     114    34     6    87
 2267     498   471   502   394
 2268     139   100    55    30
 2269       6    45    65   115
 2270     369   410   386   308
 2271     352   414   502   410
 2272     129   170   114   228
 2273     129   228   114   197
 2274     320   293   275   400
 2275     384   414   352   324
 2276     514   559   590   613
 2277     153   115    65    16
 2278     127   184   219   232
 2279       6   115    65   114
 2280     394   414   352   384
 2281     291   268   352   394
 2282     826   863   969   883
 2283     760   672   686   702
 2284     114    59   142   156
 2285     153    40    65   127
 2286     382   363   369   281
 2287     127    44    65    98
 2288     127    40    65    44
 2289     229   223   303   192
 2290     394   324   352   291
 2291     162   170   229   115
 2292     417   382   369   323
 2293     156    59   142    11
 2294     232   184   219   223
 2295     379   293   274   279
 2296     552   547   555   441
 2297     352   363   308   432
 2298     502   564   632   563
 2299     197   228   234   281
 2300      65    59   156    98
 2301      65    98   156   127
 2302     281   262   208   197
 2303     262   117   142   197
 2304      55    11   142    59
 2305     262   197   142   208
 2306     281   197   208   234
 2307     139   268   208   177
 2308     208   197   142   234
 2309      55   117   142   139
 2310     208   234   142   156
 2311     322   231   271   274
 2312     729   680   647   695
 2313     114   115   229   170
 2314     156   115   229   114
 2315     156    11   208   177
 2316     177   268   208   223
 2317     308   410   386   355
 2318     245   226   300   332
 2319     320   400   361   293
 2320     327   307   219   232
 2321     192   223   219   156
 2322     590   712   673   622
 2323     262   139   142   148
 2324     117   148   142   139
 2325     262   148   142   117
 2326     156   153   219   192
 2327     122   260   219   302
 2328     127   232   219   194
 2329     260   307   219   302
 2330     260   140   219   194
 2331     122   140   219   260
 2332     127   194   219   140
 2333     127   140   219   122
 2334     194   307   219   260
 2335     232   307   219   194
 2336     570   578   641   505
 2337     613   547   554   514
 2338     322   406   371   378
 2339     381   367   278   439
 2340     327   223   355   324
 2341     393   320   361   303
 2342     219   307   355   302
 2343     327   307   355   219
 2344     232   327   355   219
 2345     232   223   355   327
 2346     219   223   355   232
 2347     432   363   369   382
 2348     415   363   352   432
 2349     432   394   352   415
 2350     415   262   352   363
 2351     415   394   352   262
 2352     441   303   386   355
 2353     274   188   271   162
 2354     208   268   308   223
 2355     393   463   460   407
 2356     303   192   320   229
 2357     355   324   308   352
 2358     355   223   308   324
 2359     324   268   308   352
 2360     324   223   308   268
 2361     300   226   271   332
 2362     188   246   271   332
 2363     322   378   371   274
 2364     439   367   278   442
 2365     565   561   590   684
 2366     827   840   905   878
 2367     460   367   413   400
 2368     554   622   672   609
 2369     355   414   473   438
 2370     829   785   870   854
 2371     711   800   785   806
 2372     473   438   416   355
 2373     478   496   579   534
 2374     809   712   760   718
 2375     192   172   279   229
 2376     260   302   344   307
 2377     443   471   542   575
 2378     441   386   361   452
 2379     308   355   386   303
 2380     441   355   386   410
 2381     279   229   271   300
 2382     550   496   579   478
 2383     441   410   386   470
 2384     502   564   553   632
 2385     476   362   416   358
 2386     477   513   540   575
 2387     417   382   470   369
 2388     432   382   470   492
 2389     556   498   563   432
 2390     464   379   378   452
 2391     320   172   279   192
 2392     696   788   725   644
 2393     741   800   829   785
 2394     417   534   470   465
 2395     465   382   470   417
 2396     465   425   470   382
 2397     556   647   670   652
 2398     492   382   470   425
 2399     352   410   502   432
 2400     634   604   630   550
 2401     432   394   502   352
 2402     231   188   274   162
 2403     379   400   378   452
 2404     723   606   654   648
 2405     391   452   478   378
 2406     534   550   630   496
 2407     279   170   271   229
 2408     708   550   597   634
 2409     552   622   672   554
 2410     550   449   466   496
 2411     245   323   300   228
 2412     417   418   496   465
 2413     559   462   537   516
 2414     352   410   473   414
 2415     806   887   870   854
 2416     945   895   899   860
 2417     868   800   894   870
 2418     407   435   504   433
 2419     590   684   673   613
 2420     344   260   315   302
 2421     235   260   315   344
 2422     260   307   344   362
 2423     309   362   344   390
 2424     406   322   449   378
 2425     393   302   252   355
 2426     463   435   344   416
 2427     416   302   344   463
 2428     416   362   344   307
 2429     435   362   344   416
 2430     344   390   433   292
 2431     471   414   553   502
 2432     435   390   433   344
 2433     435   493   433   390
 2434     590   501   544   618
 2435     303   223   252   192
 2436     439   381   407   433
 2437     235   256   315   155
 2438     433   344   407   435
 2439     381   367   407   256
 2440     463   435   407   344
 2441     367   439   407   442
 2442     413   293   275   241
 2443     533   576   624   619
 2444     303   355   252   223
 2445     153   218   252   192
 2446     219   302   252   153
 2447     218   155   252   315
 2448     153   302   252   155
 2449     315   155   252   302
 2450     496   470   478   391
 2451     337   317   428   336
 2452     219   192   252   223
 2453     393   355   252   303
 2454     219   223   252   355
 2455     452   400   514   413
 2456     464   379   371   378
 2457     684   613   590   559
 2458     504   538   576   544
 2459     884   835   795   828
 2460     445   561   565   489
 2461     865   743   720   887
 2462     794   678   752   689
 2463     169   218   278   256
 2464     413   442   445   367
 2465     292   256   315   235
 2466     407   381   315   344
 2467     292   344   315   381
 2468     381   256   315   292
 2469     407   256   315   381
 2470     235   155   315   260
 2471     302   260   315   155
 2472     320   367   315   393
 2473    1000   914   954   883
 2474     407   433   504   439
 2475     210   249   274   336
 2476     496   534   478   470
 2477     393   367   460   400
 2478     407   367   460   393
 2479     442   367   413   460
 2480     460   501   413   442
 2481     278   207   337   275
 2482     478   547   566   464
 2483     413   293   379   400
 2484     413   367   445   337
 2485     413   561   445   501
 2486     878   793   853   794
 2487     132   172   275   218
 2488     132   218   275   278
 2489     278   207   275   132
 2490     132   207   275   241
 2491     336   293   379   241
 2492     278   367   337   442
 2493     441   393   361   386
 2494     205   293   274   241
 2495     336   241   379   413
 2496     406   374   449   322
 2497     336   241   274   293
 2498     246   226   332   188
 2499     274   210   371   231
 2500     300   228   271   226
 2501     552   441   555   564
 2502     630   496   580   534
 2503     264   374   332   348
 2504     198   249   288   241
 2505     378   379   371   274
 2506     379   400   452   464
 2507     198   241   288   207
 2508     718   622   668   673
 2509     337   207   288   241
 2510     162   170   271   279
 2511     245   418   332   323
 2512     460   393   452   463
 2513     288   241   336   317
 2514     288   249   336   241
 2515     337   241   336   413
 2516     317   241   336   337
 2517     464   550   478   449
 2518     452   547   478   464
 2519     413   460   544   501
 2520     650   710   616   648
 2521     445   337   428   413
 2522     392   337   428   445
 2523     418   417   332   323
 2524     452   393   361   441
 2525     391   449   478   496
 2526     379   400   464   413
 2527     566   497   516   597
 2528     449   550   466   497
 2529     245   228   300   226
 2530     497   406   466   449
 2531     815   867  1011   836
 2532     379   413   462   428
 2533     566   550   597   708
 2534     428   336   462   379
 2535     591   561   565   684
 2536     226   418   332   245
 2537     249   241   274   336
 2538     210   241   274   249
 2539     192   229   279   320
 2540     449   374   466   461
 2541     320   293   279   172
 2542     205   162   279   172
 2543     470   386   478   391
 2544     449   461   496   332
 2545     378   452   478   464
 2546     274   378   271   322
 2547     234   281   300   369
 2548     229   234   300   303
 2549     418   417   496   332
 2550     229   170   300   228
 2551     379   293   361   400
 2552     246   188   271   231
 2553     378   400   361   452
 2554     393   303   361   386
 2555     320   293   361   279
 2556     300   378   271   279
 2557     634   550   597   604
 2558     332   461   496   418
 2559     452   400   361   393
 2560     188   228   271   170
 2561     659   729   655   753
 2562     393   400   361   320
 2563     380   397   515   484
 2564     229   303   300   279
 2565     210   231   274   205
 2566     361   279   300   303
 2567     234   228   300   281
 2568     246   322   332   374
 2569     323   369   391   300
 2570     496   470   391   417
 2571     361   386   391   452
 2572     246   374   332   264
 2573     246   264   332   226
 2574     226   264   332   276
 2575     348   276   332   264
 2576     778   753   655   729
 2577     461   348   332   374
 2578     418   348   332   461
 2579     276   418   332   226
 2580     276   348   332   418
 2581     378   464   478   449
 2582     274   162   271   279
 2583     188   226   271   228
 2584     162   188   271   170
 2585     300   170   271   228
 2586     279   378   271   274
 2587     229   228   300   234
 2588     803   668   758   718
 2589    1002   945   988   895
 2590     378   449   478   391
 2591     763   729   897   819
 2592     604   550   597   497
 2593     271   300   391   378
 2594     449   332   391   378
 2595     300   361   391   378
 2596     386   361   391   300
 2597     332   300   391   271
 2598     271   378   391   332
 2599     496   449   478   550
 2600     579   478   555   547
 2601     323   417   391   369
 2602     300   417   391   323
 2603     470   369   391   417
 2604     386   369   391   470
 2605     479   436   529   569
 2606    1002   895   988  1006
 2607     695   713   819   800
 2608     630   496   549   580
 2609     785   672   686   760
 2610     564   609   555   552
 2611     464   406   497   449
 2612     449   550   497   464
 2613     538   544   504   439
 2614     445   489   565   428
 2615     464   406   516   497
 2616     829   741   763   868
 2617     612   606   535   660
 2618     413   464   514   452
 2619     466   550   604   497
 2620     663   609   554   547
 2621     895   864   827   943
 2622     485   468   520   572
 2623     596   488   585   517
 2624     630   612   549   671
 2625     659   550   630   534
 2626     630   550   557   496
 2627     630   753   655   778
 2628     552   609   555   547
 2629     566   550   579   478
 2630     659   534   579   550
 2631     555   564   647   695
 2632     663   622   554   609
 2633     504   435   576   493
 2634     850   859   778   753
 2635     920   884   882  1005
 2636     825   859   919   853
 2637     778   859   814   724
 2638     727   678   684   692
 2639     841   895   768   749
 2640     514   413   590   565
 2641     464   497   516   566
 2642     708   678   597   566
 2643     566   497   597   550
 2644     566   597   516   559
 2645     803   718   841   760
 2646     684   833   840   765
 2647     736   857   836   798
 2648     841   864   768   895
 2649     633   655   707   650
 2650     634   689   708   724
 2651     559   462   516   464
 2652     663   609   672   622
 2653     634   689   597   708
 2654     597   689   625   678
 2655     497   550   566   464
 2656     659   708   566   663
 2657     659   550   566   708
 2658     708   678   566   663
 2659     684   561   590   639
 2660     464   566   516   559
 2661     441   463   552   554
 2662     827   992   905   840
 2663     673   590   544   618
 2664     678   566   559   597
 2665     678   613   559   566
 2666     379   462   559   464
 2667     379   413   559   462
 2668     553   502   542   471
 2669     712   622   590   613
 2670     600   528   552   473
 2671     718   622   673   712
 2672     663   547   554   613
 2673     678   613   625   559
 2674     464   462   516   371
 2675     371   406   516   464
 2676     734   684   639   675
 2677     597   559   625   516
 2678     684   625   675   692
 2679     702   785   760   803
 2680     413   462   537   559
 2681     933   872   833   895
 2682     841   803   899   749
 2683     597   678   625   559
 2684     516   559   625   537
 2685    1000   890   841  1006
 2686     750   778   661   759
 2687     841   864   790   768
 2688     803   749   841   718
 2689     956   827   905   878
 2690     547   452   554   514
 2691     684   692   675   727
 2692     684   727   675   734
 2693     692   678   684   625
 2694     591   489   565   561
 2695     663   622   712   613
 2696     895  1006   841   864
 2697     501   561   590   413
 2698     625   613   684   559
 2699     668   576   691   601
 2700     445   413   565   561
 2701     428   413   565   445
 2702     413   462   565   537
 2703     413   428   565   462
 2704     416   441   552   473
 2705     765   833   840  1014
 2706     675   684   565   625
 2707     591   684   565   675
 2708     625   559   565   537
 2709     684   559   565   625
 2710     413   400   514   460
 2711     591   684   639   561
 2712     675   684   639   591
 2713     819   695   763   729
 2714     898   987   911   826
 2715     870   829   890   868
 2716     582   508   569   588
 2717     559   566   514   464
 2718     452   464   514   566
 2719     559   379   514   413
 2720     464   379   514   559
 2721     464   413   514   379
 2722     566   613   514   547
 2723     559   613   514   566
 2724     566   547   514   452
 2725     590   613   554   514
 2726     663   613   554   622
 2727     452   547   554   441
 2728     590   622   554   613
 2729     544   501   538   618
 2730     470   410   555   441
 2731     565   537   514   413
 2732     559   537   514   565
 2733     559   413   514   537
 2734     684   559   590   565
 2735     502   470   555   564
 2736     640   722   656   588
 2737     629   620   553   631
 2738     577   575   667   653
 2739     393   463   554   452
 2740     393   441   554   463
 2741     452   441   554   393
 2742     741   609   672   663
 2743     544   622   504   554
 2744     463   460   504   554
 2745     544   554   504   460
 2746     439   442   544   460
 2747     590   639   673   684
 2748     702   718   672   619
 2749     504   622   619   554
 2750     718   712   673   749
 2751     897   925   850   991
 2752     504   554   552   463
 2753     673   622   544   590
 2754     617   738   776   757
 2755     898   783   837   875
 2756     533   528   624   476
 2757     590   501   618   561
 2758     590   561   618   639
 2759     647   713   631   632
 2760     407   463   504   435
 2761     538   439   504   433
 2762     544   442   538   501
 2763     542   629   595   620
 2764     554   460   544   514
 2765     514   413   544   590
 2766     514   460   544   413
 2767     629   720   683   742
 2768     895   864   943  1006
 2769     718   622   619   576
 2770     868   890   955   994
 2771     810   926  1009   866
 2772     894   868   989   819
 2773     749   673   668   618
 2774     643   620   667   743
 2775     576   544   668   622
 2776     576   622   668   718
 2777     926   864  1009   952
 2778     942   954   899  1002
 2779     550   534   579   496
 2780     712   741   760   672
 2781     407   439   504   544
 2782     717   784   641   696
 2783     809   763   890   829
 2784     683   528   553   629
 2785     504   493   576   538
 2786     601   538   576   493
 2787     548   476   624   528
 2788     897   753   810   850
 2789     702   691   738   803
 2790     416   528   533   476
 2791     773   823   719   747
 2792     509   456   569   548
 2793     833   746   765   684
 2794     829   741   868   800
 2795     760   702   686   785
 2796     873   699   812   761
 2797     598   491   510   500
 2798     471   450   542   414
 2799     564   609   695   555
 2800     868   800   870   829
 2801     712   663   809   741
 2802     659   550   579   566
 2803     899   954   969   883
 2804     578   498   563   556
 2805     619   718   672   622
 2806     521   479   529   569
 2807     718   691   619   702
 2808     691   668   619   576
 2809     718   668   619   691
 2810     718   576   619   668
 2811     965   854   914   829
 2812     579   547   555   609
 2813     619   622   552   554
 2814     554   609   552   547
 2815     673   749   758   618
 2816     554   547   552   441
 2817     416   473   552   438
 2818     528   438   552   473
 2819     416   438   552   528
 2820     529   576   624   569
 2821     619   691   738   702
 2822     651   629   640   548
 2823     533   476   624   569
 2824     645   699   761   730
 2825     783   782   826   838
 2826     741   711   695   800
 2827     841   895   899  1006
 2828     600   609   564   552
 2829     552   473   564   600
 2830     473   441   564   410
 2831     473   410   564   502
 2832     441   473   564   552
 2833     887   854   930   870
 2834     647   729   633   680
 2835     519   448   539   571
 2836     741   800   785   711
 2837     579   609   680   547
 2838     795   831   735   784
 2839     686   702   624   651
 2840     470   386   555   478
 2841     470   441   555   386
 2842     829   800   870   806
 2843     712   622   672   718
 2844     579   547   680   663
 2845     650   655   707   778
 2846     785   672   760   741
 2847     794   859   853   866
 2848     647   555   563   564
 2849     713   800   695   711
 2850     655   759   661   778
 2851     806   854   870   785
 2852     695   680   647   555
 2853     579   534   560   470
 2854     633   647   707   729
 2855     663   547   680   609
 2856     708   659   680   663
 2857     663   609   680   741
 2858     854   829   965   870
 2859     729   778   707   655
 2860     473   438   553   528
 2861     552   609   672   600
 2862     868   829   890   763
 2863     631   564   553   600
 2864     680   609   695   741
 2865     680   708   763   659
 2866     680   555   695   609
 2867     676   774   700   657
 2868     686   711   631   741
 2869     579   470   560   555
 2870     616   572   558   507
 2871     655   778   650   759
 2872     862   916   960   995
 2873     707   778   815   759
 2874     633   729   707   655
 2875     710   756   707   650
 2876     556   652   560   647
 2877     558   492   560   465
 2878     647   713   707   729
 2879     580   650   560   558
 2880     580   534   560   655
 2881     423   448   539   447
 2882     751   771   667   653
 2883     823   820  1003   873
 2884     729   713   819   695
 2885     707   713   779   729
 2886     729   778   815   707
 2887     680   663   763   708
 2888     695   680   763   729
 2889     871   993   979   958
 2890     882   831   879   964
 2891     965   829   914   890
 2892     753   859   810   850
 2893     853   859   919   923
 2894     887   894   884   791
 2895     868   870   955   890
 2896     819   800   894   868
 2897     691   718   803   702
 2898     809   741   760   712
 2899     829   741   809   763
 2900     894   870   955   868
 2901     989   906   920   894
 2902     829   854   883   785
 2903    1002   945   899   942
 2904     971   986   865   981
 2905     868   800   763   819
 2906     868   741   763   800
 2907     695   800   763   741
 2908     819   800   763   695
 2909     763   663   809   712
 2910     666   629   640   719
 2911     897   868   989   991
 2912     965   870   930   854
 2913     738   702   624   619
 2914     786   867   811   759
 2915     471   414   542   553
 2916     421   469   523   480
 2917     759   867   811   900
 2918     661   630   549   580
 2919     794   859   810   708
 2920     866   859   810   794
 2921     955   868   989   894
 2922     853   793   752   794
 2923     991   897   994   904
 2924     952   864   866   926
 2925     881   918   907   935
 2926     753   859   778   724
 2927     868   890   994   897
 2928    1009   859   919   904
 2929     736   798   836   858
 2930     815   819   989   925
 2931     717   779   784   858
 2932     652   644   556   558
 2933     670   713   779   707
 2934     602   505   641   578
 2935     650   759   707   710
 2936     779   707   815   756
 2937     994   991   955   897
 2938     868   897   955   991
 2939     994   897   955   868
 2940     897   819   989   868
 2941     914   854   883   829
 2942     829   785   760   741
 2943     803   718   760   702
 2944     672   702   760   718
 2945     969   826   987   863
 2946     883   785   760   829
 2947     548   574   527   629
 2948     928   854   930   887
 2949     691   668   803   718
 2950     672   718   760   712
 2951     883   914   954   965
 2952     860  1012   899   942
 2953     914   890  1000   955
 2954     746   684   833   734
 2955     668   618   758   749
 2956     829   741   760   809
 2957     997   880   981   888
 2958     834   845   774   844
 2959     749   718   758   668
 2960    1000   914   883   890
 2961     829   890   883   914
 2962     895   945   988  1001
 2963     895  1001   872   860
 2964     803  1012   899   860
 2965     841   749   899   895
 2966     803   785   760   883
 2967     794   853   777   752
 2968     860   749   899   803
 2969    1002  1006   899   895
 2970     458   513   540   477
 2971     803   749   758   860
 2972     943  1006   988   895
 2973     673   639   768   684
 2974     945   895   860  1001
 2975     992  1014   840   833
 2976     684   678   768   712
 2977     639   734   789   684
 2978     799   786   857   871
 2979     768   639   789   684
 2980     841   749   768   712
 2981     673   684   768   712
 2982     673   712   768   749
 2983    1012   803   899   883
 2984    1002   954   899  1000
 2985     841  1000   899   883
 2986     956   943   905   827
 2987    1014   933   833   992
 2988     883  1000   899   954
 2989     872   895   988  1001
 2990     860   691   758   803
 2991     768   673   789   639
 2992     860   942   899   945
 2993    1002   895   899   945
 2994     883   890   841  1000
 2995    1002  1000   899  1006
 2996     883   803   899   841
 2997     783   826   874   898
 2998     827   943   866   956
 2999    1012   863   860   803
 3000     827   943   905   992
 3001     890   864   841  1006
 3002     809   864   841   890
 3003     829   809   841   890
 3004     760   809   841   829
 3005     829   883   841   760
 3006     829   890   841   883
 3007     878   827   866   956
 3008     768   895   827   833
 3009     712   718   841   749
 3010     809   718   841   712
 3011     987   826   874   863
 3012     749   758   872   789
 3013     768   749   872   789
 3014     860   749   872   895
 3015     758   749   872   860
 3016     768   895   833   872
 3017     712   768   790   827
 3018     768   895   872   749
 3019     673   749   789   758
 3020     768   749   789   673
 3021     618   673   789   758
 3022     618   639   789   673
 3023     988   872   933   895
 3024     988   895   933   943
 3025     789   734   833   684
 3026     789   768   833   872
 3027     768   712   790   841
 3028     793   678   827   727
 3029     956   943   866   864
 3030     825   859   777   724
 3031     878   956   866   923
 3032     827   840   878   793
 3033     947   900   993   941
 3034     708   678   794   689
 3035     890  1006   952   864
 3036     765   746   840   684
 3037     727   678   752   793
 3038     684   727   827   678
 3039     827   864   866   943
 3040     956   864   952   943
 3041     724   778   630   671
 3042     684   678   827   768
 3043     790   678   794   708
 3044     768   678   827   712
 3045     833   992   827   840
 3046     768   864   827   895
 3047     952   956   866   864
 3048     793   727   827   840
 3049     794   859   777   825
 3050     678   712   790   827
 3051     923   859   919  1009
 3052     790   864   866   827
 3053     941   944   900   998
 3054     933   992   827   833
 3055     933   943   827   992
 3056     933   895   827   943
 3057     833   895   827   933
 3058     878   959   905   956
 3059     689   708   777   794
 3060     853   859  1009   926
 3061     827   768   790   864
 3062     956   959   923   878
 3063     890   897   952   994
 3064     890   864   952   897
 3065    1000  1006   952   890
 3066     955   890   952   994
 3067    1000   890   952   955
 3068     794   859   825   853
 3069     923   878   853   866
 3070     763   663   790   708
 3071     712   663   790   763
 3072     926   923  1009   853
 3073     809   712   790   763
 3074     678   663   790   712
 3075     678   708   790   663
 3076     810   904  1009   897
 3077     897   904  1009   994
 3078     793   678   752   794
 3079     809   864   790   841
 3080     841   712   790   809
 3081     794   866   853   878
 3082     825   853   777   794
 3083     878   793   794   866
 3084     763   708   753   659
 3085     851   900   824   811
 3086     866   859   853   926
 3087     727   692   752   678
 3088     926   923   853   866
 3089     825   859   944   919
 3090     866   793   794   827
 3091     866   827   794   790
 3092     897   994  1009   952
 3093     859   904   810   897
 3094     952   864  1009   897
 3095     827   678   794   790
 3096     827   793   794   678
 3097     625   689   752   678
 3098     625   678   752   692
 3099     708   859   753   724
 3100     790   864   810   866
 3101     790   866   810   794
 3102     680   729   753   763
 3103     850   859   810   897
 3104     648   606   515   531
 3105     680   659   753   729
 3106     689   724   777   708
 3107     708   859   777   794
 3108     708   724   777   859
 3109     763   659   753   680
 3110     515   606   545   490
 3111     862   772   755   839
 3112     866   926  1009   859
 3113     810   897  1009   864
 3114     866   859  1009   810
 3115     763   729   753   897
 3116     753   763   810   708
 3117     753   708   810   859
 3118     897   763   810   753
 3119     890   763   810   897
 3120     661   606   723   648
 3121     418   461   549   487
 3122     836   756   815   710
 3123     630   496   557   549
 3124     729   897   850   753
 3125     729   819   850   897
 3126     654   685   596   660
 3127     778   867   759   900
 3128     580   606   549   612
 3129     814   724   671   778
 3130     790   708   810   763
 3131     794   708   810   790
 3132     790   809   810   864
 3133     763   809   810   790
 3134     809   763   810   890
 3135     890   864   810   809
 3136     596   701   642   685
 3137     950   867   912   900
 3138     866   864   810   926
 3139     900   859   778   850
 3140     850   998   985   900
 3141     775   744   892   802
 3142     985   998   912   900
 3143     535   606   515   490
 3144     549   496   557   461
 3145     778   824   750   814
 3146     900   993   912   950
 3147     919   859   998   904
 3148     944   859   998   919
 3149     604   724   630   671
 3150     487   490   535   418
 3151     998   941   993   900
 3152     714   744   664   798
 3153     850   925   985   991
 3154     947   941   851   900
 3155     594   507   616   648
 3156     894   870   791   887
 3157     766   871   881   862
 3158     839   772   808   862
 3159     998   859   824   900
 3160     862   903   960   962
 3161     900   867   912   850
 3162     900   850   912   985
 3163     900   998   912   993
 3164     995   862   808   881
 3165     998   859   985   904
 3166     850   859   985   998
 3167     850   904   985   859
 3168     850   897   985   904
 3169     991   897   985   850
 3170     991   904   985   897
 3171     850   867   778   900
 3172     950   925   912   867
 3173     850   925   912   985
 3174     850   867   912   925
 3175     891   970   934   967
 3176     563   556   670   578
 3177     920   976   882   858
 3178     824   859   814   900
 3179     545   515   517   606
 3180     659   534   655   579
 3181     869   801   788   775
 3182     719   614   640   666
 3183     652   647   670   707
 3184     630   671   661   612
 3185     661   606   580   612
 3186     814   778   671   750
 3187     825   859   814   944
 3188     834   844   937   845
 3189     487   606   535   549
 3190     900   941   824   944
 3191     900   778   811   759
 3192     993   900   871   867
 3193     630   534   580   655
 3194     572   507   616   594
 3195     821   811   871   851
 3196     778   900   814   859
 3197     824   944   814   859
 3198     380   405   507   411
 3199     836   892   948   858
 3200     401   468   520   485
 3201     646   525   608   587
 3202     799   871   881   766
 3203     593   733   662   665
 3204     889   966   893   968
 3205     998   944   824   859
 3206     900   944   824   998
 3207     811   778   750   759
 3208     824   778   750   811
 3209     811   851   750   824
 3210     811   721   750   851
 3211     496   461   549   418
 3212     465   534   580   496
 3213     487   606   549   580
 3214     418   487   549   580
 3215     630   659   655   753
 3216     560   534   633   655
 3217     630   778   661   671
 3218     661   612   549   630
 3219     671   721   661   612
 3220     671   778   661   750
 3221     791   800   779   713
 3222     724   604   630   634
 3223     708   550   630   659
 3224     634   550   630   708
 3225     778   630   661   655
 3226     724   753   630   778
 3227     724   634   630   708
 3228     496   550   557   466
 3229     630   655   580   661
 3230     791   894   779   800
 3231     572   587   520   485
 3232     648   661   650   710
 3233     753   708   630   659
 3234     724   708   630   753
 3235     418   465   531   580
 3236     671   750   661   721
 3237     475   525   573   481
 3238     604   550   557   630
 3239     671   604   557   630
 3240     671   630   557   549
 3241     487   418   531   580
 3242     580   606   531   487
 3243     798   775   677   664
 3244     661   612   723   606
 3245     750   811   723   721
 3246     736   786   836   857
 3247     721   612   723   661
 3248     535   487   531   606
 3249     418   487   531   535
 3250     836   867   979   857
 3251     759   786   723   811
 3252     648   759   723   661
 3253     690   728   679   744
 3254     723   786   710   648
 3255     507   425   558   531
 3256     862   843   755   821
 3257     517   589   584   585
 3258     759   750   723   661
 3259     661   750   723   721
 3260     397   380   515   377
 3261     490   606   545   535
 3262     560   650   707   652
 3263     515   648   581   606
 3264     545   606   517   654
 3265     475   481   573   484
 3266     755   723   766   764
 3267     710   799   736   679
 3268     397   483   517   484
 3269     646   587   594   603
 3270     603   525   594   481
 3271     507   484   594   481
 3272     380   411   515   425
 3273     507   648   558   616
 3274     664   775   677   714
 3275     377   380   515   425
 3276     402   377   515   418
 3277     418   490   515   402
 3278     531   465   515   425
 3279     377   465   515   531
 3280     377   425   515   465
 3281     517   483   584   484
 3282     484   581   584   517
 3283     687   685   642   701
 3284     654   701   596   685
 3285     483   475   584   484
 3286     545   606   596   660
 3287     654   606   596   545
 3288     654   660   596   606
 3289     581   606   517   515
 3290     545   490   517   515
 3291     515   397   517   484
 3292     490   397   517   515
 3293     397   488   517   483
 3294     596   517   585   589
 3295     654   701   517   596
 3296     470   492   556   432
 3297     370   490   517   488
 3298     397   490   517   370
 3299     370   488   517   397
 3300     581   621   584   654
 3301     654   701   584   517
 3302     654   621   584   701
 3303     881   871   960   862
 3304     517   596   584   589
 3305     517   701   584   596
 3306     798   775   664   714
 3307     584   701   642   596
 3308     584   596   642   589
 3309     958   871   960   881
 3310     799   818   802   744
 3311     669   706   697   732
 3312     892   974   948   858
 3313     947   900   871   993
 3314     962   916   862  1007
 3315     862   916   808   843
 3316     903   962   862   821
 3317     679   744   664   714
 3318     786   811   766   723
 3319     766   728   808   797
 3320     881   766   808   797
 3321     811   786   871   867
 3322     772   701   755   685
 3323     862   995   808   916
 3324     843  1007   862   916
 3325     644   717   788   736
 3326     958   993   960   871
 3327     862   839   755   843
 3328     764   660   755   723
 3329     862   821   871   903
 3330     515   411   507   425
 3331     958   995   918   881
 3332     764   821   766   755
 3333     723   721   764   660
 3334     851   900   871   947
 3335     871   811   766   786
 3336     821   851   871   947
 3337     811   900   871   851
 3338     947   903   871   821
 3339     962  1007   862   843
 3340     918   818   935   881
 3341     881   818   802   799
 3342     755   701   766   685
 3343     531   425   558   465
 3344     813   902   855   805
 3345     855   805   889   801
 3346     775   798   788   869
 3347     836   858   948  1011
 3348     903   862   960   871
 3349     594   714   664   646
 3350     560   555   633   579
 3351     710   786   836   736
 3352     858   736   788   756
 3353     660   685   766   654
 3354     654   723   766   660
 3355     755   660   766   723
 3356     685   660   766   755
 3357     871   821   766   811
 3358     862   821   766   871
 3359     811   821   766   764
 3360     764   723   766   811
 3361     594   603   679   646
 3362     995   958   960   881
 3363     881   862   960   995
 3364     871   993   960   947
 3365     871   947   960   903
 3366     966   901   977   909
 3367     714   682   716   813
 3368     802   881   907   935
 3369     467   587   541   485
 3370    1011   867   979   836
 3371     799   744   797   818
 3372     728   744   797   799
 3373     654   701   679   621
 3374     766   799   797   881
 3375     766   728   797   799
 3376     881   818   797   918
 3377     475   484   573   584
 3378     799   871   857   881
 3379     766   701   808   728
 3380     766   755   808   701
 3381     862   755   808   766
 3382     755   772   808   701
 3383     862   772   808   755
 3384     728   621   679   701
 3385     881   958   907   918
 3386     710   652   736   756
 3387     754   801   855   775
 3388     401   444   520   494
 3389     784   884   795   831
 3390     520   587   635   467
 3391     964   879   977   963
 3392     834   845   848   771
 3393     881   871   857   958
 3394     857   984   892   907
 3395     778   850   815   867
 3396     759   778   815   867
 3397     779   756   858   717
 3398     858  1011   906   976
 3399     892   902   932   983
 3400     871   786   857   867
 3401     655   759   650   661
 3402     882   869   940   879
 3403     964   976   940   882
 3404     677   587   635   572
 3405     714   594   664   679
 3406     679   594   664   648
 3407     664   587   677   572
 3408     467   485   541   472
 3409     882   976   940   974
 3410     654   621   679   581
 3411    1005   884   882   964
 3412     649   682   754   739
 3413     725   801   754   775
 3414     563   647   560   555
 3415     983   984   892   974
 3416     775   677   754   725
 3417     648   580   650   661
 3418     655   661   650   580
 3419     983   974   892   869
 3420     775   798   892   744
 3421     828   831   735   795
 3422     710   652   616   736
 3423     892   907   932   935
 3424     892   983   932   907
 3425     558   650   560   556
 3426     798   799   892   744
 3427     802   744   892   799
 3428     802   881   892   907
 3429     857   907   892   881
 3430     802   799   892   881
 3431     799   798   892   857
 3432     857   881   892   799
 3433     892   802   842   775
 3434     562   532   541   467
 3435     470   564   563   555
 3436     892   902   842   932
 3437     935   892   842   932
 3438     892   907   842   802
 3439     935   907   842   892
 3440     935   802   842   907
 3441     802   842   714   813
 3442     690   744   716   818
 3443     646   587   603   525
 3444     646   744   716   690
 3445     775   744   714   798
 3446     728   701   679   766
 3447     541   635   649   608
 3448     495   437   511   567
 3449     635   467   541   532
 3450     594   581   679   621
 3451     578   558   556   644
 3452     705   831   735   828
 3453     626   665   551   637
 3454     567   480   568   523
 3455     646   714   716   744
 3456     797   744   690   818
 3457     728   744   690   797
 3458     581   621   573   584
 3459     603   481   573   525
 3460     646   714   679   594
 3461     696   665   725   801
 3462     573   603   679   594
 3463     744   728   679   799
 3464     690   744   679   646
 3465     648   654   679   581
 3466     573   621   679   603
 3467     648   581   679   594
 3468     530   626   593   551
 3469     716   714   608   682
 3470     646   714   608   716
 3471     578   498   556   482
 3472     696   602   641   644
 3473     507   481   594   572
 3474     515   425   507   531
 3475     515   531   507   648
 3476     608   587   677   714
 3477     798   775   788   677
 3478     603   587   594   525
 3479     677   682   754   635
 3480     608   682   677   587
 3481     492   411   507   468
 3482     690   646   679   603
 3483     648   759   710   723
 3484     679   648   710   786
 3485     581   484   594   507
 3486     710   756   650   652
 3487     507   648   594   581
 3488     485   468   572   481
 3489     481   587   572   485
 3490     646   714   664   587
 3491     558   482   556   492
 3492     830   901   792   817
 3493     766   701   679   654
 3494     594   621   679   573
 3495     714   682   677   608
 3496     603   481   594   573
 3497     594   587   664   572
 3498     646   587   664   594
 3499     484   581   594   573
 3500     573   481   594   484
 3501     573   581   594   621
 3502     650   648   558   531
 3503     806   887   791   870
 3504     578   482   556   558
 3505     633   650   707   560
 3506     939   894   920   884
 3507     950   867  1011   925
 3508     654   786   679   766
 3509     654   648   679   786
 3510     766   786   679   799
 3511     714   587   677   664
 3512     696   644   725   602
 3513     670   698   791   713
 3514     798   677   788   736
 3515     664   594   616   648
 3516     648   661   710   759
 3517     927   884   828   835
 3518     670   717   641   578
 3519     723   759   710   786
 3520     548   457   527   574
 3521     858   756   836   736
 3522     470   534   560   465
 3523     652   644   616   736
 3524     664   677   736   644
 3525     744   798   736   664
 3526     578   572   602   482
 3527     644   664   616   736
 3528     572   664   616   644
 3529     736   648   616   710
 3530     652   717   670   644
 3531     650   652   616   710
 3532     659   729   633   655
 3533     736   664   616   648
 3534     892   798   836   857
 3535     572   664   644   677
 3536     784   670   735   698
 3537     680   729   633   659
 3538     498   432   556   492
 3539     558   650   556   652
 3540     507   492   558   425
 3541     894   887   999   870
 3542     556   470   560   492
 3543     580   655   560   650
 3544     465   534   560   580
 3545     443   575   577   513
 3546     616   648   558   650
 3547     650   652   558   616
 3548     531   580   650   648
 3549     652   644   670   578
 3550     679   786   710   799
 3551     507   572   558   468
 3552     652   578   670   556
 3553     858   869   788   798
 3554     710   661   650   759
 3555     710   679   736   648
 3556     664   648   736   679
 3557     679   744   736   664
 3558     679   799   736   744
 3559     857   799   736   786
 3560     798   799   736   857
 3561     857   786   836   867
 3562     643   540   641   637
 3563     502   470   563   432
 3564     560   647   633   555
 3565     650   756   707   652
 3566     681   674   636   767
 3567     650   778   707   759
 3568     563   647   670   556
 3569     558   644   578   482
 3570     696   784   735   831
 3571     578   644   670   717
 3572     560   655   633   650
 3573     507   468   558   492
 3574     680   579   633   555
 3575     507   531   558   648
 3576     556   432   563   470
 3577     670   578   641   570
 3578     655   534   633   579
 3579     502   432   563   498
 3580     468   482   558   492
 3581     572   482   558   468
 3582     644   572   558   616
 3583     644   482   558   572
 3584     467   520   532   635
 3585     494   482   602   520
 3586     644   572   578   482
 3587     745   665   696   801
 3588     494   444   551   408
 3589     788   775   725   677
 3590     494   505   578   482
 3591     470   502   563   564
 3592     578   644   602   572
 3593     892   984   948   974
 3594     707   647   670   713
 3595     993   867   979   950
 3596     871   867   979   993
 3597     680   555   633   647
 3598     560   579   633   534
 3599     655   579   633   659
 3600     680   659   633   579
 3601     835   743   795   828
 3602     682   587   635   677
 3603     677   644   725   788
 3604     520   482   602   572
 3605     563   555   560   470
 3606     531   580   560   558
 3607     531   465   560   580
 3608     558   465   560   531
 3609     470   465   560   425
 3610     492   425   560   465
 3611     470   425   560   492
 3612     857   867   979   871
 3613     815   925  1011   867
 3614     791   884   795   784
 3615     815   836  1011   858
 3616     779   894   858   819
 3617     588   569   656   640
 3618     560   647   707   633
 3619     560   652   707   647
 3620     707   819   815   729
 3621     652   756   707   717
 3622     858   974   882   869
 3623     870   800   791   806
 3624     894   800   791   870
 3625     906   894   989   819
 3626     858   756   815   836
 3627     711   806   791   800
 3628     711   800   791   713
 3629     672   600   686   619
 3630     553   620   542   632
 3631     920   858   882   884
 3632     491   440   522   431
 3633     532   469   593   551
 3634     858   798   836   892
 3635     779   791   858   894
 3636     858   779   815   756
 3637     819   779   815   858
 3638     736   756   836   710
 3639     858   756   788   717
 3640     717   756   788   736
 3641     857   958   979   907
 3642     907   984   979   857
 3643    1011   950   979   867
 3644     836   786   815   867
 3645     871   958   979   857
 3646     884   964   927   963
 3647     892   974   858   869
 3648     759   710   815   707
 3649     869   798   858   892
 3650     710   786   815   836
 3651     729   819   815   850
 3652     819   707   815   779
 3653     786   759   815   867
 3654     710   759   815   786
 3655     753   850   815   778
 3656     753   729   815   850
 3657     778   729   815   753
 3658     850   897   815   925
 3659     819   897   815   850
 3660     819   925   815   897
 3661     857   892   948   836
 3662     857   984   948   892
 3663     857   836   948   979
 3664     979   984   948   857
 3665     882   788   784   858
 3666     791   711   769   806
 3667     977   901   893   922
 3668     948   974   976   858
 3669     615   667   700   611
 3670     879   884   963   964
 3671     925   819   989   897
 3672     977   901   917   963
 3673     880   845   937   986
 3674     510   614   509   588
 3675     658   706   787   697
 3676     454   450   542   471
 3677     858  1011   976   948
 3678     906   819   989   815
 3679     991   925   989   897
 3680     791   894   884   858
 3681     906   858   920   894
 3682     976   858   920   906
 3683     884   894   920   858
 3684     858   869   882   788
 3685     976   974   882   858
 3686    1005   976   882   920
 3687     888  1008   972   997
 3688     884   887   939   894
 3689     879   831   828   884
 3690     920   884  1005   939
 3691     828   831   795   884
 3692     965   883   996   954
 3693     920   939   999   894
 3694     884   887  1008   939
 3695     937   915   896   844
 3696     929   846   936   978
 3697     882   869   879   831
 3698     934   915   937   834
 3699     801   831   696   745
 3700     477   575   570   471
 3701     909   879   977   964
 3702     477   471   570   498
 3703     578   505   570   498
 3704     784   696   735   641
 3705     403   419   503   480
 3706     784   698   735   795
 3707     775   892   855   842
 3708     869   801   879   831
 3709     835   743   848   888
 3710     884   939  1008  1005
 3711    1008   887   835   888
 3712     884   887   835  1008
 3713     705   653   637   626
 3714     884  1005  1008   964
 3715    1008   964   927   884
 3716     682   608   649   635
 3717     888   887   835   743
 3718     970   927   967   891
 3719     717   858   784   788
 3720     858   884   784   882
 3721     880   848   937   845
 3722     828   927   891   963
 3723     970   888   997  1008
 3724    1008   888   835   927
 3725     927   884   835  1008
 3726     644   717   696   788
 3727     804   674   706   792
 3728     670   791   784   779
 3729     571   474   592   530
 3730     986   880   981   997
 3731     858   791   784   884
 3732     643   653   705   743
 3733     751   771   848   743
 3734     801   831   817   879
 3735     830   879   817   745
 3736     733   745   817   801
 3737     564   647   631   632
 3738     747   771   700   667
 3739     927   963   828   884
 3740     879   884   828   963
 3741     532   434   562   486
 3742     696   644   641   717
 3743     532   467   562   434
 3744     696   665   641   602
 3745     498   505   570   477
 3746     643   743   735   698
 3747     831   801   696   788
 3748     745   705   715   828
 3749     635   644   725   677
 3750     754   733   817   801
 3751     973   949   847   804
 3752     831   788   696   784
 3753     754   775   855   813
 3754     530   474   592   513
 3755     540   626   530   551
 3756     477   505   540   458
 3757     641   698   735   670
 3758     643   575   540   653
 3759     751   852   891   787
 3760     551   469   530   421
 3761     427   458   540   505
 3762     399   376   503   474
 3763     578   494   602   505
 3764     683   711   631   686
 3765     695   564   631   609
 3766     572   587   635   520
 3767     705   828   745   831
 3768     480   530   568   523
 3769     571   459   503   518
 3770     457   456   509   548
 3771     695   713   631   647
 3772     416   435   533   463
 3773     632   713   631   711
 3774     476   528   548   450
 3775     705   743   735   643
 3776     795   698   735   743
 3777     720   888   747   848
 3778     672   609   631   600
 3779     695   711   631   713
 3780     695   741   631   711
 3781     695   609   631   672
 3782     686   672   631   600
 3783     879   831   745   828
 3784     775   801   855   869
 3785     551   426   530   458
 3786     540   626   551   637
 3787     643   698   641   570
 3788     578   644   641   602
 3789     635   520   532   602
 3790     421   474   530   426
 3791     677   714   754   682
 3792     602   572   635   520
 3793     570   540   641   643
 3794     805   739   817   754
 3795     745   831   817   801
 3796     879   901   817   801
 3797     855   901   817   889
 3798     745   733   817   830
 3799     754   801   817   805
 3800     739   733   817   754
 3801     745   879   817   831
 3802     602   665   635   696
 3803     823   845   747   880
 3804     637   665   696   745
 3805     745   705   696   637
 3806     608   587   635   682
 3807     641   637   735   643
 3808     696   831   735   745
 3809     641   670   735   784
 3810     717   670   641   784
 3811     705   643   735   637
 3812     893   901   792   922
 3813     792   674   709   748
 3814     889   805   817   801
 3815     474   513   530   426
 3816     551   626   593   665
 3817     644   572   635   602
 3818     644   677   635   572
 3819     745   665   733   626
 3820     801   665   733   745
 3821    1004   902   966   983
 3822     551   494   532   444
 3823     977   966   893   901
 3824     608   587   541   635
 3825     813   805   855   754
 3826     586   567   636   674
 3827     805   801   855   754
 3828     855   983   966   902
 3829     709   674   567   748
 3830     593   674   628   733
 3831     628   733   662   593
 3832     635   665   754   725
 3833     421   444   551   469
 3834     408   444   551   421
 3835     602   665   551   635
 3836     893   966   990   968
 3837     641   665   551   602
 3838     637   665   551   641
 3839     817   901   893   889
 3840     599   706   715   658
 3841     532   551   593   665
 3842     602   520   551   494
 3843     733   665   593   626
 3844     602   505   551   641
 3845     602   494   551   505
 3846     427   505   551   494
 3847     540   505   551   427
 3848     641   505   551   540
 3849     641   540   551   637
 3850     936   846   861   847
 3851     540   427   551   458
 3852     427   408   551   458
 3853     494   408   551   427
 3854     444   434   532   469
 3855     408   426   551   458
 3856     444   467   532   434
 3857     739   682   754   805
 3858     506   448   539   423
 3859     963   879   977   901
 3860     748   674   567   681
 3861     677   635   754   725
 3862     805   682   754   813
 3863     532   562   649   605
 3864     662   635   649   532
 3865     562   486   605   532
 3866     940   879   909   964
 3867     775   714   754   677
 3868     649   635   754   682
 3869     532   605   649   662
 3870     533   619   624   651
 3871     725   665   754   801
 3872     593   532   662   605
 3873     593   665   662   532
 3874     532   665   662   635
 3875     889   902   966  1004
 3876     889   901   966   855
 3877     882   974   940   869
 3878     775   842   855   813
 3879    1004   889   968   966
 3880     901   879   977   909
 3881     983   902   855   892
 3882     775   869   855   892
 3883     892   869   855   983
 3884     424   446   503   459
 3885     842   902   855   813
 3886     977   922   917   901
 3887     813   682   754   714
 3888     714   775   754   813
 3889     893   922   975   990
 3890     855   902   889   805
 3891     649   739   754   662
 3892     649   662   754   635
 3893     733   801   754   665
 3894     662   665   754   635
 3895     662   733   754   665
 3896     739   733   754   662
 3897     893   977   990   966
 3898     879   964   940   882
 3899     893   922   910   975
 3900     846   792   910   822
 3901     817   901   792   893
 3902     828   879   830   745
 3903     986   880   997   937
 3904     767   674   732   804
 3905     940   869   909   879
 3906     940   974   909   869
 3907     879   869   909   801
 3908     879   801   909   901
 3909     983   869   909   974
 3910     801   869   909   855
 3911     855   901   909   801
 3912     966   901   909   855
 3913     855   983   909   966
 3914     855   869   909   983
 3915     852   816   787   804
 3916     846   922   949   978
 3917     973   949   913   847
 3918     518   446   503   424
 3919     855   801   817   901
 3920     889   801   817   855
 3921     610   626   706   745
 3922     893   922   990   977
 3923     792   922   910   893
 3924    1010   898   957   938
 3925     817   893   792   822
 3926     889   805   893   817
 3927     822   733   792   817
 3928     703   693   774   676
 3929     733   830   792   817
 3930     598   524   510   614
 3931     767   674   748   681
 3932     586   674   636   681
 3933     817   739   822   733
 3934     817   805   822   739
 3935     893   805   822   817
 3936     568   511   636   437
 3937     610   745   706   733
 3938     593   674   523   628
 3939     739   733   792   822
 3940     628   674   709   733
 3941     807   731   787   697
 3942     568   437   636   512
 3943     893   822   910   792
 3944     967   973   886   852
 3945     709   628   567   674
 3946     715   830   852   804
 3947     576   435   533   493
 3948     846   792   949   922
 3949     830   828   852   879
 3950     703   693   787   834
 3951     847   949   936   846
 3952     751   828   848   891
 3953     683   711   686   785
 3954     949   847   936   913
 3955     978   846   936   949
 3956     593   674   610   523
 3957     421   480   523   474
 3958     767   804   732   847
 3959     697   599   658   706
 3960     835   828   848   751
 3961     568   599   610   530
 3962     936   929   861   846
 3963     822   739   709   792
 3964     828   835   848   891
 3965     571   474   503   459
 3966     586   511   636   568
 3967     669   674   732   636
 3968     949   917   804   973
 3969     807   697   787   816
 3970     792   830   804   901
 3971     846   792   804   949
 3972     917   901   804   830
 3973     792   922   804   949
 3974     792   901   804   922
 3975     917   922   804   901
 3976     949   922   804   917
 3977     715   706   787   658
 3978     667   620   720   743
 3979     512   480   568   437
 3980     781   846   748   767
 3981     421   474   523   530
 3982     546   453   523   469
 3983     495   437   567   430
 3984     781   846   767   847
 3985     715   852   751   787
 3986     822   792   709   748
 3987     847   846   767   804
 3988     792   733   709   674
 3989     628   733   709   662
 3990     946   915   934   834
 3991     546   674   567   628
 3992     804   792   748   674
 3993     846   792   748   804
 3994     822   792   748   846
 3995     523   674   568   567
 3996     804   674   748   767
 3997     767   846   748   804
 3998     739   733   709   792
 3999     739   662   709   733
 4000     567   437   568   480
 4001     567   674   586   681
 4002     486   453   546   469
 4003     928   854   865   856
 4004     546   674   523   567
 4005     530   523   610   568
 4006     376   424   503   459
 4007     429   448   506   423
 4008     593   626   610   733
 4009     593   532   546   469
 4010     605   593   546   628
 4011     605   532   546   593
 4012     486   532   546   605
 4013     486   469   546   532
 4014     512   419   503   403
 4015     419   512   503   518
 4016     530   626   610   593
 4017     530   593   610   523
 4018     568   674   636   567
 4019     518   599   503   571
 4020     571   599   503   474
 4021     480   437   512   403
 4022     552   528   533   416
 4023     703   845   700   774
 4024     626   745   610   733
 4025     567   453   523   546
 4026     469   453   523   480
 4027     567   430   523   453
 4028     480   430   523   567
 4029     480   453   523   430
 4030     568   599   706   610
 4031     610   733   706   674
 4032     530   480   568   474
 4033     518   446   519   459
 4034     530   474   568   599
 4035     511   437   568   567
 4036     852   917   967   973
 4037     511   567   568   586
 4038     568   567   636   586
 4039     568   512   669   599
 4040     745   626   715   705
 4041     787   703   751   658
 4042     443   423   506   454
 4043     518   424   503   419
 4044     733   745   706   830
 4045     610   626   715   706
 4046     745   830   715   706
 4047     804   792   706   830
 4048     733   830   706   792
 4049     787   751   848   891
 4050     891   927   967   963
 4051     658   626   715   599
 4052     787   771   751   703
 4053     703   611   700   667
 4054     847   804   732   816
 4055     636   568   669   674
 4056     706   674   669   568
 4057     732   804   697   816
 4058     577   653   611   592
 4059     715   705   751   828
 4060     607   512   518   599
 4061     599   512   503   568
 4062     706   599   715   610
 4063     568   480   503   474
 4064     568   474   503   599
 4065     419   399   503   480
 4066     856   854   826   883
 4067     703   658   787   693
 4068     706   830   715   804
 4069     518   512   503   599
 4070     653   626   592   637
 4071     610   599   715   626
 4072     751   828   891   852
 4073     706   626   715   745
 4074     571   607   583   519
 4075     658   599   607   571
 4076     961   973   886   967
 4077     999   887   972   930
 4078     834   891   848   934
 4079     512   599   607   669
 4080     403   480   503   512
 4081     934   891   848   970
 4082     459   448   577   513
 4083     457   524   506   574
 4084     658   599   571   626
 4085     376   459   503   474
 4086     626   599   571   530
 4087     528   438   553   414
 4088     667   743   720   771
 4089     571   607   519   518
 4090     607   599   518   571
 4091     522   455   536   499
 4092     722   614   699   588
 4093     738   619   624   576
 4094     399   318   503   376
 4095     419   318   503   399
 4096     419   376   503   318
 4097     653   658   611   592
 4098     473   502   553   414
 4099     848   845   747   771
 4100     888   970   997   848
 4101     726   845   740   700
 4102     913   847   886   973
 4103     540   513   592   653
 4104     577   653   592   513
 4105     720   773   747   888
 4106     500   431   510   524
 4107     658   626   592   715
 4108     961   908   886   973
 4109     637   626   592   540
 4110     506   577   539   448
 4111     423   524   539   506
 4112     607   703   676   693
 4113     607   658   693   731
 4114     459   474   592   571
 4115     459   513   592   474
 4116     715   705   592   653
 4117     626   705   592   715
 4118     626   653   592   705
 4119     617   691   738   576
 4120     615   611   539   506
 4121     506   524   539   615
 4122     852   804   787   715
 4123     828   743   751   835
 4124     607   583   676   611
 4125     571   607   611   583
 4126     571   658   611   607
 4127     615   539   700   657
 4128     629   742   683   651
 4129     848   743   720   888
 4130     896   844   740   845
 4131     491   422   510   500
 4132     657   526   598   524
 4133     491   431   510   422
 4134     720   848   747   771
 4135     607   611   676   703
 4136     457   524   510   409
 4137     615   524   666   574
 4138     527   574   506   595
 4139     409   457   506   454
 4140     894   955   999   989
 4141     796   812   877   832
 4142     880   921   823   845
 4143     592   653   751   715
 4144     720   667   747   615
 4145     865   773   720   888
 4146     894   870   999   955
 4147     963   879   891   828
 4148     592   658   751   653
 4149     834   787   848   891
 4150     705   653   751   743
 4151     705   743   751   828
 4152     697   731   787   658
 4153     715   658   751   592
 4154     693   658   787   731
 4155     745   830   852   715
 4156     745   828   852   830
 4157     715   828   852   745
 4158     658   715   751   787
 4159     852   804   886   816
 4160     891   963   967   852
 4161     653   705   751   715
 4162     454   423   506   409
 4163     703   611   751   658
 4164     917   830   852   879
 4165     917   879   852   963
 4166     715   828   751   852
 4167     653   611   751   703
 4168     852   879   891   963
 4169     835   888   891   927
 4170     852   828   891   879
 4171     835   927   891   828
 4172     891   835   848   888
 4173     761   699   812   730
 4174     888   970   848   891
 4175     697   804   787   816
 4176     715   804   787   706
 4177     697   706   787   804
 4178     939   887   999   894
 4179     908   913   886   973
 4180     787   771   848   751
 4181     834   771   848   787
 4182     852   973   886   804
 4183     845   921   986   880
 4184     849   852   886   787
 4185     787   807   886   849
 4186     787   852   886   816
 4187     787   816   886   807
 4188     804   847   886   816
 4189     804   973   886   847
 4190     771   845   774   834
 4191     703   771   774   834
 4192     946   849   934   886
 4193     852   891   934   967
 4194     946   834   934   849
 4195     946   886   934   961
 4196     967   961   934   886
 4197     852   967   934   886
 4198     886   849   934   852
 4199     852   787   934   891
 4200     852   849   934   787
 4201     787   834   934   891
 4202     787   849   934   834
 4203     574   524   666   614
 4204     548   629   640   574
 4205     738   651   782   688
 4206     848   834   937   845
 4207     848   970   937   934
 4208     883   965   996   854
 4209     795   698   769   791
 4210     996   971   856   928
 4211     694   588   699   645
 4212     527   629   542   553
 4213     548   528   527   450
 4214     719   823   780   726
 4215     981   986   865   880
 4216     937   915   953   896
 4217    1003   953   876   820
 4218     436   435   569   476
 4219     588   499   508   522
 4220     699   627   762   623
 4221     845   937   953   896
 4222     747   720   666   773
 4223     577   429   506   513
 4224     542   577   506   443
 4225     577   513   506   443
 4226     887   743   720   769
 4227     806   773   720   865
 4228     700   774   740   657
 4229     595   577   506   542
 4230     751   743   667   771
 4231     569   576   624   533
 4232     653   575   667   620
 4233     615   574   506   524
 4234     595   454   506   527
 4235     522   588   699   627
 4236     769   806   720   887
 4237     865   887   720   806
 4238     769   711   720   806
 4239     703   771   700   845
 4240     865   888   720   743
 4241     782   856   826   838
 4242     738   576   624   617
 4243     921   880   971   986
 4244     920   894   999   989
 4245     965   870   999   930
 4246     803   883   826   785
 4247     981   887   972   888
 4248     996   883   969   954
 4249     773   888   865   880
 4250     996   854   856   883
 4251     629   528   548   651
 4252     996   965   930   854
 4253     996   854   930   928
 4254     981   888   972   997
 4255     888   887   972  1008
 4256     564   502   553   473
 4257     711   620   769   743
 4258     887   743   769   835
 4259     615   577   506   595
 4260     791   698   769   713
 4261     928   887   972   981
 4262     930   887   972   928
 4263     791   887   769   835
 4264     791   806   769   887
 4265     795   835   769   743
 4266     791   835   769   795
 4267     856   854   865   806
 4268     743   887   865   888
 4269     785   806   683   711
 4270     651   600   683   528
 4271     582   521   656   569
 4272     826   863   776   738
 4273     631   632   553   564
 4274     600   683   553   631
 4275     971   880   865   986
 4276     653   771   667   611
 4277     611   771   667   703
 4278     742   806   683   785
 4279     651   619   624   686
 4280     743   620   720   711
 4281     615   614   666   524
 4282     747   845   700   771
 4283     615   524   598   614
 4284     643   653   667   620
 4285     928   887   865   854
 4286     743   653   667   643
 4287     981   888   865   887
 4288     971   981   865   928
 4289     887   806   865   854
 4290     785   711   686   741
 4291     771   743   720   848
 4292     640   569   688   624
 4293     473   414   553   438
 4294     700   747   666   726
 4295     611   703   700   676
 4296     971   928   865   856
 4297     773   880   865   823
 4298     803   863   826   883
 4299     883   854   826   785
 4300     880   888   865   981
 4301     454   574   527   457
 4302     553   629   542   620
 4303     553   414   542   450
 4304     548   450   527   456
 4305     491   431   522   510
 4306     457   456   527   450
 4307     548   629   527   528
 4308     774   845   740   844
 4309     865   880   838   823
 4310     553   528   527   629
 4311     548   456   527   457
 4312     563   564   632   647
 4313     865   773   742   806
 4314     856   773   742   865
 4315     865   806   742   856
 4316     651   600   686   683
 4317     856   806   742   854
 4318     785   854   742   806
 4319     782   719   838   722
 4320     720   773   742   629
 4321     742   651   686   683
 4322     595   574   506   615
 4323     414   450   553   528
 4324     631   620   553   632
 4325     651   619   686   600
 4326     672   619   686   702
 4327     720   806   742   773
 4328     730   699   762   704
 4329     686   619   624   702
 4330     683   785   686   742
 4331     741   672   686   785
 4332     782   722   838   783
 4333     542   454   506   595
 4334     683   600   553   528
 4335     711   620   632   769
 4336     570   698   632   643
 4337     670   698   632   570
 4338     670   713   632   698
 4339     769   698   632   713
 4340     769   713   632   711
 4341     563   670   632   570
 4342     670   647   632   713
 4343     563   647   632   670
 4344     611   577   595   667
 4345     447   524   539   423
 4346     743   698   632   769
 4347     769   620   632   743
 4348     570   643   632   575
 4349     620   575   632   643
 4350     743   620   632   643
 4351     643   698   632   743
 4352     683   629   631   620
 4353     527   450   542   454
 4354     450   456   548   476
 4355     577   575   595   620
 4356     672   741   631   695
 4357     686   741   631   672
 4358     527   454   506   574
 4359     542   620   595   575
 4360     667   620   595   720
 4361     542   443   506   454
 4362     571   448   539   459
 4363     629   720   595   620
 4364     595   667   615   611
 4365     773   720   666   629
 4366     676   583   539   611
 4367     524   409   506   423
 4368     454   471   542   443
 4369     527   528   542   450
 4370     553   528   542   527
 4371     553   450   542   528
 4372     632   570   542   502
 4373     471   502   542   570
 4374     570   575   542   471
 4375     632   575   542   570
 4376     577   443   542   575
 4377     611   577   539   506
 4378     409   524   506   457
 4379     611   676   700   657
 4380     577   459   539   448
 4381     726   614   666   615
 4382     457   574   506   454
 4383     611   577   506   615
 4384     577   448   506   429
 4385     500   524   526   447
 4386     539   583   526   447
 4387     548   509   640   569
 4388     720   771   747   667
 4389     500   524   510   598
 4390     595   720   615   667
 4391     676   703   700   774
 4392     657   539   700   611
 4393     667   615   700   747
 4394     548   574   509   457
 4395     726   820   740   845
 4396     726   615   666   700
 4397     615   611   700   539
 4398     592   577   539   611
 4399     592   459   539   577
 4400     571   592   539   611
 4401     571   459   539   592
 4402     539   583   657   526
 4403     539   676   657   583
 4404     539   524   657   615
 4405     526   524   657   539
 4406     510   574   509   614
 4407     457   409   510   431
 4408     611   676   657   539
 4409     700   747   726   845
 4410     614   524   510   574
 4411     848   888   747   880
 4412     823   845   726   747
 4413     783   688   782   722
 4414     385   451   508   404
 4415     700   615   666   747
 4416     803   785   826   702
 4417     657   726   598   740
 4418     657   524   598   615
 4419     896   845   740   820
 4420     700   845   740   774
 4421     688   640   656   569
 4422     666   614   640   574
 4423     509   574   640   614
 4424     569   509   640   588
 4425     938   898   873   885
 4426     615   720   666   747
 4427     595   574   666   629
 4428     615   574   666   595
 4429     615   595   666   720
 4430     629   720   666   595
 4431     500   524   598   526
 4432     431   404   509   457
 4433     389   455   522   499
 4434     508   499   543   451
 4435     504   463   533   435
 4436     457   404   509   456
 4437     533   435   529   493
 4438     688   651   782   742
 4439     598   614   638   726
 4440     645   588   536   499
 4441     416   476   533   435
 4442    1003   820   876   873
 4443     688   742   782   719
 4444     645   699   704   623
 4445     548   456   569   476
 4446     627   588   699   614
 4447     617   576   529   601
 4448     726   820   638   740
 4449     860   863   776   803
 4450     832   885   877   924
 4451     619   600   533   552
 4452     390   493   529   435
 4453     389   499   522   440
 4454     638   510   627   614
 4455     522   588   627   510
 4456     614   510   627   588
 4457     510   598   627   491
 4458     638   598   627   510
 4459     522   499   508   440
 4460     666   574   640   629
 4461     528   600   533   651
 4462     617   691   776   738
 4463     719   629   640   651
 4464     548   528   624   651
 4465     617   576   624   529
 4466     548   569   640   624
 4467     742   773   719   629
 4468     617   738   656   688
 4469     688   722   656   640
 4470     742   854   826   782
 4471     624   651   640   548
 4472     552   600   533   528
 4473     722   588   640   614
 4474     742   854   782   856
 4475     885   898   873   837
 4476     617   738   757   656
 4477     738   686   782   651
 4478     645   499   508   588
 4479     623   522   536   588
 4480     699   627   623   522
 4481     699   522   623   588
 4482     385   404   508   499
 4483     699   588   623   645
 4484     522   510   508   588
 4485     509   588   508   510
 4486     782   854   826   856
 4487     552   416   533   463
 4488     504   435   533   576
 4489     509   404   508   456
 4490     436   456   508   404
 4491     569   435   533   476
 4492     389   404   508   440
 4493     389   499   508   404
 4494     440   499   508   389
 4495     688   569   656   617
 4496     773   747   719   666
 4497     522   431   508   510
 4498     509   510   508   431
 4499     509   431   508   404
 4500     522   440   508   431
 4501     479   435   529   436
 4502     431   366   508   404
 4503     440   366   508   431
 4504     440   404   508   366
 4505     865   856   838   971
 4506     476   456   569   436
 4507     390   435   529   479
 4508     533   651   624   528
 4509     543   508   582   645
 4510     588   645   582   508
 4511     719   773   838   823
 4512     529   569   624   617
 4513     436   451   521   479
 4514     508   451   521   436
 4515     552   463   533   504
 4516     504   576   533   619
 4517     588   582   656   569
 4518     640   624   688   651
 4519     838   856   911   971
 4520     509   548   640   574
 4521     508   509   569   588
 4522     742   856   782   773
 4523     543   582   569   521
 4524     543   508   569   582
 4525     521   508   569   543
 4526     508   436   569   456
 4527     508   456   569   509
 4528     666   629   719   773
 4529     576   569   529   533
 4530     569   435   529   533
 4531     738   863   776   757
 4532     780   873   762   770
 4533     493   601   529   576
 4534     521   569   529   617
 4535     619   576   738   691
 4536     856   838   911   826
 4537     898   838   873   780
 4538     898   838  1003   873
 4539     742   629   719   651
 4540    1003   953   982   876
 4541     782   856   838   773
 4542     880   921   838   823
 4543     726   747   719   823
 4544     666   747   719   726
 4545     624   569   688   617
 4546     742   773   782   719
 4547     617   738   688   624
 4548     719   722   688   640
 4549     738   651   688   624
 4550     987   863   874   969
 4551     688   694   737   656
 4552     782   702   826   686
 4553     640   651   688   719
 4554     737   722   783   694
 4555     688   722   737   694
 4556     617   569   656   521
 4557     694   722   656   688
 4558     694   588   656   722
 4559     738   803   826   702
 4560     738   688   782   783
 4561     719   651   688   742
 4562     773   856   838   865
 4563     911   971  1010   838
 4564     719   722   782   688
 4565     645   694   761   699
 4566     783   737   837   875
 4567     742   651   782   686
 4568     969   931   874   980
 4569     656   738   757   688
 4570     686   702   826   785
 4571     742   785   826   854
 4572     782   773   838   719
 4573     803   691   776   860
 4574     738   702   826   782
 4575     982   876   924   957
 4576     969   863   874   931
 4577     996   856   911   987
 4578     898   826   911   838
 4579     738   803   776   826
 4580     865   971   838   880
 4581     757   738   783   688
 4582     757   688   783   737
 4583     737   688   783   722
 4584     738   691   776   803
 4585     865   823   838   773
 4586     826   803   776   863
 4587     738   702   782   686
 4588     987   969   874   980
 4589     980  1010   874   987
 4590     898  1010   874   980
 4591     856   883   826   996
 4592     783   898   874   875
 4593     686   742   826   782
 4594     686   785   826   742
 4595     898   987  1010   911
 4596     875   898   874   980
 4597     996   971   911   856
 4598     873   770   832   762
 4599     899  1012   969   942
 4600     899   942   969   954
 4601     957   921  1003   898
 4602     875   757   874   783
 4603     898   987   874  1010
 4604     699   694   761   722
 4605     898   838  1010   971
 4606     898   826   874   987
 4607     826   996   987   856
 4608     969   996   987   883
 4609     826   883   987   996
 4610     969   883   987   826
 4611     898   875   938   980
 4612     838   783   898   826
 4613     832   812   877   885
 4614     823   820   873   780
 4615     957   873   951   938
 4616     885   938   951   873
 4617     911   838  1010   898
 4618     938   898   837   875
 4619     838   783   780   898
 4620     823   719   780   838
 4621     737   757   875   783
 4622     873   837   812   885
 4623     812   873   832   699
 4624     783   722   761   694
 4625     826   738   874   863
 4626     783   738   874   826
 4627     757   738   874   783
 4628     757   863   874   738
 4629     838   722   780   783
 4630     783   694   761   737
 4631     885   898   837   938
 4632     957   898  1003   873
 4633     876   957   982  1003
 4634     873   957   924   876
 4635     823   921  1003   845
 4636     845   820  1003   823
 4637     898   921  1003   838
 4638     823   820   780   726
 4639     838   719   780   722
 4640     761   737   837   783
 4641     761   783   837   722
 4642     898   971   957   921
 4643     845   921  1003   986
 4644     873   938   957   898
 4645     666   722   780   719
 4646     719   726   780   666
 4647     699   614   780   726
 4648     722   614   780   699
 4649    1010   971   957   898
 4650     722   666   780   614
 4651     726   614   780   666
 4652     838   823   873   780
 4653     761   837   812   873
 4654     780   699   873   722
 4655     837   783   873   722
 4656     898   783   873   837
 4657     780   722   873   783
 4658     780   783   873   898
 4659     699   873   832   762
 4660     761   722   873   699
 4661     837   722   873   761
 4662     838   823  1003   873
 4663     838   921  1003   823
 4664     896   845  1003   953
 4665     896   820  1003   845
 4666     953   820  1003   896
 4667     845   937  1003   953
 4668     845   986  1003   937
 4669     873   957   876  1003
 4670     699   623   762   704
 4671     770   627   762   699
 4672     699   726   770   627
 4673     873   820   770   780
 4674     876   820   770   873
 4675     780   820   770   726
 4676     780   726   770   699
 4677     726   638   770   627
 4678     726   820   770   638
 4679     780   699   762   873
 4680     770   699   762   780
 4681     812   730   832   796
 4682     812   885   832   873
 4683     812   699   832   730
 4684     762   730   832   699
 4685     924   873   832   885
 4686     876   873   832   924
 4687     877   924   951  1013
 4688     877   885   951   924
 4689     873   957   951   924
 4690     924   885   951   873
# Generated by c:\dev\polylla3D\tetgen\build\tetgen.exe -fzenn c:\dev\polylla3D\data\1000poisson.node 
