10234  1
    0    107    11    59  0        0    965
    1    107    21    11  0        0     60
    2     59    21   107  0        0    964
    3     59    11    21  1        0     -1
    4    553   498   563  0        1   4731
    5    553   612   498  0        1    125
    6    563   612   553  0        1   4506
    7    563   498   612  0        1   2752
    8    593   510   602  0        2   3706
    9    593   538   510  0        2   3806
   10    602   538   593  0        2   4453
   11    602   510   538  0        2   3804
   12    493   456   406  0        3   2630
   13    493   373   456  0        3   2662
   14    406   373   493  0        3   2554
   15    406   456   373  0        3   2644
   16    812   776   788  0        4   4795
   17    812   718   776  0        4   1465
   18    788   718   812  0        4   4394
   19    788   776   718  0        4   2803
   20    844   834   953  0        5   3048
   21    844   925   834  0        5   3050
   22    953   925   844  0        5   3039
   23    953   834   925  0        5    323
   24     67   105    76  0        6    291
   25     67    77   105  0        6   1601
   26     76    77    67  1        6     -1
   27     76   105    77  0        6   2239
   28    693   832   639  0        7   2397
   29    693   794   832  0        7   3064
   30    639   794   693  0        7   2753
   31    639   832   794  0        7   2856
   32    215   256   130  0        8   2102
   33    215   151   256  0        8   2106
   34    130   151   215  0        8    929
   35    130   256   151  0        8   2516
   36    327   346   320  0        9   1419
   37    327   321   346  1        9     -1
   38    320   321   327  0        9    199
   39    320   346   321  0        9   1377
   40    486   497   570  0       10   3262
   41    486   588   497  0       10   3416
   42    570   588   486  1       10     -1
   43    570   497   588  0       10   1776
   44    115   128    68  0       11   1101
   45    115    80   128  0       11   1455
   46     68    80   115  0       11    959
   47     68   128    80  0       11   1255
   48    382   247   252  1       12     -1
   49    382   260   247  0       12   1299
   50    252   260   382  0       12    603
   51    252   247   260  0       12    824
   52     23   154   112  0       13    600
   53     23    83   154  0       13    503
   54    112    83    23  0       13    552
   55    112   154    83  0       13    593
   56    100   246   112  0       14    663
   57    100   154   246  0       14    163
   58    112   154   100  0       14     87
   59    112   246   154  0       14    580
   60    762   743   811  0       15     29
   61    762   772   743  0       15   3376
   62    811   772   762  0       15   3227
   63    811   743   772  0       15   2880
   64    639   763   528  0       16   3042
   65    639   662   763  0       16   2934
   66    528   662   639  0       16   2427
   67    528   763   662  0       16   3016
   68    173   238   271  0       17   2486
   69    173   215   238  0       17   2482
   70    271   215   173  0       17   2056
   71    271   238   215  0       17   2094
   72     79   108   142  0       18   1251
   73     79    47   108  0       18   1822
   74    142    47    79  0       18    231
   75    142   108    47  1       18     -1
   76    196   203   122  0       19    751
   77    196   181   203  0       19    566
   78    122   181   196  0       19    595
   79    122   203   181  0       19    585
   80    182   272   266  0       20    274
   81    182   198   272  0       20   1854
   82    266   198   182  0       20   1837
   83    266   272   198  0       20   1841
   84    693   675   592  0       21    469
   85    693   666   675  0       21   3137
   86    592   666   693  0       21   2691
   87    592   675   666  0       21   3148
   88    279   380   344  0       22    958
   89    279   409   380  0       22    906
   90    344   409   279  0       22    904
   91    344   380   409  0       22    796
   92    868   717   693  0       23   3124
   93    868   675   717  0       23   3158
   94    693   675   868  0       23   3107
   95    693   717   675  0       23   3119
   96    178   248   213  0       24   2322
   97    178   267   248  0       24   1596
   98    213   267   178  0       24   2230
   99    213   248   267  0       24   2245
  100    396   437   327  0       25   1370
  101    396   432   437  0       25   1874
  102    327   432   396  1       25     -1
  103    327   437   432  0       25   3298
  104    264   148   180  0       26    627
  105    264   164   148  0       26   1250
  106    180   164   264  0       26    158
  107    180   148   164  0       26   1180
  108    491   512   592  0       27   2409
  109    491   456   512  0       27   2888
  110    592   456   491  0       27   2378
  111    592   512   456  0       27   3150
  112    146   249   127  0       28   1893
  113    146   116   249  1       28     -1
  114    127   116   146  0       28   1876
  115    127   249   116  0       28   1583
  116    811   745   743  0       29   1747
  117    762   745   811  0       29   3224
  118    762   743   745  0       29   3413
  119    127   182   165  0       30   1686
  120    127   198   182  0       30   1854
  121    165   198   127  0       30    729
  122    165   182   198  0       30   1839
  123    774   851   788  0       31   2902
  124    774   810   851  0       31   2908
  125    788   810   774  0       31   2919
  126    788   851   810  0       31    212
  127    797   853   847  0       32   3755
  128    797   850   853  0       32     57
  129    847   850   797  0       32   3691
  130    847   853   850  0       32   3736
  131    449   632   514  0       33   4702
  132    449   554   632  0       33   4744
  133    514   554   449  0       33    665
  134    514   632   554  0       33    232
  135    188   389   368  1       34     -1
  136    188   261   389  0       34    293
  137    368   261   188  0       34   2431
  138    368   389   261  0       34   2380
  139    385   307   290  0       35   2606
  140    385   406   307  0       35    197
  141    290   406   385  0       35    345
  142    290   307   406  0       35   2626
  143    122   203   159  0       36    806
  144    122   112   203  0       36    579
  145    159   112   122  0       36    567
  146    159   203   112  0       36    586
  147    105    98    55  0       37    237
  148    105   123    98  0       37   2144
  149     55   123   105  0       37   1252
  150     55    98   123  0       37   2074
  151    229   212   167  0       38    643
  152    229   172   212  0       38    677
  153    167   172   229  0       38   2202
  154    167   212   172  0       38   2162
  155    344   329   279  0       39    825
  156    344   273   329  0       39   2337
  157    279   273   344  0       39   2311
  158    279   329   273  0       39   2229
  159    584   534   476  0       40    856
  160    584   613   534  0       40   4464
  161    476   613   584  0       40   3819
  162    476   534   613  0       40   2679
  163    446   490   331  0       41   2824
  164    446   410   490  0       41   1947
  165    331   410   446  0       41   1961
  166    331   490   410  0       41   2686
  167    223   297   271  0       42   2358
  168    223   214   297  0       42    368
  169    271   214   223  0       42   2209
  170    271   297   214  0       42   1365
  171    688   698   560  0       43   4101
  172    688   664   698  0       43   4190
  173    560   664   688  0       43   1173
  174    560   698   664  0       43   4199
  175    779   871   803  0       44   2952
  176    779   878   871  0       44   4821
  177    803   878   779  1       44     -1
  178    803   871   878  0       44   4819
  179    718   774   579  0       45   2818
  180    718   732   774  0       45   2348
  181    579   732   718  0       45    876
  182    579   774   732  0       45     90
  183    639   651   655  0       46   2489
  184    639   662   651  0       46   2427
  185    655   662   639  0       46   2934
  186    655   651   662  0       46   2980
  187      0    16   179  0       47    575
  188      0   114    16  0       47   1005
  189    179   114     0  1       47     -1
  190    179    16   114  0       47    542
  191     30     7   183  0       48   1022
  192     30   124     7  0       48    571
  193    183   124    30  0       48   1047
  194    183     7   124  0       48   1046
  195    833   894   864  0       49    454
  196    833   942   894  0       49    554
  197    864   942   833  0       49   3692
  198    864   894   942  0       49   1467
  199    466   520   448  0       50   4129
  200    466   503   520  0       50   3723
  201    448   503   466  0       50   4123
  202    448   520   503  0       50   4019
  203    844   872   845  0       51    527
  204    844   984   872  0       51   2897
  205    845   984   844  0       51    297
  206    845   872   984  0       51   3603
  207    733   628   715  0       52    307
  208    733   723   628  0       52    546
  209    715   723   733  0       52   2737
  210    715   628   723  1       52     -1
  211    113   152   142  0       53    109
  212    113    52   152  0       53    953
  213    142    52   113  0       53   1303
  214    142   152    52  0       53    252
  215    909   855   872  0       54   4370
  216    909   819   855  0       54    808
  217    872   819   909  0       54   3787
  218    872   855   819  0       54   4371
  219    210   333   192  0       55   2439
  220    210   353   333  0       55   2421
  221    192   353   210  0       55    248
  222    192   333   353  0       55   2438
  223     79   108   131  0       56    234
  224     79   152   108  0       56   1251
  225    131   152    79  0       56   1271
  226    131   108   152  0       56   1325
  227    850   853   861  0       57   3325
  228    861   797   850  0       57   3993
  229    861   853   797  0       57   3686
  230    724   680   645  0       58   4450
  231    724   573   680  0       58   4273
  232    645   573   724  0       58   1480
  233    645   680   573  0       58    807
  234     97    36    23  1       59     -1
  235     97   112    36  0       59    605
  236     23   112    97  0       59    581
  237     23    36   112  0       59    552
  238     21   149   107  0       60   1073
  239     21    11   149  0       60   1100
  240    107   149    11  0       60    473
  241     16   122   117  0       61    597
  242     16   179   122  0       61    542
  243    117   179    16  0       61    575
  244    117   122   179  0       61    592
  245    612   579   460  0       62    326
  246    612   557   579  0       62   1331
  247    460   557   612  0       62   2731
  248    460   579   557  0       62    122
  249    151   170   173  0       63   2107
  250    151   215   170  0       63   2127
  251    173   215   151  0       63   1647
  252    173   170   215  0       63   2482
  253    829   870   857  0       64   3636
  254    829   796   870  0       64   3144
  255    857   796   829  0       64   3323
  256    857   870   796  0       64   2864
  257     92   170   151  0       65   2107
  258     92   177   170  0       65   2135
  259    151   177    92  0       65   2103
  260    151   170   177  0       65   2127
  261    274   359   392  0       66   1723
  262    274   453   359  0       66   1737
  263    392   453   274  0       66   2110
  264    392   359   453  0       66   1861
  265    754   775   779  0       67   4759
  266    754   644   775  0       67   4428
  267    779   644   754  0       67   4747
  268    779   775   644  0       67   4774
  269     87    93    67  1       68     -1
  270     87   162    93  0       68   1602
  271     67   162    87  0       68   1661
  272     67    93   162  0       68   1623
  273    203   342   154  0       69    656
  274    203   245   342  0       69    601
  275    154   245   203  0       69    639
  276    154   342   245  0       69    626
  277    100   216   246  0       70    673
  278    100   186   216  0       70    214
  279    246   186   100  0       70    870
  280    246   216   186  0       70    676
  281    690   783   702  0       71   4835
  282    690   865   783  1       71     -1
  283    702   865   690  0       71   4421
  284    702   783   865  0       71   4635
  285    762   811   813  0       72   3224
  286    762   792   811  0       72   3227
  287    813   792   762  0       72   3223
  288    813   811   792  0       72   3318
  289    266   375   420  0       73   1862
  290    266   331   375  0       73   1672
  291    420   331   266  0       73   1924
  292    420   375   331  0       73   3259
  293      9    29    71  1       74     -1
  294      9   136    29  0       74   2125
  295     71   136     9  0       74   2150
  296     71    29   136  0       74   2196
  297    357   254   289  0       75    681
  298    357   394   254  0       75    690
  299    289   394   357  0       75    777
  300    289   254   394  0       75    741
  301     83   194   112  0       76    593
  302     83     5   194  1       76     -1
  303    112     5    83  0       76    604
  304    112   194     5  0       76    568
  305    449   526   514  0       77    810
  306    449   417   526  0       77   4728
  307    514   417   449  0       77    692
  308    514   526   417  1       77     -1
  309    118     7   197  0       78   1090
  310    118   124     7  0       78   1046
  311    197   124   118  0       78   1014
  312    197     7   124  1       78     -1
  313    127    95    94  0       79    276
  314    127     4    95  0       79    210
  315     94     4   127  0       79   1812
  316     94    95     4  1       79     -1
  317    282   337   265  0       80   1023
  318    282   257   337  0       80   1146
  319    265   257   282  0       80   1124
  320    265   337   257  0       80   1162
  321    358   371   262  0       81    742
  322    358   350   371  1       81     -1
  323    262   350   358  0       81    265
  324    262   371   350  0       81    555
  325    244   183   122  0       82    635
  326    244   203   183  0       82   1016
  327    122   203   244  0       82    660
  328    122   183   203  0       82    806
  329    553   527   421  0       83   2402
  330    553   409   527  0       83   3368
  331    421   409   553  0       83    853
  332    421   527   409  0       83   2474
  333    234   355   323  0       84    145
  334    234   372   355  0       84   1398
  335    323   372   234  0       84   1144
  336    323   355   372  0       84   1204
  337    893   853   802  0       85   3740
  338    893   781   853  0       85   3785
  339    802   781   893  0       85   3640
  340    802   853   781  0       85   3327
  341    373   386   307  0       86   2604
  342    373   256   386  0       86    384
  343    307   256   373  0       86   2628
  344    307   386   256  0       86   2655
  345    159   154   100  0       87    163
  346    159   112   154  0       87    586
  347    100   112   159  0       87    182
  348    602   496   538  0       88   4541
  349    602   539   496  0       88   4548
  350    538   539   602  0       88    547
  351    538   496   539  0       88   4246
  352    499   500   394  0       89   4608
  353    499   515   500  0       89   4612
  354    394   515   499  0       89   4593
  355    394   500   515  0       89   4524
  356    579   774   655  0       90    376
  357    655   732   579  0       90   2715
  358    655   774   732  0       90   2886
  359    718   635   553  0       91   4431
  360    718   646   635  0       91   4652
  361    553   646   718  0       91   4447
  362    553   635   646  0       91    485
  363    110    34    82  0       92   2113
  364    110   158    34  0       92   2210
  365     82   158   110  0       92   2168
  366     82    34   158  0       92   1240
  367    173   136   170  0       93    152
  368    173    49   136  0       93   2205
  369    170    49   173  0       93   2093
  370    170   136    49  0       93    618
  371    193   233   229  0       94   2328
  372    193   212   233  1       94     -1
  373    229   212   193  0       94    677
  374    229   233   212  0       94   2436
  375    427   473   435  0       95   2741
  376    427   436   473  0       95   2469
  377    435   436   427  0       95    183
  378    435   473   436  0       95    279
  379    225   330   230  1       96     -1
  380    225   272   330  0       96   1819
  381    230   272   225  0       96   1501
  382    230   330   272  0       96   1905
  383    352   367   326  0       97   1453
  384    352   341   367  0       97    111
  385    326   341   352  0       97   1170
  386    326   367   341  0       97   1107
  387    759   697   698  0       98   3759
  388    759   722   697  0       98   4175
  389    698   722   759  0       98    250
  390    698   697   722  0       98   4215
  391     97   122    23  0       99    581
  392     97    16   122  0       99    489
  393     23    16    97  1       99     -1
  394     23   122    16  0       99    596
  395    573   527   429  0      100   4689
  396    573   409   527  0      100   2474
  397    429   409   573  0      100    105
  398    429   527   409  0      100   3368
  399    442   542   472  1      101     -1
  400    442   390   542  0      101    295
  401    472   390   442  0      101   1942
  402    472   542   390  0      101    360
  403    394   371   350  0      102   4594
  404    394   345   371  0      102    768
  405    350   345   394  0      102    781
  406    350   371   345  0      102    555
  407    394   262   254  0      103   1024
  408    394   345   262  0      103    781
  409    254   345   394  0      103    741
  410    254   262   345  0      103    802
  411    203   237   201  0      104    756
  412    203   196   237  0      104    751
  413    201   196   203  0      104    566
  414    201   237   196  1      104     -1
  415    409   487   429  0      105    746
  416    409   573   487  0      105    509
  417    429   487   573  0      105   4596
  418    866   773   874  0      106   4402
  419    866   800   773  0      106   4366
  420    874   800   866  0      106   4358
  421    874   773   800  0      106   2933
  422    493   516   456  0      107   2630
  423    493   557   516  0      107   2559
  424    456   557   493  0      107    475
  425    456   516   557  0      107   2666
  426    412   501   450  0      108    776
  427    412   367   501  0      108    764
  428    450   367   412  0      108   1114
  429    450   501   367  0      108   3971
  430    142   207   152  0      109   1058
  431    113   207   142  0      109   1303
  432    113   152   207  0      109   1290
  433    369   366   436  0      110    458
  434    369   316   366  0      110    599
  435    436   316   369  0      110   2510
  436    436   366   316  0      110   2349
  437    311   367   352  0      111    633
  438    311   341   367  0      111   3808
  439    352   341   311  0      111   1446
  440    454   519   468  0      112   2483
  441    454   390   519  0      112   2696
  442    468   390   454  1      112     -1
  443    468   519   390  0      112   2689
  444     61   122   159  0      113    584
  445     61    97   122  0      113    489
  446    159    97    61  0      113    613
  447    159   122    97  0      113    567
  448     30     7    24  1      114     -1
  449     30   106     7  0      114   1022
  450     24   106    30  0      114   1026
  451     24     7   106  0      114   1060
  452    115   164   107  0      115   1230
  453    115   126   164  0      115   1234
  454    107   126   115  0      115   1076
  455    107   164   126  0      115   1225
  456    689   707   677  0      116   3864
  457    689   828   707  0      116   3988
  458    677   828   689  0      116   3882
  459    677   707   828  0      116   3843
  460    183   124   118  0      117   1046
  461    183   218   124  0      117   1015
  462    118   218   183  0      117   1043
  463    118   124   218  0      117   1014
  464    555   601   517  0      118   3582
  465    555   618   601  0      118   1314
  466    517   618   555  0      118   3835
  467    517   601   618  1      118     -1
  468    252   305   260  0      119    603
  469    252   269   305  0      119   1205
  470    260   269   252  0      119    141
  471    260   305   269  0      119   1207
  472    200   300   207  0      120   1279
  473    200   276   300  0      120   1394
  474    207   276   200  0      120   1387
  475    207   300   276  0      120   1339
  476    234   355   264  0      121   1398
  477    234   305   355  0      121    440
  478    264   305   234  0      121    221
  479    264   355   305  0      121   1386
  480    579   544   460  0      122   2631
  481    579   557   544  0      122   2607
  482    460   544   557  0      122   2814
  483    337   496   485  0      123    850
  484    337   539   496  0      123   4245
  485    485   539   337  0      123   4210
  486    485   496   539  0      123   4252
  487    339   336   247  0      124   1216
  488    339   199   336  0      124    413
  489    247   199   339  0      124   1352
  490    247   336   199  1      124     -1
  491    546   498   553  0      125    492
  492    546   612   498  0      125   1710
  493    553   612   546  0      125    353
  494    427   369   435  0      126    183
  495    427   360   369  0      126   2430
  496    435   360   427  0      126   2435
  497    435   369   360  0      126   2342
  498     90   156     8  0      127   1650
  499     90   162   156  0      127   1608
  500      8   162    90  0      127   1668
  501      8   156   162  0      127   1659
  502     11    38   115  0      128    773
  503     11   126    38  0      128   1210
  504    115   126    11  0      128   1076
  505    115    38   126  0      128   1233
  506    809   775   803  0      129   4818
  507    809   801   775  0      129   4738
  508    803   801   809  0      129    404
  509    803   775   801  0      129   4811
  510    582   677   712  0      130   2760
  511    582   609   677  0      130   3493
  512    712   609   582  0      130   2553
  513    712   677   609  0      130   1236
  514    247   278   260  0      131   1337
  515    247   355   278  0      131    201
  516    260   355   247  0      131   1192
  517    260   278   355  0      131   1391
  518    208   119   169  0      132    153
  519    208   190   119  0      132   1268
  520    169   190   208  0      132   1168
  521    169   119   190  0      132   1567
  522     14     6   119  0      133   1274
  523     14    81     6  1      133     -1
  524    119    81    14  0      133   1172
  525    119     6    81  0      133   1578
  526    352   253   326  0      134   1170
  527    352   328   253  0      134   1527
  528    326   328   352  0      134   1329
  529    326   253   328  0      134   1033
  530    668   584   625  0      135    341
  531    668   577   584  0      135   1194
  532    625   577   668  0      135    377
  533    625   584   577  0      135   1479
  534    863   901   894  0      136   4312
  535    863   885   901  0      136   4179
  536    894   885   863  0      136   4082
  537    894   901   885  1      136     -1
  538    347   222   264  0      137    148
  539    347   284   222  0      137   1211
  540    264   284   347  0      137   1213
  541    264   222   284  0      137   1221
  542    431   257   262  0      138    155
  543    431   288   257  0      138   1126
  544    262   288   431  0      138    540
  545    262   257   288  0      138   1054
  546    314   280   313  0      139   1585
  547    314   306   280  0      139   1450
  548    313   306   314  0      139   1685
  549    313   280   306  0      139   1448
  550    661   605   746  0      140   4133
  551    661   695   605  0      140   4191
  552    746   695   661  0      140   4053
  553    746   605   695  0      140   4107
  554    260   220   252  0      141   1238
  555    260   269   220  0      141   1207
  556    252   220   269  1      141     -1
  557    478   568   500  0      142   4623
  558    478   598   568  0      142    700
  559    500   598   478  0      142   4708
  560    500   568   598  0      142   4521
  561    262   257   155  0      143   1120
  562    262   224   257  0      143   1054
  563    155   224   262  0      143    610
  564    155   257   224  0      143   1122
  565      4   111   162  0      144   1968
  566      4   165   111  0      144   1986
  567    162   165     4  0      144    203
  568    162   111   165  0      144    269
  569    355   278   234  0      145   1391
  570    355   323   278  0      145   1451
  571    234   278   323  0      145    551
  572    288   257   224  0      146   1054
  573    288   240   257  0      146    616
  574    224   240   288  0      146    169
  575    224   257   240  0      146   1122
  576    279   255   344  0      147    904
  577    279   263   255  0      147    919
  578    344   263   279  0      147   2312
  579    344   255   263  0      147    910
  580    364   222   264  0      148   1220
  581    364   347   222  0      148   1224
  582    264   347   364  0      148   1185
  583    501   506   602  0      149   3977
  584    501   510   506  0      149   3662
  585    602   510   501  0      149   4220
  586    602   506   510  0      149   3804
  587    198   165   241  0      150   1815
  588    198   280   165  0      150   1786
  589    241   280   198  0      150   1827
  590    241   165   280  0      150    270
  591    569   511   435  0      151   2736
  592    569   498   511  0      151    770
  593    435   498   569  0      151   2746
  594    435   511   498  0      151    602
  595    173   238   170  0      152   2482
  596    173   136   238  0      152    510
  597    170   238   136  0      152   2506
  598    171   119   169  0      153   1511
  599    171   208   119  0      153   1320
  600    169   208   171  0      153   1182
  601    191   119   128  0      154   1273
  602    191   208   119  0      154    159
  603    128   208   191  0      154   1321
  604    128   119   208  0      154   1522
  605    335   257   262  0      155   1050
  606    335   431   257  0      155   1157
  607    262   431   335  0      155    782
  608    335   282   197  1      156     -1
  609    335   262   282  0      156   1050
  610    197   262   335  0      156    813
  611    197   282   262  0      156    992
  612    407   365   447  0      157   1642
  613    407   451   365  0      157   1656
  614    447   451   407  0      157   3947
  615    447   365   451  0      157   1690
  616    126   164   264  0      158   1057
  617    126   180   164  0      158   1235
  618    264   180   126  0      158   1218
  619    208   119   129  0      159   1268
  620    129   191   208  0      159    168
  621    129   119   191  0      159   1273
  622    115   148   164  0      160   1306
  623    115    40   148  0      160   1264
  624    164    40   115  0      160   1234
  625    164   148    40  0      160   1180
  626    794   756   625  0      161   3512
  627    794   620   756  0      161   3033
  628    625   620   794  0      161   2867
  629    625   756   620  0      161   3116
  630     79    75    80  1      162     -1
  631     79   113    75  0      162   1319
  632     80   113    79  0      162   1284
  633     80    75   113  0      162   1401
  634    159   246   100  0      163    870
  635    159   154   246  0      163    622
  636    687   610   576  0      164   3929
  637    687   710   610  0      164   1193
  638    576   710   687  0      164   3926
  639    576   610   710  0      164   1373
  640    114   183   179  0      165   1017
  641    114   244   183  0      165    826
  642    179   244   114  0      165    674
  643    179   183   244  0      165    635
  644    311   286   352  0      166   1446
  645    311   334   286  0      166   1334
  646    352   334   311  0      166    633
  647    352   286   334  0      166   1119
  648    169   240   236  0      167   1518
  649    169   106   240  0      167    902
  650    236   106   169  0      167   1052
  651    236   240   106  0      167   1123
  652    191   208   205  0      168   1343
  653    205   129   191  0      168    565
  654    205   208   129  0      168   1291
  655    236   240   288  0      169   1053
  656    236   224   240  0      169   1123
  657    288   224   236  0      169    961
  658    345   400   423  0      170    832
  659    345   462   400  0      170    847
  660    423   462   345  0      170    797
  661    423   400   462  0      170   1118
  662    139    65   166  0      171   1838
  663    139    44    65  0      171   1856
  664    166    44   139  0      171   2010
  665    166    65    44  0      171   1855
  666    660   644   569  0      172   4685
  667    660   597   644  0      172   4767
  668    569   597   660  0      172   4675
  669    569   644   597  0      172   4763
  670    115    89    68  0      173   1215
  671    115   113    89  0      173   1231
  672     68   113   115  0      173   1101
  673     68    89   113  0      173   1285
  674    658   559   771  0      174   4637
  675    658   699   559  0      174   4587
  676    771   699   658  0      174   4349
  677    771   559   699  0      174   4580
  678    314   365   378  0      175    227
  679    314   312   365  0      175    225
  680    378   312   314  0      175   1612
  681    378   365   312  0      175   1716
  682    405   535   344  0      176   4457
  683    405   430   535  0      176   3811
  684    344   430   405  0      176    875
  685    344   535   430  0      176   2835
  686    383   369   436  0      177   2391
  687    383   353   369  0      177   2490
  688    436   353   383  0      177    722
  689    436   369   353  0      177   2512
  690    163    86   125  0      178   1948
  691    163    32    86  0      178   1814
  692    125    32   163  0      178   2017
  693    125    86    32  0      178   2040
  694    131   205   200  0      179   1139
  695    131   287   205  0      179   1558
  696    200   287   131  0      179    866
  697    200   205   287  0      179   1347
  698    591   524   549  0      180   3234
  699    591   627   524  0      180   3211
  700    549   627   591  0      180   1758
  701    549   524   627  0      180   3245
  702    145    65   163  0      181   1979
  703    145   166    65  0      181   1838
  704    163   166   145  0      181   1992
  705    163    65   166  0      181   2023
  706    100    73   159  0      182    896
  707    100   112    73  0      182    238
  708    159    73   112  0      182    236
  709    436   369   435  0      183   2391
  710    436   427   369  0      183   2189
  711    128   129   113  0      184   1438
  712    128    80   129  0      184   1402
  713    113    80   128  0      184   1255
  714    113   129    80  0      184   1439
  715    340   240   363  0      185    891
  716    340   288   240  0      185   1053
  717    363   288   340  0      185    668
  718    363   240   288  0      185    616
  719    622   530   512  0      186   3174
  720    622   551   530  0      186   3197
  721    512   551   622  0      186   2694
  722    512   530   551  0      186   1385
  723    100   110   246  0      187   2083
  724    100   137   110  0      187   2057
  725    246   137   100  0      187    673
  726    246   110   137  0      187   1934
  727    156   178    99  0      188   2248
  728    156   190   178  0      188    198
  729     99   190   156  0      188   1141
  730     99   178   190  0      188   2122
  731    320   365   313  0      189    926
  732    320   306   365  0      189   1763
  733    313   306   320  0      189   1448
  734    313   365   306  0      189   1685
  735    148   142   260  0      190   1308
  736    148   247   142  1      190     -1
  737    260   247   148  0      190    824
  738    260   142   247  0      190   1293
  739    175   163   266  0      191   1904
  740    175   209   163  0      191   1932
  741    266   209   175  0      191   1457
  742    266   163   209  0      191   1899
  743    217   274   221  0      192   1739
  744    217   204   274  0      192    727
  745    221   204   217  0      192   1625
  746    221   274   204  0      192   1971
  747    424   349   343  0      193   2165
  748    424   391   349  0      193   2457
  749    343   391   424  0      193   2450
  750    343   349   391  0      193   2174
  751    109    70    54  0      194   1614
  752    109    60    70  0      194   2269
  753     54    60   109  0      194   2194
  754     54    70    60  1      194     -1
  755    667   767   627  0      195   1411
  756    667   694   767  0      195   3293
  757    627   694   667  0      195   3266
  758    627   767   694  0      195   3272
  759    361   464   370  0      196   1774
  760    361   320   464  0      196   1771
  761    370   320   361  0      196   1382
  762    370   464   320  0      196   1348
  763    307   373   406  0      197   2626
  764    307   385   373  0      197   2638
  765    406   373   385  0      197   2645
  766    231   178   156  0      198   2268
  767    231   190   178  0      198   1693
  768    156   190   231  0      198   1243
  769    327   319   321  1      199     -1
  770    320   319   327  0      199   1369
  771    320   321   319  0      199   1765
  772    339   278   247  0      200   1300
  773    339   376   278  0      200    436
  774    247   376   339  0      200   1216
  775    247   278   376  0      200    201
  776    376   355   278  0      201    436
  777    247   355   376  0      201   1192
  778    364   347   399  0      202   1185
  779    364   401   347  0      202   1224
  780    399   401   364  0      202   4130
  781    399   347   401  0      202    442
  782    165     4    93  0      203   1842
  783     93   162   165  0      203   1816
  784     93     4   162  0      203   1968
  785    340   239   380  0      204   1496
  786    340   328   239  0      204   1267
  787    380   328   340  0      204   1498
  788    380   239   328  0      204   1531
  789    522   488   407  0      205   3966
  790    522   378   488  0      205   3443
  791    407   378   522  0      205   3674
  792    407   488   378  0      205   3770
  793    134   217   105  0      206   1072
  794    134   162   217  0      206   1662
  795    105   162   134  0      206   1637
  796    105   217   162  0      206   1296
  797    294   383   444  0      207   2440
  798    294   353   383  0      207   2350
  799    444   353   294  0      207   1640
  800    444   383   353  0      207   2340
  801    788   735   718  0      208   2838
  802    788   809   735  0      208   2974
  803    718   809   788  0      208   2803
  804    718   735   809  0      208   4534
  805    751   698   780  0      209   4189
  806    751   817   698  0      209   4112
  807    780   817   751  0      209   4079
  808    780   698   817  0      209   4159
  809     95   111     4  0      210   2007
  810     95   127   111  0      210   2015
  811      4   111   127  0      210   1986
  812    261   389   418  0      211   2380
  813    261   413   389  0      211   2089
  814    418   413   261  0      211   2479
  815    418   389   413  0      211   2319
  816    851   880   788  0      212    263
  817    851   810   880  0      212   2800
  818    788   880   810  0      212   2680
  819    359   365   437  0      213    388
  820    359   451   365  0      213   1690
  821    437   451   359  0      213    339
  822    437   365   451  0      213   1730
  823    140   216   100  0      214    945
  824    140   186   216  0      214    924
  825    100   186   140  0      214    874
  826    449   419   417  0      215   4727
  827    449   391   419  0      215    324
  828    417   391   449  0      215    720
  829    417   419   391  0      215    701
  830    872   967   951  0      216    431
  831    872   941   967  0      216   2928
  832    951   941   872  0      216    435
  833    951   967   941  1      216     -1
  834    163    32   138  0      217   2017
  835    163   111    32  0      217   2008
  836    138   111   163  0      217   2013
  837    138    32   111  0      217   1998
  838    239   267   251  0      218   1680
  839    239   190   267  0      218   2199
  840    251   190   239  0      218   1324
  841    251   267   190  0      218    967
  842    268   386   187  0      219   1665
  843    268   373   386  0      219   2594
  844    187   373   268  0      219   2625
  845    187   386   373  0      219   2604
  846    621   684   569  0      220   2454
  847    621   637   684  1      220     -1
  848    569   637   621  0      220    305
  849    569   684   637  0      220   2706
  850    264   305   260  0      221   1181
  851    260   234   264  0      221    652
  852    260   305   234  0      221    440
  853    617   535   553  0      222   4473
  854    617   646   535  0      222   2816
  855    553   646   617  0      222    485
  856    553   535   646  0      222   4488
  857    109    70    99  0      223   1688
  858    109    18    70  0      223   1614
  859     99    18   109  0      223   1628
  860     99    70    18  0      223    921
  861    301   272   303  0      224    385
  862    301   225   272  0      224   1820
  863    303   225   301  0      224   1873
  864    303   272   225  0      224   1819
  865    314   306   365  0      225   1685
  866    312   306   314  0      225   1450
  867    312   365   306  0      225   1351
  868    157   135   101  1      226     -1
  869    157   131   135  0      226   1807
  870    101   131   157  0      226   1805
  871    101   135   131  0      226   1538
  872    407   365   378  0      227    378
  873    407   314   365  0      227   1642
  874    378   314   407  0      227   1612
  875    456   512   440  0      228   3150
  876    456   438   512  0      228   3136
  877    440   438   456  0      228   2382
  878    440   512   438  0      228   1939
  879    451   507   453  0      229   1600
  880    451   533   507  0      229   1384
  881    453   533   451  0      229   3433
  882    453   507   533  0      229   3430
  883    205   296   251  0      230   1718
  884    205   287   296  0      230   1745
  885    251   287   205  0      230    800
  886    251   296   287  0      230   1722
  887     79    52    47  1      231     -1
  888    142    52    79  0      231    252
  889    142    47    52  0      231   1311
  890    554   644   632  0      232    501
  891    514   644   554  0      232   4775
  892    514   632   644  0      232   4702
  893    687   703   708  0      233   3358
  894    687   760   703  0      233   3425
  895    708   760   687  0      233   3763
  896    708   703   760  0      233   3695
  897     79    33   131  0      234   1810
  898     79   108    33  0      234   1822
  899    131    33   108  0      234   1283
  900    243   309   331  0      235   1964
  901    243   250   309  0      235   1952
  902    331   250   243  0      235   1990
  903    331   309   250  0      235   1938
  904    112    97    73  0      236    605
  905    159    97   112  0      236    567
  906    159    73    97  0      236    612
  907     28    98    55  1      237     -1
  908     28   105    98  0      237   2064
  909     55   105    28  0      237   1639
  910    112    26   100  0      238   2146
  911    112    73    26  0      238   2147
  912    100    26    73  0      238   2105
  913    450   509   372  0      239   3807
  914    450   404   509  0      239   1154
  915    372   404   450  0      239    306
  916    372   509   404  0      239   4196
  917    656   739   556  0      240   2963
  918    656   628   739  0      240    406
  919    556   628   656  0      240   2770
  920    556   739   628  0      240   2958
  921    224   218   262  0      241   1002
  922    224   254   218  0      241   1049
  923    262   254   224  0      241    898
  924    262   218   254  0      241   1024
  925    331   166   250  0      242   1990
  926    331   163   166  0      242   2002
  927    250   163   331  0      242   1989
  928    250   166   163  0      242   1992
  929    361   306   287  0      243   1726
  930    361   312   306  0      243   1351
  931    287   312   361  0      243   1436
  932    287   306   312  0      243   1746
  933    392   308   221  0      244   1687
  934    392   274   308  0      244   2608
  935    221   274   392  0      244   1723
  936    221   308   274  0      244    363
  937     91   172     9  0      245   2111
  938     91    15   172  1      245     -1
  939      9    15    91  1      245     -1
  940      9   172    15  0      245    630
  941    194   246   258  0      246    667
  942    194   154   246  0      246    528
  943    258   154   194  0      246    560
  944    258   246   154  0      246    659
  945    501   510   576  0      247   3936
  946    501   545   510  0      247   3766
  947    576   545   501  0      247   3472
  948    576   510   545  0      247   3856
  949    192   297   210  0      248   2070
  950    192   353   297  0      248   2356
  951    210   297   353  0      248   2335
  952    320   300   339  0      249   1798
  953    320   361   300  0      249   1588
  954    339   361   320  0      249   1382
  955    339   300   361  0      249   1424
  956    817   722   759  0      250   4195
  957    817   698   722  0      250   4116
  958    759   698   817  0      250   4112
  959    169   121   195  0      251    607
  960    169   140   121  0      251    970
  961    195   140   169  0      251    985
  962    195   121   140  0      251   1008
  963     52    79   152  0      252    953
  964    142   152    79  0      252   1251
  965    164   191   235  0      253   1464
  966    164   234   191  0      253   1350
  967    235   234   164  0      253   1214
  968    235   191   234  0      253   1281
  969    596   696   580  0      254   4758
  970    596   702   696  0      254   4381
  971    580   702   596  0      254   4760
  972    580   696   702  0      254   2953
  973    109   178   169  0      255   2130
  974    109   190   178  0      255   2122
  975    169   190   109  0      255   1567
  976    169   178   190  0      255   2198
  977    363   395   400  0      256    258
  978    363   431   395  0      256   1104
  979    400   431   363  0      256    778
  980    400   395   431  0      256    464
  981    674   751   780  0      257   4108
  982    674   710   751  0      257   4225
  983    780   710   674  0      257   1179
  984    780   751   710  0      257   3845
  985    363   395   423  0      258    933
  986    423   400   363  0      258    832
  987    423   395   400  0      258    820
  988     53    72   109  0      259    895
  989     53    54    72  1      259     -1
  990    109    54    53  0      259   1590
  991    109    72    54  0      259    900
  992     53    69    99  0      260   1097
  993     53   190    69  0      260   1559
  994     99   190    53  0      260   1148
  995     99    69   190  0      260    986
  996    119    69   129  0      261    976
  997    119    14    69  0      261   1172
  998    129    14   119  0      261   1274
  999    129    69    14  0      261   1580
 1000    882   717   868  0      262   3145
 1001    882   770   717  0      262   3140
 1002    868   770   882  0      262   3125
 1003    868   717   770  0      262   3157
 1004    788   928   880  0      263   2937
 1005    851   928   788  0      263   2920
 1006    851   880   928  0      263   2860
 1007    205   156   190  0      264   1649
 1008    205   251   156  0      264   1627
 1009    190   251   205  0      264   1460
 1010    190   156   251  0      264   1243
 1011    335   358   262  0      265    782
 1012    335   350   358  1      265     -1
 1013    262   350   335  0      265    813
 1014     92    41   151  0      266   2103
 1015     92   130    41  0      266   2085
 1016    151   130    92  0      266   2088
 1017    151    41   130  0      266   1310
 1018    123   156   105  0      267   1622
 1019    123   204   156  0      267   2262
 1020    105   204   123  0      267   1658
 1021    105   156   204  0      267    962
 1022     55   156    99  0      268    614
 1023     55    90   156  0      268    272
 1024     99    90    55  0      268   1277
 1025     99   156    90  0      268   1589
 1026    165   182   111  0      269   1686
 1027    162   182   165  0      269   1839
 1028    162   111   182  0      269   2032
 1029    241   165   162  0      270   1801
 1030    162   280   241  0      270   1796
 1031    162   165   280  0      270   1786
 1032    242   227   221  0      271   1999
 1033    242   375   227  0      271   1972
 1034    221   375   242  0      271   1888
 1035    221   227   375  0      271   1988
 1036    105   156    55  0      272    614
 1037    105    90   156  0      272   1608
 1038     55    90   105  0      272   1639
 1039    822   835   920  0      273   2984
 1040    822   944   835  0      273   2877
 1041    920   944   822  0      273   2989
 1042    920   835   944  0      273   2903
 1043    182   272   138  0      274   1875
 1044    138   266   182  0      274   1995
 1045    138   272   266  0      274   1804
 1046     39    78    95  1      275     -1
 1047     39   175    78  1      275     -1
 1048     95   175    39  0      275   1877
 1049     95    78   175  0      275   2038
 1050    127    95   104  0      276   1870
 1051    104    94   127  0      276   1754
 1052    104    95    94  0      276    280
 1053    812   855   814  0      277   4377
 1054    812   880   855  0      277   2873
 1055    814   880   812  0      277   2822
 1056    814   855   880  0      277   2852
 1057    213   248   185  0      278   2322
 1058    213   192   248  0      278   2341
 1059    185   192   213  0      278   1677
 1060    185   248   192  0      278   2343
 1061    473   498   435  0      279    304
 1062    473   436   498  0      279   2754
 1063    435   498   436  0      279   2702
 1064    104    95    31  0      280   1878
 1065     31    94   104  1      280     -1
 1066     31    95    94  1      280     -1
 1067    467   504   417  1      281     -1
 1068    467   391   504  0      281   3822
 1069    417   391   467  0      281   2465
 1070    417   504   391  0      281    720
 1071    373   440   377  0      282   2566
 1072    373   438   440  0      282   2382
 1073    377   438   373  0      282   2591
 1074    377   440   438  0      282   1939
 1075    360   413   261  0      283   2481
 1076    360   427   413  0      283   2430
 1077    261   427   360  0      283   2388
 1078    261   413   427  0      283   2479
 1079    270   366   271  0      284   2192
 1080    270   413   366  0      284   2183
 1081    271   413   270  0      284   2491
 1082    271   366   413  0      284   1667
 1083    167    15   188  0      285   2188
 1084    167   136    15  0      285   2180
 1085    188   136   167  0      285    966
 1086    188    15   136  0      285   2126
 1087    188   389   226  0      286   2429
 1088    188   141   389  1      286     -1
 1089    226   141   188  0      286   2124
 1090    226   389   141  0      286   2432
 1091    406   519   460  0      287   2697
 1092    406   516   519  0      287   2698
 1093    460   516   406  0      287   2406
 1094    460   519   516  0      287    348
 1095    141   170    43  0      288   2117
 1096    141   133   170  0      288   1997
 1097     43   133   141  1      288     -1
 1098     43   170   133  0      288   2114
 1099    229   333   294  0      289   2376
 1100    229   184   333  0      289    432
 1101    294   184   229  0      289   2182
 1102    294   333   184  0      289   2446
 1103    444   495   553  0      290   2725
 1104    444   383   495  0      290   2735
 1105    553   383   444  0      290   2318
 1106    553   495   383  0      290    494
 1107    105   134    67  0      291   1637
 1108    105    76   134  0      291   1636
 1109     67   134    76  0      291   2009
 1110    452   362   380  0      292    830
 1111    452   405   362  0      292    505
 1112    380   405   452  0      292    881
 1113    380   362   405  0      292   1638
 1114    261   389   170  0      293   2548
 1115    170   188   261  0      293    723
 1116    170   389   188  0      293   2429
 1117    822   876   786  0      294   2991
 1118    822   835   876  0      294   3000
 1119    786   835   822  0      294   2723
 1120    786   876   835  0      294   2905
 1121    390   542   332  1      295     -1
 1122    332   442   390  0      295    721
 1123    332   542   442  0      295   2584
 1124    428   544   455  0      296   1412
 1125    428   459   544  0      296   2819
 1126    455   459   428  0      296   2407
 1127    455   544   459  0      296   3572
 1128    845   984   946  0      297   3084
 1129    946   844   845  0      297   3094
 1130    946   984   844  0      297   3037
 1131    984   941   926  1      298     -1
 1132    984   872   941  0      298    435
 1133    926   872   984  0      298   2897
 1134    926   941   872  0      298   2921
 1135    927   932   841  0      299   3297
 1136    927   857   932  0      299   3117
 1137    841   857   927  0      299   1764
 1138    841   932   857  0      299   3634
 1139    898   896   860  0      300   4061
 1140    898   963   896  1      300     -1
 1141    860   963   898  0      300   4074
 1142    860   896   963  0      300   1044
 1143    985   773   958  0      301   4353
 1144    985   961   773  0      301   4283
 1145    958   961   985  1      301     -1
 1146    958   773   961  0      301   4278
 1147    625   532   546  0      302   4483
 1148    625   544   532  0      302   3192
 1149    546   544   625  0      302    311
 1150    546   532   544  0      302   2813
 1151    702   696   690  0      303   4752
 1152    702   663   696  0      303   4381
 1153    690   663   702  0      303    888
 1154    690   696   663  0      303   4641
 1155    435   563   498  0      304   2746
 1156    473   563   435  0      304   2741
 1157    473   498   563  0      304   2752
 1158    569   467   621  0      305   4460
 1159    637   467   569  0      305   2716
 1160    637   621   467  1      305     -1
 1161    323   404   450  0      306   1280
 1162    323   372   404  0      306   1204
 1163    450   372   323  0      306   3842
 1164    637   628   715  1      307     -1
 1165    637   733   628  0      307    308
 1166    715   733   637  0      307    706
 1167    733   628   656  0      308    546
 1168    656   637   733  0      308    315
 1169    656   628   637  0      308   2720
 1170    443   368   435  0      309   2477
 1171    443   360   368  0      309   2445
 1172    435   360   443  0      309   2459
 1173    435   368   360  0      309   2435
 1174    562   564   609  0      310   3526
 1175    562   629   564  0      310   3184
 1176    609   629   562  0      310   3459
 1177    609   564   629  0      310   3530
 1178    625   579   544  0      311   2699
 1179    546   579   625  0      311   4375
 1180    546   544   579  0      311   2794
 1181    565   691   660  0      312   2726
 1182    565   733   691  0      312   2688
 1183    660   733   565  0      312   2759
 1184    660   691   733  0      312   2528
 1185    574   600   636  1      313     -1
 1186    574   580   600  0      313   4680
 1187    636   580   574  0      313   4691
 1188    636   600   580  0      313    504
 1189    585   534   738  0      314   4372
 1190    585   613   534  0      314   1133
 1191    738   613   585  0      314   1134
 1192    738   534   613  0      314    860
 1193    637   691   656  0      315   1682
 1194    637   733   691  0      315    706
 1195    656   691   733  0      315   2688
 1196    518   567   474  0      316   4667
 1197    518   461   567  1      316     -1
 1198    474   461   518  0      316    506
 1199    474   567   461  0      316   4669
 1200    194   154   201  0      317    541
 1201    194    83   154  0      317    593
 1202    201    83   194  1      317     -1
 1203    201   154    83  0      317    563
 1204    562   564   434  0      318   3244
 1205    562   507   564  0      318   3526
 1206    434   507   562  0      318   1426
 1207    434   564   507  0      318   3348
 1208    732   735   612  0      319   2833
 1209    732   718   735  0      319   2838
 1210    612   718   732  0      319    876
 1211    612   735   718  0      319   2854
 1212    598   527   573  0      320   2912
 1213    598   494   527  0      320   2426
 1214    573   494   598  0      320   4720
 1215    573   527   494  0      320   4459
 1216    733   739   839  0      321   2722
 1217    733   822   739  0      321   3052
 1218    839   822   733  0      321   3058
 1219    839   739   822  0      321   2962
 1220    809   839   733  0      322   2967
 1221    809   754   839  0      322   2801
 1222    733   754   809  0      322   2418
 1223    733   839   754  0      322   2969
 1224    953   834   922  0      323   3030
 1225    922   925   953  1      323     -1
 1226    922   834   925  0      323   2883
 1227    449   444   419  0      324   2016
 1228    391   444   449  0      324    634
 1229    391   419   444  0      324    691
 1230    740   839   924  0      325   2762
 1231    740   801   839  0      325   2757
 1232    924   801   740  1      325     -1
 1233    924   839   801  0      325    424
 1234    612   579   473  0      326   2673
 1235    473   460   612  0      326   2730
 1236    473   579   460  0      326   2669
 1237    144   174   223  0      327   2231
 1238    144   214   174  0      327   2109
 1239    223   214   144  0      327   1902
 1240    223   174   214  0      327   2344
 1241    616   632   600  0      328   4461
 1242    616   554   632  0      328    501
 1243    600   554   616  1      328     -1
 1244    600   632   554  0      328    511
 1245    642   668   577  0      329   3539
 1246    642   550   668  0      329   1482
 1247    577   550   642  0      329   3573
 1248    577   668   550  0      329   1194
 1249    966   981   949  1      330     -1
 1250    966   868   981  0      330   3031
 1251    949   868   966  0      330   3081
 1252    949   981   868  0      330   2881
 1253    411   237   357  0      331    754
 1254    411   422   237  1      331     -1
 1255    357   422   411  0      331    771
 1256    357   237   422  0      331    535
 1257    608   519   516  0      332   2522
 1258    608   662   519  0      332    350
 1259    516   662   608  0      332   2728
 1260    516   519   662  0      332   2573
 1261    639   620   592  0      333   2225
 1262    639   693   620  0      333   2753
 1263    592   693   639  0      333   2990
 1264    592   620   693  0      333   2472
 1265    472   523   465  1      334     -1
 1266    472   457   523  0      334   2557
 1267    465   457   472  0      334   2087
 1268    465   523   457  0      334   2569
 1269    405   534   476  0      335   2829
 1270    405   535   534  0      335   3811
 1271    476   535   405  0      335   4479
 1272    476   534   535  0      335   2552
 1273    270   238   167  0      336   2317
 1274    270   261   238  0      336   2543
 1275    167   261   270  0      336    679
 1276    167   238   261  0      336    707
 1277    477   456   385  0      337   1930
 1278    477   406   456  0      337   2633
 1279    385   406   477  0      337   1981
 1280    385   456   406  0      337   2646
 1281    453   451   447  0      338   1777
 1282    453   359   451  0      338    402
 1283    447   359   453  0      338   1733
 1284    447   451   359  0      338   1690
 1285    437   451   434  0      339   3463
 1286    434   359   437  0      339   1757
 1287    434   451   359  0      339    402
 1288    217   242   162  0      340    783
 1289    217   221   242  0      340   1740
 1290    162   221   217  0      340   1662
 1291    162   242   221  0      340   2033
 1292    625   731   584  0      341   1481
 1293    668   731   625  0      341    439
 1294    668   584   731  0      341   1478
 1295    840   827   743  0      342   4000
 1296    840   811   827  0      342   3407
 1297    743   811   840  0      342   2880
 1298    743   827   811  0      342   3271
 1299    655   763   662  0      343   2934
 1300    655   834   763  0      343    405
 1301    662   834   655  0      343   3055
 1302    662   763   834  0      343   2995
 1303    498   579   436  0      344   1715
 1304    498   612   579  0      344   1710
 1305    436   612   498  0      344   2754
 1306    436   579   612  0      344   2673
 1307    290   406   457  0      345   2560
 1308    457   385   290  0      345   2487
 1309    457   406   385  0      345   2514
 1310    844   832   639  0      346   2856
 1311    844   834   832  0      346   3050
 1312    639   834   844  0      346   3054
 1313    639   832   834  0      346   3053
 1314    694   854   990  1      347     -1
 1315    694   787   854  0      347   3279
 1316    990   787   694  0      347   3264
 1317    990   854   787  0      347   1312
 1318    516   528   519  0      348   2573
 1319    460   528   516  0      348   2365
 1320    460   519   528  0      348   2693
 1321    197   262   275  0      349    999
 1322    197   350   262  0      349    813
 1323    275   350   197  1      349     -1
 1324    275   262   350  0      349   1030
 1325    556   519   608  0      350   2476
 1326    556   662   519  0      350   2485
 1327    608   662   556  0      350   2992
 1328    540   519   468  0      351   2695
 1329    540   516   519  0      351   2522
 1330    468   516   540  0      351   2636
 1331    468   519   516  0      351   2483
 1332    427   552   473  0      352   2777
 1333    427   457   552  0      352   2059
 1334    473   457   427  0      352   2515
 1335    473   552   457  0      352   2428
 1336    612   579   553  0      353   2383
 1337    612   546   579  0      353   1710
 1338    553   579   546  0      353   2539
 1339    930   849   883  0      354    422
 1340    930   905   849  0      354   2981
 1341    883   905   930  0      354   3034
 1342    883   849   905  1      354     -1
 1343    421   409   289  0      355    877
 1344    421   393   409  0      355    772
 1345    289   393   421  0      355    725
 1346    289   409   393  0      355    915
 1347    897   829   857  0      356   3328
 1348    897   964   829  0      356   3331
 1349    857   964   897  0      356   3110
 1350    857   829   964  0      356   1700
 1351    971   847   895  0      357   3743
 1352    971   873   847  0      357   3738
 1353    895   873   971  0      357   3647
 1354    895   847   873  0      357   3731
 1355    399   305   264  0      358   1112
 1356    399   404   305  0      358   1197
 1357    264   404   399  0      358    451
 1358    264   305   404  0      358   1386
 1359    293   249   437  0      359   1886
 1360    293   396   249  1      359     -1
 1361    437   396   293  0      359   1370
 1362    437   249   396  0      359   1897
 1363    390   608   542  1      360     -1
 1364    472   608   390  0      360   2710
 1365    472   542   608  0      360   2049
 1366    460   519   457  0      361   2697
 1367    460   473   519  0      361   2693
 1368    457   473   460  0      361   2571
 1369    457   519   473  0      361    417
 1370    744   699   730  0      362    799
 1371    744   638   699  0      362   4526
 1372    730   638   744  0      362   4441
 1373    730   699   638  0      362    455
 1374    274   243   308  0      363   2052
 1375    221   243   274  0      363   1971
 1376    221   308   243  0      363   1937
 1377    310   330   272  0      364   1918
 1378    310   292   330  1      364     -1
 1379    272   292   310  0      364   1900
 1380    272   330   292  0      364   1905
 1381    375   308   392  0      365   1687
 1382    375   377   308  0      365   1940
 1383    392   377   375  0      365   1955
 1384    392   308   377  0      365   2622
 1385    852   746   780  0      366   3925
 1386    852   807   746  1      366     -1
 1387    780   807   852  0      366   3396
 1388    780   746   807  0      366    445
 1389    882   927   857  0      367    375
 1390    882   897   927  0      367   3623
 1391    857   897   882  0      367   3110
 1392    857   927   897  0      367   3302
 1393    285   297   223  0      368   2283
 1394    285   214   297  0      368   2353
 1395    223   214   285  0      368   2345
 1396    342   393   357  0      369    650
 1397    342   289   393  0      369    918
 1398    357   289   342  0      369    637
 1399    357   393   289  0      369    725
 1400    461   474   439  0      370    640
 1401    461   463   474  0      370   4669
 1402    439   463   461  1      370     -1
 1403    439   474   463  0      370    631
 1404    879   903   970  1      371     -1
 1405    879   914   903  0      371   3979
 1406    970   914   879  0      371   3350
 1407    970   903   914  1      371     -1
 1408    757   819   738  0      372   2846
 1409    757   848   819  0      372   3625
 1410    738   848   757  0      372   1466
 1411    738   819   848  0      372   4398
 1412    646   635   641  0      373    625
 1413    646   720   635  0      373   4654
 1414    641   720   646  0      373   4796
 1415    641   635   720  0      373   4794
 1416    781   782   802  0      374   3327
 1417    781   668   782  0      374   2896
 1418    802   668   781  0      374   3372
 1419    802   782   668  0      374   3776
 1420    882   869   857  0      375   3590
 1421    882   927   869  0      375   3633
 1422    857   869   927  0      375   1764
 1423    639   774   655  0      376    430
 1424    639   579   774  0      376   2375
 1425    655   579   639  0      376   2403
 1426    575   668   625  0      377   3581
 1427    575   577   668  0      377   3539
 1428    625   577   575  0      377   3187
 1429    407   365   361  0      378   1656
 1430    361   378   407  0      378   3420
 1431    361   365   378  0      378   1716
 1432    516   763   540  0      379   3043
 1433    516   662   763  0      379   3016
 1434    540   662   516  0      379   2728
 1435    540   763   662  0      379   2983
 1436    790   743   712  0      380   4008
 1437    790   758   743  0      380    423
 1438    712   758   790  0      380   1203
 1439    712   743   758  0      380   3445
 1440    681   689   582  0      381   3365
 1441    681   665   689  0      381   3730
 1442    582   665   681  0      381   3308
 1443    582   689   665  0      381   3685
 1444    460   477   459  0      382   2812
 1445    460   385   477  0      382   1981
 1446    459   385   460  0      382   1641
 1447    459   477   385  0      382   1930
 1448    747   871   831  0      383   2950
 1449    747   775   871  0      383   4761
 1450    831   775   747  0      383   4766
 1451    831   871   775  0      383   4816
 1452    373   406   386  0      384   1652
 1453    256   406   373  0      384   2627
 1454    256   386   406  0      384   2615
 1455    272   330   301  0      385   1824
 1456    272   303   330  0      385   1819
 1457    301   330   303  0      385   1865
 1458    946   882   868  0      386   2996
 1459    946   930   882  0      386   2667
 1460    868   930   946  0      386   2893
 1461    868   882   930  0      386   3098
 1462    284   220   264  0      387   1221
 1463    284   305   220  0      387   1113
 1464    264   305   284  0      387   1213
 1465    264   220   305  0      387   1181
 1466    359   365   320  0      388    926
 1467    320   437   359  0      388   1760
 1468    320   365   437  0      388   1701
 1469    277   264   372  0      389   1069
 1470    277   295   264  0      389   1219
 1471    372   295   277  0      389   1105
 1472    372   264   295  0      389   1175
 1473    145    86    78  0      390   1980
 1474    145   175    86  0      390   2036
 1475     78   175   145  1      390     -1
 1476     78    86   175  0      390   2038
 1477    543   548   583  0      391   4018
 1478    543   509   548  0      391   4227
 1479    583   509   543  0      391   3821
 1480    583   548   509  0      391   3919
 1481    679   652   627  0      392   2330
 1482    679   643   652  0      392   3216
 1483    627   643   679  0      392   3221
 1484    627   652   643  0      392   3239
 1485    466   355   404  0      393   1397
 1486    466   433   355  0      393   1403
 1487    404   433   466  0      393   1071
 1488    404   355   433  0      393   1349
 1489    135   165   241  0      394   1755
 1490    135   206   165  0      394   1849
 1491    241   206   135  0      394    927
 1492    241   165   206  0      394   1802
 1493    711   799   703  0      395   3980
 1494    711   764   799  0      395   3729
 1495    703   764   711  0      395   3997
 1496    703   799   764  0      395   3841
 1497    416   524   408  0      396   3253
 1498    416   458   524  0      396   1593
 1499    408   458   416  0      396   3214
 1500    408   524   458  0      396   3210
 1501    572   523   542  1      397     -1
 1502    572   556   523  0      397   2766
 1503    542   556   572  0      397   2672
 1504    542   523   556  0      397    946
 1505    264   222   277  0      398   1219
 1506    264   180   222  0      398   1247
 1507    277   180   264  0      398   1217
 1508    277   222   180  1      398     -1
 1509    361   513   339  0      399   3457
 1510    361   464   513  0      399   3468
 1511    339   464   361  0      399   1774
 1512    339   513   464  0      399   2898
 1513    497   507   437  0      400   3422
 1514    497   464   507  0      400   3242
 1515    437   464   497  0      400   1713
 1516    437   507   464  0      400   1772
 1517    842   799   861  0      401   4015
 1518    842   797   799  0      401   3992
 1519    861   797   842  0      401   3686
 1520    861   799   797  0      401   3993
 1521    434   451   453  0      402   1600
 1522    453   359   434  0      402    882
 1523    564   642   633  0      403   3554
 1524    564   634   642  0      403   3177
 1525    633   634   564  0      403   2869
 1526    633   642   634  0      403   3576
 1527    809   886   801  0      404    491
 1528    803   886   809  0      404   4820
 1529    803   801   886  0      404   4778
 1530    639   763   655  0      405   2934
 1531    639   834   763  0      405   3053
 1532    655   834   639  0      405   3054
 1533    723   739   656  0      406   2917
 1534    723   628   739  0      406   2958
 1535    656   628   723  0      406    546
 1536    506   509   501  0      407   4201
 1537    506   583   509  0      407   3919
 1538    501   583   506  0      407   3329
 1539    501   509   583  0      407   4219
 1540    363   328   395  0      408   1491
 1541    363   326   328  0      408   1463
 1542    395   326   363  0      408   1104
 1543    395   328   326  0      408   4260
 1544    397   378   352  0      409   1108
 1545    397   334   378  0      409   1474
 1546    352   334   397  0      409   1119
 1547    352   378   334  0      409    990
 1548    893   842   975  0      410   3710
 1549    893   891   842  0      410   3783
 1550    975   891   893  1      410     -1
 1551    975   842   891  0      410   2892
 1552    358   431   462  0      411    845
 1553    358   398   431  0      411    843
 1554    462   398   358  0      411    811
 1555    462   431   398  0      411    841
 1556    274   426   392  0      412   2110
 1557    274   415   426  0      412   2618
 1558    392   415   274  0      412   2568
 1559    392   426   415  0      412   2793
 1560    199   336   283  1      413     -1
 1561    283   339   199  0      413   1416
 1562    283   336   339  0      413   1322
 1563    352   452   397  0      414   1433
 1564    352   380   452  0      414   1434
 1565    397   380   352  0      414    629
 1566    397   452   380  0      414    830
 1567    750   806   748  0      415   4308
 1568    750   697   806  0      415   4313
 1569    748   697   750  0      415   4271
 1570    748   806   697  0      415   4207
 1571    586   619   558  0      416   4022
 1572    586   583   619  0      416    873
 1573    558   583   586  0      416    952
 1574    558   619   583  0      416   4218
 1575    473   556   519  0      417   2775
 1576    457   556   473  0      417   2428
 1577    457   519   556  0      417   2484
 1578    873   833   942  0      418   3692
 1579    873   916   833  0      418   4323
 1580    942   916   873  0      418   3704
 1581    942   833   916  0      418    554
 1582    571   539   548  0      419   1137
 1583    571   337   539  0      419   1155
 1584    548   337   571  0      419   4248
 1585    548   539   337  0      419   1116
 1586    478   518   474  0      420   4616
 1587    478   515   518  0      420   4625
 1588    474   515   478  0      420    641
 1589    474   518   515  0      420   4340
 1590    163   166   182  0      421   1949
 1591    163   242   166  0      421    478
 1592    182   242   163  0      421   1996
 1593    182   166   242  0      421   2030
 1594    883   882   849  0      422   3102
 1595    930   882   883  0      422   3098
 1596    930   849   882  0      422   3013
 1597    758   743   784  0      423    483
 1598    784   790   758  0      423   3355
 1599    784   743   790  0      423   3217
 1600    886   839   801  0      424    491
 1601    886   924   839  0      424   3004
 1602    801   924   886  0      424   4771
 1603    925   834   876  0      425   2883
 1604    925   904   834  0      425   3036
 1605    876   904   925  0      425    482
 1606    876   834   904  0      425   3014
 1607    419   411   281  0      426    490
 1608    419   357   411  0      426   2840
 1609    281   357   419  0      426    532
 1610    281   411   357  0      426    754
 1611    511   504   391  0      427   3822
 1612    511   449   504  0      427   4508
 1613    391   449   511  0      427    634
 1614    391   504   449  0      427    720
 1615    871   865   936  0      428    545
 1616    871   906   865  0      428   2802
 1617    936   906   871  0      428   4757
 1618    936   865   906  0      428   4638
 1619    293   241   319  0      429   1780
 1620    293   320   241  0      429   1826
 1621    319   320   293  0      429   1369
 1622    319   241   320  0      429   1765
 1623    639   844   655  0      430   3054
 1624    639   774   844  0      430   1712
 1625    655   844   774  0      430   2886
 1626    909   967   951  1      431     -1
 1627    909   872   967  0      431   4370
 1628    951   872   909  0      431   3651
 1629    210   333   229  0      432    693
 1630    210   184   333  0      432   2439
 1631    229   184   210  0      432   2505
 1632    753   646   738  0      433   4403
 1633    753   856   646  0      433   4468
 1634    738   856   753  0      433   2925
 1635    738   646   856  0      433   4346
 1636    677   689   582  0      434   3685
 1637    677   547   689  0      434   3796
 1638    582   547   677  0      434   3523
 1639    582   689   547  0      434   3365
 1640    951   984   872  0      435   3115
 1641    951   941   984  1      435     -1
 1642    355   278   339  0      436   1431
 1643    339   376   355  0      436   1376
 1644    752   850   847  0      437   3691
 1645    752   821   850  0      437   3091
 1646    847   821   752  0      437   3676
 1647    847   850   821  0      437   3236
 1648    826   948   968  1      438     -1
 1649    826   885   948  0      438   4209
 1650    968   885   826  0      438   4296
 1651    968   948   885  1      438     -1
 1652    625   782   731  0      439   2847
 1653    668   782   625  0      439   3528
 1654    668   731   782  0      439   3540
 1655    260   355   234  0      440   1391
 1656    260   305   355  0      440   1395
 1657    760   799   850  0      441   1468
 1658    760   764   799  0      441   1374
 1659    850   764   760  0      441   1184
 1660    850   799   764  0      441   4027
 1661    388   347   401  0      442   1202
 1662    388   399   347  0      442   4184
 1663    401   399   388  0      442   4124
 1664    954   974   813  0      443   3127
 1665    954   854   974  0      443   3075
 1666    813   854   954  0      443   1648
 1667    813   974   854  1      443     -1
 1668    705   676   796  0      444   3431
 1669    705   634   676  0      444   3281
 1670    796   634   705  0      444   3446
 1671    796   676   634  0      444   3616
 1672    807   710   746  0      445   4052
 1673    780   710   807  0      445   3406
 1674    780   746   710  0      445   1179
 1675    784   870   772  0      446   3383
 1676    784   828   870  0      446   3382
 1677    772   828   784  0      446   3356
 1678    772   870   828  0      446   1762
 1679    645   692   785  0      447   4651
 1680    645   724   692  0      447   4444
 1681    785   724   645  0      447   1136
 1682    785   692   724  0      447   4785
 1683    414   479   339  0      448   1335
 1684    414   387   479  0      448   1244
 1685    339   387   414  0      448   1364
 1686    339   479   387  0      448   1359
 1687    777   869   802  0      449   3596
 1688    777   841   869  0      449   3340
 1689    802   841   777  0      449   3502
 1690    802   869   841  0      449   3509
 1691    522   555   513  0      450   3960
 1692    522   582   555  0      450   3531
 1693    513   582   522  0      450   3920
 1694    513   555   582  0      450   3955
 1695    372   399   264  0      451   1175
 1696    372   404   399  0      451   4196
 1697    264   404   372  0      451   1399
 1698    888   809   788  0      452   2973
 1699    888   886   809  0      452   2960
 1700    788   886   888  0      452    496
 1701    788   809   886  0      452    495
 1702    631   571   685  0      453    840
 1703    631   697   571  0      453   4143
 1704    685   697   631  0      453   4103
 1705    685   571   697  0      453   4200
 1706    864   806   894  0      454   3742
 1707    833   806   864  0      454   4302
 1708    833   894   806  0      454   4090
 1709    730   699   704  0      455   4567
 1710    704   638   730  0      455   4441
 1711    704   699   638  0      455   1092
 1712    229   349   333  0      456   2376
 1713    229   360   349  0      456   2374
 1714    333   360   229  0      456   1678
 1715    333   349   360  0      456    671
 1716    325   417   258  1      457     -1
 1717    325   298   417  0      457    704
 1718    258   298   325  0      457    688
 1719    258   417   298  0      457    628
 1720    413   366   436  0      458   2507
 1721    413   369   366  0      458   2183
 1722    436   369   413  0      458   2189
 1723    856   646   724  0      459   4482
 1724    856   641   646  0      459   2764
 1725    724   641   856  0      459   4466
 1726    724   646   641  0      459   4316
 1727    592   551   491  0      460   2409
 1728    592   666   551  0      460   3171
 1729    491   666   592  0      460   3099
 1730    491   551   666  1      460     -1
 1731    625   756   774  0      461   3512
 1732    625   814   756  0      461   3578
 1733    774   814   625  0      461   2858
 1734    774   756   814  0      461   3588
 1735     16   183    30  0      462    724
 1736     16   122   183  0      462    973
 1737     30   122    16  0      462    583
 1738     30   183   122  0      462   1036
 1739    345   371   262  0      463    555
 1740    345   462   371  0      463    768
 1741    262   462   345  0      463    787
 1742    262   371   462  0      463    742
 1743    395   487   400  0      464    820
 1744    395   431   487  0      464   4599
 1745    400   487   431  0      464    792
 1746    294   444   343  0      465   2441
 1747    294   391   444  0      465    573
 1748    343   391   294  0      465    699
 1749    343   444   391  0      465   2449
 1750    342   246   289  0      466    912
 1751    342   203   246  0      466    656
 1752    289   203   342  0      466    637
 1753    289   246   203  0      466    507
 1754    529   502   471  0      467   3708
 1755    529   402   502  1      467     -1
 1756    471   402   529  0      467   1199
 1757    471   502   402  0      467   4243
 1758    753   535   585  0      468   4487
 1759    753   646   535  0      468   4484
 1760    585   646   753  0      468   4403
 1761    585   535   646  0      468   2816
 1762    693   607   592  0      469   2472
 1763    693   675   607  0      469   3119
 1764    592   607   675  0      469   1936
 1765    836   806   833  0      470   4302
 1766    836   719   806  0      470   3681
 1767    833   719   836  0      470   4095
 1768    833   806   719  0      470   4310
 1769    640   754   660  0      471   4748
 1770    640   684   754  1      471     -1
 1771    660   684   640  0      471   2719
 1772    660   754   684  0      471   2743
 1773    888   920   953  1      472     -1
 1774    888   839   920  0      472   2978
 1775    953   839   888  0      472   2961
 1776    953   920   839  0      472   2703
 1777    107   149   115  0      473   1230
 1778    115    11   107  0      473   1076
 1779    115   149    11  0      473   1289
 1780    814   777   872  0      474   3500
 1781    814   802   777  0      474   3720
 1782    872   802   814  0      474   3788
 1783    872   777   802  0      474   3521
 1784    592   557   493  0      475   2559
 1785    592   456   557  0      475   3167
 1786    493   456   592  0      475   2378
 1787    824   825   760  0      476   4286
 1788    824   719   825  0      476   4208
 1789    760   719   824  0      476   4221
 1790    760   825   719  0      476   4092
 1791     51   129    75  0      477   1099
 1792     51   113   129  0      477   1257
 1793     75   113    51  0      477   1319
 1794     75   129   113  0      477   1537
 1795    163   227   166  0      478   2002
 1796    242   227   163  0      478   1966
 1797    242   166   227  0      478   1999
 1798    420   437   549  0      479   3251
 1799    420   434   437  0      479   1734
 1800    549   434   420  0      479   3537
 1801    549   437   434  0      479   3534
 1802    866   961   889  0      480   2942
 1803    866   874   961  0      480   4402
 1804    889   874   866  0      480   4368
 1805    889   961   874  0      480   3705
 1806    841   842   781  0      481   3118
 1807    841   828   842  0      481   3693
 1808    781   828   841  0      481   3608
 1809    781   842   828  0      481   3879
 1810    904   925   922  1      482     -1
 1811    922   876   904  0      482   2979
 1812    922   925   876  0      482   2883
 1813    772   743   784  0      483   1890
 1814    772   758   743  0      483   3122
 1815    784   758   772  0      483   3356
 1816    633   564   609  0      484   3538
 1817    633   453   564  0      484   3427
 1818    609   453   633  0      484   3409
 1819    609   564   453  0      484   3437
 1820    553   635   617  0      485    516
 1821    617   635   646  0      485    625
 1822    421   573   489  0      486   2808
 1823    421   483   573  0      486   2792
 1824    489   483   421  0      486   4711
 1825    489   573   483  0      486   4729
 1826    327   497   464  0      487   3370
 1827    327   346   497  0      487   3390
 1828    464   346   327  0      487   1419
 1829    464   497   346  0      487   3424
 1830    426   492   415  0      488   2793
 1831    426   455   492  0      488   1706
 1832    415   455   426  0      488   2104
 1833    415   492   455  0      488   1361
 1834     16   122    61  0      489    583
 1835     61    97    16  1      489     -1
 1836    417   411   281  1      490     -1
 1837    417   419   411  0      490   4719
 1838    281   419   417  0      490    531
 1839    801   809   839  0      491   2801
 1840    886   839   809  0      491   2960
 1841    546   495   553  0      492   2705
 1842    546   498   495  0      492   2750
 1843    553   495   498  0      492   4735
 1844    424   495   435  0      493   2527
 1845    424   511   495  0      493    683
 1846    435   511   424  0      493   2463
 1847    435   495   511  0      493    602
 1848    553   495   436  0      494   2705
 1849    436   383   553  0      494   2372
 1850    436   495   383  0      494    620
 1851    886   880   809  0      495   2947
 1852    788   880   886  0      495   2937
 1853    788   809   880  0      495   2870
 1854    888   928   886  1      496     -1
 1855    788   928   888  0      496   2909
 1856    788   886   928  0      496   2937
 1857    874   771   785  0      497   4834
 1858    874   866   771  0      497   4358
 1859    785   866   874  0      497   4476
 1860    785   771   866  0      497   4094
 1861    791   729   766  0      498   4270
 1862    791   749   729  1      498     -1
 1863    766   749   791  0      498   3664
 1864    766   729   749  0      498   4535
 1865    159   254   289  0      499    646
 1866    159   203   254  0      499    805
 1867    289   203   159  0      499    507
 1868    289   254   203  0      499    681
 1869    244   254   203  0      500   1016
 1870    244   357   254  0      500    690
 1871    203   357   244  0      500    591
 1872    203   254   357  0      500    681
 1873    644   632   616  0      501   4645
 1874    616   554   644  0      501   4746
 1875    357   342   203  0      502    637
 1876    357   281   342  0      502    532
 1877    203   281   357  0      502    755
 1878    203   342   281  0      502    601
 1879    181   154    23  0      503    598
 1880    181    83   154  0      503    563
 1881     23    83   181  1      503     -1
 1882    580   690   600  0      504   4784
 1883    636   690   580  0      504   4692
 1884    636   600   690  1      504     -1
 1885    362   532   405  0      505   2379
 1886    362   452   532  0      505   3544
 1887    405   532   452  0      505   4478
 1888    461   518   381  1      506     -1
 1889    381   474   461  0      506    640
 1890    381   518   474  0      506   4493
 1891    289   246   159  0      507    649
 1892    159   246   203  0      507    622
 1893    982   904   859  0      508   2156
 1894    982   986   904  1      508     -1
 1895    859   986   982  0      508   2964
 1896    859   904   986  1      508     -1
 1897    421   487   409  0      509   4579
 1898    421   573   487  0      509   2792
 1899    409   573   421  0      509   2474
 1900    167   238   173  0      510   2317
 1901    167   136   238  0      510   2506
 1902    173   136   167  0      510   2171
 1903    554   541   632  0      511   4740
 1904    600   541   554  1      511     -1
 1905    600   632   541  0      511   4739
 1906    614   589   671  0      512    747
 1907    614   648   589  0      512   4672
 1908    671   648   614  0      512   4660
 1909    671   589   648  0      512   4664
 1910    593   566   613  0      513   4454
 1911    593   534   566  0      513    834
 1912    613   534   593  0      513   2679
 1913    613   566   534  0      513   1133
 1914    357   494   489  0      514    749
 1915    357   419   494  0      514   2840
 1916    489   419   357  0      514    733
 1917    489   494   419  0      514   4717
 1918    244   379   381  0      515    590
 1919    244   302   379  0      515    759
 1920    381   302   244  0      515    761
 1921    381   379   302  1      515     -1
 1922    617   527   635  0      516    517
 1923    553   527   617  0      516   4699
 1924    553   635   527  0      516   4465
 1925    641   635   617  0      517    625
 1926    641   527   635  0      517   4790
 1927    617   527   641  0      517   2810
 1928    271   316   291  0      518   2400
 1929    271   214   316  0      518   1365
 1930    291   214   271  0      518   2193
 1931    291   316   214  0      518   2332
 1932    691   839   715  0      519   2665
 1933    691   801   839  0      519   2966
 1934    715   801   691  1      519     -1
 1935    715   839   801  0      519   2757
 1936    678   709   658  1      520     -1
 1937    678   614   709  0      520   4288
 1938    658   614   678  0      520   4499
 1939    658   709   614  0      520    523
 1940    244   302   219  0      521    761
 1941    244   275   302  0      521    694
 1942    219   275   244  0      521    609
 1943    219   302   275  1      521     -1
 1944    648   728   686  1      522     -1
 1945    648   671   728  0      522   4390
 1946    686   671   648  0      522   4664
 1947    686   728   671  1      522     -1
 1948    614   725   709  0      523   4304
 1949    658   725   614  0      523   4639
 1950    658   709   725  1      523     -1
 1951    819   855   808  0      524   4417
 1952    819   818   855  0      524   4397
 1953    808   818   819  0      524   4291
 1954    808   855   818  0      524   2932
 1955    311   191   189  0      525   1543
 1956    311   278   191  0      525   1503
 1957    189   278   311  0      525   1342
 1958    189   191   278  0      525    923
 1959    738   646   617  0      526   4410
 1960    738   641   646  0      526   2948
 1961    617   641   738  0      526   4481
 1962    617   646   641  0      526    625
 1963    844   872   851  0      527   2755
 1964    851   845   844  0      527   2884
 1965    851   872   845  0      527   2906
 1966    176   246   194  0      528    666
 1967    176   154   246  0      528    580
 1968    194   154   176  0      528    559
 1969    734   822   786  0      529   2985
 1970    734   714   822  0      529   2994
 1971    786   714   734  1      529     -1
 1972    786   822   714  0      529   2701
 1973    349   354   443  0      530   2390
 1974    349   360   354  0      530   2176
 1975    443   360   349  0      530   2459
 1976    443   354   360  0      530   2444
 1977    281   419   342  0      531    532
 1978    342   417   281  0      531    709
 1979    342   419   417  0      531    701
 1980    342   357   419  0      532    650
 1981    597   632   449  0      533   4703
 1982    597   489   632  0      533    812
 1983    449   489   597  0      533   2791
 1984    449   632   489  0      533   4744
 1985    357   394   478  0      534    632
 1986    357   244   394  0      534    690
 1987    478   244   357  0      534    774
 1988    478   394   244  0      534    790
 1989    237   244   357  0      535    591
 1990    237   422   244  0      535    717
 1991    357   244   422  0      535    775
 1992    133     1   177  1      536     -1
 1993    133    37     1  0      536   2079
 1994    177    37   133  0      536   2072
 1995    177     1    37  0      536   1609
 1996    719   825   697  0      537   4332
 1997    719   759   825  0      537   4208
 1998    697   759   719  0      537   4170
 1999    697   825   759  0      537   4327
 2000    750   806   719  0      538   4313
 2001    750   757   806  0      538   4311
 2002    719   757   750  0      538   3665
 2003    719   806   757  0      538   4310
 2004    219   244   122  0      539    728
 2005    219   237   244  0      539    658
 2006    122   237   219  0      539    753
 2007    122   244   237  0      539    660
 2008    262   345   431  0      540    787
 2009    288   345   262  0      540    802
 2010    288   431   345  0      540    763
 2011    194   245   201  1      541     -1
 2012    194   154   245  0      541    560
 2013    201   245   154  0      541    639
 2014     16   114   122  0      542    973
 2015    179   122   114  0      542   1017
 2016    826   863   766  0      543   4330
 2017    826   885   863  0      543    849
 2018    766   885   826  0      543   3442
 2019    766   863   885  0      543   4300
 2020    690   596   663  0      544    888
 2021    690   636   596  0      544   4692
 2022    663   636   690  0      544   4810
 2023    663   596   636  0      544   4659
 2024    871   867   936  0      545   4807
 2025    871   865   867  0      545   4825
 2026    936   867   865  0      545   4462
 2027    656   733   723  0      546   2917
 2028    602   506   539  0      547   4233
 2029    538   506   602  0      547   3804
 2030    538   539   506  0      547   4246
 2031    847   850   895  0      548   3760
 2032    847   947   850  0      548   3661
 2033    895   947   847  0      548   3741
 2034    895   850   947  0      548   3761
 2035    958   910   769  0      549   4262
 2036    958   885   910  1      549     -1
 2037    769   885   958  0      549   4295
 2038    769   910   885  0      549   4322
 2039    169   240   132  0      550    902
 2040    169   171   240  0      550   1182
 2041    132   171   169  0      550   1511
 2042    132   240   171  0      550    803
 2043    234   278   235  0      551   1281
 2044    235   323   234  0      551    861
 2045    235   278   323  0      551   1456
 2046    112    83    36  0      552    604
 2047     23    36    83  1      552     -1
 2048    911   773   961  0      553   4389
 2049    911   856   773  0      553   4388
 2050    961   856   911  0      553   4097
 2051    961   773   856  0      553   4257
 2052    833   916   894  0      554   4089
 2053    942   894   916  1      554     -1
 2054    345   350   262  0      555    781
 2055    219   237   179  0      556    753
 2056    219   117   237  0      556    696
 2057    179   117   219  1      556     -1
 2058    179   237   117  0      556    655
 2059     96    33   101  0      557   1813
 2060     96   135    33  0      557   1843
 2061    101   135    96  1      557     -1
 2062    101    33   135  0      557   1538
 2063    640   644   616  0      558   4734
 2064    640   621   644  0      558   4745
 2065    616   621   640  1      558     -1
 2066    616   644   621  0      558   4746
 2067    194   154   112  0      559    593
 2068    112   176   194  0      559    568
 2069    112   154   176  0      559    580
 2070    154   245   258  0      560    659
 2071    258   245   194  1      560     -1
 2072    211   265   277  1      561     -1
 2073    211   232   265  0      561   1006
 2074    277   232   211  0      561   1142
 2075    277   265   232  0      561   1150
 2076    106     7   118  0      562   1061
 2077    106   183     7  0      562   1022
 2078    118   183   106  0      562   1035
 2079    118     7   183  0      562   1046
 2080    201   154   181  0      563    569
 2081    181    83   201  1      563     -1
 2082    262   160   155  0      564   1067
 2083    262   149   160  0      564   1087
 2084    155   149   262  0      564   1120
 2085    155   160   149  0      564   1045
 2086    205   129   189  0      565   1544
 2087    189   191   205  0      565   1539
 2088    189   129   191  0      565   1512
 2089    181   203   201  0      566    569
 2090    201   196   181  1      566     -1
 2091    122    97   112  0      567    581
 2092      5   176   194  1      568     -1
 2093    112   176     5  0      568   2141
 2094    181   203   154  0      569    585
 2095    201   154   203  0      569    639
 2096    141    13    48  1      570     -1
 2097    141   136    13  0      570   2108
 2098     48   136   141  0      570    993
 2099     48    13   136  0      570   2160
 2100    114     7    30  0      571   1012
 2101    114   124     7  1      571     -1
 2102     30   124   114  0      571   1047
 2103    614   596   568  0      572   4665
 2104    614   474   596  0      572   4670
 2105    568   474   614  0      572   4632
 2106    568   596   474  0      572   4678
 2107    342   444   294  0      573   1640
 2108    342   391   444  0      573    691
 2109    294   391   342  0      573    699
 2110     16   196    23  0      574    596
 2111     16   117   196  0      574    597
 2112     23   117    16  0      574    576
 2113     23   196   117  1      574     -1
 2114      0    16   117  0      575    576
 2115    117   179     0  1      575     -1
 2116      0    23   117  1      576     -1
 2117      0    16    23  1      576     -1
 2118    585   680   641  0      577   4438
 2119    585   573   680  0      577   4369
 2120    641   573   585  0      577   3586
 2121    641   680   573  0      577   4273
 2122    159   106   254  0      578    988
 2123    159   183   106  0      578   1028
 2124    254   183   159  0      578    805
 2125    254   106   183  0      578   1003
 2126    203   154   112  0      579    586
 2127    203   122   154  0      579    585
 2128    112   154   122  0      579    600
 2129    112   246   176  0      580    663
 2130     23   112   122  0      581    600
 2131     53   106   169  0      582   1568
 2132     53   121   106  0      582   1027
 2133    169   121    53  0      582    972
 2134    169   106   121  0      582   1052
 2135     30    61    16  1      583     -1
 2136     30   122    61  0      583    584
 2137    159    30   122  0      584   1038
 2138     61    30   159  0      584    608
 2139    122   154   181  0      585    598
 2140    203   154   159  0      586    622
 2141    323   299   232  0      587   1143
 2142    323   372   299  0      587   1079
 2143    232   372   323  0      587   1144
 2144    232   299   372  0      587    767
 2145    342   393   444  0      588   2303
 2146    342   419   393  0      588    650
 2147    444   419   342  0      588    691
 2148    444   393   419  0      588   2811
 2149    663   671   614  0      589   4660
 2150    663   716   671  0      589   4633
 2151    614   716   663  0      589   4656
 2152    614   671   716  0      589   1131
 2153    381   474   379  0      590   4493
 2154    244   474   381  0      590    769
 2155    244   379   474  0      590    759
 2156    203   237   244  0      591    660
 2157    357   237   203  0      591    755
 2158    122   196   117  0      592    597
 2159    122   179   196  0      592    752
 2160    117   196   179  0      592    655
 2161    443   467   424  0      594   2452
 2162    443   435   467  0      594   2790
 2163    424   435   443  0      594   2460
 2164    424   467   435  0      594   2463
 2165    181   196    23  1      595     -1
 2166     23   122   181  0      595    598
 2167     23   196   122  0      595    596
 2168     16   196   122  0      596    597
 2169    122   154    23  0      598    600
 2170    316   366   291  0      599   2400
 2171    291   369   316  0      599   2255
 2172    291   366   369  0      599   2367
 2173    245   342   281  0      601    686
 2174    281   203   245  0      601    757
 2175    511   498   495  0      602   4736
 2176    435   495   498  0      602   2702
 2177    260   382   305  0      603   1395
 2178    252   305   382  0      603   1205
 2179    112     5    36  0      604    606
 2180     83    36     5  1      604     -1
 2181     73    36    97  1      605     -1
 2182     73   112    36  0      605    606
 2183     73     5    36  1      606     -1
 2184    112     5    73  0      606   2147
 2185    236   121   195  0      607    987
 2186    236   169   121  0      607   1052
 2187    195   169   236  0      607    925
 2188     61    24   159  0      608    613
 2189     61    30    24  1      608     -1
 2190    159    24    30  0      608   1026
 2191    244   114   275  0      609    826
 2192    219   114   244  0      609    674
 2193    219   275   114  1      609     -1
 2194    262   118   224  0      610   1002
 2195    155   118   262  0      610   1067
 2196    155   224   118  0      610   1020
 2197    159   259   289  0      611    731
 2198    159   236   259  0      611    907
 2199    289   236   159  0      611    646
 2200    289   259   236  0      611    903
 2201    159    24    97  0      612    613
 2202    159    73    24  0      612    949
 2203     97    24    73  1      612     -1
 2204     97    61    24  1      613     -1
 2205     99   105   156  0      614   1622
 2206     55   105    99  0      614   1252
 2207    149   257   160  0      615   1087
 2208    149   282   257  0      615   1124
 2209    160   282   149  0      615   1109
 2210    160   257   282  0      615   1088
 2211    363   257   288  0      616   1126
 2212    363   240   257  0      616   1089
 2213    149   160   118  0      617   1045
 2214    149    35   160  0      617   1074
 2215    118    35   149  0      617   1084
 2216    118   160    35  0      617   1093
 2217    170   136    37  0      618   2045
 2218     37    49   170  0      618   2118
 2219     37   136    49  0      618   2155
 2220     71   136    82  0      619   2128
 2221     71    66   136  0      619   2143
 2222     82    66    71  1      619     -1
 2223     82   136    66  0      619   2185
 2224    436   495   424  0      620   2527
 2225    424   383   436  0      620   2377
 2226    424   495   383  0      620   2735
 2227    345   236   288  0      621    928
 2228    345   254   236  0      621    939
 2229    288   254   345  0      621    802
 2230    288   236   254  0      621    961
 2231    203   154   246  0      622    656
 2232    405   380   430  0      623   1344
 2233    405   409   380  0      623    796
 2234    430   409   405  0      623    875
 2235    430   380   409  0      623    862
 2236    389   332   226  0      624   2547
 2237    389   442   332  0      624   2493
 2238    226   442   389  0      624   2517
 2239    226   332   442  0      624   2513
 2240    342   246   154  0      626    656
 2241    342   245   246  0      626    685
 2242    154   246   245  0      626    659
 2243    180   202   148  0      627   1191
 2244    264   202   180  0      627   1247
 2245    264   148   202  0      627   1249
 2246    258   417   281  1      628     -1
 2247    281   298   258  0      628    687
 2248    281   417   298  0      628    710
 2249    397   251   352  0      629   1515
 2250    397   380   251  0      629   1443
 2251    352   251   380  0      629   1532
 2252    136   172    15  0      630   2180
 2253    136     9   172  0      630   2178
 2254     15     9   136  0      630   2157
 2255    463   381   474  0      631    653
 2256    439   381   463  0      631    744
 2257    439   474   381  0      631    640
 2258    478   483   394  0      632    766
 2259    357   483   478  0      632   4713
 2260    357   394   483  0      632    795
 2261    334   367   352  0      633    990
 2262    334   311   367  0      633   1471
 2263    444   511   391  0      634   2734
 2264    444   449   511  0      634   4404
 2265    179   122   244  0      635    728
 2266    179   183   122  0      635   1017
 2267    362   304   315  0      636   2325
 2268    362   329   304  0      636   2386
 2269    315   329   362  0      636   1673
 2270    315   304   329  0      636   2320
 2271    203   357   289  0      637    681
 2272    194   298   176  0      638    666
 2273    194   228   298  0      638    672
 2274    176   228   194  1      638     -1
 2275    176   298   228  0      638   2172
 2276    201   245   203  0      639    756
 2277    461   381   439  1      640     -1
 2278    379   515   478  0      641    642
 2279    379   474   515  0      641   4340
 2280    478   474   379  0      641    745
 2281    302   515   478  0      642   4589
 2282    302   379   515  1      642     -1
 2283    478   379   302  0      642    745
 2284    188   212   167  0      643   2162
 2285    188   229   212  0      643   2436
 2286    167   229   188  0      643   2364
 2287    568   663   598  0      644   4649
 2288    568   590   663  0      644    836
 2289    598   590   568  0      644    700
 2290    598   663   590  0      644   4695
 2291    578   502   499  1      645     -1
 2292    578   508   502  0      645   4254
 2293    499   508   578  0      645   4472
 2294    499   502   508  0      645   2849
 2295    159   254   236  0      646    988
 2296    289   236   254  0      646    938
 2297    263   216   246  0      647    676
 2298    263   273   216  0      647    954
 2299    246   273   263  0      647   2310
 2300    246   216   273  0      647   2297
 2301     58    29    26  1      648     -1
 2302     58   110    29  0      648   2082
 2303     26   110    58  0      648   1592
 2304     26    29   110  0      648   2191
 2305    289   255   159  0      649    731
 2306    289   246   255  0      649    912
 2307    159   255   246  0      649    913
 2308    357   419   393  0      650    734
 2309    489   541   514  0      651   4732
 2310    489   526   541  0      651   4576
 2311    514   526   489  0      651    810
 2312    514   541   526  1      651     -1
 2313    234   164   260  0      652   1301
 2314    234   264   164  0      652   1021
 2315    260   164   264  0      652   1250
 2316    463   422   474  0      653   4724
 2317    381   422   463  0      653    744
 2318    381   474   422  0      653    769
 2319    632   635   597  0      654   4433
 2320    632   644   635  0      654   4432
 2321    597   644   632  0      654   4703
 2322    597   635   644  0      654    680
 2323    117   196   237  1      655     -1
 2324    179   237   196  0      655    752
 2325    329   304   267  0      657   2320
 2326    329   248   304  0      657   2190
 2327    267   248   329  0      657   2246
 2328    267   304   248  0      657   2261
 2329    381   244   219  0      658    761
 2330    381   237   244  0      658    717
 2331    219   237   381  0      658    703
 2332    258   246   245  0      659    684
 2333    122   203   237  0      660    751
 2334    511   504   569  0      661   4492
 2335    511   467   504  0      661   3822
 2336    569   467   511  0      661   2736
 2337    569   504   467  0      661   4460
 2338    424   360   435  0      662   2458
 2339    424   333   360  0      662    671
 2340    435   333   424  0      662   2499
 2341    435   360   333  0      662   2342
 2342    100   176   112  0      663   2146
 2343    100   246   176  0      663   2083
 2344    580   632   598  0      664   4694
 2345    580   527   632  0      664   2708
 2346    598   527   580  0      664   4742
 2347    598   632   527  0      664   4788
 2348    449   489   554  0      665   4744
 2349    514   489   449  0      665    810
 2350    514   554   489  0      665   4732
 2351    176   246   298  0      666   2173
 2352    194   298   246  0      666    667
 2353    194   298   258  0      667    672
 2354    258   298   246  0      667    684
 2355    363   345   340  0      668    941
 2356    288   345   363  0      668    763
 2357    288   340   345  0      668    928
 2358    294   298   246  0      669   2159
 2359    294   342   298  0      669    678
 2360    246   342   294  0      669   2307
 2361    246   298   342  0      669    685
 2362    439   237   422  1      670     -1
 2363    439   381   237  0      670    703
 2364    422   381   439  0      670    744
 2365    422   237   381  0      670    717
 2366    333   349   424  0      671   2165
 2367    424   349   360  0      671   2458
 2368    228   298   258  0      672    688
 2369    258   194   228  1      672     -1
 2370    246   137   216  0      673   2300
 2371    100   216   137  0      673    945
 2372    179   219   114  1      674     -1
 2373    179   244   219  0      674    728
 2374    590   494   478  0      675   4674
 2375    590   596   494  0      675   4687
 2376    478   596   590  0      675   4677
 2377    478   494   596  0      675   4693
 2378    263   186   246  0      676    920
 2379    263   216   186  0      676    956
 2380    193   172   212  1      677     -1
 2381    229   172   193  0      677   2213
 2382    294   343   298  0      678   2451
 2383    342   343   294  0      678    699
 2384    342   298   343  0      678    698
 2385    167   261   229  0      679   2364
 2386    229   270   167  0      679   2504
 2387    229   261   270  0      679   2138
 2388    644   720   635  0      680   4432
 2389    597   720   644  0      680   4767
 2390    597   635   720  0      680   4663
 2391    580   632   489  0      682   2708
 2392    580   541   632  0      682   4739
 2393    489   541   580  0      682    748
 2394    489   632   541  0      682   4740
 2395    444   495   424  0      683   2735
 2396    444   511   495  0      683   2725
 2397    424   511   444  0      683   2734
 2398    258   298   245  0      684    687
 2399    245   298   246  0      684    685
 2400    245   298   342  0      685    686
 2401    342   281   298  0      686    711
 2402    245   298   281  0      686    687
 2403    258   281   245  1      687     -1
 2404    228   325   258  1      688     -1
 2405    228   298   325  0      688   2443
 2406    353   383   344  0      689   2334
 2407    353   428   383  0      689    722
 2408    344   428   353  0      689   2411
 2409    344   383   428  0      689   2292
 2410    394   254   244  0      690   1025
 2411    391   419   342  0      691    701
 2412    417   504   514  1      692     -1
 2413    417   449   504  0      692    720
 2414    514   504   449  0      692   4508
 2415    210   333   291  0      693   2421
 2416    291   229   210  0      693   2502
 2417    291   333   229  0      693   1678
 2418    302   394   275  0      694    718
 2419    302   244   394  0      694    789
 2420    275   394   244  0      694   1041
 2421    275   124   114  1      695     -1
 2422    275   183   124  0      695   1015
 2423    114   183   275  0      695    826
 2424    114   124   183  0      695   1047
 2425    219   439   237  0      696    703
 2426    117   439   219  1      696     -1
 2427    117   237   439  1      696     -1
 2428    644   702   779  0      697   4774
 2429    644   616   702  0      697   4645
 2430    779   616   644  0      697   4734
 2431    779   702   616  0      697   2478
 2432    342   391   343  0      698    699
 2433    342   298   391  0      698    711
 2434    343   391   298  0      698    705
 2435    590   568   478  0      700   4677
 2436    478   598   590  0      700   4674
 2437    342   391   417  0      701    709
 2438    362   304   274  0      702    712
 2439    362   267   304  0      702    894
 2440    274   267   362  0      702   2075
 2441    274   304   267  0      702   2261
 2442    219   439   381  1      703     -1
 2443    298   391   325  0      704    705
 2444    298   417   391  0      704    710
 2445    325   391   417  0      704    708
 2446    325   343   391  0      705   2434
 2447    298   343   325  0      705   2115
 2448    715   691   637  1      706     -1
 2449    715   733   691  0      706   2665
 2450    261   170   238  0      707   2523
 2451    167   170   261  0      707    723
 2452    167   238   170  0      707   2506
 2453    391   354   325  0      708   2434
 2454    391   417   354  0      708   2465
 2455    325   354   417  1      708     -1
 2456    342   391   281  0      709    711
 2457    281   391   417  0      709    710
 2458    281   391   298  0      710    711
 2459    362   426   274  0      712   1916
 2460    362   304   426  0      712   2386
 2461    274   426   304  0      712   2398
 2462    456   557   459  0      713   2637
 2463    456   440   557  0      713   3166
 2464    459   440   456  0      713   2588
 2465    459   557   440  0      713   2634
 2466    285   428   329  0      714   2384
 2467    285   426   428  0      714   2616
 2468    329   426   285  0      714   2404
 2469    329   428   426  0      714   1679
 2470    546   383   344  0      715   2292
 2471    546   553   383  0      715   2372
 2472    344   553   546  0      715   2848
 2473    344   383   553  0      715   2318
 2474    393   383   444  0      716   2340
 2475    393   344   383  0      716   2334
 2476    444   344   393  0      716    735
 2477    444   383   344  0      716   2318
 2478    422   244   381  0      717    769
 2479    394   350   302  0      718   4590
 2480    394   275   350  0      718   1040
 2481    302   350   275  1      718     -1
 2482    412   452   352  0      719   1433
 2483    412   476   452  0      719   3432
 2484    352   476   412  0      719   1493
 2485    352   452   476  0      719   1434
 2486    442   390   457  0      721   1942
 2487    457   332   442  0      721   2493
 2488    457   390   332  0      721   2433
 2489    436   428   383  0      722   2371
 2490    353   428   436  0      722   2410
 2491    188   167   170  0      723    966
 2492    188   261   167  0      723   2364
 2493    114   183    30  0      724   1047
 2494    114    16   183  0      724    973
 2495     30    16   114  0      724   1012
 2496    357   421   289  0      725    780
 2497    357   393   421  0      725    734
 2498    590   696   598  0      726   4695
 2499    590   580   696  0      726   4758
 2500    598   580   590  0      726   4644
 2501    598   696   580  0      726   4694
 2502    231   274   217  0      727   1237
 2503    231   204   274  0      727   2336
 2504    217   204   231  0      727   1663
 2505    179   122   219  0      728    753
 2506    127   249   198  0      729   1892
 2507    127   165   249  0      729   1891
 2508    198   249   165  0      729   1634
 2509    409   340   289  0      730    937
 2510    409   259   340  0      730    779
 2511    289   259   409  0      730    872
 2512    289   340   259  0      730    903
 2513    255   259   289  0      731    872
 2514    255   159   259  0      731    922
 2515    393   421   489  0      732   4688
 2516    393   419   421  0      732    734
 2517    489   419   393  0      732   2520
 2518    489   421   419  0      732    733
 2519    489   421   357  0      733    749
 2520    357   421   419  0      733    734
 2521    393   421   344  0      735    772
 2522    393   444   421  0      735   4345
 2523    344   421   444  0      735    736
 2524    344   421   553  0      736    853
 2525    553   444   344  0      736   2318
 2526    553   421   444  0      736   2402
 2527    867   950   837  0      737   4844
 2528    867   936   950  0      737   4756
 2529    837   936   867  0      737   4807
 2530    837   950   936  0      737   4846
 2531    747   837   856  0      738   4782
 2532    747   831   837  0      738   2950
 2533    856   831   747  0      738   4786
 2534    856   837   831  0      738   4813
 2535    614   611   658  0      739   4629
 2536    614   657   611  0      739   4626
 2537    658   657   614  0      739   4499
 2538    658   611   657  1      739     -1
 2539    277   337   265  0      740   1150
 2540    277   402   337  0      740   1147
 2541    265   402   277  1      740     -1
 2542    265   337   402  0      740   1023
 2543    289   345   394  0      741    942
 2544    289   254   345  0      741    940
 2545    358   462   262  0      742    845
 2546    358   371   462  0      742    811
 2547    844   926   888  0      743   3040
 2548    844   851   926  0      743   2755
 2549    888   851   844  0      743   2885
 2550    888   926   851  0      743   2839
 2551    422   463   439  1      744     -1
 2552    302   474   379  0      745    759
 2553    478   474   302  0      745    788
 2554    395   487   429  0      746    760
 2555    395   409   487  0      746   4571
 2556    429   409   395  0      746    934
 2557    671   611   589  1      747     -1
 2558    614   611   671  0      747   4626
 2559    614   589   611  0      747   4662
 2560    541   536   489  0      748   4576
 2561    541   580   536  0      748   4697
 2562    489   536   580  0      748   4707
 2563    421   494   489  0      749   4711
 2564    421   357   494  0      749   4712
 2565    499   371   394  0      750   4593
 2566    499   462   371  0      750   4458
 2567    394   462   499  0      750   4608
 2568    394   371   462  0      750    768
 2569    196   237   122  0      751    752
 2570    179   237   122  0      752    753
 2571    411   237   281  1      754     -1
 2572    281   237   357  0      754    755
 2573    281   237   203  0      755    757
 2574    201   245   237  1      756     -1
 2575    203   237   245  0      756    757
 2576    245   281   237  1      757     -1
 2577    133   170   177  0      758   2072
 2578    133   226   170  0      758   1997
 2579    177   226   133  1      758     -1
 2580    177   170   226  0      758   2549
 2581    244   302   474  0      759    789
 2582    429   566   487  0      760   4595
 2583    395   566   429  0      760   4475
 2584    395   487   566  0      760   4597
 2585    381   302   219  1      761     -1
 2586    255   195   236  0      762    925
 2587    255   259   195  0      762    865
 2588    236   259   255  0      762   1524
 2589    236   195   259  0      762    908
 2590    431   363   288  0      763   1126
 2591    431   345   363  0      763    778
 2592    367   510   412  0      764   2842
 2593    367   501   510  0      764   3395
 2594    412   510   501  0      764    776
 2595    269   347   388  0      765   1178
 2596    269   382   347  0      765   1051
 2597    388   382   269  1      765     -1
 2598    388   347   382  0      765   1200
 2599    483   500   478  0      766   4721
 2600    483   394   500  0      766   4519
 2601    478   500   394  0      766   4524
 2602    299   337   232  0      767    817
 2603    299   372   337  0      767   1079
 2604    232   337   372  0      767   1151
 2605    394   345   462  0      768    797
 2606    422   244   474  0      769    775
 2607    511   597   498  0      770   4736
 2608    511   569   597  0      770   4763
 2609    498   597   569  0      770   4615
 2610    422   474   357  0      771    775
 2611    422   411   474  0      771   4726
 2612    357   474   411  0      771   4686
 2613    393   409   344  0      772    916
 2614    344   409   421  0      772    853
 2615     11    40   115  0      773   1222
 2616     11    38    40  1      773     -1
 2617    115    40    38  0      773   1233
 2618    478   474   357  0      774   4305
 2619    478   244   474  0      774    790
 2620    357   474   244  0      774    775
 2621    412   510   450  0      776   4230
 2622    450   510   501  0      776   3662
 2623    357   423   394  0      777    794
 2624    289   423   357  0      777    780
 2625    289   394   423  0      777    944
 2626    400   345   363  0      778    832
 2627    431   345   400  0      778    847
 2628    259   340   255  0      779   1525
 2629    255   409   259  0      779    872
 2630    255   340   409  0      779    914
 2631    421   423   357  0      780    794
 2632    421   289   423  0      780    877
 2633    350   262   394  0      781   1031
 2634    335   358   431  0      782    843
 2635    262   431   358  0      782    845
 2636    242   280   217  0      783   1375
 2637    242   162   280  0      783   1825
 2638    217   280   162  0      783   1447
 2639    476   566   538  0      784   4471
 2640    476   534   566  0      784    887
 2641    538   534   476  0      784   2841
 2642    538   566   534  0      784    834
 2643    529   594   485  0      785    846
 2644    529   471   594  0      785   3708
 2645    485   471   529  0      785   1199
 2646    485   594   471  0      785   4557
 2647    423   487   462  0      786    791
 2648    423   508   487  0      786   4275
 2649    462   508   423  0      786   1118
 2650    462   487   508  0      786   4530
 2651    262   462   431  0      787    845
 2652    345   431   462  0      787    847
 2653    478   394   302  0      788   4589
 2654    478   474   394  0      788    790
 2655    302   394   474  0      788    789
 2656    474   244   394  0      789    790
 2657    462   483   487  0      791   4530
 2658    423   483   462  0      791    801
 2659    423   487   483  0      791   4585
 2660    431   508   487  0      792   4578
 2661    400   508   431  0      792    858
 2662    400   487   508  0      792   4275
 2663    421   394   423  0      793    794
 2664    421   483   394  0      793    795
 2665    423   483   421  0      793   4585
 2666    423   394   483  0      793    801
 2667    421   394   357  0      794    795
 2668    421   483   357  0      795   4712
 2669    344   405   409  0      796    875
 2670    344   380   405  0      796    979
 2671    423   462   394  0      797    801
 2672    394   345   423  0      797    943
 2673    132   171   155  0      798    803
 2674    132    21   171  0      798   1032
 2675    155    21   132  0      798   1082
 2676    155   171    21  0      798    831
 2677    730   858   699  0      799   4567
 2678    744   858   730  0      799   4347
 2679    744   699   858  0      799   4572
 2680    287   205   286  0      800   1347
 2681    286   251   287  0      800   1516
 2682    286   205   251  0      800   1111
 2683    394   483   462  0      801   4519
 2684    254   262   288  0      802    898
 2685    132   240   155  0      803    809
 2686    155   240   171  0      803    814
 2687     72   102    73  0      804    974
 2688     72    24   102  0      804   1042
 2689     73    24    72  1      804     -1
 2690     73   102    24  0      804    949
 2691    203   183   159  0      805    806
 2692    203   254   183  0      805   1016
 2693    122   183   159  0      806   1028
 2694    573   604   680  0      807   4235
 2695    645   604   573  0      807   4592
 2696    645   680   604  0      807   4584
 2697    848   855   909  0      808   4385
 2698    848   819   855  0      808   4397
 2699    909   819   848  0      808   3790
 2700    224   240   155  0      809   1122
 2701    224   132   240  0      809    816
 2702    155   132   224  0      809   1020
 2703    489   449   526  0      810   4716
 2704    358   371   398  1      811     -1
 2705    462   398   371  0      811   4469
 2706    527   632   597  0      812   4433
 2707    527   489   632  0      812   2708
 2708    597   489   527  0      812   2791
 2709    350   335   197  1      813     -1
 2710    155   257   171  0      814    829
 2711    155   240   257  0      814   1122
 2712    171   257   240  0      814   1508
 2713    132   106   118  0      815   1018
 2714    132   224   106  0      815    816
 2715    118   224   132  0      815   1020
 2716    118   106   224  0      815   1035
 2717    106   240   224  0      816   1123
 2718    106   132   240  0      816    902
 2719    235   337   232  0      817   1160
 2720    235   299   337  0      817   1152
 2721    232   299   235  0      817   1143
 2722    264   234   232  0      818   1021
 2723    264   372   234  0      818   1398
 2724    232   372   264  0      818   1069
 2725    232   234   372  0      818   1144
 2726    585   566   430  0      819    837
 2727    585   534   566  0      819   1133
 2728    430   534   585  0      819   2587
 2729    430   566   534  0      819    887
 2730    395   487   423  0      820   4571
 2731    423   487   400  0      820   4275
 2732    121   102   140  0      821    823
 2733    121    72   102  0      821    822
 2734    140    72   121  0      821    970
 2735    140   102    72  0      821    994
 2736    121    53   102  0      822   1027
 2737     72    53   121  0      822    972
 2738     72   102    53  0      822   1029
 2739    121   102   159  0      823   1039
 2740    159   140   121  0      823   1010
 2741    159   102   140  0      823    897
 2742    252   148   260  0      824   1209
 2743    252   247   148  1      824     -1
 2744    279   315   329  0      825   2229
 2745    344   315   279  0      825    958
 2746    344   329   315  0      825   2294
 2747    275   244   183  0      826    989
 2748     81   119    53  0      827   1553
 2749     81   132   119  0      827   1561
 2750     53   132    81  0      827   1556
 2751     53   119   132  0      827   1570
 2752    235   299   323  0      828   1143
 2753    235   326   299  0      828   1095
 2754    323   326   235  0      828   1505
 2755    323   299   326  0      828   1075
 2756    171   149   257  0      829   1094
 2757    155   149   171  0      829    831
 2758    155   257   149  0      829   1120
 2759    397   362   380  0      830   1443
 2760    397   452   362  0      830   2674
 2761     21   149   171  0      831   1100
 2762    155   149    21  0      831   1082
 2763    345   363   423  0      832    941
 2764    696   747   785  0      833   4781
 2765    696   692   747  0      833   4769
 2766    785   692   696  0      833   4701
 2767    785   747   692  0      833   4785
 2768    538   566   593  0      834   4448
 2769    593   534   538  0      834   2841
 2770    431   402   471  0      835   1164
 2771    431   398   402  0      835    855
 2772    471   398   431  0      835    841
 2773    471   402   398  0      835   4243
 2774    614   663   568  0      836   4648
 2775    614   590   663  0      836   4640
 2776    568   590   614  0      836   4665
 2777    430   429   566  0      837   4475
 2778    585   429   430  0      837   3812
 2779    585   566   429  0      837   4595
 2780    650   683   685  0      838   4361
 2781    650   766   683  0      838   1106
 2782    685   766   650  0      838   4280
 2783    685   683   766  0      838   4536
 2784    626   680   736  0      839   4512
 2785    626   595   680  0      839   4437
 2786    736   595   626  0      839   4350
 2787    736   680   595  0      839   4387
 2788    685   529   571  0      840   4206
 2789    631   529   685  1      840     -1
 2790    631   571   529  0      840   4231
 2791    462   471   398  0      841   4148
 2792    462   431   471  0      841   4456
 2793    178   248   231  0      842   1596
 2794    178   174   248  0      842    960
 2795    231   174   178  0      842   2221
 2796    231   248   174  0      842   2166
 2797    335   398   431  0      843    855
 2798    358   398   335  1      843     -1
 2799    171   119   235  0      844   1320
 2800    171   128   119  0      844   1459
 2801    235   128   171  0      844   1261
 2802    235   119   128  0      844   1522
 2803    485   571   594  0      846   4555
 2804    529   571   485  0      846    851
 2805    529   594   571  0      846   4206
 2806    431   462   400  0      847    858
 2807    506   496   326  0      848   4204
 2808    506   337   496  0      848   4245
 2809    326   337   506  0      848   3727
 2810    326   496   337  0      848    850
 2811    846   863   826  0      849   4250
 2812    846   885   863  0      849   4179
 2813    826   885   846  0      849   4296
 2814    326   496   485  0      850   4247
 2815    485   337   326  0      850   1163
 2816    402   571   485  0      851   4211
 2817    402   529   571  0      851   4232
 2818    485   529   402  0      851   1199
 2819    645   598   692  0      852   4650
 2820    645   573   598  0      852   4582
 2821    692   573   645  0      852   4494
 2822    692   598   573  0      852   4523
 2823    344   409   553  0      853    868
 2824    131   129   189  0      854   1547
 2825    131   200   129  0      854   1139
 2826    189   200   131  0      854   1270
 2827    189   129   200  0      854   1544
 2828    398   402   335  1      855     -1
 2829    335   402   431  0      855   1156
 2830    452   534   476  0      856   2552
 2831    452   584   534  0      856   2396
 2832    476   584   452  0      856   3818
 2833     22    40   115  0      857   1128
 2834     22    64    40  1      857     -1
 2835    115    64    22  0      857   1239
 2836    115    40    64  0      857   1222
 2837    462   508   431  0      858   4456
 2838    462   400   508  0      858   1118
 2839    610   520   605  0      859   4144
 2840    610   560   520  0      859   4150
 2841    605   560   610  0      859   3928
 2842    605   520   560  0      859   4054
 2843    613   535   534  0      860   4464
 2844    738   535   613  0      860   4486
 2845    738   534   535  0      860   4372
 2846    323   234   232  0      861   1144
 2847    232   235   323  0      861   1143
 2848    232   234   235  0      861   1214
 2849    380   340   430  0      862   1498
 2850    380   409   340  0      862    914
 2851    430   340   409  0      862    936
 2852    669   670   757  0      863   3753
 2853    669   593   670  0      863   3774
 2854    757   593   669  0      863   3860
 2855    757   670   593  0      863   1432
 2856    255   216   195  0      864    957
 2857    255   186   216  0      864    956
 2858    195   186   255  0      864    865
 2859    195   216   186  0      864    924
 2860    259   186   255  0      865    922
 2861    259   195   186  0      865    908
 2862    276   287   131  0      866   1624
 2863    276   200   287  0      866   1011
 2864    131   200   276  0      866   1358
 2865    617   429   553  0      867   4699
 2866    617   585   429  0      867   2807
 2867    553   585   617  0      867   4473
 2868    553   429   585  0      867   1256
 2869    553   429   409  0      868   3368
 2870    344   429   553  0      868   4392
 2871    344   409   429  0      868    890
 2872    604   500   573  0      869   2724
 2873    604   487   500  0      869   4520
 2874    573   487   604  0      869   4586
 2875    573   500   487  0      869   4522
 2876    159   186   100  0      870    874
 2877    159   246   186  0      870    913
 2878    360   318   348  0      871   2140
 2879    360   368   318  0      871   2139
 2880    348   368   360  0      871   2445
 2881    348   318   368  1      871     -1
 2882    289   255   409  0      872    915
 2883    586   610   619  0      873   4154
 2884    583   610   586  0      873   4168
 2885    583   619   610  0      873   3520
 2886    159   140   100  0      874    897
 2887    159   186   140  0      874   1010
 2888    344   430   409  0      875    890
 2889    579   732   612  0      876   2715
 2890    612   718   579  0      876   2383
 2891    423   409   289  0      877    937
 2892    423   421   409  0      877   4579
 2893    331   209   292  0      878   1868
 2894    331   266   209  0      878   1899
 2895    292   266   331  0      878   1903
 2896    292   209   266  0      878   1958
 2897    362   267   231  0      879   2075
 2898    362   296   267  0      879   2315
 2899    231   296   362  0      879   1721
 2900    231   267   296  0      879   2293
 2901    213   109   169  0      880   2130
 2902    213   140   109  0      880   2101
 2903    169   140   213  0      880    985
 2904    169   109   140  0      880    996
 2905    476   452   380  0      881   1434
 2906    476   405   452  0      881   4479
 2907    380   405   476  0      881   1344
 2908    434   384   359  0      882   1757
 2909    453   384   434  0      882   1657
 2910    453   359   384  0      882   1922
 2911    384   375   242  0      883   1925
 2912    384   359   375  0      883   1922
 2913    242   359   384  0      883   1698
 2914    242   375   359  0      883   1888
 2915    273   213   279  0      884   2163
 2916    273   195   213  0      884    980
 2917    279   195   273  0      884    885
 2918    279   213   195  0      884    982
 2919    273   255   195  0      885    957
 2920    279   255   273  0      885    919
 2921    279   195   255  0      885    982
 2922    936   871   960  0      886   2853
 2923    936   956   871  0      886   2941
 2924    960   956   936  1      886     -1
 2925    960   871   956  0      886   2940
 2926    430   566   476  0      887   4470
 2927    476   534   430  0      887   2829
 2928    690   596   702  0      888   4760
 2929    663   702   596  0      888   4381
 2930    214   143   173  0      889   2120
 2931    214   223   143  0      889   1902
 2932    173   223   214  0      889   2209
 2933    173   143   223  0      889   2197
 2934    429   430   409  0      890    936
 2935    344   430   429  0      890   2835
 2936    240   328   340  0      891   1267
 2937    240   363   328  0      891   1463
 2938    340   328   363  0      891   1491
 2939    367   378   397  0      892   1108
 2940    367   412   378  0      892   3377
 2941    397   412   367  0      892   1130
 2942    397   378   412  0      892   1691
 2943    218   124   197  0      893   1014
 2944    218   275   124  0      893   1015
 2945    197   275   218  0      893    999
 2946    197   124   275  1      893     -1
 2947    267   304   239  0      894   2295
 2948    239   362   267  0      894   1680
 2949    239   304   362  0      894   1692
 2950    169    72   109  0      895    996
 2951    169    53    72  0      895    972
 2952    109    53   169  0      895   1566
 2953    100   102   159  0      896    897
 2954    100    73   102  0      896    974
 2955    159   102    73  0      896    949
 2956    100   102   140  0      897    994
 2957    254   224   288  0      898    961
 2958    288   224   262  0      898   1054
 2959    140   137    46  0      899   2219
 2960    140   100   137  0      899    945
 2961     46   100   140  0      899   1000
 2962     46   137   100  0      899   2057
 2963     85    72    54  1      900     -1
 2964     85   109    72  0      900    997
 2965     54   109    85  0      900   2194
 2966    197   218   262  0      901    999
 2967    197   118   218  0      901   1014
 2968    262   118   197  0      901    947
 2969    262   218   118  0      901   1002
 2970    169   106   132  0      902   1569
 2971    259   236   340  0      903   1523
 2972    289   340   236  0      903    938
 2973    344   409   255  0      904    916
 2974    279   255   409  0      904    906
 2975    217   156   162  0      905   1296
 2976    217   205   156  0      905   1627
 2977    162   205   217  0      905   1744
 2978    162   156   205  0      905   1659
 2979    409   380   255  0      906    914
 2980    279   255   380  0      906   1489
 2981    259   186   236  0      907    908
 2982    259   159   186  0      907    922
 2983    236   186   159  0      907    950
 2984    236   195   186  0      908    950
 2985    205    69   190  0      909   1316
 2986    205    12    69  0      909   1597
 2987    190    12   205  0      909   1598
 2988    190    69    12  0      909    986
 2989    344   255   393  0      910    916
 2990    393   263   344  0      910   2306
 2991    393   255   263  0      910    917
 2992    342   255   246  0      911    912
 2993    342   263   255  0      911    917
 2994    246   263   342  0      911   2308
 2995    246   255   263  0      911    920
 2996    342   255   289  0      912    918
 2997    159   255   186  0      913    922
 2998    246   186   255  0      913    920
 2999    255   340   380  0      914   1496
 3000    409   393   255  0      915    916
 3001    289   255   393  0      915    918
 3002    393   342   263  0      917   2285
 3003    393   255   342  0      917    918
 3004    263   273   279  0      919   2313
 3005    263   255   273  0      919    954
 3006    255   263   186  0      920    956
 3007     99    70    20  0      921   2240
 3008     20    18    99  0      921   2195
 3009     20    70    18  1      921     -1
 3010    278   207   191  0      923   1187
 3011    189   207   278  0      923   1389
 3012    189   191   207  0      923   1462
 3013    195   140   186  0      924   1008
 3014    195   216   140  0      924    984
 3015    255   169   236  0      925   1520
 3016    255   195   169  0      925    981
 3017    359   365   313  0      926   1719
 3018    313   320   359  0      926   1835
 3019    206   135   157  1      927     -1
 3020    157   241   206  0      927   1427
 3021    157   135   241  0      927   1807
 3022    345   236   340  0      928    939
 3023    288   340   236  0      928   1053
 3024    215   187   151  0      929   1647
 3025    130   187   215  0      929   2102
 3026    130   151   187  0      929   2073
 3027    312   407   397  0      930   1633
 3028    312   378   407  0      930   1612
 3029    397   378   312  0      930   1474
 3030    397   407   378  0      930   1691
 3031    447   314   397  0      931   1720
 3032    447   453   314  0      931   1733
 3033    397   453   447  0      931   3541
 3034    397   314   453  0      931   1728
 3035    409   340   395  0      932    934
 3036    409   423   340  0      932    937
 3037    395   423   409  0      932   4571
 3038    395   340   423  0      932    933
 3039    395   340   363  0      933   1491
 3040    363   340   423  0      933    941
 3041    429   340   395  0      934    935
 3042    429   409   340  0      934    936
 3043    395   430   340  0      935   1497
 3044    429   430   395  0      935   4475
 3045    429   340   430  0      935    936
 3046    423   340   289  0      937    944
 3047    289   340   254  0      938    940
 3048    254   340   236  0      938    939
 3049    254   340   345  0      939    940
 3050    289   340   345  0      940    942
 3051    345   340   423  0      941    943
 3052    289   340   394  0      942    944
 3053    394   340   345  0      942    943
 3054    394   340   423  0      943    944
 3055    140   216   137  0      945    978
 3056    542   523   472  1      946     -1
 3057    472   556   542  0      946   2049
 3058    472   523   556  0      946   2557
 3059    262   160   197  0      947    992
 3060    262   118   160  0      947   1067
 3061    197   160   118  0      947   1090
 3062    402   372   364  0      948   4127
 3063    402   277   372  0      948   1147
 3064    364   277   402  1      948     -1
 3065    364   372   277  0      948   1105
 3066    159   102    24  0      949   1034
 3067    159   195   186  0      950   1009
 3068    236   195   159  0      950    987
 3069     66   143    82  0      951   2185
 3070     66    63   143  0      951   2208
 3071     82    63    66  1      951     -1
 3072     82   143    63  0      951   2233
 3073    560   586   558  0      952   3892
 3074    560   583   586  0      952   4168
 3075    558   583   560  0      952   4125
 3076     79   152   113  0      953   1318
 3077    113    52    79  0      953   1282
 3078    273   216   255  0      954    957
 3079    255   216   263  0      954    956
 3080    318   261   229  0      955   2475
 3081    318   188   261  0      955   2431
 3082    229   188   318  0      955   2467
 3083    229   261   188  0      955   2364
 3084    273   216   195  0      957    980
 3085    279   380   315  0      958   2321
 3086    344   315   380  0      958    979
 3087     80     3    68  1      959     -1
 3088     80   115     3  0      959   1455
 3089     68     3   115  0      959   1574
 3090    174   248   185  0      960   2267
 3091    185   178   174  0      960   2288
 3092    185   248   178  0      960   2322
 3093    254   224   236  0      961   1013
 3094    204   217   156  0      962   1663
 3095    105   217   204  0      962   1072
 3096    105   156   217  0      962   1296
 3097    315   248   213  0      963   2245
 3098    315   329   248  0      963   2246
 3099    213   329   315  0      963   2314
 3100    213   248   329  0      963   2266
 3101    107    35    21  0      964   1068
 3102     59    35   107  1      964     -1
 3103     59    21    35  1      964     -1
 3104    107   126    59  1      965     -1
 3105    107    11   126  0      965   1076
 3106     59   126    11  0      965   1210
 3107    188   136   170  0      966   2071
 3108    170   136   167  0      966   2506
 3109    190   231   267  0      967   1693
 3110    251   231   190  0      967   1243
 3111    251   267   231  0      967   2293
 3112     26   110     9  0      968   2191
 3113     26    91   110  0      968   2081
 3114      9    91    26  1      968     -1
 3115      9   110    91  0      968   2111
 3116    604   704   624  0      969   1135
 3117    604   626   704  0      969   4436
 3118    624   626   604  0      969   2930
 3119    624   704   626  0      969   4561
 3120     72   121   169  0      970    972
 3121    169   140    72  0      970    996
 3122    296   314   251  0      971   1629
 3123    296   312   314  0      971   1645
 3124    251   312   296  0      971   1722
 3125    251   314   312  0      971   1725
 3126    122   183   114  0      973   1017
 3127    100    72   102  0      974    994
 3128     73    72   100  0      974    998
 3129    253   208   239  0      975   1254
 3130    253   251   208  0      975   1549
 3131    239   251   253  0      975   1526
 3132    239   208   251  0      975   1324
 3133    119    69   190  0      976   1559
 3134    190   129   119  0      976   1268
 3135    190    69   129  0      976   1316
 3136    251   362   239  0      977   1680
 3137    251   380   362  0      977   1443
 3138    239   380   251  0      977   1531
 3139    239   362   380  0      977   1692
 3140    140   213   137  0      978   1681
 3141    140   216   213  0      978    984
 3142    137   213   216  0      978   2301
 3143    344   315   405  0      979   2294
 3144    405   315   380  0      979   1638
 3145    273   216   213  0      980   2302
 3146    195   213   216  0      980    984
 3147    169   213   195  0      981    985
 3148    169   255   213  0      981    983
 3149    195   213   255  0      981    982
 3150    279   213   255  0      982    983
 3151    279   169   255  0      983   1330
 3152    279   213   169  0      983   1260
 3153    195   213   140  0      984    985
 3154     99    12   190  0      986   1141
 3155     99    69    12  0      986   1097
 3156    195   159   121  0      987   1009
 3157    236   121   159  0      987   1037
 3158    236   106   254  0      988   1013
 3159    236   159   106  0      988   1037
 3160    218   183   275  0      989   1015
 3161    218   244   183  0      989   1019
 3162    275   244   218  0      989   1041
 3163    334   367   378  0      990   1471
 3164    352   378   367  0      990   1108
 3165    737   765   716  0      991   4857
 3166    737   867   765  0      991   2806
 3167    716   867   737  0      991   4824
 3168    716   765   867  0      991   4853
 3169    262   160   282  0      992   1088
 3170    197   282   160  1      992     -1
 3171     48   136    37  0      993   2155
 3172     37   141    48  0      993   2065
 3173     37   136   141  0      993   2045
 3174    100    72   140  0      994   1000
 3175    247   207   150  0      995   1328
 3176    247   142   207  0      995   1293
 3177    150   142   247  1      995     -1
 3178    150   207   142  0      995   1058
 3179    140    72   109  0      996    997
 3180    140    85   109  0      997   2222
 3181    140    72    85  0      997   1001
 3182    100    46    72  0      998   1000
 3183     73    46   100  0      998   2105
 3184     73    72    46  1      998     -1
 3185    275   218   262  0      999   1030
 3186     46    72   140  0     1000   1001
 3187     46    85   140  0     1001   2220
 3188     46    72    85  1     1001     -1
 3189    118   224   218  0     1002   1043
 3190    254   106   218  0     1003   1049
 3191    218   183   254  0     1003   1019
 3192    218   106   183  0     1003   1048
 3193    115   128   149  0     1004   1289
 3194    115   235   128  0     1004   1066
 3195    149   235   115  0     1004   1226
 3196    149   128   235  0     1004   1261
 3197    114     7     0  1     1005     -1
 3198    114    16     7  0     1005   1012
 3199      0     7    16  1     1005     -1
 3200    232   265   149  0     1006   1159
 3201    149   211   232  0     1006   1102
 3202    149   265   211  0     1006   1078
 3203    517   555   570  0     1007   3835
 3204    517   513   555  0     1007   3582
 3205    570   513   517  0     1007   1894
 3206    570   555   513  0     1007   3444
 3207    140   186   121  0     1008   1010
 3208    195   121   186  0     1008   1009
 3209    159   121   186  0     1009   1010
 3210    286   287   276  0     1011   1336
 3211    286   200   287  0     1011   1347
 3212    276   200   286  0     1011   1437
 3213     16     7    30  1     1012     -1
 3214    254   224   106  0     1013   1049
 3215    236   106   224  0     1013   1123
 3216    254   183   244  0     1016   1019
 3217    106    10   132  0     1018   1557
 3218    106   118    10  0     1018   1061
 3219    132    10   118  0     1018   1085
 3220    254   218   244  0     1019   1025
 3221    155   132   118  0     1020   1086
 3222    234   232   164  0     1021   1214
 3223    264   164   232  0     1021   1057
 3224     30   106   183  0     1022   1036
 3225    402   282   337  0     1023   1115
 3226    265   282   402  1     1023     -1
 3227    262   218   394  0     1024   1031
 3228    394   218   254  0     1024   1025
 3229    394   218   244  0     1025   1041
 3230     24   106   159  0     1026   1034
 3231    159   106    30  0     1026   1038
 3232    102   106    53  0     1027   1029
 3233    102   121   106  0     1027   1039
 3234    122   106   159  0     1028   1038
 3235    122   183   106  0     1028   1036
 3236    102   106    72  0     1029   1042
 3237     72   106    53  0     1029   1063
 3238    275   218   350  0     1030   1040
 3239    350   218   262  0     1030   1031
 3240    350   218   394  0     1031   1040
 3241    171   119    21  0     1032   1573
 3242    171   132   119  0     1032   1511
 3243     21   119   132  0     1032   1563
 3244    328   240   253  0     1033   1149
 3245    326   240   328  0     1033   1463
 3246    326   253   240  0     1033   1509
 3247    159   102   106  0     1034   1039
 3248     24   106   102  0     1034   1042
 3249    224   183   106  0     1035   1048
 3250    118   183   224  0     1035   1043
 3251     30   106   122  0     1036   1038
 3252    121   106   236  0     1037   1052
 3253    121   159   106  0     1037   1039
 3254    275   218   394  0     1040   1041
 3255     24   106    72  0     1042   1062
 3256    224   218   183  0     1043   1048
 3257    860   896   987  0     1044   1292
 3258    987   963   860  1     1044     -1
 3259    987   896   963  1     1044     -1
 3260    155   118   149  0     1045   1086
 3261    155   160   118  0     1045   1067
 3262    218   106   224  0     1048   1049
 3263    262   282   257  0     1050   1088
 3264    335   257   282  0     1050   1146
 3265    347   305   382  0     1051   1408
 3266    347   269   305  0     1051   1212
 3267    382   305   269  0     1051   1205
 3268    340   236   240  0     1053   1519
 3269    550   584   532  0     1055   3745
 3270    550   452   584  0     1055   3529
 3271    532   452   550  0     1055   3544
 3272    532   584   452  0     1055   4411
 3273    118    10    35  0     1056   1084
 3274    118     7    10  0     1056   1061
 3275     35     7   118  0     1056   1093
 3276     35    10     7  1     1056     -1
 3277    126   232   264  0     1057   1167
 3278    126   164   232  0     1057   1225
 3279    150   152   142  0     1058   1276
 3280    150   207   152  0     1058   1327
 3281     22   119    64  0     1059   1564
 3282     22   128   119  0     1059   1517
 3283     64   128    22  0     1059   1239
 3284     64   119   128  0     1059   1459
 3285     24    10   106  0     1060   1062
 3286     24     7    10  1     1060     -1
 3287    106    10     7  0     1060   1061
 3288     24    10    72  1     1062     -1
 3289     72    10   106  0     1062   1063
 3290    106    53    10  0     1063   1555
 3291     72    10    53  1     1063     -1
 3292    115     3    22  0     1064   1574
 3293    115   128     3  0     1064   1455
 3294     22   128   115  0     1064   1239
 3295     22     3   128  0     1064   1517
 3296     14     6    80  1     1065     -1
 3297     14   129     6  0     1065   1274
 3298     80   129    14  0     1065   1439
 3299     80     6   129  0     1065   1402
 3300    115   164   128  0     1066   1295
 3301    235   164   115  0     1066   1226
 3302    235   128   164  0     1066   1464
 3303     35    10   107  0     1068   1081
 3304     35    21    10  1     1068     -1
 3305    107    10    21  0     1068   1073
 3306    277   232   372  0     1069   1151
 3307    277   264   232  0     1069   1142
 3308    543   664   401  0     1070   4162
 3309    543   520   664  0     1070   1371
 3310    401   520   543  0     1070   4178
 3311    401   664   520  0     1070   3398
 3312    404   433   450  0     1071   1349
 3313    450   466   404  0     1071   1154
 3314    450   433   466  0     1071   3940
 3315    134   217   204  0     1072   1625
 3316    204   105   134  0     1072   1658
 3317     10   149   107  0     1073   1081
 3318     10    21   149  0     1073   1083
 3319     35   160   107  1     1074     -1
 3320    107   149    35  0     1074   1081
 3321    107   160   149  0     1074   1091
 3322    323   337   326  0     1075   3727
 3323    323   299   337  0     1075   1079
 3324    326   337   299  0     1075   1110
 3325    180    40    27  0     1077   1228
 3326    180    38    40  0     1077   1232
 3327     27    38   180  1     1077     -1
 3328     27    40    38  1     1077     -1
 3329    211   160   265  1     1078     -1
 3330    149   160   211  0     1078   1091
 3331    149   265   160  0     1078   1109
 3332    372   337   323  0     1079   4076
 3333    388   317   403  1     1080     -1
 3334    388   347   317  0     1080   1178
 3335    403   347   388  0     1080   1202
 3336    403   317   347  0     1080   1198
 3337     35    10   149  0     1081   1084
 3338    155   149   132  0     1082   1086
 3339    132   149    21  0     1082   1083
 3340    132    10    21  0     1083   1563
 3341    132   149    10  0     1083   1085
 3342     10   149   118  0     1084   1085
 3343    132   149   118  0     1085   1086
 3344    160   262   257  0     1087   1088
 3345    149   257   262  0     1087   1120
 3346    326   257   363  0     1089   1125
 3347    326   240   257  0     1089   1509
 3348    363   240   326  0     1089   1463
 3349    118     7   160  0     1090   1093
 3350    197   160     7  1     1090     -1
 3351    107   211   149  0     1091   1102
 3352    107   160   211  1     1091     -1
 3353    704   699   604  0     1092   4583
 3354    604   638   704  0     1092   4412
 3355    604   699   638  0     1092   4609
 3356     35     7   160  1     1093     -1
 3357    149   235   171  0     1094   1261
 3358    149   257   235  0     1094   1161
 3359    171   235   257  0     1094   1507
 3360    326   299   257  0     1095   1110
 3361    257   235   326  0     1095   1510
 3362    257   299   235  0     1095   1152
 3363    448   466   382  0     1096   1195
 3364    448   347   466  0     1096   4129
 3365    382   347   448  0     1096   1200
 3366    382   466   347  0     1096   1407
 3367     53    12    99  0     1097   1586
 3368     53    69    12  1     1097     -1
 3369    149   171    64  0     1098   1286
 3370    149    11   171  0     1098   1100
 3371     64    11   149  0     1098   1287
 3372     64   171    11  0     1098   1571
 3373     51    14    75  1     1099     -1
 3374     51   129    14  0     1099   1605
 3375     75    14   129  0     1099   1537
 3376     11   171    21  0     1100   1573
 3377    113   128    68  0     1101   1255
 3378    113   115   128  0     1101   1294
 3379    107   232   149  0     1102   1229
 3380    107   211   232  0     1102   1103
 3381    126   232   107  0     1103   1225
 3382    126   211   232  0     1103   1167
 3383    107   211   126  1     1103     -1
 3384    431   326   363  0     1104   1125
 3385    431   395   326  0     1104   4251
 3386    364   295   277  1     1105     -1
 3387    364   372   295  0     1105   1177
 3388    744   683   650  0     1106   4546
 3389    744   766   683  0     1106   4268
 3390    650   766   744  0     1106   4165
 3391    341   323   367  0     1107   1338
 3392    326   323   341  0     1107   1506
 3393    326   367   323  0     1107   1189
 3394    397   367   352  0     1108   1130
 3395    149   265   282  0     1109   1124
 3396    160   282   265  1     1109     -1
 3397    326   337   257  0     1110   1158
 3398    257   337   299  0     1110   1152
 3399    251   341   205  0     1111   1495
 3400    286   341   251  0     1111   1528
 3401    286   205   341  0     1111   1529
 3402    264   347   305  0     1112   1213
 3403    399   347   264  0     1112   1185
 3404    399   305   347  0     1112   1197
 3405    305   220   269  0     1113   1207
 3406    269   284   305  0     1113   1212
 3407    269   220   284  1     1113     -1
 3408    450   367   323  0     1114   1338
 3409    323   412   450  0     1114   4229
 3410    323   367   412  0     1114   1189
 3411    282   337   335  0     1115   1146
 3412    335   402   282  1     1115     -1
 3413    335   337   402  0     1115   1156
 3414    372   539   337  0     1116   4180
 3415    372   548   539  0     1116   3918
 3416    337   548   372  0     1116   4132
 3417    555   601   576  0     1117   3931
 3418    555   479   601  0     1117   1470
 3419    576   479   555  0     1117   3400
 3420    576   601   479  0     1117   2823
 3421    423   400   508  0     1118   4275
 3422    352   286   397  0     1119   1515
 3423    397   286   334  0     1119   1441
 3424    364   631   630  1     1121     -1
 3425    364   543   631  0     1121   3728
 3426    630   543   364  0     1121   1472
 3427    630   631   543  0     1121   4202
 3428    265   257   149  0     1124   1162
 3429    326   257   431  0     1125   1158
 3430    431   257   363  0     1125   1126
 3431    548   539   619  0     1127   3846
 3432    548   506   539  0     1127   3918
 3433    619   506   548  0     1127   3668
 3434    619   539   506  0     1127   4233
 3435    115    68    40  0     1128   1215
 3436     22    68   115  0     1128   1574
 3437     22    40    68  1     1128     -1
 3438     20    45   123  0     1129   2241
 3439     20    57    45  1     1129     -1
 3440    123    57    20  0     1129   2187
 3441    123    45    57  0     1129   1582
 3442    352   412   367  0     1130   1453
 3443    397   412   352  0     1130   1433
 3444    614   671   678  0     1131   4658
 3445    678   716   614  0     1131   4288
 3446    678   671   716  1     1131     -1
 3447    642   584   713  0     1132   1484
 3448    642   668   584  0     1132   1482
 3449    713   668   642  0     1132   3369
 3450    713   584   668  0     1132   1478
 3451    613   566   585  0     1133   1134
 3452    738   566   585  0     1134   3823
 3453    738   613   566  0     1134   4514
 3454    624   615   704  0     1135   4564
 3455    604   615   624  0     1135   4553
 3456    604   704   615  0     1135   4412
 3457    645   771   724  0     1136   4450
 3458    785   771   645  0     1136   4647
 3459    785   724   771  0     1136   4413
 3460    571   539   602  0     1137   4265
 3461    602   548   571  0     1137   3724
 3462    602   539   548  0     1137   3846
 3463    910   800   858  0     1138   2861
 3464    910   874   800  0     1138   4378
 3465    858   874   910  0     1138   4342
 3466    858   800   874  0     1138   4384
 3467    205   129   131  0     1139   1607
 3468    205   200   129  0     1139   1544
 3469    548   529   364  0     1140   4149
 3470    548   631   529  0     1140   4231
 3471    364   631   548  0     1140   3728
 3472    364   529   631  1     1140     -1
 3473     99    12   156  0     1141   1589
 3474    190   156    12  0     1141   1660
 3475    277   264   211  0     1142   1217
 3476    211   264   232  0     1142   1167
 3477    520   509   466  0     1145   4238
 3478    520   404   509  0     1145   4153
 3479    466   404   520  0     1145   3986
 3480    466   509   404  0     1145   1154
 3481    335   257   337  0     1146   1157
 3482    372   337   277  0     1147   1151
 3483    372   402   337  0     1147   4132
 3484     99   190   109  0     1148   2122
 3485    109    53    99  0     1148   1628
 3486    109   190    53  0     1148   1565
 3487    240   239   328  0     1149   1267
 3488    240   253   239  0     1149   1254
 3489    328   239   253  0     1149   1526
 3490    265   232   337  0     1150   1159
 3491    277   337   232  0     1150   1151
 3492    257   337   235  0     1152   1161
 3493    501   509   450  0     1153   4201
 3494    501   558   509  0     1153   4219
 3495    450   558   501  0     1153   3939
 3496    450   509   558  0     1153   4237
 3497    466   509   450  0     1154   4237
 3498    337   539   402  0     1155   4210
 3499    402   571   337  0     1155   4248
 3500    402   539   571  0     1155   4211
 3501    335   337   431  0     1156   1157
 3502    431   337   402  0     1156   1164
 3503    431   257   337  0     1157   1158
 3504    326   337   431  0     1158   1163
 3505    265   149   337  0     1159   1162
 3506    232   337   149  0     1159   1160
 3507    149   235   337  0     1160   1161
 3508    232   235   149  0     1160   1227
 3509    257   337   149  0     1161   1162
 3510    485   337   431  0     1163   1166
 3511    431   326   485  0     1163   4247
 3512    431   337   471  0     1164   1166
 3513    471   337   402  0     1164   1165
 3514    402   485   337  0     1165   4210
 3515    471   485   402  0     1165   1199
 3516    471   337   485  0     1165   1166
 3517    431   485   471  0     1166   4509
 3518    211   264   126  0     1167   1218
 3519    190   208   239  0     1168   1324
 3520    239   169   190  0     1168   2198
 3521    239   208   169  0     1168   1535
 3522    821   825   836  0     1169   4093
 3523    821   719   825  0     1169   4092
 3524    836   719   821  0     1169   4214
 3525    836   825   719  0     1169   3681
 3526    326   341   253  0     1170   1506
 3527    352   253   341  0     1170   1551
 3528    308   309   377  0     1171   2399
 3529    308   243   309  0     1171   2069
 3530    377   243   308  0     1171   1935
 3531    377   309   243  0     1171   1964
 3532     14    69    81  1     1172     -1
 3533     81    69   119  0     1172   1553
 3534    688   520   664  0     1173   3398
 3535    560   520   688  0     1173   4101
 3536    560   664   520  0     1173   1371
 3537    278   300   339  0     1174   1423
 3538    278   207   300  0     1174   1279
 3539    339   207   278  0     1174   1300
 3540    339   300   207  0     1174   1339
 3541    372   399   295  0     1175   1177
 3542    295   399   264  0     1175   1176
 3543    264   364   399  0     1176   1185
 3544    295   364   264  0     1176   1220
 3545    295   399   364  0     1176   1177
 3546    372   399   364  0     1177   4145
 3547    269   317   388  1     1178     -1
 3548    269   347   317  0     1178   1201
 3549    780   746   674  0     1179   4084
 3550    674   746   710  0     1179   4118
 3551    180    40   164  0     1180   1235
 3552    180   148    40  0     1180   1228
 3553    264   220   260  0     1181   1245
 3554    260   220   305  0     1181   1207
 3555    240   208   171  0     1182   1534
 3556    240   169   208  0     1182   1535
 3557    687   619   670  0     1183   4117
 3558    687   586   619  0     1183   4154
 3559    670   586   687  0     1183   3930
 3560    670   619   586  0     1183   4022
 3561    821   764   760  0     1184   4034
 3562    821   850   764  0     1184   3983
 3563    760   850   821  0     1184   3091
 3564    780   695   815  0     1186   3352
 3565    780   795   695  0     1186   4066
 3566    815   795   780  0     1186   4058
 3567    815   695   795  0     1186   4088
 3568    207   191   234  0     1187   1350
 3569    234   278   207  0     1187   1388
 3570    234   191   278  0     1187   1281
 3571     40   148    27  0     1188   1228
 3572     40    50   148  0     1188   1263
 3573     27    50    40  1     1188     -1
 3574     27   148    50  1     1188     -1
 3575    412   326   367  0     1189   1453
 3576    323   326   412  0     1189   4228
 3577    828   820   840  0     1190   3996
 3578    828   983   820  0     1190   3694
 3579    840   983   828  0     1190   1298
 3580    840   820   983  0     1190   3824
 3581     27   148   180  0     1191   1228
 3582     27   202   148  1     1191     -1
 3583    180   202    27  0     1191   1208
 3584    260   376   247  0     1192   1299
 3585    260   355   376  0     1192   1409
 3586    674   610   687  0     1193   4223
 3587    674   710   610  0     1193   4166
 3588    687   710   674  0     1193   4226
 3589    577   584   550  0     1194   3745
 3590    550   584   668  0     1194   1482
 3591    445   466   382  0     1195   1406
 3592    445   448   466  0     1195   3394
 3593    382   448   445  1     1195     -1
 3594    414   479   376  0     1196   1244
 3595    414   445   479  0     1196   1206
 3596    376   445   414  1     1196     -1
 3597    376   479   445  0     1196   1356
 3598    347   404   305  0     1197   1396
 3599    399   404   347  0     1197   1372
 3600    347   401   317  0     1198   1223
 3601    403   401   347  0     1198   1202
 3602    403   317   401  1     1198     -1
 3603    448   388   347  0     1200   4185
 3604    382   388   448  1     1200     -1
 3605    284   317   269  1     1201     -1
 3606    284   347   317  0     1201   1211
 3607    269   347   284  0     1201   1212
 3608    403   401   388  0     1202   4126
 3609    758   677   712  0     1203   3445
 3610    758   790   677  0     1203   3313
 3611    712   677   790  0     1203   3243
 3612    372   404   355  0     1204   1399
 3613    323   355   404  0     1204   1280
 3614    252   269   382  1     1205     -1
 3615    414   475   479  0     1206   1357
 3616    445   475   414  1     1206     -1
 3617    445   479   475  0     1206   1392
 3618    284   202    27  1     1208     -1
 3619    284   180   202  0     1208   1241
 3620     27   180   284  1     1208     -1
 3621    260   202   148  0     1209   1249
 3622    252   202   260  0     1209   1238
 3623    252   148   202  1     1209     -1
 3624    126    38    59  1     1210     -1
 3625     59    38    11  1     1210     -1
 3626    317   222   347  0     1211   1223
 3627    317   284   222  1     1211     -1
 3628    305   347   284  0     1212   1213
 3629    232   164   235  0     1214   1227
 3630     40    89    68  1     1215     -1
 3631     40   115    89  0     1215   1248
 3632    339   336   376  0     1216   1341
 3633    247   376   336  1     1216     -1
 3634    277   180   211  1     1217     -1
 3635    211   180   264  0     1217   1218
 3636    211   180   126  1     1218     -1
 3637    295   222   277  1     1219     -1
 3638    295   264   222  0     1219   1220
 3639    364   222   295  1     1220     -1
 3640    284   220   222  0     1221   1242
 3641    264   222   220  0     1221   1246
 3642     64    11    40  1     1222     -1
 3643    115    11    64  0     1222   1288
 3644    317   222   401  1     1223     -1
 3645    401   222   347  0     1223   1224
 3646    401   222   364  1     1224     -1
 3647    107   164   232  0     1225   1229
 3648    149   164   115  0     1226   1230
 3649    149   235   164  0     1226   1227
 3650    232   164   149  0     1227   1229
 3651    107   164   149  0     1229   1230
 3652     52    89   115  0     1231   1248
 3653     52   113    89  0     1231   1282
 3654    115   113    52  0     1231   1302
 3655    126    40   180  0     1232   1235
 3656    126    38    40  0     1232   1233
 3657    180    38   126  1     1232     -1
 3658    115    40   126  0     1233   1234
 3659    126   164    40  0     1234   1235
 3660    712   677   743  0     1236   3445
 3661    743   609   712  0     1236   3959
 3662    743   677   609  0     1236   3452
 3663    274   296   231  0     1237   1721
 3664    274   217   296  0     1237   1739
 3665    231   296   217  0     1237   1743
 3666    260   220   202  0     1238   1245
 3667    252   202   220  1     1238     -1
 3668    115    64   128  0     1239   1288
 3669     34   143    82  0     1240   2233
 3670     34   158   143  0     1240   2287
 3671     82   143   158  0     1240   1666
 3672    284   222   202  0     1241   1242
 3673    180   222   284  1     1241     -1
 3674    180   202   222  0     1241   1247
 3675    220   202   284  1     1242     -1
 3676    220   222   202  0     1242   1246
 3677    251   231   156  0     1243   1741
 3678    387   479   376  0     1244   1359
 3679    376   414   387  1     1244     -1
 3680    264   202   260  0     1245   1249
 3681    264   220   202  0     1245   1246
 3682    264   222   202  0     1246   1247
 3683     52    89    40  1     1248     -1
 3684     40   115    52  0     1248   1264
 3685    264   148   260  0     1249   1250
 3686    260   164   148  0     1250   1307
 3687    152   108   142  0     1251   1276
 3688    105    99   123  0     1252   1622
 3689     55   123    99  0     1252   2074
 3690    285   248   204  0     1253   2347
 3691    285   274   248  0     1253   2324
 3692    204   274   285  0     1253   2323
 3693    204   248   274  0     1253   2336
 3694    253   208   240  0     1254   1534
 3695    240   208   239  0     1254   1535
 3696    113    80    68  0     1255   1284
 3697    553   535   585  0     1256   4473
 3698    553   429   535  0     1256   4392
 3699    585   535   429  0     1256   3812
 3700    113   129   131  0     1257   1545
 3701    131    51   113  0     1257   1317
 3702    131   129    51  0     1257   1591
 3703    241   161   276  0     1258   1792
 3704    241   152   161  0     1258   1297
 3705    276   152   241  0     1258   1795
 3706    276   161   152  0     1258   1788
 3707    524   537   458  0     1259   3162
 3708    524   531   537  0     1259   1767
 3709    458   531   524  0     1259   1593
 3710    458   537   531  0     1259   3179
 3711    213   239   279  0     1260   2327
 3712    213   169   239  0     1260   2282
 3713    279   239   169  0     1260   1330
 3714    149   128   171  0     1261   1286
 3715    142    52    84  0     1262   1311
 3716    142    50    52  0     1262   1265
 3717     84    50   142  1     1262     -1
 3718     84    52    50  1     1262     -1
 3719    148    52    50  0     1263   1265
 3720    148    40    52  0     1263   1264
 3721     50    52    40  1     1263     -1
 3722    115    52   148  0     1264   1266
 3723    142   148    52  0     1265   1266
 3724     50   148   142  1     1265     -1
 3725    115   142   148  0     1266   1305
 3726    115    52   142  0     1266   1304
 3727    240   239   340  0     1267   1519
 3728    190   129   208  0     1268   1291
 3729    951   893   802  0     1269   3641
 3730    951   841   893  0     1269   3648
 3731    802   841   951  0     1269   3509
 3732    802   893   841  0     1269   3640
 3733    152   200   131  0     1270   1358
 3734    152   189   200  0     1270   1313
 3735    131   189   152  0     1270   1547
 3736    131    51    79  0     1271   1810
 3737    131   152    51  0     1271   1317
 3738     79    51   152  0     1271   1318
 3739    152   153   150  0     1272   1275
 3740    152   108   153  0     1272   1325
 3741    150   108   152  0     1272   1276
 3742    150   153   108  1     1272     -1
 3743    129   119   128  0     1273   1576
 3744    128   191   129  0     1273   1438
 3745    129     6   119  0     1274   1576
 3746    153   199   152  0     1275   1793
 3747    153   150   199  1     1275     -1
 3748    152   199   150  0     1275   1327
 3749    150   108   142  1     1276     -1
 3750     99    90    12  0     1277   1589
 3751     12    55    99  0     1277   1617
 3752     12    90    55  1     1277     -1
 3753    355   341   433  0     1278   1452
 3754    355   311   341  0     1278   1422
 3755    433   311   355  0     1278   1435
 3756    433   341   311  0     1278   1381
 3757    200   278   207  0     1279   1389
 3758    200   300   278  0     1279   1421
 3759    323   355   450  0     1280   1458
 3760    450   355   404  0     1280   1349
 3761    235   191   278  0     1281   1490
 3762    113    89    79  0     1282   1285
 3763     52    79    89  1     1282     -1
 3764    108   101    33  0     1283   1821
 3765    131   101   108  0     1283   1806
 3766    131    33   101  0     1283   1538
 3767     80    68    79  1     1284     -1
 3768    113    79    68  0     1284   1285
 3769     68    89    79  1     1285     -1
 3770    149   128    64  0     1286   1287
 3771     64   128   171  0     1286   1459
 3772     11   128    64  0     1287   1288
 3773     11   149   128  0     1287   1289
 3774     11   128   115  0     1288   1289
 3775    189   152   207  0     1290   1313
 3776    189   113   152  0     1290   1546
 3777    207   113   189  0     1290   1462
 3778    205   190   129  0     1291   1316
 3779    205   208   190  0     1291   1460
 3780    892   896   987  1     1292     -1
 3781    892   860   896  0     1292   4060
 3782    987   860   892  1     1292     -1
 3783    260   207   247  0     1293   1337
 3784    260   142   207  0     1293   1308
 3785    115   207   113  0     1294   1302
 3786    115   128   207  0     1294   1295
 3787    113   207   128  0     1294   1530
 3788    164   207   115  0     1295   1306
 3789    164   128   207  0     1295   1521
 3790    105   156   162  0     1296   1608
 3791    152   161   131  0     1297   1787
 3792    131   241   152  0     1297   1795
 3793    131   161   241  0     1297   1784
 3794    840   870   828  0     1298   3382
 3795    840   983   870  0     1298   2899
 3796    828   870   983  0     1298   3748
 3797    247   382   376  1     1299     -1
 3798    260   376   382  0     1299   1409
 3799    207   278   247  0     1300   1337
 3800    247   339   207  0     1300   1340
 3801    234   207   260  0     1301   1388
 3802    234   164   207  0     1301   1350
 3803    260   207   164  0     1301   1307
 3804    115   207    52  0     1302   1304
 3805     52   207   113  0     1302   1303
 3806     52   207   142  0     1303   1304
 3807    115   207   142  0     1304   1305
 3808    115   207   148  0     1305   1306
 3809    148   207   142  0     1305   1308
 3810    148   164   207  0     1306   1307
 3811    260   207   148  0     1307   1308
 3812    162    93   131  0     1309   1816
 3813    162    25    93  0     1309   1602
 3814    131    25   162  0     1309   1632
 3815    131    93    25  0     1309   1621
 3816     41   177   151  0     1310   2103
 3817     41   130   177  1     1310     -1
 3818    151   177   130  0     1310   2516
 3819    142    47    84  1     1311     -1
 3820     84    47    52  1     1311     -1
 3821    787   877   854  0     1312   2685
 3822    990   877   787  1     1312     -1
 3823    990   854   877  0     1312   3190
 3824    189   200   207  0     1313   1389
 3825    207   200   152  0     1313   1387
 3826    618   601   712  0     1314   3802
 3827    712   555   618  0     1314   3958
 3828    712   601   555  0     1314   3466
 3829    320   497   327  0     1315   3370
 3830    320   437   497  0     1315   1713
 3831    327   437   320  0     1315   1368
 3832    327   497   437  0     1315   3298
 3833    129   205    69  0     1316   1584
 3834    113   152    51  0     1317   1318
 3835    131   152   113  0     1317   1545
 3836     79    51   113  0     1318   1319
 3837     79    51    75  1     1319     -1
 3838    235   208   119  0     1320   1522
 3839    171   208   235  0     1320   1383
 3840    128   208   235  0     1321   1522
 3841    235   191   128  0     1321   1464
 3842    235   208   191  0     1321   1514
 3843    283   336   370  1     1322     -1
 3844    370   339   283  0     1322   1346
 3845    370   336   339  0     1322   1366
 3846    370   346   324  1     1323     -1
 3847    370   320   346  0     1323   1348
 3848    324   320   370  0     1323   1345
 3849    324   346   320  0     1323   1751
 3850    251   190   208  0     1324   1460
 3851    108   153   131  0     1325   1781
 3852    131   153   152  0     1325   1787
 3853    247   199   207  0     1326   1328
 3854    247   152   199  0     1326   1352
 3855    207   152   247  0     1326   1340
 3856    207   199   152  0     1326   1327
 3857    207   199   150  0     1327   1328
 3858    247   199   150  1     1328     -1
 3859    352   412   328  0     1329   1493
 3860    326   412   352  0     1329   1453
 3861    326   328   412  0     1329   4258
 3862    169   255   239  0     1330   1520
 3863    279   239   255  0     1330   1489
 3864    557   579   655  0     1331   2607
 3865    655   612   557  0     1331   2731
 3866    655   579   612  0     1331   2715
 3867    287   306   300  0     1332   1726
 3868    287   276   306  0     1332   1449
 3869    300   276   287  0     1332   1336
 3870    300   306   276  0     1332   1735
 3871    334   287   300  0     1333   1445
 3872    334   311   287  0     1333   1334
 3873    300   311   334  0     1333   1415
 3874    300   287   311  0     1333   1444
 3875    286   287   334  0     1334   1355
 3876    286   311   287  0     1334   1444
 3877    441   479   339  0     1335   3307
 3878    441   414   479  0     1335   1357
 3879    339   414   441  0     1335   1364
 3880    286   287   300  0     1336   1444
 3881    300   276   286  0     1336   1440
 3882    260   207   278  0     1337   1388
 3883    450   341   323  0     1338   1458
 3884    450   367   341  0     1338   1414
 3885    339   276   207  0     1339   1413
 3886    339   300   276  0     1339   1799
 3887    207   152   339  0     1340   1413
 3888    247   339   152  0     1340   1352
 3889    336   387   339  0     1341   1367
 3890    336   376   387  1     1341     -1
 3891    339   387   376  0     1341   1359
 3892    200   311   189  0     1342   1543
 3893    200   278   311  0     1342   1421
 3894    189   278   200  0     1342   1389
 3895    251   208   205  0     1343   1460
 3896    251   191   208  0     1343   1548
 3897    205   191   251  0     1343   1495
 3898    380   430   476  0     1344   1500
 3899    405   476   430  0     1344   2829
 3900    320   339   324  0     1345   1791
 3901    320   370   339  0     1345   1382
 3902    324   339   370  0     1345   1346
 3903    324   339   283  0     1346   1789
 3904    283   370   324  1     1346     -1
 3905    200   205   286  0     1347   1540
 3906    464   346   370  0     1348   1756
 3907    464   320   346  0     1348   1419
 3908    450   355   433  0     1349   1452
 3909    164   207   191  0     1350   1521
 3910    312   365   361  0     1351   1716
 3911    361   365   306  0     1351   1763
 3912    152   199   339  0     1352   1417
 3913    280   241   320  0     1353   1827
 3914    280   276   241  0     1353   1363
 3915    320   276   280  0     1353   1750
 3916    320   241   276  0     1353   1800
 3917    341   191   235  0     1354   1490
 3918    341   253   191  0     1354   1552
 3919    235   253   341  0     1354   1504
 3920    235   191   253  0     1354   1514
 3921    287   312   286  0     1355   1516
 3922    287   334   312  0     1355   1436
 3923    286   312   334  0     1355   1441
 3924    445   466   479  0     1356   1393
 3925    376   466   445  0     1356   1405
 3926    376   479   466  0     1356   1404
 3927    475   441   414  1     1357     -1
 3928    475   479   441  0     1357   3801
 3929    152   276   131  0     1358   1795
 3930    152   200   276  0     1358   1387
 3931    339   479   376  0     1359   1376
 3932    474   611   518  0     1360   4667
 3933    474   614   611  0     1360   4661
 3934    518   614   474  0     1360   4632
 3935    518   611   614  0     1360   4339
 3936    455   425   492  0     1361   3516
 3937    415   425   455  0     1361   2642
 3938    415   492   425  0     1361   3506
 3939    954   854   937  0     1362   3277
 3940    954   990   854  0     1362   3075
 3941    937   990   954  1     1362     -1
 3942    937   854   990  0     1362   3190
 3943    276   241   131  0     1363   1795
 3944    131   280   276  0     1363   1624
 3945    131   241   280  0     1363   1796
 3946    387   441   339  0     1364   1367
 3947    387   414   441  1     1364     -1
 3948    214   316   297  0     1365   2332
 3949    271   297   316  0     1365   2351
 3950    370   441   339  0     1366   3471
 3951    370   336   441  1     1366     -1
 3952    339   441   336  0     1366   1367
 3953    336   387   441  1     1367     -1
 3954    327   293   320  0     1368   1369
 3955    327   437   293  0     1368   1370
 3956    320   293   437  0     1368   1829
 3957    327   293   319  1     1369     -1
 3958    396   293   327  1     1370     -1
 3959    560   543   520  0     1371   3226
 3960    560   664   543  0     1371   4199
 3961    404   466   399  0     1372   3986
 3962    404   347   466  0     1372   1397
 3963    399   466   347  0     1372   4102
 3964    576   610   682  0     1373   4167
 3965    682   710   576  0     1373   3927
 3966    682   610   710  0     1373   4166
 3967    752   799   760  0     1374   1468
 3968    752   764   799  0     1374   3841
 3969    760   764   752  0     1374   3995
 3970    296   280   217  0     1375   1447
 3971    296   242   280  0     1375   1752
 3972    217   242   296  0     1375   1740
 3973    339   479   355  0     1376   1430
 3974    376   355   479  0     1376   1404
 3975    241   346   321  0     1377   1418
 3976    241   320   346  0     1377   1751
 3977    321   320   241  0     1377   1765
 3978    682   601   712  0     1378   3466
 3979    682   706   601  0     1378   4120
 3980    712   706   682  0     1378   2826
 3981    712   601   706  0     1378   1420
 3982    397   522   547  0     1379   3795
 3983    397   545   522  0     1379   3473
 3984    547   545   397  0     1379   2845
 3985    547   522   545  0     1379   3862
 3986    634   564   622  0     1380   3419
 3987    634   629   564  0     1380   3524
 3988    622   629   634  0     1380   3357
 3989    622   564   629  0     1380   3536
 3990    311   479   341  0     1381   3913
 3991    433   479   311  0     1381   1435
 3992    433   341   479  0     1381   3969
 3993    339   361   370  0     1382   1774
 3994    235   253   208  0     1383   1514
 3995    171   253   235  0     1383   1507
 3996    171   208   253  0     1383   1534
 3997    464   507   451  0     1384   1772
 3998    464   533   507  0     1384   3242
 3999    451   533   464  0     1384   3467
 4000    551   490   530  1     1385     -1
 4001    512   490   551  0     1385   2798
 4002    512   530   490  0     1385   1695
 4003    264   355   404  0     1386   1399
 4004    404   355   305  0     1386   1396
 4005    207   276   152  0     1387   1413
 4006    234   278   260  0     1388   1391
 4007    593   510   476  0     1390   3806
 4008    593   452   510  0     1390   3815
 4009    476   452   593  0     1390   3818
 4010    476   510   452  0     1390   3432
 4011    475   470   479  0     1392   1428
 4012    445   470   475  1     1392     -1
 4013    445   479   470  0     1392   1393
 4014    470   466   479  0     1393   3240
 4015    445   466   470  0     1393   3411
 4016    276   311   200  0     1394   1437
 4017    276   300   311  0     1394   1440
 4018    200   311   300  0     1394   1421
 4019    382   355   260  0     1395   1409
 4020    382   305   355  0     1395   1408
 4021    305   347   355  0     1396   1408
 4022    404   355   347  0     1396   1397
 4023    347   466   355  0     1397   1407
 4024    372   355   264  0     1398   1399
 4025    314   280   312  0     1400   1450
 4026    314   287   280  0     1400   1732
 4027    312   287   314  0     1400   1645
 4028    312   280   287  0     1400   1746
 4029     75    14    80  1     1401     -1
 4030     75   113    14  0     1401   1537
 4031     80    14   113  0     1401   1439
 4032    129   128     6  0     1402   1576
 4033     80     6   128  0     1402   1554
 4034    466   479   355  0     1403   1404
 4035    433   479   466  0     1403   3938
 4036    433   355   479  0     1403   1435
 4037    376   355   466  0     1404   1405
 4038    376   355   445  0     1405   1410
 4039    445   355   466  0     1405   1406
 4040    466   382   355  0     1406   1407
 4041    445   355   382  0     1406   1410
 4042    382   355   347  0     1407   1408
 4043    382   355   376  0     1409   1410
 4044    382   445   376  1     1410     -1
 4045    679   767   627  0     1411   3172
 4046    679   667   767  0     1411   3285
 4047    627   667   679  0     1411   2330
 4048    544   492   428  0     1412   3458
 4049    544   455   492  0     1412   3565
 4050    428   492   455  0     1412   1706
 4051    152   339   276  0     1413   1417
 4052    450   367   433  0     1414   3972
 4053    433   341   450  0     1414   1452
 4054    433   367   341  0     1414   3968
 4055    361   311   334  0     1415   1475
 4056    361   300   311  0     1415   1424
 4057    334   300   361  0     1415   1445
 4058    339   276   283  0     1416   1790
 4059    339   199   276  0     1416   1417
 4060    283   276   199  0     1416   1794
 4061    199   276   152  0     1417   1788
 4062    324   346   321  1     1418     -1
 4063    324   241   346  0     1418   1751
 4064    321   241   324  0     1418   1775
 4065    327   464   320  0     1419   3370
 4066    712   601   768  0     1420   3802
 4067    768   706   712  0     1420   3914
 4068    768   601   706  0     1420   3911
 4069    278   311   300  0     1421   1423
 4070    278   341   355  0     1422   1451
 4071    278   311   341  0     1422   1503
 4072    355   311   278  0     1422   1431
 4073    278   311   339  0     1423   1431
 4074    339   311   300  0     1423   1424
 4075    339   311   361  0     1424   1429
 4076    274   248   231  0     1425   2336
 4077    274   267   248  0     1425   2261
 4078    231   267   274  0     1425   2075
 4079    231   248   267  0     1425   1596
 4080    434   507   437  0     1426   3463
 4081    437   562   434  0     1426   3244
 4082    437   507   562  0     1426   3422
 4083    161   206   157  1     1427     -1
 4084    161   241   206  0     1427   1782
 4085    157   241   161  0     1427   1784
 4086    479   505   470  0     1428   3240
 4087    479   475   505  0     1428   4139
 4088    470   505   475  1     1428     -1
 4089    339   311   479  0     1429   1430
 4090    479   361   339  0     1429   3457
 4091    479   311   361  0     1429   3839
 4092    479   355   311  0     1430   1435
 4093    339   311   355  0     1430   1431
 4094    757   670   602  0     1432   3547
 4095    602   593   757  0     1432   4289
 4096    602   670   593  0     1432   3706
 4097    397   412   452  0     1433   3673
 4098    352   380   476  0     1434   1494
 4099    334   312   361  0     1436   1454
 4100    361   287   334  0     1436   1445
 4101    276   311   286  0     1437   1440
 4102    200   286   311  0     1437   1542
 4103    113   191   129  0     1438   1512
 4104    128   191   113  0     1438   1530
 4105    113   129    14  0     1439   1537
 4106    311   286   300  0     1440   1444
 4107    286   312   397  0     1441   1502
 4108    397   312   334  0     1441   1474
 4109    549   562   591  0     1442   3482
 4110    549   654   562  0     1442   3429
 4111    591   654   549  0     1442   1758
 4112    591   562   654  0     1442   1773
 4113    397   362   251  0     1443   1486
 4114    361   287   300  0     1445   1726
 4115    311   286   341  0     1446   1541
 4116    352   341   286  0     1446   1528
 4117    296   280   162  0     1447   1473
 4118    162   217   296  0     1447   1744
 4119    313   280   320  0     1448   1832
 4120    320   280   306  0     1448   1750
 4121    306   280   276  0     1449   1750
 4122    306   287   280  0     1449   1746
 4123    276   280   287  0     1449   1624
 4124    312   306   280  0     1450   1746
 4125    278   341   323  0     1451   1456
 4126    323   341   355  0     1451   1458
 4127    355   341   450  0     1452   1458
 4128    312   378   334  0     1454   1474
 4129    312   361   378  0     1454   1716
 4130    334   378   361  0     1454   1475
 4131     80   128     3  0     1455   1554
 4132    278   341   235  0     1456   1490
 4133    235   341   323  0     1456   1504
 4134    175   272   209  0     1457   1933
 4135    266   272   175  0     1457   1804
 4136    266   209   272  0     1457   1958
 4137     64   119   171  0     1459   1571
 4138    109   185   213  0     1461   2101
 4139    109   178   185  0     1461   2263
 4140    213   178   109  0     1461   2130
 4141    213   185   178  0     1461   2322
 4142    189   191   113  0     1462   1512
 4143    113   191   207  0     1462   1530
 4144    164   191   128  0     1464   1521
 4145    812   798   776  0     1465   4415
 4146    718   798   812  0     1465   4394
 4147    718   776   798  0     1465   4634
 4148    848   750   738  0     1466   4414
 4149    848   757   750  0     1466   4261
 4150    738   750   757  0     1466   4515
 4151    935   894   942  1     1467     -1
 4152    935   864   894  0     1467   3722
 4153    942   864   935  0     1467   3716
 4154    850   752   799  0     1468   3338
 4155    760   752   850  0     1468   3091
 4156    460   544   436  0     1469   2631
 4157    460   459   544  0     1469   2812
 4158    436   459   460  0     1469   2578
 4159    436   544   459  0     1469   2819
 4160    479   601   441  0     1470   3801
 4161    441   555   479  0     1470   3833
 4162    441   601   555  0     1470   3832
 4163    367   378   311  0     1471   3309
 4164    311   378   334  0     1471   1475
 4165    364   401   543  0     1472   4130
 4166    630   401   364  1     1472     -1
 4167    630   543   401  0     1472   4162
 4168    296   280   287  0     1473   1732
 4169    287   162   296  0     1473   1745
 4170    287   280   162  0     1473   1705
 4171    361   311   378  0     1475   2844
 4172    436   579   546  0     1476   1715
 4173    436   428   579  0     1476   2815
 4174    546   428   436  0     1476   2371
 4175    546   579   428  0     1476   2794
 4176    428   532   362  0     1477   1818
 4177    428   426   532  0     1477   3533
 4178    362   426   428  0     1477   1679
 4179    362   532   426  0     1477   3492
 4180    713   731   668  0     1478   3540
 4181    713   584   731  0     1478   3813
 4182    625   584   532  0     1479   4439
 4183    532   577   625  0     1479   1707
 4184    532   584   577  0     1479   3745
 4185    724   641   573  0     1480   4273
 4186    645   641   724  0     1480   4444
 4187    645   573   641  0     1480   4494
 4188    753   584   625  0     1481   4485
 4189    753   731   584  0     1481   1483
 4190    625   731   753  0     1481   2847
 4191    550   584   642  0     1482   1484
 4192    613   584   753  0     1483   2177
 4193    613   731   584  0     1483   3876
 4194    753   731   613  0     1483   2850
 4195    550   584   713  0     1484   3816
 4196    713   642   550  0     1484   3189
 4197    103   187   145  0     1485   2047
 4198    103   120   187  0     1485   1626
 4199    145   120   103  1     1485     -1
 4200    145   187   120  0     1485   1954
 4201    397   296   251  0     1486   1629
 4202    397   362   296  0     1486   1630
 4203    251   296   362  0     1486   2315
 4204     17   127     4  0     1487   1812
 4205     17   165   127  0     1487   1817
 4206      4   165    17  0     1487   1842
 4207      4   127   165  0     1487   1986
 4208    750   736   748  0     1488   4531
 4209    750   769   736  0     1488   2944
 4210    748   769   750  0     1488   4308
 4211    748   736   769  0     1488   4503
 4212    279   239   380  0     1489   2321
 4213    380   239   255  0     1489   1496
 4214    278   341   191  0     1490   1503
 4215    395   340   328  0     1491   1497
 4216    412   328   395  0     1492   4259
 4217    412   476   328  0     1492   1493
 4218    395   476   412  0     1492   4239
 4219    395   328   476  0     1492   1499
 4220    352   476   328  0     1493   1494
 4221    380   328   352  0     1494   1532
 4222    380   476   328  0     1494   1500
 4223    205   191   341  0     1495   1529
 4224    341   191   251  0     1495   1536
 4225    255   340   239  0     1496   1525
 4226    430   328   395  0     1497   1499
 4227    430   340   328  0     1497   1498
 4228    380   328   430  0     1498   1500
 4229    430   476   395  0     1499   4470
 4230    430   328   476  0     1499   1500
 4231    225   175   272  0     1501   1655
 4232    230   175   225  1     1501     -1
 4233    230   272   175  0     1501   1933
 4234    286   251   397  0     1502   1515
 4235    286   312   251  0     1502   1516
 4236    397   251   312  0     1502   1725
 4237    341   191   311  0     1503   1541
 4238    341   323   253  0     1504   1506
 4239    235   253   323  0     1504   1505
 4240    235   253   326  0     1505   1510
 4241    326   253   323  0     1505   1506
 4242    171   253   257  0     1507   1508
 4243    257   253   235  0     1507   1510
 4244    257   240   253  0     1508   1509
 4245    171   253   240  0     1508   1534
 4246    326   253   257  0     1509   1510
 4247    132   119   169  0     1511   1569
 4248    189   129   113  0     1512   1546
 4249    105    87    28  0     1513   1671
 4250    105    77    87  0     1513   1601
 4251     28    77   105  0     1513   2064
 4252     28    87    77  1     1513     -1
 4253    191   253   208  0     1514   1552
 4254    352   286   251  0     1515   1528
 4255    287   312   251  0     1516   1722
 4256    128   119     3  0     1517   1575
 4257     22     3   119  0     1517   1560
 4258    240   239   169  0     1518   1535
 4259    240   236   239  0     1518   1519
 4260    169   239   236  0     1518   1520
 4261    236   239   340  0     1519   1523
 4262    255   239   236  0     1520   1524
 4263    128   207   191  0     1521   1530
 4264    340   259   239  0     1523   1525
 4265    236   239   259  0     1523   1524
 4266    255   239   259  0     1524   1525
 4267    239   251   328  0     1526   1531
 4268    328   251   253  0     1526   1527
 4269    328   251   352  0     1527   1532
 4270    352   251   253  0     1527   1549
 4271    341   251   352  0     1528   1536
 4272    205   191   286  0     1529   1540
 4273    286   191   341  0     1529   1541
 4274    380   251   328  0     1531   1532
 4275     88   130   120  0     1533   1929
 4276     88    42   130  0     1533   2090
 4277    120    42    88  0     1533   1957
 4278    120   130    42  1     1533     -1
 4279    341   191   352  0     1536   1550
 4280    352   191   251  0     1536   1548
 4281    131    33   135  0     1538   1845
 4282    189   191   200  0     1539   1543
 4283    200   205   189  0     1539   1544
 4284    200   191   205  0     1539   1540
 4285    200   191   286  0     1540   1542
 4286    286   191   311  0     1541   1542
 4287    200   191   311  0     1542   1543
 4288    131   152   129  0     1545   1547
 4289    113   129   152  0     1545   1546
 4290    152   189   129  0     1546   1547
 4291    352   208   251  0     1548   1549
 4292    352   191   208  0     1548   1550
 4293    352   208   253  0     1549   1551
 4294    341   208   352  0     1550   1551
 4295    341   191   208  0     1550   1552
 4296    341   208   253  0     1551   1552
 4297     81    69    53  1     1553     -1
 4298     53    69   119  0     1553   1559
 4299    128     3     6  0     1554   1575
 4300     80     6     3  1     1554     -1
 4301     10    81    53  1     1555     -1
 4302     10   106    81  0     1555   1557
 4303     53    81   106  0     1555   1556
 4304    132   106    53  0     1556   1570
 4305    132    81   106  0     1556   1557
 4306    132    81    10  0     1557   1561
 4307    287   162   131  0     1558   1705
 4308    287   205   162  0     1558   1745
 4309    131   162   205  0     1558   1632
 4310    190   119    53  0     1559   1565
 4311     22     6   119  0     1560   1577
 4312     22     3     6  1     1560     -1
 4313    119     6     3  0     1560   1575
 4314    132   119    10  0     1561   1563
 4315     10   119    81  0     1561   1562
 4316     81    21   119  0     1562   1578
 4317     10    21    81  1     1562     -1
 4318     10   119    21  0     1562   1563
 4319     64    21   119  0     1564   1572
 4320     22    21    64  1     1564     -1
 4321     22   119    21  0     1564   1577
 4322    109   119    53  0     1565   1566
 4323    109   190   119  0     1565   1567
 4324     53   169   119  0     1566   1568
 4325    109   119   169  0     1566   1567
 4326     53   106   119  0     1568   1570
 4327    169   119   106  0     1568   1569
 4328    106   132   119  0     1569   1570
 4329    171    11   119  0     1571   1573
 4330     64   119    11  0     1571   1572
 4331     21    11    64  1     1572     -1
 4332     21   119    11  0     1572   1573
 4333     68     3    22  1     1574     -1
 4334    119     6   128  0     1575   1576
 4335     22     6    21  1     1577     -1
 4336     21     6   119  0     1577   1578
 4337     21     6    81  1     1578     -1
 4338     95   125   127  0     1579   1594
 4339     95   272   125  0     1579   1976
 4340    127   272    95  0     1579   1907
 4341    127   125   272  0     1579   1651
 4342    129     8    14  0     1580   1604
 4343    129    69     8  0     1580   1584
 4344     14     8    69  1     1580     -1
 4345    137    34    46  0     1581   2164
 4346    137   110    34  0     1581   2210
 4347     46   110   137  0     1581   2057
 4348     46    34   110  0     1581   2211
 4349     45   144   123  0     1582   2228
 4350     45    57   144  0     1582   2066
 4351    123   144    57  0     1582   2153
 4352    127   249   293  0     1583   1891
 4353    293   116   127  0     1583   1853
 4354    293   249   116  1     1583     -1
 4355    205     8   129  0     1584   1606
 4356    205    69     8  0     1584   1597
 4357    359   280   313  0     1585   1753
 4358    359   314   280  0     1585   1618
 4359    313   314   359  0     1585   1719
 4360     12    18    53  1     1586     -1
 4361     12    99    18  0     1586   1617
 4362     53    18    99  0     1586   1628
 4363    105    57   123  0     1587   2144
 4364    105   134    57  0     1587   2237
 4365    123   134   105  0     1587   1658
 4366    123    57   134  0     1587   2153
 4367    361   306   320  0     1588   1763
 4368    361   300   306  0     1588   1726
 4369    320   306   300  0     1588   1735
 4370     90    12   156  0     1589   1650
 4371     53    18    54  1     1590     -1
 4372     53   109    18  0     1590   1628
 4373     54    18   109  0     1590   1614
 4374    131    25    51  0     1591   1811
 4375    131   129    25  0     1591   1607
 4376     51    25   129  0     1591   1605
 4377     46   110    58  0     1592   2211
 4378     46    26   110  0     1592   2121
 4379     58    26    46  1     1592     -1
 4380    458   531   416  0     1593   3214
 4381    416   531   524  0     1593   1867
 4382    138   125   127  0     1594   1651
 4383    138    95   125  0     1594   2026
 4384    127    95   138  0     1594   2015
 4385    353   297   291  0     1595   2335
 4386    353   316   297  0     1595   2511
 4387    291   316   353  0     1595   2420
 4388    291   297   316  0     1595   2332
 4389    178   267   231  0     1596   1693
 4390     69     8    12  1     1597     -1
 4391     12     8   205  0     1597   1598
 4392     12     8   190  0     1598   1660
 4393    190     8   205  0     1598   1649
 4394    397   407   447  0     1599   1720
 4395    397   452   407  0     1599   3765
 4396    447   452   397  0     1599   3503
 4397    447   407   452  0     1599   3945
 4398    434   507   453  0     1600   3348
 4399    434   451   507  0     1600   3463
 4400     77    87    67  1     1601     -1
 4401     67    87   105  0     1601   1661
 4402     25    87   162  0     1602   1615
 4403     25    93    87  1     1602     -1
 4404    694   854   767  0     1603   3279
 4405    694   762   854  0     1603   3273
 4406    767   762   694  0     1603   3272
 4407    767   854   762  0     1603   1749
 4408      8    25   129  0     1604   1606
 4409      8    14    25  1     1604     -1
 4410    129    25    14  0     1604   1605
 4411     51    25    14  1     1605     -1
 4412      8    25   205  0     1606   1610
 4413    205    25   129  0     1606   1607
 4414    205    25   131  0     1607   1632
 4415    105    90   162  0     1608   1670
 4416    177     1    41  1     1609     -1
 4417     41    37   177  0     1609   2134
 4418     41     1    37  1     1609     -1
 4419      8   162   205  0     1610   1659
 4420      8    25   162  0     1610   1615
 4421    205   162    25  0     1610   1632
 4422    338   374   308  0     1611   2640
 4423    338   268   374  0     1611   2611
 4424    308   268   338  0     1611   2601
 4425    308   374   268  0     1611   2555
 4426    407   312   314  0     1612   1633
 4427     66   136    49  0     1613   2206
 4428     66    19   136  0     1613   2143
 4429     49    19    66  1     1613     -1
 4430     49   136    19  0     1613   2154
 4431     54    18    70  1     1614     -1
 4432      8    87   162  0     1615   1668
 4433     25    87     8  1     1615     -1
 4434    185   174   109  0     1616   2123
 4435    185    70   174  0     1616   2249
 4436    109    70   185  0     1616   2269
 4437    109   174    70  0     1616   1688
 4438     55    18    12  1     1617     -1
 4439     55    99    18  0     1617   2226
 4440    314   280   296  0     1618   1732
 4441    296   359   314  0     1618   1731
 4442    296   280   359  0     1618   1752
 4443    650   750   697  0     1619   4271
 4444    650   719   750  0     1619   3849
 4445    697   719   650  0     1619   3678
 4446    697   750   719  0     1619   4313
 4447    187   151   120  0     1620   2073
 4448    187    88   151  0     1620   2278
 4449    120    88   187  0     1620   1626
 4450    120   151    88  0     1620   1929
 4451     25    33    93  1     1621     -1
 4452    131    33    25  0     1621   1811
 4453    131    93    33  0     1621   1848
 4454     99   123   156  0     1622   2248
 4455     93   111    67  0     1623   1951
 4456     93   162   111  0     1623   1968
 4457     67   111   162  0     1623   1965
 4458    131   280   287  0     1624   1705
 4459    221   134   217  0     1625   1662
 4460    204   134   221  0     1625   2275
 4461     88   187   103  0     1626   1664
 4462    103   120    88  0     1626   1957
 4463    217   251   156  0     1627   1742
 4464    205   251   217  0     1627   1718
 4465    397   314   251  0     1629   1725
 4466    397   296   314  0     1629   1630
 4467    362   314   397  0     1630   1728
 4468    362   296   314  0     1630   1727
 4469     63   143   173  0     1631   1797
 4470     63    49   143  0     1631   2208
 4471    173    49    63  0     1631   2019
 4472    173   143    49  0     1631   2205
 4473    312   314   397  0     1633   1725
 4474    397   314   407  0     1633   1720
 4475    198   249   293  0     1634   1896
 4476    293   165   198  0     1634   1815
 4477    293   249   165  0     1634   1891
 4478    225   272   146  0     1635   1906
 4479    225   168   272  0     1635   1820
 4480    146   168   225  1     1635     -1
 4481    146   272   168  0     1635   1898
 4482    105    74   134  0     1636   2237
 4483     76    74   105  0     1636   2238
 4484     76   134    74  0     1636   2050
 4485    105   162    67  0     1637   1661
 4486     67   162   134  0     1637   1965
 4487    380   362   315  0     1638   2325
 4488    405   315   362  0     1638   1673
 4489     28    90   105  0     1639   1670
 4490     55    90    28  1     1639     -1
 4491    342   353   294  0     1640   2307
 4492    342   444   353  0     1640   2303
 4493    459   385   356  0     1641   2650
 4494    356   460   459  0     1641   2579
 4495    356   385   460  0     1641   2179
 4496    314   365   447  0     1642   1748
 4497    447   407   314  0     1642   1720
 4498    168   249   301  1     1643     -1
 4499    168   272   249  0     1643   1898
 4500    301   272   168  0     1643   1820
 4501    301   249   272  0     1643   1882
 4502    139   166   145  0     1644   1838
 4503    139   243   166  0     1644   1967
 4504    145   243   139  0     1644   2613
 4505    145   166   243  0     1644   1974
 4506    296   287   314  0     1645   1732
 4507    312   287   296  0     1645   1722
 4508    561   521   643  1     1646     -1
 4509    561   627   521  0     1646   3128
 4510    643   627   561  0     1646   3218
 4511    643   521   627  0     1646   3239
 4512    187   173   215  0     1647   2060
 4513    187   151   173  0     1647   2055
 4514    954   792   854  0     1648   3334
 4515    813   792   954  0     1648   3292
 4516    813   854   792  0     1648   3223
 4517      8   156   190  0     1649   1660
 4518      8   205   156  0     1649   1659
 4519      8    12   156  0     1650   1660
 4520     90    12     8  1     1650     -1
 4521    138   272   127  0     1651   1875
 4522    138   125   272  0     1651   1823
 4523    406   386   481  0     1652   2381
 4524    481   373   406  0     1652   2554
 4525    481   386   373  0     1652   2653
 4526    446   525   392  0     1653   3015
 4527    446   375   525  0     1653   2395
 4528    392   375   446  0     1653   1955
 4529    392   525   375  0     1653   3155
 4530    266   437   420  0     1654   1921
 4531    266   384   437  0     1654   1761
 4532    420   384   266  0     1654   1862
 4533    420   437   384  0     1654   1734
 4534    175   125   225  0     1655   1970
 4535    175   272   125  0     1655   1823
 4536    225   125   272  0     1655   1976
 4537    451   365   361  0     1656   1770
 4538    361   407   451  0     1656   3469
 4539    434   375   384  0     1657   1914
 4540    434   453   375  0     1657   1714
 4541    384   375   453  0     1657   1922
 4542    123   134   204  0     1658   2201
 4543     87   105   162  0     1661   1671
 4544    221   134   162  0     1662   2028
 4545    156   231   217  0     1663   1743
 4546    156   204   231  0     1663   2268
 4547    139   187   103  0     1664   2047
 4548    139    88   187  0     1664   2279
 4549    103    88   139  0     1664   2000
 4550    309   386   187  0     1665   2658
 4551    309   268   386  0     1665   2594
 4552    187   268   309  0     1665   2394
 4553     82   143   136  0     1666   2185
 4554    136   158    82  0     1666   2128
 4555    136   143   158  0     1666   2077
 4556    366   385   271  0     1667   2529
 4557    366   413   385  0     1667   2534
 4558    271   385   413  0     1667   2473
 4559     90    87   162  0     1668   1669
 4560      8    87    90  1     1668     -1
 4561     28   162    90  0     1669   1670
 4562     28    87   162  0     1669   1671
 4563     90    87    28  1     1669     -1
 4564     28   162   105  0     1670   1671
 4565    242   375   266  0     1672   1925
 4566    242   331   375  0     1672   1972
 4567    266   331   242  0     1672   1919
 4568    315   329   405  0     1673   2294
 4569    405   329   362  0     1673   2379
 4570    413   369   360  0     1674   2430
 4571    413   270   369  0     1674   2183
 4572    360   270   413  0     1674   2481
 4573    360   369   270  0     1674   2373
 4574    324   206   283  1     1675     -1
 4575    324   241   206  0     1675   1775
 4576    283   241   324  0     1675   1789
 4577    283   206   241  0     1675   1782
 4578    185   192   214  0     1676   2343
 4579    185   174   192  0     1676   2305
 4580    214   174   185  0     1676   2267
 4581    214   192   174  0     1676   2078
 4582    137   192   213  0     1677   2301
 4583    137   185   192  0     1677   2063
 4584    213   185   137  0     1677   1681
 4585    291   360   229  0     1678   2500
 4586    291   333   360  0     1678   2480
 4587    329   428   362  0     1679   1818
 4588    362   426   329  0     1679   2386
 4589    251   362   267  0     1680   2315
 4590    213   185   140  0     1681   2101
 4591    140   185   137  0     1681   2251
 4592    565   691   656  0     1682   2688
 4593    565   637   691  0     1682   2521
 4594    656   637   565  0     1682   2720
 4595    356   338   223  0     1683   2524
 4596    356   307   338  0     1683   2531
 4597    223   307   356  0     1683   2563
 4598    223   338   307  0     1683   2602
 4599    540   516   592  0     1684   2558
 4600    540   639   516  0     1684   3043
 4601    592   639   540  0     1684   2825
 4602    592   516   639  0     1684   2051
 4603    313   365   314  0     1685   1719
 4604    182   111   127  0     1686   2022
 4605    127   111   165  0     1686   1986
 4606    221   375   308  0     1687   1988
 4607    392   375   221  0     1687   1866
 4608    109   174    99  0     1688   2123
 4609     99   174    70  0     1688   2048
 4610    921   840   962  0     1689   3384
 4611    921   919   840  0     1689   3268
 4612    962   919   921  1     1689     -1
 4613    962   840   919  0     1689   3391
 4614    447   365   359  0     1690   1748
 4615    378   412   407  0     1691   3770
 4616    397   407   412  0     1691   3967
 4617    239   304   380  0     1692   2200
 4618    380   304   362  0     1692   2325
 4619    178   267   190  0     1693   2199
 4620    521   524   561  0     1694   3128
 4621    521   446   524  0     1694   1911
 4622    561   446   521  0     1694   3181
 4623    561   524   446  0     1694   3247
 4624    512   530   446  0     1695   3174
 4625    446   490   512  0     1695   1709
 4626    446   530   490  0     1695   2827
 4627    752   670   760  0     1696   3847
 4628    752   757   670  0     1696   3753
 4629    760   757   752  0     1696   3670
 4630    760   670   757  0     1696   3910
 4631    582   707   576  0     1697   3906
 4632    582   682   707  0     1697   3820
 4633    576   682   582  0     1697   3497
 4634    576   707   682  0     1697   3698
 4635    242   359   266  0     1698   1834
 4636    266   384   242  0     1698   1925
 4637    266   359   384  0     1698   1761
 4638    530   561   622  0     1699   3197
 4639    530   446   561  0     1699   3181
 4640    622   446   530  0     1699   3174
 4641    622   561   446  0     1699   3247
 4642    882   829   964  0     1700   3294
 4643    882   857   829  0     1700   3322
 4644    964   857   882  0     1700   3110
 4645    437   464   365  0     1701   1730
 4646    320   464   437  0     1701   1713
 4647    320   365   464  0     1701   1771
 4648    309   268   377  0     1702   2399
 4649    309   322   268  0     1702   2596
 4650    377   322   309  0     1702   1978
 4651    377   268   322  0     1702   2589
 4652    713   781   681  0     1703   3891
 4653    713   828   781  0     1703   3505
 4654    681   828   713  0     1703   3496
 4655    681   781   828  0     1703   3880
 4656    639   516   557  0     1704   2051
 4657    639   528   516  0     1704   3042
 4658    557   528   639  0     1704   2585
 4659    557   516   528  0     1704   2624
 4660    131   280   162  0     1705   1796
 4661    428   492   426  0     1706   3533
 4662    426   455   428  0     1706   2408
 4663    625   492   577  0     1707   3501
 4664    532   492   625  0     1707   3192
 4665    532   577   492  0     1707   3367
 4666    243   227   331  0     1708   2018
 4667    243   308   227  0     1708   1937
 4668    331   308   243  0     1708   1935
 4669    331   227   308  0     1708   1863
 4670    490   512   377  0     1709   1923
 4671    377   446   490  0     1709   1947
 4672    377   512   446  0     1709   2329
 4673    546   579   498  0     1710   1715
 4674    482   516   468  0     1711   2636
 4675    482   454   516  0     1711   2525
 4676    468   454   482  1     1711     -1
 4677    468   516   454  0     1711   2483
 4678    639   794   844  0     1712   2856
 4679    774   794   639  0     1712   2866
 4680    774   844   794  0     1712   2894
 4681    464   497   320  0     1713   3370
 4682    453   525   434  0     1714   3543
 4683    453   375   525  0     1714   3155
 4684    434   525   375  0     1714   2395
 4685    436   498   546  0     1715   2750
 4686    359   296   274  0     1717   1737
 4687    359   242   296  0     1717   1752
 4688    274   242   359  0     1717   1724
 4689    274   296   242  0     1717   1738
 4690    251   217   296  0     1718   1742
 4691    205   296   217  0     1718   1744
 4692    314   359   365  0     1719   1748
 4693    274   362   231  0     1721   2075
 4694    274   296   362  0     1721   1736
 4695    392   221   359  0     1723   1866
 4696    274   359   221  0     1723   1724
 4697    221   242   359  0     1724   1888
 4698    274   242   221  0     1724   1738
 4699    296   314   453  0     1727   1731
 4700    453   362   296  0     1727   1736
 4701    453   314   362  0     1727   1728
 4702    397   362   453  0     1728   2684
 4703    896   817   780  0     1729   3923
 4704    896   860   817  0     1729   3475
 4705    780   860   896  0     1729   4061
 4706    780   817   860  0     1729   4062
 4707    464   451   437  0     1730   1772
 4708    464   365   451  0     1730   1770
 4709    359   314   453  0     1731   1733
 4710    453   296   359  0     1731   1737
 4711    447   359   314  0     1733   1748
 4712    434   437   384  0     1734   1757
 4713    384   420   434  0     1734   1914
 4714    320   276   300  0     1735   1800
 4715    320   306   276  0     1735   1750
 4716    274   453   362  0     1736   1916
 4717    274   296   453  0     1736   1737
 4718    242   221   296  0     1738   1740
 4719    274   296   221  0     1738   1739
 4720    217   296   221  0     1739   1740
 4721    231   296   251  0     1741   2293
 4722    231   156   296  0     1741   1743
 4723    251   296   156  0     1741   1742
 4724    217   296   156  0     1742   1743
 4725    205   296   162  0     1744   1745
 4726    743   647   745  0     1747   3413
 4727    743   811   647  0     1747   3371
 4728    745   647   811  1     1747     -1
 4729    767   854   792  0     1749   3143
 4730    792   762   767  0     1749   3178
 4731    792   854   762  0     1749   3223
 4732    324   241   320  0     1751   1791
 4733    242   280   359  0     1752   1753
 4734    242   280   313  0     1753   1828
 4735    313   359   242  0     1753   1833
 4736     17   127   104  0     1754   1759
 4737     17    94   127  0     1754   1812
 4738    104    94    17  0     1754   1809
 4739    135   165   131  0     1755   1846
 4740    131   241   135  0     1755   1807
 4741    131   165   241  0     1755   1801
 4742    469   346   370  1     1756     -1
 4743    469   464   346  0     1756   3424
 4744    370   464   469  0     1756   3456
 4745    384   359   437  0     1757   1761
 4746    549   627   654  0     1758   3152
 4747    591   654   627  0     1758   3067
 4748    135   127   104  0     1759   1803
 4749    135    17   127  0     1759   1817
 4750    104    17   135  0     1759   1785
 4751    320   437   266  0     1760   1830
 4752    266   359   320  0     1760   1836
 4753    266   437   359  0     1760   1761
 4754    772   841   828  0     1762   3609
 4755    772   870   841  0     1762   3607
 4756    828   841   870  0     1762   3693
 4757    361   365   320  0     1763   1771
 4758    927   841   869  0     1764   3601
 4759    857   869   841  0     1764   3284
 4760    319   241   321  0     1765   1780
 4761    266   227   331  0     1766   1919
 4762    266   163   227  0     1766   1966
 4763    331   163   266  0     1766   1899
 4764    331   227   163  0     1766   2002
 4765    599   537   524  0     1767   2671
 4766    599   531   537  0     1767   3097
 4767    524   531   599  0     1767   3215
 4768    721   654   705  0     1768   3303
 4769    721   679   654  0     1768   3269
 4770    705   679   721  0     1768   3154
 4771    705   654   679  0     1768   3121
 4772    447   533   451  0     1769   3946
 4773    447   609   533  0     1769   3951
 4774    451   609   447  0     1769   1777
 4775    451   533   609  0     1769   3433
 4776    464   365   361  0     1770   1771
 4777    361   451   464  0     1770   3468
 4778    437   507   451  0     1772   3463
 4779    654   647   562  0     1773   3479
 4780    591   647   654  0     1773   3414
 4781    591   562   647  0     1773   3363
 4782    339   464   370  0     1774   2898
 4783    321   206   324  1     1775     -1
 4784    321   241   206  0     1775   1783
 4785    588   562   497  0     1776   3416
 4786    570   562   588  0     1776   2843
 4787    570   497   562  0     1776   3460
 4788    453   609   447  0     1777   3241
 4789    453   451   609  0     1777   3433
 4790    588   562   618  0     1778   2843
 4791    588   647   562  0     1778   3363
 4792    618   647   588  1     1778     -1
 4793    618   562   647  0     1778   3478
 4794    497   507   533  0     1779   3242
 4795    497   562   507  0     1779   3422
 4796    533   562   497  0     1779   3410
 4797    533   507   562  0     1779   3229
 4798    293   321   319  1     1780     -1
 4799    293   241   321  0     1780   1783
 4800    108   161   131  0     1781   1806
 4801    108   153   161  1     1781     -1
 4802    131   161   153  0     1781   1787
 4803    283   161   241  0     1782   1792
 4804    283   206   161  1     1782     -1
 4805    241   206   293  0     1783   1802
 4806    293   206   321  1     1783     -1
 4807    131   157   241  0     1784   1807
 4808    131   161   157  0     1784   1805
 4809    135    56    17  0     1785   1844
 4810    104    56   135  1     1785     -1
 4811    104    17    56  0     1785   1809
 4812    162   198   280  0     1786   1825
 4813    162   165   198  0     1786   1839
 4814    153   152   161  0     1787   1793
 4815    276   161   199  0     1788   1794
 4816    199   161   152  0     1788   1793
 4817    324   339   241  0     1789   1791
 4818    283   241   339  0     1789   1790
 4819    339   276   241  0     1790   1799
 4820    283   241   276  0     1790   1792
 4821    320   339   241  0     1791   1798
 4822    283   161   276  0     1792   1794
 4823    199   161   153  1     1793     -1
 4824    283   161   199  1     1794     -1
 4825    131   241   162  0     1796   1801
 4826     63   143   151  0     1797   2096
 4827    151   173    63  0     1797   2091
 4828    151   143   173  0     1797   2242
 4829    320   300   241  0     1798   1800
 4830    339   241   300  0     1798   1799
 4831    300   276   241  0     1799   1800
 4832    131   165   162  0     1801   1816
 4833    206   293   165  0     1802   1852
 4834    241   165   293  0     1802   1815
 4835    104   116   127  0     1803   1870
 4836    135   116   104  1     1803     -1
 4837    135   127   116  0     1803   1850
 4838    175   138   272  0     1804   1823
 4839    266   138   175  0     1804   1904
 4840    157   101   161  1     1805     -1
 4841    131   161   101  0     1805   1806
 4842    108   161   101  1     1806     -1
 4843    482   516   481  0     1808   2623
 4844    482   540   516  0     1808   2636
 4845    481   540   482  1     1808     -1
 4846    481   516   540  0     1808   2580
 4847     56    94    17  1     1809     -1
 4848    104    94    56  1     1809     -1
 4849     51    33   131  0     1810   1811
 4850     51    79    33  1     1810     -1
 4851     51    33    25  1     1811     -1
 4852      4    17    94  1     1812     -1
 4853     47    33   101  0     1813   1821
 4854     47    96    33  1     1813     -1
 4855    101    96    47  1     1813     -1
 4856     32    86    65  1     1814     -1
 4857     65   163    32  0     1814   2008
 4858     65    86   163  0     1814   1979
 4859    241   198   293  0     1815   1826
 4860    131   165    93  0     1816   1847
 4861    165   127   135  0     1817   1849
 4862    135    17   165  0     1817   1846
 4863    428   532   329  0     1818   2831
 4864    329   532   362  0     1818   2379
 4865    303   330   225  1     1819     -1
 4866    225   168   301  0     1820   1873
 4867     47   108   101  1     1821     -1
 4868     47    33   108  0     1821   1822
 4869     47    33    79  1     1822     -1
 4870    138   125   175  0     1823   1987
 4871    301   408   330  0     1824   1851
 4872    272   408   301  0     1824   1869
 4873    272   330   408  0     1824   1864
 4874    162   198   242  0     1825   1840
 4875    242   198   280  0     1825   1828
 4876    320   198   293  0     1826   1829
 4877    320   241   198  0     1826   1827
 4878    280   198   320  0     1827   1832
 4879    242   198   313  0     1828   1833
 4880    313   198   280  0     1828   1832
 4881    293   437   198  0     1829   1831
 4882    320   198   437  0     1829   1830
 4883    320   198   266  0     1830   1836
 4884    266   198   437  0     1830   1831
 4885    266   293   437  0     1831   1886
 4886    266   198   293  0     1831   1896
 4887    313   198   320  0     1832   1835
 4888    359   198   313  0     1833   1835
 4889    359   242   198  0     1833   1834
 4890    242   198   266  0     1834   1837
 4891    266   198   359  0     1834   1836
 4892    320   359   198  0     1835   1836
 4893    242   182   266  0     1837   1996
 4894    242   198   182  0     1837   1840
 4895    139    65   145  0     1838   1856
 4896    162   182   198  0     1839   1840
 4897    162   182   242  0     1840   2032
 4898    266   249   198  0     1841   1896
 4899    266   272   249  0     1841   1885
 4900    198   249   272  0     1841   1892
 4901      4    93    17  1     1842     -1
 4902    165    17    93  0     1842   1847
 4903    135    17    96  0     1843   1844
 4904    135    33    17  0     1843   1845
 4905     96    17    33  1     1843     -1
 4906     96    56    17  1     1844     -1
 4907    135    56    96  1     1844     -1
 4908     33    17   131  0     1845   1848
 4909    131    17   135  0     1845   1846
 4910    131    17   165  0     1846   1847
 4911    131    17    93  0     1847   1848
 4912     93    33    17  1     1848     -1
 4913    165   127   206  0     1849   1852
 4914    206   127   135  0     1849   1850
 4915    206   116   135  1     1850     -1
 4916    206   127   116  0     1850   1853
 4917    351   330   301  0     1851   1865
 4918    351   408   330  0     1851   1926
 4919    301   408   351  1     1851     -1
 4920    165   127   293  0     1852   1891
 4921    293   127   206  0     1852   1853
 4922    293   116   206  1     1853     -1
 4923    182   127   272  0     1854   1875
 4924    198   272   127  0     1854   1892
 4925    166    65    67  0     1855   2024
 4926     67    44   166  0     1855   2010
 4927     67    65    44  1     1855     -1
 4928     44    65   145  0     1856   2043
 4929    145   139    44  0     1856   2046
 4930    111    32    67  0     1857   2006
 4931    111    65    32  0     1857   2008
 4932     67    65   111  0     1857   2024
 4933     67    32    65  1     1857     -1
 4934    731   689   797  0     1858   3890
 4935    731   752   689  0     1858   3689
 4936    797   752   731  0     1858   3525
 4937    797   689   752  0     1858   3894
 4938    377   512   440  0     1859   1939
 4939    377   425   512  0     1859   2329
 4940    440   425   377  0     1859   2610
 4941    440   512   425  0     1859   1962
 4942    763   666   540  0     1860   2837
 4943    763   862   666  0     1860   2598
 4944    540   862   763  0     1860   3065
 4945    540   666   862  1     1860     -1
 4946    392   375   453  0     1861   3155
 4947    392   359   375  0     1861   1866
 4948    453   375   359  0     1861   1922
 4949    420   384   375  0     1862   1914
 4950    266   375   384  0     1862   1925
 4951    331   227   375  0     1863   1972
 4952    375   308   331  0     1863   1940
 4953    375   227   308  0     1863   1988
 4954    416   330   408  0     1864   1926
 4955    416   272   330  0     1864   1918
 4956    408   272   416  0     1864   3253
 4957    351   303   301  1     1865     -1
 4958    351   330   303  1     1865     -1
 4959    221   359   375  0     1866   1888
 4960    416   531   521  1     1867     -1
 4961    521   524   416  0     1867   1911
 4962    521   531   524  0     1867   3215
 4963    250   209   292  1     1868     -1
 4964    250   331   209  0     1868   1989
 4965    292   331   250  0     1868   1983
 4966    396   408   301  1     1869     -1
 4967    396   272   408  0     1869   1887
 4968    301   272   396  0     1869   1882
 4969    116    95   104  0     1870   1879
 4970    116   127    95  0     1870   1876
 4971     95   146    31  0     1871   1878
 4972     95    39   146  0     1871   1877
 4973     31    39    95  1     1871     -1
 4974     31   146    39  1     1871     -1
 4975    437   480   396  0     1872   1874
 4976    437   408   480  0     1872   1884
 4977    396   408   437  0     1872   1887
 4978    396   480   408  1     1872     -1
 4979    303   168   301  1     1873     -1
 4980    225   168   303  1     1873     -1
 4981    432   480   396  1     1874     -1
 4982    432   437   480  0     1874   1910
 4983    138   182   127  0     1875   2022
 4984     95   146   127  0     1876   1907
 4985     95   116   146  0     1876   1879
 4986     39   146   175  1     1877     -1
 4987    175   146    95  0     1877   1883
 4988    104   146    31  1     1878     -1
 4989    104    95   146  0     1878   1879
 4990    116   146   104  1     1879     -1
 4991    811   974   813  1     1880     -1
 4992    811   962   974  0     1880   3289
 4993    813   962   811  0     1880   3318
 4994    813   974   962  0     1880   3127
 4995    434   446   420  0     1881   3550
 4996    434   375   446  0     1881   2395
 4997    420   375   434  0     1881   1914
 4998    420   446   375  0     1881   3249
 4999    272   396   249  0     1882   1897
 5000    301   249   396  1     1882     -1
 5001    146   225   175  1     1883     -1
 5002    146    95   225  0     1883   1906
 5003    175   225    95  0     1883   1970
 5004    408   458   437  0     1884   3210
 5005    408   480   458  1     1884     -1
 5006    437   458   480  0     1884   3255
 5007    437   249   266  0     1885   1886
 5008    437   272   249  0     1885   1897
 5009    266   272   437  0     1885   1928
 5010    266   293   249  0     1886   1896
 5011    272   408   437  0     1887   3254
 5012    437   396   272  0     1887   1897
 5013    778   679   705  0     1889   3154
 5014    778   643   679  0     1889   3216
 5015    705   643   778  0     1889   3129
 5016    705   679   643  0     1889   3220
 5017    772   840   784  0     1890   3383
 5018    772   743   840  0     1890   2880
 5019    784   840   743  0     1890   3217
 5020    127   249   272  0     1892   1893
 5021    146   272   127  0     1893   1907
 5022    146   249   272  0     1893   1898
 5023    513   497   570  0     1894   3460
 5024    513   517   497  0     1894   3161
 5025    570   497   517  0     1894   3378
 5026    549   486   437  0     1895   3465
 5027    549   480   486  0     1895   3263
 5028    437   480   549  0     1895   3256
 5029    437   486   480  0     1895   1910
 5030    146   249   168  1     1898     -1
 5031    209   331   163  0     1899   1989
 5032    272   292   266  0     1900   1958
 5033    266   310   272  0     1900   1927
 5034    266   292   310  0     1900   1903
 5035    587   694   667  0     1901   2690
 5036    587   599   694  0     1901   3235
 5037    667   599   587  1     1901     -1
 5038    667   694   599  0     1901   3266
 5039    143   144   223  0     1902   2099
 5040    143   214   144  0     1902   2109
 5041    266   331   310  0     1903   1909
 5042    310   331   292  0     1903   1983
 5043    138   163   266  0     1904   1995
 5044    138   175   163  0     1904   1987
 5045    230   292   272  0     1905   1953
 5046    230   330   292  1     1905     -1
 5047    225   272    95  0     1906   1976
 5048     95   272   146  0     1906   1907
 5049    634   756   794  0     1908   3558
 5050    634   642   756  0     1908   2712
 5051    794   642   634  0     1908   2668
 5052    794   756   642  0     1908   3604
 5053    310   416   331  0     1909   1985
 5054    266   416   310  0     1909   1927
 5055    266   331   416  0     1909   1924
 5056    437   486   432  0     1910   3462
 5057    432   486   480  1     1910     -1
 5058    446   524   416  0     1911   3258
 5059    416   521   446  0     1911   3232
 5060    521   599   652  1     1912     -1
 5061    521   627   599  0     1912   3233
 5062    652   627   521  0     1912   3239
 5063    652   599   627  0     1912   3063
 5064    868   770   793  0     1913   3157
 5065    868   883   770  0     1913   3125
 5066    793   883   868  0     1913   2170
 5067    793   770   883  1     1913     -1
 5068      9   110   167  0     1915   2216
 5069      9   172   110  0     1915   2111
 5070    167   172     9  0     1915   2178
 5071    167   110   172  0     1915   2202
 5072    274   453   426  0     1916   2110
 5073    362   426   453  0     1916   3517
 5074    458   531   351  0     1917   3219
 5075    458   408   531  0     1917   3214
 5076    351   408   458  1     1917     -1
 5077    351   531   408  0     1917   3231
 5078    310   416   272  0     1918   1927
 5079    310   330   416  1     1918     -1
 5080    331   242   227  0     1919   1972
 5081    266   227   242  0     1919   1966
 5082    962   840   792  0     1920   3384
 5083    962   811   840  0     1920   3401
 5084    792   811   962  0     1920   3318
 5085    792   840   811  0     1920   3296
 5086    266   416   420  0     1921   1924
 5087    266   437   416  0     1921   1928
 5088    420   416   437  0     1921   3250
 5089    490   512   410  0     1923   3153
 5090    410   377   490  0     1923   1947
 5091    410   512   377  0     1923   1960
 5092    420   331   416  0     1924   3260
 5093    351   416   330  1     1926     -1
 5094    408   416   351  0     1926   3231
 5095    266   416   272  0     1927   1928
 5096    272   437   416  0     1928   3252
 5097     88   130   151  0     1929   2088
 5098    120   151   130  0     1929   2073
 5099    459   456   385  0     1930   2643
 5100    459   477   456  0     1930   2637
 5101    139    88    44  0     1931   2025
 5102    139     2    88  0     1931   2280
 5103     44     2   139  0     1931   2011
 5104     44    88     2  1     1931     -1
 5105    125   163   175  0     1932   1987
 5106    125   209   163  0     1932   1993
 5107    175   209   125  0     1932   2037
 5108    272   209   230  0     1933   1953
 5109    230   209   175  1     1933     -1
 5110    137   184   110  0     1934   2084
 5111    246   184   137  0     1934   2296
 5112    246   110   184  0     1934   2080
 5113    331   308   377  0     1935   1940
 5114    377   243   331  0     1935   1964
 5115    607   512   592  0     1936   3151
 5116    607   675   512  0     1936   3169
 5117    592   512   675  0     1936   2889
 5118    221   227   243  0     1937   1991
 5119    221   308   227  0     1937   1988
 5120    309   322   331  0     1938   1978
 5121    309   250   322  1     1938     -1
 5122    331   322   250  0     1938   1982
 5123    377   512   438  0     1939   1960
 5124    331   375   377  0     1940   1944
 5125    446   512   425  0     1941   2329
 5126    446   525   512  0     1941   3130
 5127    425   525   446  0     1941   3015
 5128    425   512   525  0     1941   1962
 5129    472   457   442  0     1942   2087
 5130    472   390   457  0     1942   2713
 5131    714   572   673  1     1943     -1
 5132    714   556   572  0     1943   2518
 5133    673   556   714  0     1943   2709
 5134    673   572   556  0     1943   2672
 5135    375   446   331  0     1944   3257
 5136    375   377   446  0     1944   1955
 5137    331   446   377  0     1944   1961
 5138    256   386   187  0     1945   2656
 5139    256   130   386  1     1945     -1
 5140    187   130   256  0     1945   2102
 5141    187   386   130  0     1945   2657
 5142    490   512   491  0     1946   2798
 5143    490   438   512  0     1946   3153
 5144    491   438   490  1     1946     -1
 5145    491   512   438  0     1946   3149
 5146    410   377   446  0     1947   1961
 5147    145    86   125  0     1948   2035
 5148    145   163    86  0     1948   1979
 5149    125   163   145  0     1948   1993
 5150    166   111   163  0     1949   2023
 5151    166   182   111  0     1949   2030
 5152    163   111   182  0     1949   2013
 5153    134   139   243  0     1950   2273
 5154    134   227   139  0     1950   2004
 5155    243   227   134  0     1950   1991
 5156    243   139   227  0     1950   1967
 5157     67     4   111  0     1951   2006
 5158     93     4    67  1     1951     -1
 5159     93   111     4  0     1951   1968
 5160    309   145   250  1     1952     -1
 5161    309   243   145  0     1952   2393
 5162    250   145   243  0     1952   1974
 5163    230   292   209  1     1953     -1
 5164    272   209   292  0     1953   1958
 5165    145   187   309  0     1954   2394
 5166    309   120   145  1     1954     -1
 5167    309   187   120  0     1954   2658
 5168    392   377   446  0     1955   2556
 5169    410   322   331  0     1956   1982
 5170    410   377   322  0     1956   1977
 5171    331   377   410  0     1956   1961
 5172    331   322   377  0     1956   1978
 5173    103    42    88  0     1957   2021
 5174    120    42   103  1     1957     -1
 5175    665   713   659  0     1959   3491
 5176    665   649   713  0     1959   3494
 5177    659   649   665  0     1959   3504
 5178    659   713   649  0     1959   3180
 5179    410   512   438  0     1960   3153
 5180    438   377   410  0     1960   1977
 5181    525   440   512  0     1962   3142
 5182    425   440   525  0     1962   3560
 5183    983   975   870  0     1963   3649
 5184    983   891   975  1     1963     -1
 5185    870   891   983  0     1963   3749
 5186    870   975   891  0     1963   2892
 5187    377   309   331  0     1964   1978
 5188    162   134   111  0     1965   2028
 5189     67   111   134  0     1965   2014
 5190    266   163   242  0     1966   1996
 5191    139   227   166  0     1967   2004
 5192    243   166   227  0     1967   2018
 5193     76     2   134  0     1969   2050
 5194     76   139     2  0     1969   2011
 5195    134   139    76  0     1969   2012
 5196    134     2   139  0     1969   2243
 5197    225    95   125  0     1970   1976
 5198    175   125    95  0     1970   2039
 5199    221   243   204  0     1971   2276
 5200    204   243   274  0     1971   2027
 5201    389   442   465  1     1973     -1
 5202    389   457   442  0     1973   2493
 5203    465   457   389  0     1973   2498
 5204    465   442   457  0     1973   2087
 5205    145   166   250  0     1974   1992
 5206    250   166   243  0     1974   1990
 5207     62   103   139  0     1975   2000
 5208     62   145   103  1     1975     -1
 5209    139   145    62  0     1975   2046
 5210    139   103   145  0     1975   2047
 5211    410   438   322  1     1977     -1
 5212    377   322   438  0     1977   2591
 5213     65    86   145  0     1979   2044
 5214     86    62   145  0     1980   2044
 5215     86    78    62  1     1980     -1
 5216    145    62    78  1     1980     -1
 5217    406   477   460  0     1981   2406
 5218    460   385   406  0     1981   2514
 5219    410   250   331  0     1982   1984
 5220    410   322   250  1     1982     -1
 5221    310   250   292  1     1983     -1
 5222    310   331   250  0     1983   1985
 5223    410   250   416  1     1984     -1
 5224    416   331   410  0     1984   2686
 5225    416   250   331  0     1984   1985
 5226    416   250   310  1     1985     -1
 5227    138   125   163  0     1987   2017
 5228    209   250   163  0     1989   1994
 5229    331   166   243  0     1990   2018
 5230    221   134   243  0     1991   2274
 5231    221   227   134  0     1991   2005
 5232    145   163   250  0     1992   1994
 5233    209   145   125  0     1993   2035
 5234    209   163   145  0     1993   1994
 5235    250   145   209  1     1994     -1
 5236    266   182   163  0     1995   1996
 5237    138   163   182  0     1995   2013
 5238    141   226   170  0     1997   2124
 5239    133   226   141  0     1997   2432
 5240    138    32   125  0     1998   2017
 5241    125   111   138  0     1998   2026
 5242    125    32   111  0     1998   2040
 5243    242   166   221  0     1999   2031
 5244    221   166   227  0     1999   2005
 5245     62    88   139  0     2000   2025
 5246     62   103    88  0     2000   2021
 5247    134   166    67  0     2001   2014
 5248    134   139   166  0     2001   2004
 5249     67   139   134  0     2001   2003
 5250     67   166   139  0     2001   2010
 5251    227   166   331  0     2002   2018
 5252     67    44   134  0     2003   2009
 5253     67   139    44  0     2003   2010
 5254    134    44   139  0     2003   2012
 5255    227   166   134  0     2004   2005
 5256    221   166   134  0     2005   2029
 5257      4    32    67  1     2006     -1
 5258      4   111    32  0     2006   2007
 5259    111    32    95  0     2007   2042
 5260     95    32     4  1     2007     -1
 5261    163   111    65  0     2008   2023
 5262    134    76    44  0     2009   2012
 5263     67    44    76  1     2009     -1
 5264     44     2    76  1     2011     -1
 5265     76   139    44  0     2011   2012
 5266    138   111   182  0     2013   2022
 5267    134   166   111  0     2014   2029
 5268     67   111   166  0     2014   2024
 5269    127   111   138  0     2015   2022
 5270    138   111    95  0     2015   2026
 5271    419   527   444  0     2016   2811
 5272    419   449   527  0     2016   2805
 5273    444   527   449  0     2016   4404
 5274     63    92    49  1     2019     -1
 5275    173    92    63  0     2019   2091
 5276    173    49    92  0     2019   2093
 5277     45   144    63  0     2020   2066
 5278     45   143   144  0     2020   2100
 5279     63   143    45  0     2020   2232
 5280     63   144   143  0     2020   2098
 5281     42    88    62  1     2021     -1
 5282     62   103    42  1     2021     -1
 5283    166   111    65  0     2023   2024
 5284     44    62    88  1     2025     -1
 5285    139    62    44  0     2025   2046
 5286     95   125   111  0     2026   2041
 5287    204   223   274  0     2027   2323
 5288    204   243   223  0     2027   2258
 5289    274   223   243  0     2027   2052
 5290    162   221   111  0     2028   2033
 5291    134   111   221  0     2028   2029
 5292    221   166   111  0     2029   2031
 5293    166   242   111  0     2030   2031
 5294    182   111   242  0     2030   2032
 5295    242   111   221  0     2031   2033
 5296    162   111   242  0     2032   2033
 5297     88    63   151  0     2034   2277
 5298     88    92    63  1     2034     -1
 5299    151    92    88  0     2034   2088
 5300    151    63    92  0     2034   2091
 5301    125   209    86  0     2035   2037
 5302    145    86   209  0     2035   2036
 5303    175   209   145  1     2036     -1
 5304    175    86   209  0     2036   2037
 5305    175    86   125  0     2037   2039
 5306     78    86    95  1     2038     -1
 5307     95    86   175  0     2038   2039
 5308     95    86   125  0     2039   2041
 5309     32   111    86  0     2040   2042
 5310    125    86   111  0     2040   2041
 5311     95    86   111  0     2041   2042
 5312     95    86    32  1     2042     -1
 5313     44    62   145  0     2043   2046
 5314     44    65    62  1     2043     -1
 5315    145    62    65  0     2043   2044
 5316     65    86    62  1     2044     -1
 5317    141   170   136  0     2045   2071
 5318     37   170   141  0     2045   2117
 5319    139   187   145  0     2047   2612
 5320     70    45   174  0     2048   2131
 5321     99    45    70  0     2048   2240
 5322     99   174    45  0     2048   2234
 5323    472   556   608  0     2049   2710
 5324    608   556   542  0     2049   2707
 5325    134    74     2  0     2050   2148
 5326     76     2    74  1     2050     -1
 5327    592   557   639  0     2051   2225
 5328    592   516   557  0     2051   2559
 5329    243   308   223  0     2052   2401
 5330    274   223   308  0     2052   2359
 5331    270   290   271  0     2053   2491
 5332    270   238   290  0     2053   2543
 5333    271   238   270  0     2053   2486
 5334    271   290   238  0     2053   2094
 5335    158   210   184  0     2054   2270
 5336    158   192   210  0     2054   2286
 5337    184   192   158  0     2054   2092
 5338    184   210   192  0     2054   2439
 5339    173   223   151  0     2055   2259
 5340    187   223   173  0     2055   2060
 5341    187   151   223  0     2055   2236
 5342    271   215   223  0     2056   2116
 5343    223   173   271  0     2056   2209
 5344    223   215   173  0     2056   2060
 5345     46   110   100  0     2057   2121
 5346    204   144   223  0     2058   2231
 5347    204   147   144  0     2058   2061
 5348    223   147   204  0     2058   2258
 5349    223   144   147  0     2058   2099
 5350    457   552   418  0     2059   2718
 5351    418   427   457  0     2059   2519
 5352    418   552   427  0     2059   2771
 5353    223   215   187  0     2060   2603
 5354    123   144   204  0     2061   2076
 5355    123   147   144  0     2061   2271
 5356    204   147   123  0     2061   2201
 5357    651   612   528  0     2062   2749
 5358    651   655   612  0     2062   2732
 5359    528   655   651  0     2062   2489
 5360    528   612   655  0     2062   2744
 5361     60   192   137  0     2063   2298
 5362     60   185   192  0     2063   2304
 5363    137   185    60  0     2063   2264
 5364     77    98    28  1     2064     -1
 5365     77   105    98  0     2064   2158
 5366     48    43   141  1     2065     -1
 5367     37    43    48  1     2065     -1
 5368     37   141    43  0     2065   2117
 5369     57   144    63  0     2066   2204
 5370     63    45    57  1     2066     -1
 5371     57   144   134  0     2067   2153
 5372     57    74   144  0     2067   2204
 5373    134    74    57  0     2067   2237
 5374    134   144    74  0     2067   2167
 5375    223   268   139  0     2068   2582
 5376    223   187   268  0     2068   2405
 5377    139   187   223  0     2068   2227
 5378    139   268   187  0     2068   2612
 5379    309   268   243  0     2069   2393
 5380    309   308   268  0     2069   2399
 5381    243   268   308  0     2069   2401
 5382    210   214   297  0     2070   2352
 5383    192   214   210  0     2070   2286
 5384    192   297   214  0     2070   2247
 5385    188   141   170  0     2071   2124
 5386    188   136   141  0     2071   2108
 5387     37   170   177  0     2072   2134
 5388     37   133   170  0     2072   2114
 5389    187   130   120  0     2073   2657
 5390    123    99    98  0     2074   2212
 5391     55    98    99  0     2074   2226
 5392    123   174   204  0     2076   2290
 5393    123   144   174  0     2076   2228
 5394    204   174   144  0     2076   2231
 5395    158   167   143  0     2077   2161
 5396    136   167   158  0     2077   2218
 5397    136   143   167  0     2077   2171
 5398    214   192   158  0     2078   2286
 5399    158   174   214  0     2078   2224
 5400    158   192   174  0     2078   2305
 5401     43     1   133  1     2079     -1
 5402     43    37     1  1     2079     -1
 5403    133    37    43  0     2079   2114
 5404    246   110   229  0     2080   2129
 5405    229   184   246  0     2080   2182
 5406    229   110   184  0     2080   2181
 5407    172   110    26  0     2081   2132
 5408    172    91   110  0     2081   2111
 5409     26    91   172  1     2081     -1
 5410     71    29    58  1     2082     -1
 5411     71   110    29  0     2082   2196
 5412     58   110    71  0     2082   2203
 5413    246   176   110  0     2083   2129
 5414    100   110   176  0     2083   2169
 5415    158   110   137  0     2084   2210
 5416    158   184   110  0     2084   2217
 5417    137   184   158  0     2084   2092
 5418    130    41    42  1     2085     -1
 5419     42    92   130  0     2085   2090
 5420     42    41    92  1     2085     -1
 5421    256   390   332  1     2086     -1
 5422    256   290   390  0     2086   2389
 5423    332   290   256  0     2086   2551
 5424    332   390   290  0     2086   2433
 5425    465   442   472  1     2087     -1
 5426    130    92    88  0     2088   2090
 5427    457   389   261  0     2089   2299
 5428    457   413   389  0     2089   2319
 5429    261   413   457  0     2089   2526
 5430     42    92    88  1     2090     -1
 5431    151   173    92  0     2091   2107
 5432    184   192   137  0     2092   2296
 5433    137   192   158  0     2092   2298
 5434     92   170    49  0     2093   2118
 5435    173   170    92  0     2093   2107
 5436    271   290   215  0     2094   2593
 5437    215   290   238  0     2094   2462
 5438    229   349   348  0     2095   2417
 5439    229   233   349  0     2095   2142
 5440    348   233   229  0     2095   2471
 5441    348   349   233  0     2095   2423
 5442     63   147   151  0     2096   2277
 5443     63   143   147  0     2096   2098
 5444    151   147   143  0     2096   2242
 5445     45   174    34  0     2097   2252
 5446     45    60   174  0     2097   2131
 5447     34    60    45  1     2097     -1
 5448     34   174    60  0     2097   2265
 5449    143   147   144  0     2098   2099
 5450     63   144   147  0     2098   2281
 5451    143   147   223  0     2099   2197
 5452    143   174    45  0     2100   2252
 5453    143   144   174  0     2100   2109
 5454     45   174   144  0     2100   2228
 5455    140   109   185  0     2101   2251
 5456    215   256   187  0     2102   2656
 5457     92    41   177  0     2103   2135
 5458    455   338   415  0     2104   2641
 5459    455   426   338  0     2104   2368
 5460    415   338   426  0     2104   2618
 5461     73    46    26  1     2105     -1
 5462    100    26    46  0     2105   2121
 5463    177   256   215  0     2106   2257
 5464    177   151   256  0     2106   2516
 5465    215   151   177  0     2106   2127
 5466    136    13   188  0     2108   2126
 5467    188    13   141  1     2108     -1
 5468    214   174   143  0     2109   2224
 5469    392   453   426  0     2110   3194
 5470    137    34   158  0     2112   2210
 5471    137    60    34  0     2112   2164
 5472    158    60   137  0     2112   2298
 5473    158    34    60  0     2112   2265
 5474    110    34    58  0     2113   2211
 5475     58    82   110  0     2113   2203
 5476     58    34    82  1     2113     -1
 5477     43   170    37  0     2114   2117
 5478    325   349   343  0     2115   2363
 5479    325   298   349  0     2115   2453
 5480    343   349   298  0     2115   2451
 5481    271   307   223  0     2116   2563
 5482    271   215   307  0     2116   2593
 5483    223   307   215  0     2116   2603
 5484     37    92   170  0     2118   2136
 5485     37    49    92  1     2118     -1
 5486    261   427   418  0     2119   2479
 5487    261   368   427  0     2119   2388
 5488    418   368   261  0     2119   2380
 5489    418   427   368  0     2119   2175
 5490    158   143   173  0     2120   2161
 5491    158   214   143  0     2120   2224
 5492    173   214   158  0     2120   2254
 5493     26   110   100  0     2121   2169
 5494     99   178   109  0     2122   2263
 5495     99   185   174  0     2123   2288
 5496    109   185    99  0     2123   2263
 5497    226   170   188  0     2124   2429
 5498    110    29     9  0     2125   2191
 5499    110   136    29  0     2125   2196
 5500      9   136   110  0     2125   2216
 5501    188    15    13  1     2126     -1
 5502    136    13    15  0     2126   2145
 5503    177   215   170  0     2127   2257
 5504    136   158    71  0     2128   2186
 5505     71   158    82  0     2128   2168
 5506    229   176   110  0     2129   2214
 5507    246   176   229  0     2129   2173
 5508    213   178   169  0     2130   2282
 5509     60    70    45  1     2131     -1
 5510     60   174    70  0     2131   2249
 5511    172   110   176  0     2132   2215
 5512    176    26   172  1     2132     -1
 5513    176   110    26  0     2132   2169
 5514    557   544   620  0     2133   3569
 5515    557   639   544  0     2133   2733
 5516    620   639   557  0     2133   2225
 5517    620   544   639  0     2133   2635
 5518     37   170    41  0     2134   2136
 5519     41   170   177  0     2134   2135
 5520     41   170    92  0     2135   2136
 5521     37    92    41  1     2136     -1
 5522    556   723   714  0     2137   2721
 5523    556   603   723  0     2137   2758
 5524    714   603   556  0     2137   2518
 5525    714   723   603  1     2137     -1
 5526    229   261   360  0     2138   2475
 5527    360   270   229  0     2138   2500
 5528    360   261   270  0     2138   2481
 5529    318   261   368  0     2139   2431
 5530    318   360   261  0     2139   2475
 5531    368   261   360  0     2139   2388
 5532    349   318   348  0     2140   2417
 5533    349   360   318  0     2140   2374
 5534    348   360   349  0     2140   2176
 5535    176    26   112  0     2141   2146
 5536    176     5    26  1     2141     -1
 5537    112    26     5  0     2141   2147
 5538    233   349   298  0     2142   2453
 5539    298   229   233  0     2142   2360
 5540    298   349   229  0     2142   2149
 5541     71    19   136  0     2143   2150
 5542     66    19    71  1     2143     -1
 5543    123    98    57  0     2144   2187
 5544    105    57    98  0     2144   2158
 5545     15    19    13  1     2145     -1
 5546    136    19    15  0     2145   2157
 5547    136    13    19  0     2145   2160
 5548    100   176    26  0     2146   2169
 5549      5    73    26  1     2147     -1
 5550     74   147   134  0     2148   2167
 5551     74     2   147  0     2148   2272
 5552    134   147     2  0     2148   2243
 5553    298   349   294  0     2149   2451
 5554    294   229   298  0     2149   2159
 5555    294   349   229  0     2149   2376
 5556    136     9    19  0     2150   2157
 5557     19     9    71  1     2150     -1
 5558    597   527   511  0     2151   2804
 5559    597   444   527  0     2151   4700
 5560    511   444   597  0     2151   4679
 5561    511   527   444  0     2151   4404
 5562    176   193   228  1     2152     -1
 5563    176   229   193  0     2152   2214
 5564    228   229   176  0     2152   2172
 5565    228   193   229  0     2152   2328
 5566    123   144   134  0     2153   2271
 5567     49   136    48  0     2154   2155
 5568     48    19    49  1     2154     -1
 5569     48   136    19  0     2154   2160
 5570     48    49    37  1     2155     -1
 5571    876   904   859  0     2156   3014
 5572    876   982   904  0     2156   2979
 5573    859   982   876  0     2156   2964
 5574     19    15     9  1     2157     -1
 5575     98    77    57  1     2158     -1
 5576    105    57    77  0     2158   2239
 5577    298   246   229  0     2159   2173
 5578    294   229   246  0     2159   2182
 5579     48    13    19  1     2160     -1
 5580    167   143   173  0     2161   2171
 5581    173   158   167  0     2161   2260
 5582    188   172   167  0     2162   2188
 5583    188   212   172  1     2162     -1
 5584    273   315   279  0     2163   2229
 5585    273   213   315  0     2163   2314
 5586    279   315   213  0     2163   2327
 5587     46    60    34  1     2164     -1
 5588    137    60    46  0     2164   2219
 5589    343   333   349  0     2165   2424
 5590    424   333   343  0     2165   2450
 5591    231   248   204  0     2166   2336
 5592    204   174   231  0     2166   2221
 5593    204   248   174  0     2166   2346
 5594     74   147   144  0     2167   2272
 5595    134   144   147  0     2167   2271
 5596    158   110    71  0     2168   2186
 5597     71   110    82  0     2168   2203
 5598    868   862   883  0     2170   3035
 5599    793   862   868  0     2170   3079
 5600    793   883   862  1     2170     -1
 5601    136   143   173  0     2171   2205
 5602    176   298   229  0     2172   2173
 5603    228   229   298  0     2172   2360
 5604    343   354   391  0     2174   2434
 5605    343   349   354  0     2174   2363
 5606    391   354   349  0     2174   2390
 5607    418   427   435  0     2175   2771
 5608    435   368   418  0     2175   2477
 5609    435   427   368  0     2175   2435
 5610    360   354   348  0     2176   2444
 5611    348   354   349  0     2176   2423
 5612    613   535   753  0     2177   4486
 5613    613   584   535  0     2177   4464
 5614    753   535   584  0     2177   4485
 5615    167   172   136  0     2178   2180
 5616    136     9   167  0     2178   2216
 5617    356   385   436  0     2179   2492
 5618    436   460   356  0     2179   2577
 5619    436   385   460  0     2179   2333
 5620     15   167   172  0     2180   2188
 5621    229   110   167  0     2181   2202
 5622    167   184   229  0     2181   2504
 5623    167   110   184  0     2181   2217
 5624    294   184   246  0     2182   2446
 5625    369   366   270  0     2183   2367
 5626    835   908   944  0     2184   3006
 5627    835   922   908  0     2184   2938
 5628    944   922   835  0     2184   2877
 5629    944   908   922  1     2184     -1
 5630    136    66   143  0     2185   2206
 5631    136   110    71  0     2186   2196
 5632    136   158   110  0     2186   2218
 5633     98    57    20  1     2187     -1
 5634     20   123    98  0     2187   2212
 5635    188   172    15  1     2188     -1
 5636    427   413   436  0     2189   2469
 5637    427   369   413  0     2189   2430
 5638    248   304   285  0     2190   2324
 5639    285   329   248  0     2190   2338
 5640    285   304   329  0     2190   2291
 5641     26    29     9  1     2191     -1
 5642    291   366   271  0     2192   2400
 5643    291   270   366  0     2192   2367
 5644    271   270   291  0     2192   2495
 5645    291   210   271  0     2193   2495
 5646    291   214   210  0     2193   2352
 5647    271   210   214  0     2193   2256
 5648     85    60   109  0     2194   2222
 5649     85    54    60  1     2194     -1
 5650     18    98    20  1     2195     -1
 5651     18    99    98  0     2195   2226
 5652     20    98    99  0     2195   2212
 5653    173   147   223  0     2197   2259
 5654    173   143   147  0     2197   2242
 5655    190   239   178  0     2198   2199
 5656    169   178   239  0     2198   2282
 5657    239   178   267  0     2199   2230
 5658    380   315   304  0     2200   2325
 5659    239   315   380  0     2200   2321
 5660    239   304   315  0     2200   2295
 5661    134   147   123  0     2201   2271
 5662    134   204   147  0     2201   2275
 5663    172   229   110  0     2202   2213
 5664     58    82    71  1     2203     -1
 5665     74    63    57  1     2204     -1
 5666     74   144    63  0     2204   2207
 5667    136   143    49  0     2205   2206
 5668     66   143    49  0     2206   2208
 5669     74   144     2  0     2207   2272
 5670      2    63    74  1     2207     -1
 5671      2   144    63  0     2207   2281
 5672     63    49    66  1     2208     -1
 5673    271   214   173  0     2209   2256
 5674     46    34    58  1     2211     -1
 5675    123    99    20  0     2212   2241
 5676    172   193   110  0     2213   2215
 5677    229   110   193  0     2213   2214
 5678    176   110   193  0     2214   2215
 5679    176   172   193  1     2215     -1
 5680    136   110   167  0     2216   2218
 5681    158   167   110  0     2217   2218
 5682    184   167   158  0     2217   2270
 5683    137    60   140  0     2219   2223
 5684    140    60    46  0     2219   2220
 5685     46    85    60  1     2220     -1
 5686    140    60    85  0     2220   2222
 5687    204   178   231  0     2221   2268
 5688    204   174   178  0     2221   2290
 5689    140    60   109  0     2222   2223
 5690    137   109   140  0     2223   2251
 5691    137    60   109  0     2223   2264
 5692    143   158   174  0     2224   2287
 5693    592   557   620  0     2225   3168
 5694     55    98    18  1     2226     -1
 5695    187   147   139  0     2227   2279
 5696    187   223   147  0     2227   2236
 5697    139   147   223  0     2227   2235
 5698     45   174   123  0     2228   2234
 5699    273   315   329  0     2229   2314
 5700    213   267   239  0     2230   2326
 5701    239   178   213  0     2230   2282
 5702    204   174   223  0     2231   2346
 5703     45    34   143  0     2232   2252
 5704     63    34    45  1     2232     -1
 5705     63   143    34  0     2232   2233
 5706     63    82    34  1     2233     -1
 5707     99   174   123  0     2234   2289
 5708    123    45    99  0     2234   2241
 5709    223   243   147  0     2235   2258
 5710    139   243   223  0     2235   2582
 5711    139   147   243  0     2235   2273
 5712    151   147   187  0     2236   2278
 5713    151   223   147  0     2236   2259
 5714     74    57   105  0     2237   2238
 5715     74    57    76  1     2238     -1
 5716     76    57   105  0     2238   2239
 5717     76    57    77  1     2239     -1
 5718     70    20    45  1     2240     -1
 5719     99    45    20  0     2240   2241
 5720    151   147   173  0     2242   2259
 5721      2   139   147  0     2243   2280
 5722    134   147   139  0     2243   2273
 5723      2   147    88  0     2244   2280
 5724      2    63   147  0     2244   2281
 5725     88    63     2  1     2244     -1
 5726     88   147    63  0     2244   2277
 5727    267   315   248  0     2245   2246
 5728    213   315   267  0     2245   2326
 5729    267   315   329  0     2246   2320
 5730    214   248   297  0     2247   2353
 5731    192   248   214  0     2247   2343
 5732    192   297   248  0     2247   2361
 5733    123   178    99  0     2248   2289
 5734    123   156   178  0     2248   2262
 5735     60   185    70  0     2249   2269
 5736     60   174   185  0     2249   2250
 5737     60   174   158  0     2250   2265
 5738    158   185    60  0     2250   2304
 5739    158   174   185  0     2250   2305
 5740    137   109   185  0     2251   2264
 5741     34   143   174  0     2252   2287
 5742    819   731   797  0     2253   3666
 5743    819   757   731  0     2253   2846
 5744    797   757   819  0     2253   3625
 5745    797   731   757  0     2253   3525
 5746    214   210   173  0     2254   2256
 5747    214   158   210  0     2254   2286
 5748    173   210   158  0     2254   2260
 5749    316   333   369  0     2255   2366
 5750    291   333   316  0     2255   2420
 5751    291   369   333  0     2255   2480
 5752    271   210   173  0     2256   2496
 5753    215   170   256  0     2257   2470
 5754    177   256   170  0     2257   2549
 5755    243   147   204  0     2258   2276
 5756    158   167   210  0     2260   2270
 5757    173   210   167  0     2260   2494
 5758    274   304   248  0     2261   2324
 5759    156   178   204  0     2262   2268
 5760    204   178   123  0     2262   2290
 5761     99   178   185  0     2263   2288
 5762    109   185    60  0     2264   2269
 5763     34   174   158  0     2265   2287
 5764    213   248   273  0     2266   2341
 5765    273   329   213  0     2266   2314
 5766    273   248   329  0     2266   2337
 5767    174   248   214  0     2267   2344
 5768    214   248   185  0     2267   2343
 5769    167   210   184  0     2270   2503
 5770      2   147   144  0     2272   2281
 5771    134   147   243  0     2273   2274
 5772    243   221   147  0     2274   2276
 5773    134   147   221  0     2274   2275
 5774    204   147   221  0     2275   2276
 5775     88   147   151  0     2277   2278
 5776     88   147   187  0     2278   2279
 5777     88   147   139  0     2279   2280
 5778    285   338   223  0     2283   2532
 5779    285   297   338  0     2283   2422
 5780    223   338   297  0     2283   2524
 5781    612   735   656  0     2284   2833
 5782    612   563   735  0     2284   2854
 5783    656   563   612  0     2284   2751
 5784    656   735   563  0     2284   2855
 5785    263   353   342  0     2285   2308
 5786    263   393   353  0     2285   2306
 5787    342   353   393  0     2285   2303
 5788    178   174    99  0     2288   2289
 5789    123   178   174  0     2289   2290
 5790    285   304   274  0     2291   2324
 5791    274   329   285  0     2291   2404
 5792    274   304   329  0     2291   2398
 5793    546   428   344  0     2292   4490
 5794    546   383   428  0     2292   2371
 5795    251   267   296  0     2293   2315
 5796    344   329   405  0     2294   4457
 5797    315   267   304  0     2295   2320
 5798    239   267   315  0     2295   2326
 5799    246   192   137  0     2296   2300
 5800    246   184   192  0     2296   2447
 5801    246   192   273  0     2297   2316
 5802    246   216   192  0     2297   2300
 5803    273   192   216  0     2297   2302
 5804    158    60   192  0     2298   2304
 5805    290   389   261  0     2299   2544
 5806    290   457   389  0     2299   2501
 5807    261   457   290  0     2299   2526
 5808    137   216   192  0     2300   2301
 5809    216   192   213  0     2301   2302
 5810    213   273   192  0     2302   2341
 5811    444   353   393  0     2303   2340
 5812    185   192   158  0     2304   2305
 5813    393   353   344  0     2306   2334
 5814    344   353   263  0     2306   2312
 5815    294   246   353  0     2307   2437
 5816    342   353   246  0     2307   2308
 5817    246   263   353  0     2308   2310
 5818    581   599   591  0     2309   3213
 5819    581   587   599  1     2309     -1
 5820    591   587   581  1     2309     -1
 5821    591   599   587  0     2309   3235
 5822    246   273   353  0     2310   2316
 5823    263   353   273  0     2310   2313
 5824    279   353   344  0     2311   2312
 5825    279   273   353  0     2311   2313
 5826    344   353   273  0     2311   2370
 5827    279   353   263  0     2312   2313
 5828    192   353   246  0     2316   2438
 5829    192   273   353  0     2316   2356
 5830    173   270   238  0     2317   2486
 5831    167   270   173  0     2317   2494
 5832    418   457   413  0     2319   2519
 5833    418   389   457  0     2319   2498
 5834    279   239   315  0     2321   2327
 5835    204   223   285  0     2323   2347
 5836    274   285   223  0     2323   2532
 5837    213   315   239  0     2326   2327
 5838    228   233   229  0     2328   2360
 5839    228   193   233  1     2328     -1
 5840    377   425   446  0     2329   2556
 5841    667   652   627  0     2330   3063
 5842    667   679   652  0     2330   3170
 5843    613   623   593  0     2331   3522
 5844    613   584   623  0     2331   3773
 5845    593   584   613  0     2331   3819
 5846    593   623   584  0     2331   3814
 5847    291   297   214  0     2332   2352
 5848    460   366   385  0     2333   2534
 5849    436   366   460  0     2333   2581
 5850    436   385   366  0     2333   2492
 5851    353   383   393  0     2334   2340
 5852    210   297   291  0     2335   2352
 5853    291   353   210  0     2335   2421
 5854    273   248   344  0     2337   2339
 5855    344   248   329  0     2337   2338
 5856    344   285   329  0     2338   2355
 5857    344   248   285  0     2338   2339
 5858    273   285   344  0     2339   2362
 5859    273   248   285  0     2339   2354
 5860    273   192   248  0     2341   2361
 5861    435   369   333  0     2342   2499
 5862    333   369   360  0     2342   2480
 5863    174   248   223  0     2344   2346
 5864    223   248   214  0     2344   2345
 5865    214   285   248  0     2345   2353
 5866    223   248   285  0     2345   2347
 5867    204   248   223  0     2346   2347
 5868    788   774   718  0     2348   3793
 5869    788   732   774  0     2348   2901
 5870    718   732   788  0     2348   2838
 5871    436   366   356  0     2349   2492
 5872    356   316   436  0     2349   2416
 5873    356   366   316  0     2349   2541
 5874    353   333   294  0     2350   2437
 5875    353   383   333  0     2350   2490
 5876    294   333   383  0     2350   2440
 5877    316   356   297  0     2351   2415
 5878    271   356   316  0     2351   2564
 5879    271   297   356  0     2351   2358
 5880    248   297   285  0     2353   2354
 5881    273   297   285  0     2354   2362
 5882    273   248   297  0     2354   2361
 5883    285   297   344  0     2355   2362
 5884    285   329   297  0     2355   2384
 5885    344   297   329  0     2355   2412
 5886    273   297   192  0     2356   2361
 5887    273   353   297  0     2356   2370
 5888    720   775   660  0     2357   2670
 5889    720   644   775  0     2357   3696
 5890    660   644   720  0     2357   4767
 5891    660   775   644  0     2357   4428
 5892    223   356   271  0     2358   2563
 5893    223   297   356  0     2358   2524
 5894    223   338   274  0     2359   2532
 5895    223   308   338  0     2359   2601
 5896    274   338   308  0     2359   2608
 5897    228   233   298  0     2360   2443
 5898    273   297   344  0     2362   2370
 5899    325   354   343  0     2363   2434
 5900    325   349   354  0     2363   2419
 5901    477   516   460  0     2365   2406
 5902    477   528   516  0     2365   2624
 5903    460   528   477  0     2365   2530
 5904    353   369   316  0     2366   2511
 5905    353   333   369  0     2366   2490
 5906    316   333   353  0     2366   2420
 5907    270   369   291  0     2367   2373
 5908    356   338   455  0     2368   2567
 5909    356   426   338  0     2368   2533
 5910    455   426   356  0     2368   2408
 5911    285   338   356  0     2369   2422
 5912    285   428   338  0     2369   2616
 5913    356   428   285  0     2369   2413
 5914    356   338   428  0     2369   2533
 5915    344   353   297  0     2370   2411
 5916    546   383   436  0     2371   2372
 5917    546   553   436  0     2372   2705
 5918    360   369   291  0     2373   2480
 5919    291   270   360  0     2373   2500
 5920    360   318   229  0     2374   2475
 5921    229   318   349  0     2374   2417
 5922    625   774   639  0     2375   2866
 5923    625   579   774  0     2375   2818
 5924    639   579   625  0     2375   2699
 5925    294   349   333  0     2376   2424
 5926    424   435   436  0     2377   2527
 5927    424   383   435  0     2377   2508
 5928    436   435   383  0     2377   2391
 5929    493   491   592  0     2378   3099
 5930    493   456   491  0     2378   2687
 5931    329   532   405  0     2379   2836
 5932    368   389   418  1     2380     -1
 5933    454   386   481  1     2381     -1
 5934    454   406   386  0     2381   2615
 5935    481   406   454  0     2381   2570
 5936    440   373   456  0     2382   2619
 5937    438   456   373  0     2382   2621
 5938    553   718   579  0     2383   2539
 5939    612   718   553  0     2383   4698
 5940    329   297   428  0     2384   2412
 5941    285   428   297  0     2384   2413
 5942    465   552   556  0     2385   2632
 5943    465   523   552  0     2385   2717
 5944    556   523   465  0     2385   2569
 5945    556   552   523  0     2385   2766
 5946    329   304   426  0     2386   2398
 5947    750   806   833  0     2387   4311
 5948    750   848   806  0     2387   4422
 5949    833   848   750  0     2387   4261
 5950    833   806   848  0     2387   4321
 5951    368   427   360  0     2388   2435
 5952    390   454   290  0     2389   2597
 5953    390   256   454  1     2389     -1
 5954    290   454   256  0     2389   2537
 5955    391   354   443  0     2390   2466
 5956    443   349   391  0     2390   2457
 5957    435   383   369  0     2391   2508
 5958    603   552   523  0     2392   2717
 5959    603   572   552  0     2392   2767
 5960    523   572   603  1     2392     -1
 5961    523   552   572  0     2392   2766
 5962    243   145   268  0     2393   2613
 5963    309   268   145  0     2393   2394
 5964    145   187   268  0     2394   2612
 5965    434   525   446  0     2395   3212
 5966    535   534   452  0     2396   2552
 5967    535   584   534  0     2396   4464
 5968    452   584   535  0     2396   4411
 5969    639   763   832  0     2397   3053
 5970    693   763   639  0     2397   2990
 5971    693   832   763  0     2397   3049
 5972    274   426   329  0     2398   2404
 5973    308   268   377  0     2399   2555
 5974    271   316   366  0     2400   2529
 5975    308   223   268  0     2401   2601
 5976    243   268   223  0     2401   2582
 5977    553   527   444  0     2402   4700
 5978    444   527   421  0     2402   4345
 5979    655   544   639  0     2403   2733
 5980    655   579   544  0     2403   2607
 5981    639   544   579  0     2403   2699
 5982    274   426   285  0     2404   2617
 5983    223   307   268  0     2405   2602
 5984    187   307   223  0     2405   2603
 5985    187   268   307  0     2405   2625
 5986    406   477   516  0     2406   2633
 5987    459   428   356  0     2407   2579
 5988    356   455   459  0     2407   2567
 5989    356   428   455  0     2407   2408
 5990    426   356   428  0     2408   2533
 5991    491   512   551  0     2409   2798
 5992    592   551   512  0     2409   2889
 5993    353   428   297  0     2410   2411
 5994    297   436   353  0     2410   2512
 5995    297   428   436  0     2410   2414
 5996    344   428   297  0     2411   2412
 5997    344   428   329  0     2412   2926
 5998    297   356   428  0     2413   2415
 5999    285   356   297  0     2413   2422
 6000    436   316   428  0     2414   2416
 6001    297   316   436  0     2414   2510
 6002    297   428   316  0     2414   2415
 6003    356   428   316  0     2415   2416
 6004    356   428   436  0     2416   2577
 6005    229   318   348  0     2417   2471
 6006    733   754   660  0     2418   2743
 6007    660   809   733  0     2418   2859
 6008    660   754   809  0     2418   4653
 6009    233   354   325  1     2419     -1
 6010    233   349   354  0     2419   2423
 6011    325   349   233  0     2419   2453
 6012    291   333   353  0     2420   2421
 6013    297   338   356  0     2422   2524
 6014    348   354   233  1     2423     -1
 6015    294   349   343  0     2424   2451
 6016    343   333   294  0     2424   2441
 6017    902   853   923  0     2425   3754
 6018    902   978   853  0     2425   3675
 6019    923   978   902  1     2425     -1
 6020    923   853   978  0     2425   3756
 6021    494   527   489  0     2426   4459
 6022    489   598   494  0     2426   4673
 6023    489   527   598  0     2426   4742
 6024    662   651   528  0     2427   2488
 6025    528   651   639  0     2427   2489
 6026    457   556   552  0     2428   2632
 6027    473   552   556  0     2428   2775
 6028    170   389   226  0     2429   2547
 6029    188   368   318  1     2431     -1
 6030    226   389   133  0     2432   2517
 6031    133   389   141  1     2432     -1
 6032    457   390   290  0     2433   2560
 6033    290   332   457  0     2433   2501
 6034    212   188   233  1     2436     -1
 6035    229   233   188  0     2436   2467
 6036    246   333   294  0     2437   2446
 6037    246   353   333  0     2437   2438
 6038    192   333   246  0     2438   2447
 6039    184   333   192  0     2439   2447
 6040    294   333   444  0     2440   2441
 6041    444   333   383  0     2440   2442
 6042    444   343   333  0     2441   2449
 6043    444   333   424  0     2442   2448
 6044    424   383   444  0     2442   2735
 6045    424   333   383  0     2442   2509
 6046    298   325   233  0     2443   2453
 6047    228   233   325  1     2443     -1
 6048    443   354   348  1     2444     -1
 6049    348   360   443  0     2444   2445
 6050    348   368   443  1     2445     -1
 6051    246   333   184  0     2446   2447
 6052    424   391   333  0     2448   2450
 6053    444   391   424  0     2448   2734
 6054    444   333   391  0     2448   2449
 6055    343   333   391  0     2449   2450
 6056    443   467   391  0     2452   2466
 6057    391   424   443  0     2452   2457
 6058    391   467   424  0     2452   2740
 6059    621   684   660  0     2454   2719
 6060    660   569   621  0     2454   4685
 6061    660   684   569  0     2454   2738
 6062    959   862   972  1     2455     -1
 6063    959   832   862  0     2455   3070
 6064    972   832   959  0     2455   2763
 6065    972   862   832  0     2455   3074
 6066    656   651   556  0     2456   2773
 6067    656   662   651  0     2456   2761
 6068    556   662   656  0     2456   2963
 6069    556   651   662  0     2456   2485
 6070    443   349   424  0     2457   2460
 6071    424   349   435  0     2458   2460
 6072    435   349   360  0     2458   2459
 6073    435   349   443  0     2459   2460
 6074    856   837   866  0     2461   4741
 6075    856   956   837  0     2461   2939
 6076    866   956   856  0     2461   2911
 6077    866   837   956  0     2461   4463
 6078    238   170   290  0     2462   2523
 6079    215   170   238  0     2462   2482
 6080    215   290   170  0     2462   2470
 6081    424   467   511  0     2463   2740
 6082    435   511   467  0     2463   2736
 6083    839   835   953  0     2464   2703
 6084    839   822   835  0     2464   2962
 6085    953   822   839  0     2464   3047
 6086    953   835   822  0     2464   2984
 6087    354   467   417  1     2465     -1
 6088    354   391   467  0     2465   2466
 6089    443   467   354  1     2466     -1
 6090    233   318   229  0     2467   2471
 6091    233   188   318  1     2467     -1
 6092    565   569   435  0     2468   2765
 6093    565   563   569  0     2468   2739
 6094    435   563   565  0     2468   2782
 6095    435   569   563  0     2468   2746
 6096    427   413   473  0     2469   2515
 6097    436   473   413  0     2469   2507
 6098    290   256   215  0     2470   2561
 6099    290   170   256  0     2470   2550
 6100    348   233   318  1     2471     -1
 6101    620   607   592  0     2472   3168
 6102    620   693   607  0     2472   2682
 6103    413   290   385  0     2473   2487
 6104    271   290   413  0     2473   2491
 6105    271   385   290  0     2473   2606
 6106    421   527   573  0     2474   2808
 6107    556   519   468  0     2476   2689
 6108    468   608   556  0     2476   2711
 6109    468   519   608  0     2476   2695
 6110    368   418   443  1     2477     -1
 6111    443   418   435  0     2477   2784
 6112    779   702   690  0     2478   4421
 6113    690   616   779  1     2478     -1
 6114    690   702   616  0     2478   4696
 6115    418   413   427  0     2479   2519
 6116    261   270   413  0     2481   2542
 6117    516   454   519  0     2483   2698
 6118    556   390   519  0     2484   2689
 6119    457   390   556  0     2484   2713
 6120    457   519   390  0     2484   2696
 6121    662   519   651  0     2485   2488
 6122    556   651   519  0     2485   2774
 6123    173   270   271  0     2486   2496
 6124    457   413   290  0     2487   2526
 6125    457   385   413  0     2487   2565
 6126    519   651   528  0     2488   2749
 6127    528   662   519  0     2488   2573
 6128    655   639   528  0     2489   2585
 6129    333   369   383  0     2490   2509
 6130    270   290   413  0     2491   2542
 6131    356   385   366  0     2492   2541
 6132    457   332   389  0     2493   2501
 6133    210   270   173  0     2494   2496
 6134    210   167   270  0     2494   2503
 6135    291   210   270  0     2495   2502
 6136    271   270   210  0     2495   2496
 6137    418   552   465  0     2497   2718
 6138    418   603   552  0     2497   2536
 6139    465   603   418  1     2497     -1
 6140    465   552   603  0     2497   2717
 6141    418   465   457  0     2498   2718
 6142    418   389   465  1     2498     -1
 6143    333   424   369  0     2499   2509
 6144    435   369   424  0     2499   2508
 6145    291   270   229  0     2500   2502
 6146    389   290   332  0     2501   2544
 6147    210   270   229  0     2502   2505
 6148    210   184   270  0     2503   2505
 6149    167   270   184  0     2503   2504
 6150    229   270   184  0     2504   2505
 6151    473   366   436  0     2507   2581
 6152    473   413   366  0     2507   2572
 6153    383   369   424  0     2508   2509
 6154    436   297   369  0     2510   2512
 6155    316   369   297  0     2510   2511
 6156    353   369   297  0     2511   2512
 6157    442   133   332  0     2513   2584
 6158    226   133   442  0     2513   2517
 6159    226   332   133  1     2513     -1
 6160    457   460   385  0     2514   2565
 6161    457   406   460  0     2514   2697
 6162    413   457   427  0     2515   2519
 6163    413   473   457  0     2515   2571
 6164    130   256   177  1     2516     -1
 6165    133   442   389  1     2517     -1
 6166    556   572   603  0     2518   2767
 6167    714   603   572  1     2518     -1
 6168    419   527   489  0     2520   2805
 6169    419   393   527  0     2520   2811
 6170    489   527   393  0     2520   4688
 6171    637   684   565  0     2521   2706
 6172    637   691   684  1     2521     -1
 6173    565   684   691  0     2521   2726
 6174    608   519   540  0     2522   2695
 6175    540   516   608  0     2522   2728
 6176    170   290   261  0     2523   2545
 6177    261   290   238  0     2523   2543
 6178    406   516   482  0     2525   2623
 6179    406   454   516  0     2525   2698
 6180    482   454   406  0     2525   2570
 6181    413   290   261  0     2526   2542
 6182    435   436   495  0     2527   2702
 6183    660   684   733  0     2528   2743
 6184    660   691   684  0     2528   2726
 6185    733   684   691  0     2528   2970
 6186    316   385   271  0     2529   2564
 6187    316   366   385  0     2529   2541
 6188    557   528   477  0     2530   2624
 6189    557   460   528  0     2530   2600
 6190    477   460   557  0     2530   2814
 6191    307   338   385  0     2531   2590
 6192    385   356   307  0     2531   2595
 6193    385   338   356  0     2531   2649
 6194    274   285   338  0     2532   2617
 6195    428   426   338  0     2533   2616
 6196    413   460   366  0     2534   2572
 6197    413   385   460  0     2534   2565
 6198    851   880   814  0     2535   2800
 6199    851   872   880  0     2535   2916
 6200    814   872   851  0     2535   2538
 6201    814   880   872  0     2535   2852
 6202    603   552   467  0     2536   2768
 6203    467   418   603  1     2536     -1
 6204    467   552   418  0     2536   2778
 6205    454   406   290  0     2537   2597
 6206    454   256   406  0     2537   2615
 6207    290   406   256  0     2537   2627
 6208    814   872   810  0     2538   2868
 6209    810   851   814  0     2538   2800
 6210    810   872   851  0     2538   2908
 6211    546   718   579  0     2539   2949
 6212    553   718   546  0     2539   4447
 6213    338   374   459  0     2540   2651
 6214    338   455   374  0     2540   2641
 6215    459   455   338  0     2540   2567
 6216    459   374   455  0     2540   2620
 6217    356   385   316  0     2541   2564
 6218    270   290   261  0     2542   2543
 6219    389   261   332  0     2544   2548
 6220    290   332   261  0     2544   2545
 6221    170   332   261  0     2545   2548
 6222    170   290   332  0     2545   2546
 6223    226   332   170  0     2546   2547
 6224    226   290   332  0     2546   2551
 6225    170   290   226  0     2546   2550
 6226    170   389   332  0     2547   2548
 6227    177   256   226  1     2549     -1
 6228    226   256   170  0     2549   2550
 6229    226   256   290  0     2550   2551
 6230    226   256   332  1     2551     -1
 6231    452   535   476  0     2552   4479
 6232    609   555   712  0     2553   3959
 6233    609   582   555  0     2553   3956
 6234    712   555   582  0     2553   3829
 6235    481   373   493  0     2554   2653
 6236    493   406   481  0     2554   2629
 6237    308   374   377  0     2555   2599
 6238    377   374   268  0     2555   2614
 6239    377   425   392  0     2556   2622
 6240    392   425   446  0     2556   3015
 6241    556   457   523  0     2557   2569
 6242    472   457   556  0     2557   2713
 6243    493   516   592  0     2558   2559
 6244    493   540   516  0     2558   2580
 6245    592   540   493  0     2558   3132
 6246    457   390   406  0     2560   2574
 6247    290   406   390  0     2560   2597
 6248    290   307   215  0     2561   2593
 6249    290   256   307  0     2561   2628
 6250    215   307   256  0     2561   2655
 6251    608   763   540  0     2562   2983
 6252    608   830   763  0     2562   3026
 6253    540   830   608  1     2562     -1
 6254    540   763   830  0     2562   3065
 6255    271   307   356  0     2563   2595
 6256    356   385   271  0     2564   2595
 6257    457   460   413  0     2565   2571
 6258    440   374   373  0     2566   2619
 6259    440   377   374  0     2566   2610
 6260    373   374   377  0     2566   2614
 6261    356   338   459  0     2567   2651
 6262    392   338   274  0     2568   2608
 6263    392   415   338  0     2568   2648
 6264    274   338   415  0     2568   2618
 6265    465   556   457  0     2569   2632
 6266    482   481   406  0     2570   2623
 6267    454   481   482  1     2570     -1
 6268    473   460   413  0     2571   2572
 6269    366   473   460  0     2572   2581
 6270    528   662   516  0     2573   3016
 6271    454   406   457  0     2574   2729
 6272    454   390   406  0     2574   2597
 6273    457   390   454  0     2574   2696
 6274    651   733   656  0     2575   2924
 6275    651   655   733  0     2575   2692
 6276    656   655   651  0     2575   2732
 6277    656   733   655  0     2575   2832
 6278    557   544   477  0     2576   2814
 6279    557   459   544  0     2576   2634
 6280    477   459   557  0     2576   2637
 6281    477   544   459  0     2576   2812
 6282    356   428   460  0     2577   2579
 6283    436   460   428  0     2577   2578
 6284    428   459   460  0     2578   2579
 6285    436   459   428  0     2578   2819
 6286    481   516   493  0     2580   2629
 6287    493   540   481  1     2580     -1
 6288    473   460   436  0     2581   2669
 6289    243   268   139  0     2582   2613
 6290    628   552   603  0     2583   2768
 6291    628   556   552  0     2583   2770
 6292    603   556   628  0     2583   2758
 6293    603   552   556  0     2583   2767
 6294    332   542   133  1     2584     -1
 6295    133   542   442  1     2584     -1
 6296    655   557   528  0     2585   2600
 6297    639   557   655  0     2585   2733
 6298    666   653   700  1     2586     -1
 6299    666   675   653  0     2586   3148
 6300    700   675   666  0     2586   3137
 6301    700   653   675  0     2586   3120
 6302    585   535   534  0     2587   4372
 6303    430   535   585  0     2587   3812
 6304    430   534   535  0     2587   3811
 6305    440   374   459  0     2588   2620
 6306    440   456   374  0     2588   2619
 6307    459   374   456  0     2588   2643
 6308    268   373   377  0     2589   2614
 6309    268   322   373  0     2589   2596
 6310    377   373   322  0     2589   2591
 6311    338   374   307  0     2590   2611
 6312    338   385   374  0     2590   2649
 6313    307   374   385  0     2590   2638
 6314    438   373   322  0     2591   2660
 6315    723   789   740  1     2592     -1
 6316    723   739   789  0     2592   2987
 6317    740   739   723  0     2592   2956
 6318    740   789   739  0     2592   2714
 6319    271   290   307  0     2593   2606
 6320    373   386   309  0     2594   2652
 6321    309   268   373  0     2594   2596
 6322    271   307   385  0     2595   2606
 6323    322   373   309  0     2596   2652
 6324    862   666   793  1     2598     -1
 6325    793   763   862  0     2598   3068
 6326    793   666   763  0     2598   3126
 6327    377   425   374  0     2599   2610
 6328    308   425   377  0     2599   2622
 6329    308   374   425  0     2599   2639
 6330    460   528   655  0     2600   2744
 6331    655   557   460  0     2600   2731
 6332    223   268   338  0     2601   2602
 6333    338   307   268  0     2602   2611
 6334    187   307   215  0     2603   2654
 6335    187   386   307  0     2604   2654
 6336    307   373   187  0     2604   2625
 6337    425   374   455  0     2605   2642
 6338    425   440   374  0     2605   2610
 6339    455   440   425  0     2605   3516
 6340    455   374   440  0     2605   2620
 6341    557   544   655  0     2607   2733
 6342    392   338   308  0     2608   2640
 6343    373   374   307  0     2609   2638
 6344    373   268   374  0     2609   2614
 6345    307   268   373  0     2609   2625
 6346    307   374   268  0     2609   2611
 6347    139   268   145  0     2612   2613
 6348    256   386   454  1     2615     -1
 6349    426   338   285  0     2616   2617
 6350    274   426   338  0     2617   2618
 6351    373   456   374  0     2619   2644
 6352    459   440   455  0     2620   3571
 6353    456   484   438  0     2621   3136
 6354    456   373   484  0     2621   2661
 6355    438   484   373  0     2621   2659
 6356    308   425   392  0     2622   2639
 6357    481   406   516  0     2623   2629
 6358    557   516   477  0     2624   2666
 6359    290   373   406  0     2626   2627
 6360    290   307   373  0     2626   2628
 6361    290   373   256  0     2627   2628
 6362    493   406   516  0     2629   2630
 6363    406   516   456  0     2630   2633
 6364    436   579   544  0     2631   2815
 6365    460   579   436  0     2631   2669
 6366    465   552   457  0     2632   2718
 6367    456   477   516  0     2633   2666
 6368    459   544   440  0     2634   3570
 6369    440   544   557  0     2634   3567
 6370    639   625   544  0     2635   2699
 6371    620   625   639  0     2635   2867
 6372    620   544   625  0     2635   3580
 6373    482   540   468  1     2636     -1
 6374    477   456   557  0     2637   2666
 6375    385   373   374  0     2638   2645
 6376    308   374   392  0     2639   2640
 6377    392   374   425  0     2639   2647
 6378    392   338   374  0     2640   2648
 6379    338   415   374  0     2641   2648
 6380    455   374   415  0     2641   2642
 6381    415   425   374  0     2642   2647
 6382    459   374   385  0     2643   2650
 6383    385   374   456  0     2643   2646
 6384    406   374   373  0     2644   2645
 6385    406   456   374  0     2644   2646
 6386    406   374   385  0     2645   2646
 6387    392   374   415  0     2647   2648
 6388    415   425   392  0     2647   2677
 6389    338   356   374  0     2649   2651
 6390    385   374   356  0     2649   2650
 6391    459   374   356  0     2650   2651
 6392    322   386   309  1     2652     -1
 6393    322   373   386  0     2652   2660
 6394    481   386   493  1     2653     -1
 6395    493   386   373  0     2653   2662
 6396    187   386   215  0     2654   2656
 6397    215   386   307  0     2654   2655
 6398    215   386   256  0     2655   2656
 6399    130   120   386  1     2657     -1
 6400    187   386   120  0     2657   2658
 6401    309   386   120  1     2658     -1
 6402    438   386   373  0     2659   2660
 6403    438   484   386  1     2659     -1
 6404    373   386   484  0     2659   2661
 6405    438   386   322  1     2660     -1
 6406    484   456   386  0     2661   2663
 6407    373   386   456  0     2661   2662
 6408    493   386   456  0     2662   2663
 6409    493   484   456  0     2663   2687
 6410    493   386   484  1     2663     -1
 6411    673   714   608  0     2664   2709
 6412    673   701   714  1     2664     -1
 6413    608   701   673  1     2664     -1
 6414    608   714   701  0     2664   3003
 6415    733   839   715  0     2665   2957
 6416    733   691   839  0     2665   2970
 6417    946   899   882  0     2667   3101
 6418    930   899   946  1     2667     -1
 6419    930   882   899  0     2667   3100
 6420    634   575   642  0     2668   3185
 6421    794   575   634  0     2668   3464
 6422    794   642   575  0     2668   3604
 6423    473   579   436  0     2669   2673
 6424    809   775   660  0     2670   4653
 6425    809   720   775  0     2670   4801
 6426    660   720   809  0     2670   4753
 6427    591   537   524  0     2671   3234
 6428    591   599   537  0     2671   3213
 6429    524   599   591  0     2671   3211
 6430    673   572   542  1     2672     -1
 6431    542   556   673  0     2672   2707
 6432    473   612   436  0     2673   2754
 6433    452   550   397  0     2674   3503
 6434    452   362   550  0     2674   3544
 6435    397   550   362  0     2674   2684
 6436    420   564   549  0     2675   3537
 6437    420   446   564  0     2675   3550
 6438    549   446   420  0     2675   3104
 6439    549   564   446  0     2675   3375
 6440    954   962   829  0     2676   3345
 6441    954   792   962  0     2676   3292
 6442    829   792   954  0     2676   3334
 6443    829   962   792  0     2676   3342
 6444    415   525   392  0     2677   3511
 6445    415   425   525  0     2677   3506
 6446    392   525   425  0     2677   3015
 6447    679   654   622  0     2678   3121
 6448    679   629   654  0     2678   3183
 6449    622   629   679  0     2678   3164
 6450    622   654   629  0     2678   3182
 6451    476   534   593  0     2679   2841
 6452    593   613   476  0     2679   3819
 6453    788   880   812  0     2680   4405
 6454    812   810   788  0     2680   3490
 6455    812   880   810  0     2680   2822
 6456    694   762   591  0     2681   3317
 6457    694   727   762  0     2681   3273
 6458    591   727   694  1     2681     -1
 6459    591   762   727  0     2681   3418
 6460    693   575   620  0     2682   3476
 6461    693   607   575  0     2682   3563
 6462    620   575   607  0     2682   3488
 6463    713   642   649  0     2683   3574
 6464    713   633   642  0     2683   3189
 6465    649   633   713  0     2683   3551
 6466    649   642   633  0     2683   3575
 6467    362   453   550  0     2684   3495
 6468    397   550   453  0     2684   3541
 6469    767   854   787  0     2685   3279
 6470    767   877   854  0     2685   3278
 6471    787   877   767  0     2685   3290
 6472    331   490   416  0     2686   2824
 6473    416   490   410  1     2686     -1
 6474    484   491   493  1     2687     -1
 6475    484   456   491  0     2687   2888
 6476    565   733   656  0     2688   2759
 6477    468   556   390  0     2689   2711
 6478    694   990   587  1     2690     -1
 6479    694   667   990  0     2690   3264
 6480    587   990   667  1     2690     -1
 6481    693   763   666  0     2691   3126
 6482    592   763   693  0     2691   2990
 6483    592   666   763  0     2691   2837
 6484    655   739   651  0     2692   2980
 6485    655   733   739  0     2692   2997
 6486    651   739   733  0     2692   2924
 6487    528   473   519  0     2693   2748
 6488    460   473   528  0     2693   2730
 6489    675   551   622  0     2694   3196
 6490    675   512   551  0     2694   2889
 6491    622   512   675  0     2694   3169
 6492    540   608   468  1     2695     -1
 6493    457   519   454  0     2696   2729
 6494    457   406   519  0     2697   2729
 6495    454   519   406  0     2698   2729
 6496    859   876   986  0     2700   2964
 6497    859   830   876  0     2700   3029
 6498    986   830   859  1     2700     -1
 6499    986   876   830  0     2700   3024
 6500    786   739   714  0     2701   2954
 6501    786   822   739  0     2701   2723
 6502    714   739   822  0     2701   2994
 6503    498   436   495  0     2702   2750
 6504    953   920   835  0     2703   2984
 6505    839   835   920  0     2703   2903
 6506    565   563   656  0     2704   2751
 6507    565   660   563  0     2704   2739
 6508    656   660   565  0     2704   2759
 6509    656   563   660  0     2704   2855
 6510    436   546   495  0     2705   2750
 6511    565   569   684  0     2706   2738
 6512    637   569   565  0     2706   2716
 6513    608   556   673  0     2707   2709
 6514    673   542   608  1     2707     -1
 6515    580   527   489  0     2708   4742
 6516    608   556   714  0     2709   2993
 6517    608   390   556  0     2710   2711
 6518    472   556   390  0     2710   2713
 6519    468   608   390  1     2711     -1
 6520    841   756   634  0     2712   3594
 6521    841   642   756  0     2712   3593
 6522    634   642   841  0     2712   3615
 6523    739   835   789  0     2714   2987
 6524    740   835   739  0     2714   2986
 6525    740   789   835  0     2714   2955
 6526    655   732   612  0     2715   2745
 6527    467   569   565  0     2716   2765
 6528    565   637   467  0     2716   2781
 6529    465   523   603  1     2717     -1
 6530    640   621   684  1     2719     -1
 6531    660   621   640  0     2719   4745
 6532    637   565   628  0     2720   2779
 6533    656   628   565  0     2720   2769
 6534    723   739   556  0     2721   2958
 6535    723   714   739  0     2721   2954
 6536    556   739   714  0     2721   2993
 6537    733   835   839  0     2722   2988
 6538    733   739   835  0     2722   2986
 6539    839   835   739  0     2722   2962
 6540    739   835   822  0     2723   2962
 6541    739   786   835  0     2723   2965
 6542    500   559   604  0     2724   4620
 6543    500   573   559  0     2724   4266
 6544    604   559   573  0     2724   4592
 6545    553   511   495  0     2725   4737
 6546    444   511   553  0     2725   4679
 6547    565   684   660  0     2726   2738
 6548    949   843   925  0     2727   3088
 6549    949   832   843  0     2727   3096
 6550    925   832   949  0     2727   3020
 6551    925   843   832  0     2727   3086
 6552    608   540   662  0     2728   2983
 6553    528   612   473  0     2730   2748
 6554    528   460   612  0     2730   2744
 6555    655   612   460  0     2731   2744
 6556    655   612   656  0     2732   2745
 6557    656   612   651  0     2732   2788
 6558    391   424   511  0     2734   2740
 6559    435   569   467  0     2736   2765
 6560    733   740   723  0     2737   2956
 6561    733   715   740  0     2737   2957
 6562    723   740   715  1     2737     -1
 6563    565   569   660  0     2738   2739
 6564    660   563   569  0     2739   4675
 6565    391   467   511  0     2740   3822
 6566    427   563   435  0     2741   2783
 6567    427   473   563  0     2741   2777
 6568    625   756   753  0     2742   3578
 6569    625   668   756  0     2742   3116
 6570    753   668   625  0     2742   3528
 6571    753   756   668  0     2742   2915
 6572    733   754   684  0     2743   2969
 6573    655   732   656  0     2745   2832
 6574    656   732   612  0     2745   2833
 6575    569   563   498  0     2746   4615
 6576    651   612   473  0     2747   2772
 6577    651   519   612  0     2747   2749
 6578    473   519   651  0     2747   2776
 6579    473   612   519  0     2747   2748
 6580    528   612   519  0     2748   2749
 6581    565   612   656  0     2751   2787
 6582    565   563   612  0     2751   2786
 6583    612   473   498  0     2752   2754
 6584    563   473   612  0     2752   2785
 6585    620   794   693  0     2753   3476
 6586    620   639   794  0     2753   2867
 6587    851   926   872  0     2755   2923
 6588    844   872   926  0     2755   2897
 6589    440   607   592  0     2756   3151
 6590    440   456   607  0     2756   3166
 6591    592   456   440  0     2756   3150
 6592    592   607   456  0     2756   3167
 6593    715   740   801  1     2757     -1
 6594    715   839   740  0     2757   2957
 6595    723   628   603  1     2758     -1
 6596    723   556   628  0     2758   2958
 6597    660   733   656  0     2759   2935
 6598    677   707   582  0     2760   3906
 6599    677   712   707  0     2760   3843
 6600    582   707   712  0     2760   3829
 6601    651   739   662  0     2761   2980
 6602    651   656   739  0     2761   2924
 6603    662   739   656  0     2761   2963
 6604    740   789   924  1     2762     -1
 6605    740   839   789  0     2762   2955
 6606    924   789   839  0     2762   3010
 6607    972   949   959  1     2763     -1
 6608    972   832   949  0     2763   3074
 6609    959   949   832  0     2763   2904
 6610    641   646   831  0     2764   4797
 6611    831   856   641  0     2764   4786
 6612    831   646   856  0     2764   3810
 6613    565   467   435  0     2765   2789
 6614    556   552   572  0     2766   2767
 6615    628   552   467  0     2768   2780
 6616    467   603   628  1     2768     -1
 6617    656   552   565  0     2769   2787
 6618    656   628   552  0     2769   2770
 6619    565   552   628  0     2769   2779
 6620    556   552   656  0     2770   2773
 6621    418   552   435  0     2771   2784
 6622    435   552   427  0     2771   2783
 6623    651   552   473  0     2772   2776
 6624    651   612   552  0     2772   2788
 6625    473   552   612  0     2772   2785
 6626    651   552   656  0     2773   2788
 6627    651   556   552  0     2773   2774
 6628    651   519   552  0     2774   2776
 6629    556   552   519  0     2774   2775
 6630    473   552   519  0     2775   2776
 6631    563   552   473  0     2777   2785
 6632    563   427   552  0     2777   2783
 6633    418   443   552  0     2778   2784
 6634    467   443   418  1     2778     -1
 6635    467   552   443  0     2778   2790
 6636    565   552   637  0     2779   2781
 6637    637   552   628  0     2779   2780
 6638    637   467   628  1     2780     -1
 6639    637   552   467  0     2780   2781
 6640    565   552   467  0     2781   2789
 6641    435   552   565  0     2782   2789
 6642    435   563   552  0     2782   2783
 6643    565   552   563  0     2782   2786
 6644    443   552   435  0     2784   2790
 6645    612   563   552  0     2785   2786
 6646    565   552   612  0     2786   2787
 6647    656   552   612  0     2787   2788
 6648    467   435   552  0     2789   2790
 6649    489   527   449  0     2791   2805
 6650    449   527   597  0     2791   2804
 6651    483   487   421  0     2792   4585
 6652    483   573   487  0     2792   4522
 6653    392   492   415  0     2793   3511
 6654    392   426   492  0     2793   3194
 6655    579   428   544  0     2794   2815
 6656    546   544   428  0     2794   2813
 6657    855   831   812  0     2795   2873
 6658    855   856   831  0     2795   2851
 6659    812   856   855  0     2795   4365
 6660    812   831   856  0     2795   4391
 6661    563   735   660  0     2796   2855
 6662    563   718   735  0     2796   2854
 6663    660   718   563  0     2796   4682
 6664    660   735   718  0     2796   4755
 6665    733   735   656  0     2797   2935
 6666    733   732   735  0     2797   2972
 6667    656   732   733  0     2797   2832
 6668    656   735   732  0     2797   2833
 6669    490   551   491  1     2798     -1
 6670    786   789   723  1     2799     -1
 6671    786   835   789  0     2799   3009
 6672    723   835   786  0     2799   2965
 6673    723   789   835  0     2799   2987
 6674    810   880   814  0     2800   2822
 6675    754   839   801  0     2801   2966
 6676    801   809   754  0     2801   4738
 6677    906   865   878  1     2802     -1
 6678    878   871   906  0     2802   4808
 6679    878   865   871  0     2802   4821
 6680    718   809   776  0     2803   4534
 6681    788   776   809  0     2803   2878
 6682    449   527   511  0     2804   4404
 6683    511   597   449  0     2804   4733
 6684    489   419   449  0     2805   4717
 6685    867   765   663  0     2806   4838
 6686    663   737   867  0     2806   4824
 6687    663   765   737  0     2806   4837
 6688    585   527   617  0     2807   4443
 6689    585   429   527  0     2807   4689
 6690    617   527   429  0     2807   4699
 6691    421   527   489  0     2808   4688
 6692    489   527   573  0     2808   4459
 6693    663   696   590  0     2809   4695
 6694    663   596   696  0     2809   4381
 6695    590   596   663  0     2809   4640
 6696    590   696   596  0     2809   4758
 6697    641   573   527  0     2810   2912
 6698    617   573   641  0     2810   3586
 6699    617   527   573  0     2810   4443
 6700    393   527   444  0     2811   4345
 6701    477   544   460  0     2812   2814
 6702    544   428   532  0     2813   3458
 6703    546   532   428  0     2813   4489
 6704    428   544   436  0     2815   2819
 6705    585   535   617  0     2816   4473
 6706    617   646   585  0     2816   4410
 6707    907   938   941  1     2817     -1
 6708    907   880   938  0     2817   2913
 6709    941   880   907  0     2817   2927
 6710    941   938   880  0     2817   2918
 6711    718   625   579  0     2818   3809
 6712    718   774   625  0     2818   2929
 6713    696   747   720  0     2820   4793
 6714    696   702   747  0     2820   4430
 6715    720   702   696  0     2820   4743
 6716    720   747   702  0     2820   4690
 6717    961   773   769  0     2821   4278
 6718    961   800   773  0     2821   2933
 6719    769   800   961  0     2821   4380
 6720    769   773   800  0     2821   4383
 6721    812   814   810  0     2822   4407
 6722    576   601   475  0     2823   4137
 6723    475   479   576  0     2823   4140
 6724    475   601   479  0     2823   3801
 6725    416   446   490  0     2824   3232
 6726    331   446   416  0     2824   3258
 6727    592   763   540  0     2825   2837
 6728    592   639   763  0     2825   2990
 6729    540   763   639  0     2825   3043
 6730    706   707   712  0     2826   3916
 6731    706   682   707  0     2826   3746
 6732    712   707   682  0     2826   3780
 6733    530   521   446  0     2827   3181
 6734    530   490   521  1     2827     -1
 6735    446   521   490  0     2827   3232
 6736    981   905   930  1     2828     -1
 6737    981   868   905  0     2828   3045
 6738    930   868   981  0     2828   2881
 6739    930   905   868  0     2828   3034
 6740    405   534   430  0     2829   3811
 6741    693   868   793  0     2830   3107
 6742    693   832   868  0     2830   3095
 6743    793   832   693  0     2830   3049
 6744    793   868   832  0     2830   3079
 6745    428   535   329  0     2831   2926
 6746    428   532   535  0     2831   4489
 6747    329   535   532  0     2831   2836
 6748    733   655   732  0     2832   2997
 6749    546   535   625  0     2834   4483
 6750    546   646   535  0     2834   4488
 6751    625   646   546  0     2834   4375
 6752    625   535   646  0     2834   4484
 6753    430   429   535  0     2835   3812
 6754    344   535   429  0     2835   4392
 6755    532   405   535  0     2836   4478
 6756    329   535   405  0     2836   4457
 6757    592   666   540  0     2837   3132
 6758    788   735   732  0     2838   2977
 6759    888   926   788  0     2839   2909
 6760    788   851   888  0     2839   2885
 6761    788   926   851  0     2839   2920
 6762    411   494   357  0     2840   4686
 6763    411   419   494  0     2840   4719
 6764    476   538   593  0     2841   3806
 6765    367   488   412  0     2842   3377
 6766    367   510   488  0     2842   3395
 6767    412   488   510  0     2842   3399
 6768    570   562   618  0     2843   3455
 6769    618   588   570  1     2843     -1
 6770    378   488   311  0     2844   3309
 6771    378   361   488  0     2844   3443
 6772    311   488   361  0     2844   3839
 6773    452   545   397  0     2845   3673
 6774    452   547   545  0     2845   3825
 6775    397   547   452  0     2845   3795
 6776    757   731   738  0     2846   3585
 6777    738   731   819  0     2846   3707
 6778    753   782   731  0     2847   3739
 6779    625   782   753  0     2847   3528
 6780    553   535   344  0     2848   4392
 6781    553   546   535  0     2848   4488
 6782    344   535   546  0     2848   4490
 6783    499   502   462  0     2849   4458
 6784    462   508   499  0     2849   4498
 6785    462   502   508  0     2849   4505
 6786    753   731   738  0     2850   3739
 6787    738   613   753  0     2850   4486
 6788    738   731   613  0     2850   3585
 6789    856   831   960  0     2851   4814
 6790    960   855   856  0     2851   4406
 6791    960   831   855  0     2851   2871
 6792    814   855   872  0     2852   4371
 6793    872   855   880  0     2852   4373
 6794    960   886   871  0     2853   4817
 6795    936   886   960  1     2853     -1
 6796    936   871   886  0     2853   4757
 6797    612   563   718  0     2854   4681
 6798    656   735   660  0     2855   2935
 6799    794   844   832  0     2856   3021
 6800    931   873   985  0     2857   3697
 6801    931   918   873  0     2857   3654
 6802    985   918   931  1     2857     -1
 6803    985   873   918  0     2857   3656
 6804    753   814   625  0     2858   3578
 6805    753   774   814  0     2858   3794
 6806    625   774   753  0     2858   3789
 6807    660   735   733  0     2859   2935
 6808    660   809   735  0     2859   4753
 6809    733   735   809  0     2859   2967
 6810    851   880   941  0     2860   2916
 6811    941   928   851  0     2860   2922
 6812    941   880   928  0     2860   2918
 6813    744   800   858  0     2861   4347
 6814    744   910   800  0     2861   4376
 6815    858   910   744  0     2861   4343
 6816    814   845   774  0     2862   3451
 6817    814   810   845  0     2862   2868
 6818    774   810   814  0     2862   4423
 6819    774   845   810  0     2862   2907
 6820    799   875   764  0     2863   4027
 6821    799   805   875  0     2863   4029
 6822    764   805   799  0     2863   3628
 6823    764   875   805  0     2863   3762
 6824    857   841   796  0     2864   3621
 6825    857   870   841  0     2864   3634
 6826    796   841   870  0     2864   3607
 6827    861   955   891  0     2865   3981
 6828    861   978   955  0     2865   4025
 6829    891   978   861  0     2865   3701
 6830    891   955   978  1     2865     -1
 6831    774   794   625  0     2866   3512
 6832    625   794   639  0     2866   2867
 6833    810   845   872  0     2868   2907
 6834    814   872   845  0     2868   3500
 6835    676   564   633  0     2869   3538
 6836    676   634   564  0     2869   3524
 6837    633   634   676  0     2869   3576
 6838    809   831   788  0     2870   2878
 6839    809   880   831  0     2870   2947
 6840    788   831   880  0     2870   4405
 6841    960   831   880  0     2871   2874
 6842    880   855   960  0     2871   3684
 6843    880   831   855  0     2871   2873
 6844    794   777   717  0     2872   3620
 6845    794   841   777  0     2872   3340
 6846    717   841   794  0     2872   3617
 6847    717   777   841  0     2872   3577
 6848    880   831   812  0     2873   4405
 6849    880   886   831  0     2874   2947
 6850    960   886   880  0     2874   2936
 6851    960   831   886  0     2874   2879
 6852    873   847   864  0     2875   3731
 6853    873   833   847  0     2875   3702
 6854    864   833   873  0     2875   3692
 6855    864   847   833  0     2875   3734
 6856    757   847   833  0     2876   3702
 6857    757   821   847  0     2876   3676
 6858    833   821   757  0     2876   3725
 6859    833   847   821  0     2876   3733
 6860    922   822   944  0     2877   3057
 6861    922   835   822  0     2877   3000
 6862    809   831   776  0     2878   4800
 6863    788   776   831  0     2878   4795
 6864    886   809   831  0     2879   2947
 6865    960   809   886  0     2879   4817
 6866    960   831   809  0     2879   4815
 6867    811   840   772  0     2880   3296
 6868    949   930   868  0     2881   2893
 6869    949   981   930  1     2881     -1
 6870    830   862   859  1     2882     -1
 6871    830   763   862  0     2882   3065
 6872    859   763   830  0     2882   3029
 6873    859   862   763  0     2882   3072
 6874    922   834   876  0     2883   3056
 6875    845   844   774  0     2884   2894
 6876    774   851   845  0     2884   2906
 6877    774   844   851  0     2884   2902
 6878    788   844   888  0     2885   2975
 6879    788   851   844  0     2885   2902
 6880    655   844   732  0     2886   3061
 6881    732   844   774  0     2886   2901
 6882    713   841   802  0     2887   3613
 6883    713   781   841  0     2887   3598
 6884    802   781   713  0     2887   3372
 6885    802   841   781  0     2887   3640
 6886    491   484   512  0     2888   3149
 6887    456   512   484  0     2888   3136
 6888    592   551   675  0     2889   3111
 6889    808   798   753  0     2890   3660
 6890    808   818   798  0     2890   2932
 6891    753   818   808  0     2890   4291
 6892    753   798   818  0     2890   4399
 6893    822   763   739  0     2891   3018
 6894    822   830   763  0     2891   3025
 6895    739   830   822  0     2891   3007
 6896    739   763   830  0     2891   3026
 6897    975   842   870  0     2892   3703
 6898    870   842   891  0     2892   3749
 6899    949   930   946  1     2893     -1
 6900    946   868   949  0     2893   3089
 6901    845   794   774  0     2894   3619
 6902    845   844   794  0     2894   2999
 6903    549   564   437  0     2895   3534
 6904    549   562   564  0     2895   3184
 6905    437   562   549  0     2895   3465
 6906    437   564   562  0     2895   3244
 6907    668   782   713  0     2896   3540
 6908    713   781   668  0     2896   3372
 6909    713   782   781  0     2896   3771
 6910    926   844   984  0     2897   3038
 6911    339   513   370  0     2898   3471
 6912    370   513   464  0     2898   3456
 6913    983   870   919  0     2899   3649
 6914    919   840   983  0     2899   3354
 6915    919   870   840  0     2899   3268
 6916    446   564   622  0     2900   3375
 6917    446   525   564  0     2900   3212
 6918    622   525   446  0     2900   3130
 6919    622   564   525  0     2900   3419
 6920    732   844   788  0     2901   2976
 6921    788   844   774  0     2901   2902
 6922    839   944   920  0     2903   2978
 6923    839   835   944  0     2903   3006
 6924    959   949   834  0     2904   3041
 6925    834   832   959  0     2904   3017
 6926    834   949   832  0     2904   3020
 6927    786   982   835  0     2905   2951
 6928    786   876   982  0     2905   3012
 6929    835   982   876  0     2905   2982
 6930    774   872   845  0     2906   2907
 6931    774   851   872  0     2906   2908
 6932    774   872   810  0     2907   2908
 6933    888   926   928  1     2909     -1
 6934    788   928   926  0     2909   2920
 6935    928   938   960  1     2910     -1
 6936    928   880   938  0     2910   2918
 6937    960   880   928  0     2910   2936
 6938    960   938   880  0     2910   2913
 6939    911   856   866  0     2911   4097
 6940    911   956   856  0     2911   4314
 6941    866   956   911  0     2911   4400
 6942    598   527   641  0     2912   4789
 6943    641   573   598  0     2912   4523
 6944    960   938   907  1     2913     -1
 6945    907   880   960  0     2913   3684
 6946    886   944   888  1     2914     -1
 6947    886   839   944  0     2914   3005
 6948    888   839   886  0     2914   2960
 6949    888   944   839  0     2914   2978
 6950    753   782   668  0     2915   3528
 6951    753   756   782  0     2915   3435
 6952    668   782   756  0     2915   3776
 6953    941   872   880  0     2916   2928
 6954    851   872   941  0     2916   2922
 6955    656   733   739  0     2917   2924
 6956    723   739   733  0     2917   2956
 6957    941   938   928  1     2918     -1
 6958    810   798   788  0     2919   3490
 6959    810   774   798  0     2919   4423
 6960    788   798   774  0     2919   3793
 6961    851   928   926  0     2920   2923
 6962    926   928   872  0     2921   2923
 6963    926   941   928  1     2921     -1
 6964    872   928   941  0     2921   2922
 6965    872   928   851  0     2922   2923
 6966    738   818   753  0     2925   4364
 6967    738   856   818  0     2925   4274
 6968    753   818   856  0     2925   4399
 6969    344   535   329  0     2926   4457
 6970    344   428   535  0     2926   4490
 6971    941   880   967  0     2927   2928
 6972    967   907   941  1     2927     -1
 6973    967   880   907  0     2927   4427
 6974    967   872   880  0     2928   4373
 6975    718   798   625  0     2929   4352
 6976    718   774   798  0     2929   3793
 6977    625   798   774  0     2929   3789
 6978    624   626   508  0     2930   4513
 6979    508   604   624  0     2930   4556
 6980    508   626   604  0     2930   4602
 6981    571   594   685  0     2931   4206
 6982    571   650   594  0     2931   4543
 6983    685   650   571  0     2931   4200
 6984    685   594   650  0     2931   4361
 6985    855   798   808  0     2932   2946
 6986    855   818   798  0     2932   4426
 6987    874   961   800  0     2933   4378
 6988    874   773   961  0     2933   4402
 6989    880   928   886  0     2936   2937
 6990    960   886   928  1     2936     -1
 6991    922   982   835  0     2938   2982
 6992    922   908   982  1     2938     -1
 6993    835   982   908  0     2938   2951
 6994    837   871   956  0     2939   2941
 6995    837   856   871  0     2939   4813
 6996    956   871   856  0     2939   2940
 6997    960   856   956  0     2940   4374
 6998    960   871   856  0     2940   4814
 6999    837   871   936  0     2941   4807
 7000    936   956   837  0     2941   4463
 7001    952   961   889  1     2942     -1
 7002    952   866   961  0     2942   4401
 7003    889   866   952  0     2942   4368
 7004    769   730   748  0     2943   4503
 7005    769   744   730  0     2943   4525
 7006    748   744   769  0     2943   4317
 7007    748   730   744  0     2943   4341
 7008    769   736   806  0     2944   4197
 7009    806   750   769  0     2944   4308
 7010    806   736   750  0     2944   4422
 7011    606   614   658  0     2945   4629
 7012    606   568   614  0     2945   4538
 7013    658   568   606  0     2945   4627
 7014    658   614   568  0     2945   4636
 7015    812   798   808  0     2946   4419
 7016    812   855   798  0     2946   4365
 7017    808   855   812  0     2946   4377
 7018    773   646   738  0     2948   4346
 7019    773   641   646  0     2948   4316
 7020    738   641   773  0     2948   4480
 7021    718   646   546  0     2949   4447
 7022    718   579   646  0     2949   3809
 7023    546   646   579  0     2949   4375
 7024    831   837   871  0     2950   4813
 7025    747   871   837  0     2950   4780
 7026    786   908   835  0     2951   3009
 7027    786   982   908  0     2951   2959
 7028    803   775   871  0     2952   4818
 7029    779   775   803  0     2952   4759
 7030    779   871   775  0     2952   4799
 7031    580   696   632  0     2953   4694
 7032    632   702   580  0     2953   4783
 7033    632   696   702  0     2953   4575
 7034    723   786   739  0     2954   2965
 7035    714   786   723  1     2954     -1
 7036    835   839   789  0     2955   3011
 7037    740   839   835  0     2955   2988
 7038    733   740   739  0     2956   2986
 7039    733   839   740  0     2957   2988
 7040    908   986   982  1     2959     -1
 7041    786   986   908  1     2959     -1
 7042    786   982   986  0     2959   3012
 7043    888   839   809  0     2960   2973
 7044    888   844   839  0     2961   2975
 7045    953   844   888  0     2961   3039
 7046    953   839   844  0     2961   3048
 7047    556   662   739  0     2963   2992
 7048    876   986   982  0     2964   3012
 7049    723   835   739  0     2965   2987
 7050    754   839   691  0     2966   2971
 7051    691   801   754  1     2966     -1
 7052    735   839   733  0     2967   2972
 7053    735   809   839  0     2967   2974
 7054    844   839   733  0     2968   3059
 7055    844   732   839  0     2968   2976
 7056    733   732   844  0     2968   2998
 7057    733   839   732  0     2968   2972
 7058    754   684   839  0     2969   2971
 7059    733   839   684  0     2969   2970
 7060    691   839   684  0     2970   2971
 7061    691   754   684  1     2971     -1
 7062    735   839   732  0     2972   2977
 7063    888   839   788  0     2973   2975
 7064    788   839   809  0     2973   2974
 7065    788   839   735  0     2974   2977
 7066    788   844   839  0     2975   2976
 7067    732   839   788  0     2976   2977
 7068    888   944   920  1     2978     -1
 7069    982   904   922  1     2979     -1
 7070    922   876   982  0     2979   2982
 7071    655   739   662  0     2980   3055
 7072    964   849   930  0     2981   3013
 7073    964   905   849  0     2981   3176
 7074    930   905   964  1     2981     -1
 7075    922   876   835  0     2982   3000
 7076    662   608   763  0     2983   3027
 7077    953   920   822  0     2984   2989
 7078    734   830   786  0     2985   3022
 7079    734   822   830  0     2985   3007
 7080    786   830   822  0     2985   2991
 7081    740   835   733  0     2986   2988
 7082    944   822   953  0     2989   3046
 7083    953   920   944  1     2989     -1
 7084    786   830   876  0     2991   3022
 7085    822   876   830  0     2991   3025
 7086    608   739   556  0     2992   2993
 7087    608   662   739  0     2992   3027
 7088    608   739   714  0     2993   3003
 7089    822   734   739  0     2994   3007
 7090    714   739   734  0     2994   3001
 7091    662   763   739  0     2995   3027
 7092    739   834   662  0     2995   3055
 7093    739   763   834  0     2995   3018
 7094    946   843   868  0     2996   3089
 7095    946   882   843  0     2996   3093
 7096    868   843   882  0     2996   3145
 7097    655   732   739  0     2997   3062
 7098    733   739   732  0     2997   2998
 7099    732   844   739  0     2998   3060
 7100    733   739   844  0     2998   3051
 7101    844   843   845  0     2999   3094
 7102    844   794   843  0     2999   3021
 7103    845   843   794  0     2999   3597
 7104    922   876   822  0     3000   3056
 7105    701   739   734  0     3001   3002
 7106    701   714   739  0     3001   3003
 7107    734   714   701  1     3001     -1
 7108    734   608   739  0     3002   3008
 7109    701   608   734  1     3002     -1
 7110    701   739   608  0     3002   3003
 7111    924   908   886  1     3004     -1
 7112    924   839   908  0     3004   3010
 7113    886   908   839  0     3004   3005
 7114    839   944   908  0     3005   3006
 7115    886   908   944  1     3005     -1
 7116    835   908   839  0     3006   3011
 7117    739   830   734  0     3007   3008
 7118    608   830   734  1     3008     -1
 7119    608   739   830  0     3008   3026
 7120    835   789   908  0     3009   3011
 7121    786   908   789  1     3009     -1
 7122    924   789   908  1     3010     -1
 7123    839   908   789  0     3010   3011
 7124    786   876   986  0     3012   3023
 7125    882   964   849  0     3013   3294
 7126    930   964   882  0     3013   3100
 7127    876   834   859  0     3014   3028
 7128    859   834   904  0     3014   3076
 7129    528   763   516  0     3016   3042
 7130    834   832   904  0     3017   3077
 7131    904   959   834  0     3017   3041
 7132    904   832   959  0     3017   3070
 7133    822   834   739  0     3018   3052
 7134    822   763   834  0     3018   3044
 7135    768   618   712  0     3019   3802
 7136    768   743   618  0     3019   3324
 7137    712   743   768  0     3019   3408
 7138    712   618   743  0     3019   3958
 7139    834   925   832  0     3020   3050
 7140    834   949   925  0     3020   3036
 7141    832   843   844  0     3021   3086
 7142    832   794   843  0     3021   3064
 7143    734   876   786  0     3022   3023
 7144    734   830   876  0     3022   3024
 7145    734   986   786  1     3023     -1
 7146    734   876   986  0     3023   3024
 7147    734   830   986  1     3024     -1
 7148    876   763   822  0     3025   3044
 7149    876   830   763  0     3025   3029
 7150    739   763   608  0     3026   3027
 7151    876   763   859  0     3028   3029
 7152    876   834   763  0     3028   3044
 7153    859   763   834  0     3028   3072
 7154    953   834   944  0     3030   3046
 7155    944   922   953  1     3030     -1
 7156    944   834   922  0     3030   3057
 7157    862   981   966  1     3031     -1
 7158    862   868   981  0     3031   3035
 7159    966   868   862  0     3031   3081
 7160    794   869   845  0     3032   3597
 7161    794   777   869  0     3032   3340
 7162    845   777   794  0     3032   3619
 7163    845   869   777  0     3032   3596
 7164    575   756   794  0     3033   3604
 7165    575   620   756  0     3033   3513
 7166    794   620   575  0     3033   3476
 7167    883   868   930  0     3034   3098
 7168    883   905   868  0     3034   3045
 7169    883   981   862  1     3035     -1
 7170    883   868   981  0     3035   3045
 7171    904   949   925  1     3036     -1
 7172    904   834   949  0     3036   3041
 7173    946   925   844  0     3037   3087
 7174    946   984   925  1     3037     -1
 7175    844   925   984  0     3037   3038
 7176    984   926   925  1     3038     -1
 7177    844   925   926  0     3038   3040
 7178    953   925   888  1     3039     -1
 7179    888   925   844  0     3039   3040
 7180    888   925   926  1     3040     -1
 7181    959   949   904  1     3041     -1
 7182    639   763   516  0     3042   3043
 7183    876   834   822  0     3044   3056
 7184    883   905   981  1     3045     -1
 7185    944   822   834  0     3046   3057
 7186    953   834   822  0     3046   3047
 7187    953   834   839  0     3047   3048
 7188    839   834   822  0     3047   3058
 7189    839   844   834  0     3048   3059
 7190    793   763   693  0     3049   3126
 7191    793   832   763  0     3049   3068
 7192    925   832   844  0     3050   3086
 7193    733   834   844  0     3051   3059
 7194    733   739   834  0     3051   3052
 7195    844   834   739  0     3051   3060
 7196    822   834   733  0     3052   3058
 7197    763   832   834  0     3053   3071
 7198    655   834   844  0     3054   3061
 7199    655   739   834  0     3055   3062
 7200    922   834   822  0     3056   3057
 7201    839   834   733  0     3058   3059
 7202    739   732   834  0     3060   3062
 7203    844   834   732  0     3060   3061
 7204    655   834   732  0     3061   3062
 7205    652   599   667  1     3063     -1
 7206    667   599   627  0     3063   3266
 7207    794   843   693  0     3064   3159
 7208    693   843   832  0     3064   3095
 7209    540   862   830  1     3065     -1
 7210    843   717   882  0     3066   3145
 7211    843   857   717  0     3066   3160
 7212    882   857   843  0     3066   3590
 7213    882   717   857  0     3066   3199
 7214    591   762   627  0     3067   3317
 7215    591   654   762  0     3067   3414
 7216    627   762   654  0     3067   3295
 7217    832   862   793  0     3068   3079
 7218    832   763   862  0     3068   3071
 7219    840   870   921  0     3069   3268
 7220    840   792   870  0     3069   3389
 7221    921   792   840  0     3069   3384
 7222    921   870   792  0     3069   3362
 7223    832   862   904  0     3070   3077
 7224    904   862   959  1     3070     -1
 7225    832   834   862  0     3071   3077
 7226    763   862   834  0     3071   3072
 7227    859   862   834  0     3072   3076
 7228    972   862   980  1     3073     -1
 7229    972   949   862  0     3073   3074
 7230    980   949   972  1     3073     -1
 7231    980   862   949  0     3073   3078
 7232    832   949   862  0     3074   3080
 7233    854   974   990  1     3075     -1
 7234    990   974   954  1     3075     -1
 7235    859   862   904  1     3076     -1
 7236    904   862   834  0     3076   3077
 7237    977   862   949  0     3078   3082
 7238    977   980   862  1     3078     -1
 7239    949   980   977  1     3078     -1
 7240    832   862   868  0     3079   3080
 7241    949   868   832  0     3080   3096
 7242    949   862   868  0     3080   3081
 7243    949   862   966  0     3081   3082
 7244    966   977   862  1     3082     -1
 7245    949   977   966  1     3082     -1
 7246    705   643   622  0     3083   3220
 7247    705   675   643  0     3083   3113
 7248    622   675   705  0     3083   3131
 7249    622   643   675  0     3083   3209
 7250    845   843   946  0     3084   3094
 7251    845   984   843  0     3084   3602
 7252    946   843   984  0     3084   3093
 7253    560   698   661  0     3085   4128
 7254    560   610   698  0     3085   4160
 7255    661   610   560  0     3085   3928
 7256    661   698   610  0     3085   4176
 7257    925   843   844  0     3086   3087
 7258    946   843   844  0     3087   3094
 7259    946   925   843  0     3087   3088
 7260    946   949   843  0     3088   3089
 7261    925   949   946  1     3088     -1
 7262    949   843   868  0     3089   3096
 7263    877   954   933  0     3090   3274
 7264    877   934   954  0     3090   3275
 7265    933   934   877  0     3090   3330
 7266    933   954   934  1     3090     -1
 7267    760   752   821  0     3091   3670
 7268    790   840   784  0     3092   3217
 7269    790   828   840  0     3092   3996
 7270    784   828   790  0     3092   3355
 7271    784   840   828  0     3092   3382
 7272    984   882   843  0     3093   3631
 7273    946   882   984  0     3093   3108
 7274    832   868   843  0     3095   3096
 7275    693   843   868  0     3095   3124
 7276    531   537   581  0     3097   3179
 7277    581   599   531  1     3097     -1
 7278    581   537   599  0     3097   3213
 7279    868   882   883  0     3098   3125
 7280    493   666   592  0     3099   3132
 7281    493   491   666  1     3099     -1
 7282    964   899   930  1     3100     -1
 7283    964   882   899  0     3100   3109
 7284    897   882   946  0     3101   3108
 7285    897   899   882  0     3101   3109
 7286    946   899   897  1     3101     -1
 7287    882   770   883  0     3102   3125
 7288    882   849   770  0     3102   3140
 7289    883   770   849  1     3102     -1
 7290    717   607   675  0     3103   3119
 7291    717   622   607  0     3103   3364
 7292    675   622   717  0     3103   3131
 7293    675   607   622  0     3103   3169
 7294    549   524   420  0     3104   3251
 7295    549   446   524  0     3104   3248
 7296    420   524   446  0     3104   3249
 7297    787   767   778  0     3105   3290
 7298    787   679   767  0     3105   3285
 7299    778   679   787  0     3105   3286
 7300    778   767   679  0     3105   3288
 7301    919   914   840  0     3106   3354
 7302    919   970   914  1     3106     -1
 7303    840   970   919  0     3106   3391
 7304    840   914   970  0     3106   3350
 7305    868   793   675  0     3107   3158
 7306    693   675   793  0     3107   3134
 7307    984   897   882  0     3108   3623
 7308    946   897   984  1     3108     -1
 7309    964   882   897  0     3109   3110
 7310    897   899   964  1     3109     -1
 7311    675   653   551  0     3111   3198
 7312    592   653   675  0     3111   3148
 7313    592   551   653  0     3111   3171
 7314    770   675   793  0     3112   3156
 7315    770   700   675  0     3112   3139
 7316    793   700   770  1     3112     -1
 7317    793   675   700  0     3112   3134
 7318    755   643   705  0     3113   3129
 7319    755   675   643  0     3113   3208
 7320    705   675   755  0     3113   3133
 7321    843   869   794  0     3114   3597
 7322    843   857   869  0     3114   3590
 7323    794   857   843  0     3114   3160
 7324    794   869   857  0     3114   3284
 7325    984   869   951  0     3115   3632
 7326    984   872   869  0     3115   3603
 7327    951   869   872  0     3115   3642
 7328    620   668   756  0     3116   3513
 7329    625   668   620  0     3116   3580
 7330    976   932   927  1     3117     -1
 7331    976   857   932  0     3117   3449
 7332    927   857   976  0     3117   3302
 7333    781   975   842  0     3118   3710
 7334    841   975   781  0     3118   3637
 7335    841   842   975  0     3118   3703
 7336    693   717   607  0     3119   3563
 7337    675   755   653  0     3120   3195
 7338    700   755   675  0     3120   3139
 7339    700   653   755  1     3120     -1
 7340    705   654   622  0     3121   3182
 7341    622   679   705  0     3121   3220
 7342    743   676   758  0     3122   3439
 7343    743   772   676  0     3122   3507
 7344    758   676   772  0     3122   3611
 7345    693   666   793  0     3123   3126
 7346    693   700   666  0     3123   3137
 7347    793   700   693  0     3123   3134
 7348    793   666   700  1     3123     -1
 7349    693   843   717  0     3124   3159
 7350    868   717   843  0     3124   3145
 7351    954   962   813  0     3127   3292
 7352    954   974   962  1     3127     -1
 7353    627   524   561  0     3128   3246
 7354    627   521   524  0     3128   3233
 7355    778   755   643  1     3129     -1
 7356    705   755   778  0     3129   3203
 7357    622   512   446  0     3130   3174
 7358    622   525   512  0     3130   3138
 7359    622   717   705  0     3131   3173
 7360    705   717   675  0     3131   3133
 7361    493   666   540  1     3132     -1
 7362    705   717   755  0     3133   3202
 7363    755   717   675  0     3133   3141
 7364    693   675   700  0     3134   3137
 7365    654   676   629  0     3135   3448
 7366    654   562   676  0     3135   3147
 7367    629   562   654  0     3135   3429
 7368    629   676   562  0     3135   3459
 7369    484   438   512  0     3136   3149
 7370    525   512   607  0     3138   3142
 7371    607   622   525  0     3138   3556
 7372    607   512   622  0     3138   3169
 7373    755   770   700  1     3139     -1
 7374    755   675   770  0     3139   3141
 7375    849   717   882  0     3140   3201
 7376    849   770   717  0     3140   3206
 7377    675   770   717  0     3141   3156
 7378    755   717   770  0     3141   3205
 7379    440   607   525  0     3142   3515
 7380    440   512   607  0     3142   3151
 7381    829   854   792  0     3143   3334
 7382    829   767   854  0     3143   3278
 7383    792   767   829  0     3143   3316
 7384    829   840   870  0     3144   3389
 7385    796   840   829  0     3144   3387
 7386    796   870   840  0     3144   3265
 7387    576   586   687  0     3146   3929
 7388    576   558   586  0     3146   3905
 7389    687   558   576  0     3146   3764
 7390    687   586   558  0     3146   3930
 7391    743   676   654  0     3147   3507
 7392    743   562   676  0     3147   3489
 7393    654   562   743  0     3147   3480
 7394    592   653   666  0     3148   3171
 7395    484   438   491  1     3149     -1
 7396    592   512   440  0     3150   3151
 7397    679   654   549  0     3152   3183
 7398    679   627   654  0     3152   3295
 7399    549   627   679  0     3152   3222
 7400    410   490   438  1     3153     -1
 7401    778   721   705  0     3154   3203
 7402    778   679   721  0     3154   3288
 7403    392   525   453  0     3155   3546
 7404    675   793   717  0     3156   3158
 7405    770   717   793  0     3156   3157
 7406    868   717   793  0     3157   3158
 7407    794   717   693  0     3159   3532
 7408    794   843   717  0     3159   3160
 7409    857   717   794  0     3160   3617
 7410    513   469   497  0     3161   3379
 7411    517   469   513  0     3161   3974
 7412    517   497   469  0     3161   3378
 7413    524   537   480  0     3162   3261
 7414    480   458   524  0     3162   3255
 7415    480   537   458  1     3162     -1
 7416    570   513   618  0     3163   3444
 7417    570   533   513  0     3163   3374
 7418    618   533   570  0     3163   3455
 7419    618   513   533  0     3163   3834
 7420    622   629   549  0     3164   3536
 7421    549   679   622  0     3164   3222
 7422    549   629   679  0     3164   3183
 7423    557   607   620  0     3165   3168
 7424    557   440   607  0     3165   3166
 7425    620   440   557  0     3165   3568
 7426    620   607   440  0     3165   3488
 7427    456   607   557  0     3166   3167
 7428    592   607   557  0     3167   3168
 7429    679   787   667  0     3170   3285
 7430    679   652   787  0     3170   3286
 7431    667   787   652  1     3170     -1
 7432    653   666   551  1     3171     -1
 7433    679   762   627  0     3172   3295
 7434    679   767   762  0     3172   3270
 7435    627   762   767  0     3172   3272
 7436    622   634   705  0     3173   3357
 7437    622   717   634  0     3173   3364
 7438    705   634   717  0     3173   3446
 7439    819   782   802  0     3175   3392
 7440    819   853   782  0     3175   3737
 7441    802   853   819  0     3175   3740
 7442    802   782   853  0     3175   3327
 7443    849   940   905  1     3176     -1
 7444    849   964   940  0     3176   3282
 7445    905   940   964  1     3176     -1
 7446    577   642   564  0     3177   3573
 7447    577   634   642  0     3177   3185
 7448    564   634   577  0     3177   3343
 7449    792   762   796  0     3178   3300
 7450    796   767   792  0     3178   3316
 7451    796   762   767  0     3178   3299
 7452    458   581   531  0     3179   3219
 7453    458   537   581  1     3179     -1
 7454    713   676   659  0     3180   3441
 7455    713   649   676  0     3180   3574
 7456    659   676   649  0     3180   3545
 7457    530   521   561  1     3181     -1
 7458    705   629   622  0     3182   3357
 7459    705   654   629  0     3182   3304
 7460    549   629   654  0     3183   3429
 7461    629   564   549  0     3184   3536
 7462    549   562   629  0     3184   3429
 7463    577   575   642  0     3185   3539
 7464    634   575   577  0     3185   3343
 7465    634   575   525  0     3186   3557
 7466    634   564   575  0     3186   3343
 7467    525   564   634  0     3186   3419
 7468    525   575   564  0     3186   3306
 7469    625   577   544  0     3187   3501
 7470    544   575   625  0     3187   3581
 7471    544   577   575  0     3187   3193
 7472    634   777   717  0     3188   3577
 7473    634   756   777  0     3188   3594
 7474    717   756   634  0     3188   3558
 7475    717   777   756  0     3188   3620
 7476    633   550   713  0     3189   3551
 7477    633   642   550  0     3189   3554
 7478    877   937   854  0     3190   3277
 7479    990   937   877  1     3190     -1
 7480    813   854   727  1     3191     -1
 7481    813   762   854  0     3191   3223
 7482    727   762   813  0     3191   3326
 7483    727   854   762  0     3191   3273
 7484    532   492   544  0     3192   3458
 7485    544   492   625  0     3192   3501
 7486    575   492   577  0     3193   3428
 7487    544   492   575  0     3193   3565
 7488    544   577   492  0     3193   3501
 7489    453   492   392  0     3194   3546
 7490    453   426   492  0     3194   3517
 7491    653   561   755  1     3195     -1
 7492    653   675   561  0     3195   3198
 7493    755   561   675  0     3195   3208
 7494    675   561   622  0     3196   3209
 7495    675   551   561  0     3196   3198
 7496    622   561   551  0     3196   3197
 7497    551   530   561  1     3197     -1
 7498    551   561   653  1     3198     -1
 7499    717   721   882  0     3199   3201
 7500    717   857   721  0     3199   3311
 7501    882   721   857  0     3199   3322
 7502    796   767   654  0     3200   3299
 7503    796   721   767  0     3200   3283
 7504    654   721   796  0     3200   3303
 7505    654   767   721  0     3200   3269
 7506    849   721   882  0     3201   3319
 7507    849   717   721  0     3201   3206
 7508    705   721   755  0     3202   3203
 7509    705   717   721  0     3202   3312
 7510    755   721   717  0     3202   3205
 7511    755   778   721  0     3203   3204
 7512    849   721   755  0     3204   3207
 7513    849   778   721  0     3204   3321
 7514    755   778   849  1     3204     -1
 7515    755   721   770  0     3205   3207
 7516    770   721   717  0     3205   3206
 7517    770   721   849  0     3206   3207
 7518    755   849   770  1     3207     -1
 7519    561   643   755  1     3208     -1
 7520    561   675   643  0     3208   3209
 7521    622   643   561  0     3209   3218
 7522    408   524   437  0     3210   3254
 7523    437   524   458  0     3210   3255
 7524    627   599   591  0     3211   3267
 7525    627   524   599  0     3211   3233
 7526    525   564   434  0     3212   3543
 7527    434   564   446  0     3212   3550
 7528    581   537   591  1     3213     -1
 7529    416   408   531  0     3214   3231
 7530    531   599   521  1     3215     -1
 7531    521   599   524  0     3215   3233
 7532    643   652   778  1     3216     -1
 7533    778   652   679  0     3216   3286
 7534    790   840   743  0     3217   3999
 7535    643   627   622  0     3218   3221
 7536    622   627   561  0     3218   3246
 7537    581   351   458  1     3219     -1
 7538    581   531   351  1     3219     -1
 7539    622   679   643  0     3220   3221
 7540    622   679   627  0     3221   3222
 7541    549   627   622  0     3222   3245
 7542    745   811   813  1     3224     -1
 7543    813   762   745  0     3224   3326
 7544    772   676   796  0     3225   3612
 7545    772   654   676  0     3225   3507
 7546    796   654   772  0     3225   3349
 7547    796   676   654  0     3225   3448
 7548    520   509   543  0     3226   4155
 7549    520   560   509  0     3226   4146
 7550    543   509   560  0     3226   3821
 7551    811   772   792  0     3227   3296
 7552    792   772   762  0     3227   3276
 7553    758   659   743  0     3228   3439
 7554    758   677   659  0     3228   3438
 7555    743   677   758  0     3228   3445
 7556    743   659   677  0     3228   3452
 7557    533   507   609  0     3229   3430
 7558    609   562   533  0     3229   3454
 7559    609   507   562  0     3229   3526
 7560    757   833   873  0     3230   3702
 7561    757   848   833  0     3230   4261
 7562    873   848   757  0     3230   3347
 7563    873   833   848  0     3230   4325
 7564    351   531   416  1     3231     -1
 7565    416   521   490  1     3232     -1
 7566    591   537   549  0     3234   3482
 7567    549   537   524  0     3234   3261
 7568    599   694   591  0     3235   3267
 7569    591   694   587  1     3235     -1
 7570    864   850   821  0     3236   3719
 7571    864   847   850  0     3236   3661
 7572    821   847   864  0     3236   3732
 7573    861   842   891  0     3237   3624
 7574    861   983   842  0     3237   4003
 7575    891   983   861  0     3237   3981
 7576    891   842   983  0     3237   3749
 7577    823   805   879  0     3238   4001
 7578    823   768   805  0     3238   3404
 7579    879   768   823  1     3238     -1
 7580    879   805   768  0     3238   3872
 7581    643   521   652  1     3239     -1
 7582    466   505   470  0     3240   3411
 7583    466   479   505  0     3240   3978
 7584    453   550   447  0     3241   3541
 7585    453   609   550  0     3241   3409
 7586    447   550   609  0     3241   3952
 7587    464   533   497  0     3242   3426
 7588    712   677   828  0     3243   3843
 7589    828   790   712  0     3243   3896
 7590    828   677   790  0     3243   3882
 7591    437   564   434  0     3244   3534
 7592    549   524   622  0     3245   3248
 7593    622   524   627  0     3245   3246
 7594    622   524   561  0     3246   3247
 7595    622   524   446  0     3247   3248
 7596    549   446   622  0     3248   3375
 7597    420   524   375  0     3249   3259
 7598    375   524   446  0     3249   3257
 7599    420   524   437  0     3250   3251
 7600    420   416   524  0     3250   3260
 7601    437   524   416  0     3250   3252
 7602    437   549   524  0     3251   3256
 7603    437   524   272  0     3252   3254
 7604    272   524   416  0     3252   3253
 7605    272   524   408  0     3253   3254
 7606    437   524   480  0     3255   3256
 7607    549   524   480  0     3256   3261
 7608    446   331   524  0     3257   3258
 7609    375   524   331  0     3257   3259
 7610    331   524   416  0     3258   3260
 7611    420   524   331  0     3259   3260
 7612    549   537   480  0     3261   3263
 7613    486   497   432  0     3262   3462
 7614    432   570   486  1     3262     -1
 7615    432   497   570  0     3262   3412
 7616    480   486   537  1     3263     -1
 7617    549   537   486  0     3263   3483
 7618    667   787   694  0     3264   3293
 7619    667   990   787  1     3264     -1
 7620    840   772   870  0     3265   3383
 7621    796   772   840  0     3265   3388
 7622    796   870   772  0     3265   3607
 7623    627   694   599  0     3266   3267
 7624    627   694   591  0     3267   3317
 7625    919   870   921  0     3268   3346
 7626    654   767   679  0     3269   3270
 7627    679   767   721  0     3269   3288
 7628    767   762   654  0     3270   3299
 7629    654   762   679  0     3270   3295
 7630    811   768   827  1     3271     -1
 7631    743   768   811  0     3271   3324
 7632    743   827   768  0     3271   4011
 7633    627   762   694  0     3272   3317
 7634    727   854   694  1     3273     -1
 7635    877   954   937  0     3274   3277
 7636    937   933   877  1     3274     -1
 7637    937   954   933  1     3274     -1
 7638    934   954   829  0     3275   3344
 7639    829   877   934  0     3275   3333
 7640    829   954   877  0     3275   3335
 7641    792   772   654  0     3276   3349
 7642    654   762   792  0     3276   3300
 7643    654   772   762  0     3276   3376
 7644    877   954   854  0     3277   3335
 7645    877   829   767  0     3278   3305
 7646    877   854   829  0     3278   3335
 7647    694   787   767  0     3279   3293
 7648    877   829   964  0     3280   3333
 7649    877   849   829  0     3280   3301
 7650    964   849   877  0     3280   3282
 7651    964   829   849  0     3280   3294
 7652    629   676   705  0     3281   3431
 7653    629   634   676  0     3281   3524
 7654    705   634   629  0     3281   3357
 7655    849   877   940  1     3282     -1
 7656    964   940   877  0     3282   3332
 7657    721   829   796  0     3283   3323
 7658    721   767   829  0     3283   3320
 7659    796   829   767  0     3283   3316
 7660    794   841   857  0     3284   3617
 7661    794   869   841  0     3284   3340
 7662    667   767   787  0     3285   3293
 7663    652   787   778  1     3286     -1
 7664    914   820   840  0     3287   3824
 7665    914   879   820  0     3287   3979
 7666    840   879   914  0     3287   3350
 7667    840   820   879  0     3287   3498
 7668    778   767   721  0     3288   3320
 7669    974   879   962  0     3289   3360
 7670    974   811   879  1     3289     -1
 7671    962   879   811  0     3289   3401
 7672    877   767   778  0     3290   3305
 7673    778   787   877  1     3290     -1
 7674    934   976   897  1     3291     -1
 7675    934   857   976  0     3291   3361
 7676    897   857   934  0     3291   3328
 7677    897   976   857  0     3291   3302
 7678    792   962   813  0     3292   3318
 7679    882   829   849  0     3294   3319
 7680    792   840   772  0     3296   3388
 7681    841   957   932  0     3297   3548
 7682    927   957   841  0     3297   3629
 7683    927   932   957  1     3297     -1
 7684    437   432   497  0     3298   3462
 7685    327   497   432  0     3298   3390
 7686    796   762   654  0     3299   3300
 7687    796   792   654  0     3300   3349
 7688    849   829   778  0     3301   3321
 7689    778   877   849  1     3301     -1
 7690    778   829   877  0     3301   3305
 7691    897   976   927  1     3302     -1
 7692    721   796   705  0     3303   3312
 7693    705   796   654  0     3303   3304
 7694    654   629   796  0     3304   3448
 7695    705   796   629  0     3304   3431
 7696    778   829   767  0     3305   3320
 7697    525   577   564  0     3306   3553
 7698    525   575   577  0     3306   3428
 7699    564   577   575  0     3306   3343
 7700    441   513   339  0     3307   3471
 7701    441   479   513  0     3307   3833
 7702    339   513   479  0     3307   3457
 7703    665   681   649  0     3308   3494
 7704    649   582   665  0     3308   3518
 7705    649   681   582  0     3308   3838
 7706    367   488   311  0     3309   3808
 7707    367   378   488  0     3309   3377
 7708    588   562   591  0     3310   3363
 7709    588   486   562  0     3310   3416
 7710    591   486   588  1     3310     -1
 7711    591   562   486  0     3310   3484
 7712    721   796   857  0     3311   3323
 7713    721   717   796  0     3311   3312
 7714    857   796   717  0     3311   3621
 7715    717   796   705  0     3312   3446
 7716    677   681   790  0     3313   3883
 7717    677   758   681  0     3313   3450
 7718    790   681   758  0     3313   3487
 7719    659   676   609  0     3314   3508
 7720    659   633   676  0     3314   3545
 7721    609   633   659  0     3314   3447
 7722    609   676   633  0     3314   3538
 7723    907   855   900  0     3315   3659
 7724    907   856   855  0     3315   4406
 7725    900   856   907  0     3315   4418
 7726    900   855   856  0     3315   4315
 7727    792   796   829  0     3316   3387
 7728    721   829   849  0     3319   3321
 7729    721   882   829  0     3319   3322
 7730    778   829   721  0     3320   3321
 7731    857   829   721  0     3322   3323
 7732    768   811   618  1     3324     -1
 7733    743   618   811  0     3324   3371
 7734    978   853   861  0     3325   3701
 7735    978   850   853  0     3325   3736
 7736    861   850   978  0     3325   4025
 7737    727   745   813  1     3326     -1
 7738    727   762   745  0     3326   3417
 7739    781   782   853  0     3327   3679
 7740    829   934   897  0     3328   3331
 7741    829   857   934  0     3328   3361
 7742    619   506   501  0     3329   3977
 7743    619   583   506  0     3329   3668
 7744    501   583   619  0     3329   4218
 7745    933   934   940  1     3330     -1
 7746    940   877   933  1     3330     -1
 7747    940   934   877  0     3330   3332
 7748    964   934   897  1     3331     -1
 7749    964   829   934  0     3331   3333
 7750    940   934   964  1     3332     -1
 7751    964   934   877  0     3332   3333
 7752    954   829   854  0     3334   3335
 7753    921   976   934  1     3336     -1
 7754    921   829   976  0     3336   3638
 7755    934   829   921  0     3336   3344
 7756    934   976   829  0     3336   3361
 7757    706   764   703  0     3337   3797
 7758    706   710   764  0     3337   4043
 7759    703   710   706  0     3337   3853
 7760    703   764   710  0     3337   3976
 7761    797   799   850  0     3338   3993
 7762    797   752   799  0     3338   3863
 7763    850   752   797  0     3338   3691
 7764    689   623   669  0     3339   3857
 7765    689   731   623  0     3339   3683
 7766    669   731   689  0     3339   3689
 7767    669   623   731  0     3339   3861
 7768    668   756   642  0     3341   3369
 7769    668   575   756  0     3341   3513
 7770    642   575   668  0     3341   3539
 7771    642   756   575  0     3341   3604
 7772    962   921   829  0     3342   3345
 7773    962   792   921  0     3342   3384
 7774    829   921   792  0     3342   3362
 7775    934   954   921  1     3344     -1
 7776    829   921   954  0     3344   3345
 7777    954   962   921  1     3345     -1
 7778    919   957   921  1     3346     -1
 7779    919   870   957  0     3346   3650
 7780    921   957   870  0     3346   3635
 7781    757   797   848  0     3347   3625
 7782    757   873   797  0     3347   3386
 7783    848   797   873  0     3347   3757
 7784    434   564   453  0     3348   3543
 7785    453   564   507  0     3348   3437
 7786    792   772   796  0     3349   3388
 7787    840   879   970  0     3350   3402
 7788    710   807   764  0     3351   4043
 7789    710   875   807  0     3351   3406
 7790    764   875   710  0     3351   3990
 7791    764   807   875  0     3351   3874
 7792    815   746   695  1     3352     -1
 7793    780   746   815  0     3352   3925
 7794    780   695   746  0     3352   4053
 7795    346   497   469  0     3353   3424
 7796    346   432   497  0     3353   3390
 7797    469   432   346  1     3353     -1
 7798    469   497   432  0     3353   3412
 7799    983   914   840  0     3354   3824
 7800    983   919   914  1     3354     -1
 7801    758   828   790  0     3355   3487
 7802    784   828   758  0     3355   3356
 7803    772   828   758  0     3356   3609
 7804    687   703   669  0     3358   3758
 7805    669   708   687  0     3358   3867
 7806    669   703   708  0     3358   3403
 7807    689   799   711  0     3359   3994
 7808    689   707   799  0     3359   3988
 7809    711   707   689  0     3359   3864
 7810    711   799   707  0     3359   3729
 7811    962   970   879  0     3360   3402
 7812    974   970   962  1     3360     -1
 7813    974   879   970  1     3360     -1
 7814    857   976   829  0     3361   3449
 7815    921   870   829  0     3362   3639
 7816    829   870   792  0     3362   3389
 7817    591   588   647  1     3363     -1
 7818    607   634   622  0     3364   3555
 7819    607   717   634  0     3364   3562
 7820    681   547   582  0     3365   3838
 7821    681   689   547  0     3365   3888
 7822    913   917   969  1     3366     -1
 7823    913   875   917  0     3366   3915
 7824    969   875   913  0     3366   3663
 7825    969   917   875  0     3366   3871
 7826    532   577   550  0     3367   3745
 7827    550   492   532  0     3367   3535
 7828    550   577   492  0     3367   3542
 7829    429   527   553  0     3368   4699
 7830    668   756   713  0     3369   3605
 7831    713   756   642  0     3369   3591
 7832    811   647   618  1     3371     -1
 7833    743   618   647  0     3371   3478
 7834    713   802   668  0     3372   3605
 7835    545   623   593  0     3373   3436
 7836    545   510   623  0     3373   3856
 7837    593   510   545  0     3373   3815
 7838    593   623   510  0     3373   3584
 7839    533   562   570  0     3374   3455
 7840    533   513   562  0     3374   3410
 7841    570   562   513  0     3374   3460
 7842    549   564   622  0     3375   3536
 7843    654   743   762  0     3376   3480
 7844    654   772   743  0     3376   3507
 7845    378   488   412  0     3377   3770
 7846    570   497   469  0     3378   3412
 7847    469   517   570  1     3378     -1
 7848    469   497   464  0     3379   3424
 7849    464   513   469  0     3379   3456
 7850    464   497   513  0     3379   3426
 7851    669   703   576  0     3380   3758
 7852    669   711   703  0     3380   3403
 7853    576   711   669  0     3380   3897
 7854    576   703   711  0     3380   3907
 7855    836   824   947  0     3381   3902
 7856    836   864   824  0     3381   4281
 7857    947   864   836  0     3381   3713
 7858    947   824   864  0     3381   3587
 7859    840   870   784  0     3382   3383
 7860    695   605   505  0     3385   4107
 7861    695   503   605  0     3385   4048
 7862    505   503   695  1     3385     -1
 7863    505   605   503  0     3385   4020
 7864    847   797   757  0     3386   3397
 7865    847   873   797  0     3386   3755
 7866    757   873   847  0     3386   3702
 7867    829   792   840  0     3387   3389
 7868    796   840   792  0     3387   3388
 7869    327   346   432  1     3390     -1
 7870    840   970   962  0     3391   3402
 7871    962   970   919  1     3391     -1
 7872    814   782   802  0     3392   3720
 7873    814   819   782  0     3392   3549
 7874    802   819   814  0     3392   3788
 7875    879   820   823  0     3393   4001
 7876    879   903   820  0     3393   3979
 7877    823   903   879  1     3393     -1
 7878    823   820   903  0     3393   4007
 7879    448   505   445  1     3394     -1
 7880    448   466   505  0     3394   4123
 7881    445   505   466  0     3394   3411
 7882    501   488   367  0     3395   3971
 7883    501   510   488  0     3395   3766
 7884    875   852   780  0     3396   4047
 7885    875   807   852  0     3396   4045
 7886    780   807   875  0     3396   3406
 7887    752   797   757  0     3397   3525
 7888    752   847   797  0     3397   3691
 7889    757   847   752  0     3397   3676
 7890    401   688   520  0     3398   4188
 7891    401   664   688  1     3398     -1
 7892    412   488   545  0     3399   3592
 7893    545   510   412  0     3399   3805
 7894    545   488   510  0     3399   3766
 7895    479   488   576  0     3400   3962
 7896    479   555   488  0     3400   3961
 7897    576   488   555  0     3400   3474
 7898    811   840   879  0     3401   3407
 7899    962   879   840  0     3401   3402
 7900    708   711   703  0     3403   3680
 7901    669   711   708  0     3403   3646
 7902    823   706   805  0     3404   3866
 7903    768   706   823  0     3404   3911
 7904    768   805   706  0     3404   3914
 7905    890   955   861  0     3405   3973
 7906    890   913   955  1     3405     -1
 7907    861   913   890  0     3405   4041
 7908    861   955   913  0     3405   4036
 7909    710   875   780  0     3406   4021
 7910    879   827   840  0     3407   3498
 7911    879   811   827  1     3407     -1
 7912    743   805   712  0     3408   4009
 7913    743   768   805  0     3408   4012
 7914    712   805   768  0     3408   3914
 7915    633   550   453  0     3409   3427
 7916    633   609   550  0     3409   3510
 7917    562   497   513  0     3410   3460
 7918    513   497   533  0     3410   3426
 7919    445   505   470  1     3411     -1
 7920    469   570   432  1     3412     -1
 7921    743   647   762  0     3413   3481
 7922    762   647   745  0     3413   3417
 7923    654   762   647  0     3414   3479
 7924    591   647   762  0     3414   3418
 7925    752   669   757  0     3415   3753
 7926    752   731   669  0     3415   3689
 7927    757   731   752  0     3415   3525
 7928    757   669   731  0     3415   3861
 7929    562   497   486  0     3416   3461
 7930    745   727   647  1     3417     -1
 7931    762   647   727  0     3417   3418
 7932    591   647   727  1     3418     -1
 7933    622   634   525  0     3419   3557
 7934    407   513   378  0     3420   3674
 7935    407   361   513  0     3420   3469
 7936    378   513   361  0     3420   3752
 7937    879   820   827  0     3421   3498
 7938    879   805   820  0     3421   4001
 7939    827   805   879  0     3421   3872
 7940    827   820   805  0     3421   4010
 7941    437   497   562  0     3422   3461
 7942    817   795   965  0     3423   4075
 7943    817   884   795  0     3423   4096
 7944    965   884   817  0     3423   4098
 7945    965   795   884  1     3423     -1
 7946    760   710   687  0     3425   4213
 7947    760   703   710  0     3425   3976
 7948    687   710   703  0     3425   3926
 7949    464   533   513  0     3426   3467
 7950    564   550   453  0     3427   3552
 7951    564   633   550  0     3427   3554
 7952    492   577   525  0     3428   3527
 7953    525   575   492  0     3428   3559
 7954    453   507   609  0     3430   3437
 7955    609   533   453  0     3430   3433
 7956    796   629   676  0     3431   3448
 7957    452   412   510  0     3432   3805
 7958    476   510   412  0     3432   3751
 7959    522   488   576  0     3434   3474
 7960    522   545   488  0     3434   3473
 7961    576   545   522  0     3434   3862
 7962    576   488   545  0     3434   3472
 7963    808   782   753  0     3435   3775
 7964    808   756   782  0     3435   3514
 7965    753   756   808  0     3435   3589
 7966    547   623   593  0     3436   3814
 7967    547   545   623  0     3436   3901
 7968    593   545   547  0     3436   3825
 7969    609   564   507  0     3437   3526
 7970    659   665   677  0     3438   3453
 7971    659   758   665  0     3438   3491
 7972    677   665   758  0     3438   3450
 7973    758   659   676  0     3439   3441
 7974    743   676   659  0     3439   3508
 7975    802   869   845  0     3440   3596
 7976    802   872   869  0     3440   3652
 7977    845   872   802  0     3440   3521
 7978    845   869   872  0     3440   3603
 7979    713   676   758  0     3441   3606
 7980    758   659   713  0     3441   3491
 7981    791   885   826  0     3442   4209
 7982    791   766   885  0     3442   4050
 7983    826   766   791  0     3442   3664
 7984    522   361   488  0     3443   3908
 7985    378   361   522  0     3443   3752
 7986    570   555   618  0     3444   3835
 7987    618   555   513  0     3444   3834
 7988    717   796   634  0     3446   3622
 7989    633   665   609  0     3447   3519
 7990    633   659   665  0     3447   3504
 7991    609   665   659  0     3447   3453
 7992    857   932   829  0     3449   3636
 7993    829   932   976  0     3449   3638
 7994    665   681   677  0     3450   3730
 7995    665   758   681  0     3450   3486
 7996    814   777   774  0     3451   3588
 7997    814   845   777  0     3451   3500
 7998    774   777   845  0     3451   3619
 7999    743   659   609  0     3452   3508
 8000    609   659   677  0     3452   3453
 8001    609   665   677  0     3453   3493
 8002    609   562   618  0     3454   3477
 8003    618   533   609  0     3454   3954
 8004    618   562   533  0     3454   3455
 8005    370   513   469  0     3456   3470
 8006    479   361   513  0     3457   3869
 8007    532   492   428  0     3458   3533
 8008    629   676   609  0     3459   3530
 8009    609   676   562  0     3459   3489
 8010    437   486   562  0     3461   3465
 8011    437   497   486  0     3461   3462
 8012    634   693   575  0     3464   3564
 8013    794   693   634  0     3464   3532
 8014    794   575   693  0     3464   3476
 8015    549   486   562  0     3465   3483
 8016    555   682   601  0     3466   3931
 8017    712   682   555  0     3466   3780
 8018    533   513   451  0     3467   3922
 8019    451   513   464  0     3467   3468
 8020    361   451   513  0     3468   3469
 8021    407   451   513  0     3469   3870
 8022    469   441   513  0     3470   3975
 8023    370   441   469  1     3470     -1
 8024    370   513   441  0     3470   3471
 8025    545   501   488  0     3472   3766
 8026    576   488   501  0     3472   3964
 8027    545   488   397  0     3473   3592
 8028    397   488   522  0     3473   3966
 8029    555   522   488  0     3474   3960
 8030    576   522   555  0     3474   3531
 8031    860   817   973  0     3475   4105
 8032    973   896   860  0     3475   4060
 8033    973   817   896  0     3475   4100
 8034    743   562   618  0     3477   3478
 8035    743   609   562  0     3477   3489
 8036    618   609   743  0     3477   3957
 8037    743   562   647  0     3478   3481
 8038    762   562   654  0     3479   3480
 8039    762   647   562  0     3479   3481
 8040    762   562   743  0     3480   3481
 8041    591   537   562  0     3482   3484
 8042    549   562   537  0     3482   3483
 8043    537   486   562  0     3483   3484
 8044    591   537   486  1     3484     -1
 8045    836   863   864  0     3485   3626
 8046    836   806   863  0     3485   3799
 8047    864   806   836  0     3485   4302
 8048    864   863   806  0     3485   3742
 8049    681   713   758  0     3486   3496
 8050    681   665   713  0     3486   3494
 8051    758   713   665  0     3486   3491
 8052    790   681   828  0     3487   3881
 8053    828   681   758  0     3487   3496
 8054    620   575   440  0     3488   3568
 8055    440   575   607  0     3488   3515
 8056    609   676   743  0     3489   3508
 8057    812   798   788  0     3490   4394
 8058    812   810   798  0     3490   4407
 8059    362   492   426  0     3492   3517
 8060    362   532   492  0     3492   3535
 8061    426   492   532  0     3492   3533
 8062    677   582   665  0     3493   3685
 8063    609   665   582  0     3493   3519
 8064    681   649   713  0     3494   3817
 8065    453   492   362  0     3495   3517
 8066    453   550   492  0     3495   3542
 8067    362   492   550  0     3495   3535
 8068    828   713   758  0     3496   3505
 8069    576   555   582  0     3497   3531
 8070    576   682   555  0     3497   3931
 8071    582   555   682  0     3497   3820
 8072    827   840   820  0     3498   4000
 8073    582   522   576  0     3499   3531
 8074    582   547   522  0     3499   3949
 8075    576   547   582  0     3499   3523
 8076    576   522   547  0     3499   3862
 8077    872   845   777  0     3500   3521
 8078    756   777   802  0     3502   3700
 8079    756   841   777  0     3502   3594
 8080    802   841   756  0     3502   3593
 8081    447   550   397  0     3503   3541
 8082    447   452   550  0     3503   3800
 8083    649   633   659  0     3504   3545
 8084    649   665   633  0     3504   3518
 8085    713   758   781  0     3505   3606
 8086    828   781   758  0     3505   3608
 8087    425   525   492  0     3506   3559
 8088    415   492   525  0     3506   3511
 8089    802   869   951  0     3509   3641
 8090    951   869   841  0     3509   3601
 8091    633   582   550  0     3510   3830
 8092    609   582   633  0     3510   3519
 8093    609   550   582  0     3510   3953
 8094    392   492   525  0     3511   3546
 8095    774   794   756  0     3512   3595
 8096    575   620   668  0     3513   3579
 8097    814   782   808  0     3514   3549
 8098    814   756   782  0     3514   3781
 8099    808   756   814  0     3514   3589
 8100    607   525   575  0     3515   3556
 8101    440   575   525  0     3515   3560
 8102    440   492   455  0     3516   3566
 8103    440   425   492  0     3516   3561
 8104    633   582   665  0     3518   3519
 8105    649   582   633  0     3518   3837
 8106    610   698   619  0     3520   3726
 8107    583   698   610  0     3520   4160
 8108    583   619   698  0     3520   3934
 8109    802   845   777  0     3521   3596
 8110    757   623   593  0     3522   3860
 8111    757   613   623  0     3522   3859
 8112    593   613   757  0     3522   4517
 8113    576   677   582  0     3523   3906
 8114    576   547   677  0     3523   3865
 8115    629   564   676  0     3524   3530
 8116    453   577   525  0     3527   3553
 8117    453   492   577  0     3527   3542
 8118    525   492   453  0     3527   3546
 8119    452   547   550  0     3529   3800
 8120    452   584   547  0     3529   3803
 8121    550   547   584  0     3529   3886
 8122    609   564   676  0     3530   3538
 8123    717   634   794  0     3532   3558
 8124    717   693   634  0     3532   3564
 8125    549   564   434  0     3534   3537
 8126    362   532   550  0     3535   3544
 8127    420   564   434  0     3537   3550
 8128    782   713   731  0     3540   3771
 8129    550   577   453  0     3542   3552
 8130    453   525   564  0     3543   3553
 8131    633   676   649  0     3545   3575
 8132    757   750   602  0     3547   4289
 8133    757   670   750  0     3547   3665
 8134    602   750   670  0     3547   4267
 8135    957   932   870  0     3548   3635
 8136    870   841   957  0     3548   3627
 8137    870   932   841  0     3548   3634
 8138    808   819   782  0     3549   3775
 8139    814   819   808  0     3549   4417
 8140    633   550   649  0     3551   3828
 8141    649   550   713  0     3551   3816
 8142    564   577   453  0     3552   3553
 8143    564   550   577  0     3552   3573
 8144    564   642   550  0     3554   3573
 8145    607   575   622  0     3555   3556
 8146    607   634   575  0     3555   3562
 8147    622   575   634  0     3555   3557
 8148    622   525   575  0     3556   3557
 8149    717   756   794  0     3558   3620
 8150    492   425   575  0     3559   3561
 8151    525   575   425  0     3559   3560
 8152    440   575   425  0     3560   3561
 8153    440   575   492  0     3561   3566
 8154    717   575   607  0     3562   3563
 8155    717   634   575  0     3562   3564
 8156    717   575   693  0     3563   3564
 8157    455   575   544  0     3565   3572
 8158    455   492   575  0     3565   3566
 8159    440   575   455  0     3566   3571
 8160    544   575   440  0     3567   3570
 8161    544   557   575  0     3567   3569
 8162    440   575   557  0     3567   3568
 8163    620   575   557  0     3568   3569
 8164    620   575   544  0     3569   3579
 8165    459   575   440  0     3570   3571
 8166    459   544   575  0     3570   3572
 8167    459   575   455  0     3571   3572
 8168    649   676   642  0     3574   3575
 8169    713   642   676  0     3574   3614
 8170    633   676   642  0     3575   3576
 8171    634   676   642  0     3576   3615
 8172    841   634   777  0     3577   3594
 8173    717   634   841  0     3577   3622
 8174    753   814   756  0     3578   3589
 8175    575   544   668  0     3579   3581
 8176    620   668   544  0     3579   3580
 8177    625   668   544  0     3580   3581
 8178    513   601   517  0     3582   3974
 8179    513   555   601  0     3582   3832
 8180    760   719   670  0     3583   3910
 8181    760   687   719  0     3583   4213
 8182    670   687   760  0     3583   3847
 8183    670   719   687  0     3583   4117
 8184    510   670   623  0     3584   3943
 8185    593   670   510  0     3584   3706
 8186    593   623   670  0     3584   3774
 8187    757   613   738  0     3585   4518
 8188    757   731   613  0     3585   3859
 8189    617   573   585  0     3586   4443
 8190    585   641   617  0     3586   4481
 8191    824   863   947  0     3587   4335
 8192    824   864   863  0     3587   3767
 8193    947   863   864  0     3587   4298
 8194    774   756   777  0     3588   3595
 8195    814   777   756  0     3588   3781
 8196    753   814   808  0     3589   3660
 8197    843   882   869  0     3590   3631
 8198    642   802   756  0     3591   3593
 8199    713   802   642  0     3591   3613
 8200    713   756   802  0     3591   3605
 8201    412   488   397  0     3592   3967
 8202    397   545   412  0     3592   3673
 8203    642   802   841  0     3593   3613
 8204    794   777   774  0     3595   3619
 8205    794   756   777  0     3595   3620
 8206    845   843   869  0     3597   3602
 8207    676   841   713  0     3598   3614
 8208    676   781   841  0     3598   3610
 8209    713   781   676  0     3598   3606
 8210    819   782   738  0     3599   3707
 8211    819   753   782  0     3599   3775
 8212    738   753   819  0     3599   4364
 8213    738   782   753  0     3599   3739
 8214    935   864   895  0     3600   3717
 8215    935   947   864  0     3600   4277
 8216    895   947   935  1     3600     -1
 8217    895   864   947  0     3600   3741
 8218    951   927   841  0     3601   3648
 8219    951   869   927  0     3601   3632
 8220    984   869   845  0     3602   3603
 8221    984   843   869  0     3602   3631
 8222    668   756   802  0     3605   3776
 8223    758   781   676  0     3606   3610
 8224    796   841   772  0     3607   3612
 8225    781   758   841  0     3608   3610
 8226    828   841   758  0     3608   3609
 8227    772   841   758  0     3609   3611
 8228    758   841   676  0     3610   3611
 8229    772   841   676  0     3611   3612
 8230    796   841   676  0     3612   3616
 8231    713   841   642  0     3613   3614
 8232    642   676   841  0     3614   3615
 8233    676   841   634  0     3615   3616
 8234    796   841   634  0     3616   3622
 8235    857   717   841  0     3617   3621
 8236    697   650   602  0     3618   3678
 8237    697   571   650  0     3618   4200
 8238    602   571   697  0     3618   3724
 8239    602   650   571  0     3618   4265
 8240    717   841   796  0     3621   3622
 8241    897   927   984  1     3623     -1
 8242    984   927   882  0     3623   3633
 8243    861   853   891  0     3624   3701
 8244    861   842   853  0     3624   3686
 8245    891   853   842  0     3624   3783
 8246    797   848   819  0     3625   3747
 8247    864   825   863  0     3626   3767
 8248    836   825   864  0     3626   4281
 8249    836   863   825  0     3626   3799
 8250    841   975   870  0     3627   3703
 8251    841   957   975  0     3627   3629
 8252    870   975   957  0     3627   3650
 8253    805   799   707  0     3628   4004
 8254    707   764   805  0     3628   3904
 8255    707   799   764  0     3628   3729
 8256    927   975   841  0     3629   3645
 8257    927   957   975  1     3629     -1
 8258    968   929   965  1     3630     -1
 8259    968   884   929  0     3630   4087
 8260    965   884   968  1     3630     -1
 8261    965   929   884  0     3630   4098
 8262    882   869   984  0     3631   3633
 8263    984   927   951  1     3632     -1
 8264    984   869   927  0     3632   3633
 8265    870   932   857  0     3634   3636
 8266    921   932   870  0     3635   3639
 8267    921   957   932  1     3635     -1
 8268    829   870   932  0     3636   3639
 8269    975   893   841  0     3637   3645
 8270    975   781   893  0     3637   3710
 8271    841   893   781  0     3637   3640
 8272    829   932   921  0     3638   3639
 8273    921   932   976  1     3638     -1
 8274    802   869   893  0     3641   3652
 8275    951   893   869  0     3641   3642
 8276    869   872   893  0     3642   3652
 8277    951   893   872  0     3642   3651
 8278    752   711   669  0     3643   3646
 8279    752   689   711  0     3643   3894
 8280    669   689   752  0     3643   3689
 8281    669   711   689  0     3643   3857
 8282    623   711   677  0     3644   3899
 8283    623   689   711  0     3644   3857
 8284    677   689   623  0     3644   3796
 8285    677   711   689  0     3644   3864
 8286    975   893   927  1     3645     -1
 8287    927   893   841  0     3645   3648
 8288    708   752   711  0     3646   3680
 8289    669   752   708  0     3646   3840
 8290    971   931   873  0     3647   3654
 8291    895   931   971  1     3647     -1
 8292    895   873   931  0     3647   3699
 8293    927   893   951  1     3648     -1
 8294    983   975   919  1     3649     -1
 8295    919   975   870  0     3649   3650
 8296    919   975   957  1     3650     -1
 8297    951   893   909  1     3651     -1
 8298    909   893   872  0     3651   3653
 8299    872   893   802  0     3652   3653
 8300    909   802   872  0     3653   3787
 8301    909   893   802  0     3653   3779
 8302    918   873   971  0     3654   3657
 8303    971   931   918  1     3654     -1
 8304    909   855   918  0     3655   4385
 8305    909   945   855  0     3655   4416
 8306    918   945   909  1     3655     -1
 8307    918   855   945  0     3655   3777
 8308    873   848   985  0     3656   4326
 8309    873   918   848  0     3656   3657
 8310    985   848   918  0     3656   4285
 8311    873   971   848  0     3657   3782
 8312    918   848   971  0     3657   3672
 8313    900   856   945  0     3658   4315
 8314    900   911   856  0     3658   4314
 8315    945   911   900  1     3658     -1
 8316    945   856   911  0     3658   4388
 8317    945   855   900  0     3659   4315
 8318    945   907   855  0     3659   4425
 8319    900   907   945  1     3659     -1
 8320    814   798   753  0     3660   3794
 8321    814   808   798  0     3660   4419
 8322    947   850   864  0     3661   3719
 8323    864   847   947  0     3661   3741
 8324    510   506   450  0     3662   4230
 8325    450   506   501  0     3662   4201
 8326    955   875   913  0     3663   4036
 8327    955   969   875  0     3663   3873
 8328    913   969   955  1     3663     -1
 8329    749   791   826  1     3664     -1
 8330    826   766   749  0     3664   4242
 8331    719   670   750  0     3665   4267
 8332    757   670   719  0     3665   3910
 8333    797   782   731  0     3666   3772
 8334    819   782   797  0     3666   3737
 8335    819   731   782  0     3666   3707
 8336    818   855   945  0     3667   4395
 8337    818   848   855  0     3667   4397
 8338    945   848   818  0     3667   4393
 8339    945   855   848  0     3667   3777
 8340    583   548   619  0     3668   4018
 8341    583   506   548  0     3668   3919
 8342    751   610   674  0     3669   4147
 8343    751   661   610  0     3669   4176
 8344    674   661   751  0     3669   4108
 8345    674   610   661  0     3669   4151
 8346    821   757   752  0     3670   3676
 8347    760   757   821  0     3670   3932
 8348    708   687   752  0     3671   3763
 8349    708   670   687  0     3671   3867
 8350    752   670   708  0     3671   3840
 8351    752   687   670  0     3671   3847
 8352    848   853   918  0     3672   3712
 8353    848   971   853  0     3672   3782
 8354    918   853   971  0     3672   3677
 8355    412   452   545  0     3673   3805
 8356    407   513   522  0     3674   3870
 8357    378   522   513  0     3674   3752
 8358    978   853   971  0     3675   3721
 8359    971   902   978  1     3675     -1
 8360    971   853   902  0     3675   3677
 8361    918   853   902  0     3677   3754
 8362    902   971   918  1     3677     -1
 8363    719   650   602  0     3678   3849
 8364    602   697   719  0     3678   4171
 8365    781   782   797  0     3679   3772
 8366    797   853   781  0     3679   3735
 8367    797   782   853  0     3679   3737
 8368    711   703   752  0     3680   3980
 8369    752   703   708  0     3680   3695
 8370    825   806   836  0     3681   3799
 8371    825   719   806  0     3681   4331
 8372    771   680   800  0     3682   4161
 8373    771   704   680  0     3682   4577
 8374    800   704   771  0     3682   4573
 8375    800   680   704  0     3682   4255
 8376    731   623   613  0     3683   3859
 8377    613   689   731  0     3683   3876
 8378    613   623   689  0     3683   3773
 8379    907   855   960  0     3684   4406
 8380    907   880   855  0     3684   4427
 8381    677   689   665  0     3685   3730
 8382    797   842   853  0     3686   3735
 8383    706   807   601  0     3687   4051
 8384    706   823   807  0     3687   4044
 8385    601   823   706  0     3687   3911
 8386    601   807   823  1     3687     -1
 8387    910   889   858  0     3688   4342
 8388    910   943   889  1     3688     -1
 8389    858   943   910  0     3688   4276
 8390    858   889   943  0     3688   3935
 8391    866   956   936  0     3690   4463
 8392    866   952   956  0     3690   4401
 8393    936   952   866  0     3690   4845
 8394    936   956   952  1     3690     -1
 8395    942   873   864  0     3692   3716
 8396    841   870   842  0     3693   3703
 8397    828   842   870  0     3693   3748
 8398    828   842   820  0     3694   4002
 8399    983   842   828  0     3694   3748
 8400    983   820   842  0     3694   4003
 8401    752   703   760  0     3695   3995
 8402    760   708   752  0     3695   3763
 8403    720   702   775  0     3696   4690
 8404    644   702   720  0     3696   4749
 8405    644   775   702  0     3696   4774
 8406    985   916   873  0     3697   4324
 8407    931   916   985  1     3697     -1
 8408    931   873   916  0     3697   3699
 8409    682   703   707  0     3698   3746
 8410    576   703   682  0     3698   3927
 8411    576   707   703  0     3698   3907
 8412    916   895   873  0     3699   3704
 8413    931   895   916  1     3699     -1
 8414    777   782   756  0     3700   3781
 8415    777   802   782  0     3700   3720
 8416    756   782   802  0     3700   3776
 8417    978   853   891  0     3701   3756
 8418    895   873   942  0     3704   3718
 8419    942   916   895  1     3704     -1
 8420    910   961   874  0     3705   4378
 8421    910   889   961  1     3705     -1
 8422    874   889   910  0     3705   4342
 8423    602   670   510  0     3706   3854
 8424    738   731   782  0     3707   3739
 8425    529   502   594  1     3708     -1
 8426    471   594   502  0     3708   4500
 8427    388   520   399  0     3709   4184
 8428    388   503   520  0     3709   4019
 8429    399   503   388  0     3709   4124
 8430    399   520   503  0     3709   4177
 8431    781   893   842  0     3710   3785
 8432    584   623   547  0     3711   3814
 8433    584   689   623  0     3711   3773
 8434    547   689   584  0     3711   3886
 8435    547   623   689  0     3711   3796
 8436    923   853   918  0     3712   3754
 8437    923   848   853  0     3712   3769
 8438    918   848   923  0     3712   3792
 8439    947   821   836  0     3713   3902
 8440    864   821   947  0     3713   3719
 8441    864   836   821  0     3713   3732
 8442    726   766   697  0     3714   4263
 8443    726   650   766  0     3714   4280
 8444    697   650   726  0     3714   4174
 8445    697   766   650  0     3714   4065
 8446    817   863   898  0     3715   4287
 8447    817   824   863  0     3715   4301
 8448    898   824   817  0     3715   4081
 8449    898   863   824  0     3715   4334
 8450    942   873   935  0     3716   3718
 8451    935   873   864  0     3716   3717
 8452    864   895   873  0     3717   3731
 8453    935   873   895  0     3717   3718
 8454    942   895   935  1     3718     -1
 8455    821   947   850  0     3719   4032
 8456    814   782   777  0     3720   3781
 8457    971   847   853  0     3721   3738
 8458    978   847   971  0     3721   3743
 8459    978   853   847  0     3721   3736
 8460    864   901   935  0     3722   4277
 8461    864   894   901  0     3722   4312
 8462    935   901   894  1     3722     -1
 8463    505   520   466  0     3723   3933
 8464    505   503   520  0     3723   4020
 8465    466   503   505  0     3723   4123
 8466    697   548   571  0     3724   4143
 8467    602   548   697  0     3724   4064
 8468    833   836   757  0     3725   4095
 8469    833   821   836  0     3725   3733
 8470    757   836   821  0     3725   4214
 8471    698   619   751  0     3726   4192
 8472    751   610   698  0     3726   4176
 8473    751   619   610  0     3726   4147
 8474    323   506   326  0     3727   4228
 8475    323   337   506  0     3727   4076
 8476    543   548   364  0     3728   3844
 8477    543   631   548  0     3728   4109
 8478    711   764   707  0     3729   3997
 8479    677   689   681  0     3730   3883
 8480    895   847   864  0     3731   3741
 8481    864   836   847  0     3732   3734
 8482    821   847   836  0     3732   3733
 8483    836   833   847  0     3733   3734
 8484    864   836   833  0     3734   4302
 8485    842   853   781  0     3735   3785
 8486    781   797   842  0     3735   3878
 8487    978   850   847  0     3736   3760
 8488    797   819   853  0     3737   3747
 8489    873   853   971  0     3738   3782
 8490    873   847   853  0     3738   3755
 8491    893   819   802  0     3740   3779
 8492    893   853   819  0     3740   3778
 8493    806   894   863  0     3742   4082
 8494    864   863   894  0     3742   4312
 8495    978   895   971  1     3743     -1
 8496    978   847   895  0     3743   3760
 8497    697   726   685  0     3744   4174
 8498    697   722   726  0     3744   4253
 8499    685   722   697  0     3744   4103
 8500    685   726   722  1     3744     -1
 8501    703   707   706  0     3746   3797
 8502    706   682   703  0     3746   3853
 8503    853   848   819  0     3747   3769
 8504    797   848   853  0     3747   3757
 8505    983   842   870  0     3748   3749
 8506    545   623   576  0     3750   3856
 8507    545   669   623  0     3750   3900
 8508    576   669   545  0     3750   3897
 8509    576   623   669  0     3750   3852
 8510    538   510   412  0     3751   4234
 8511    538   476   510  0     3751   3806
 8512    412   476   538  0     3751   4240
 8513    513   361   522  0     3752   3908
 8514    669   670   752  0     3753   3840
 8515    923   902   918  1     3754     -1
 8516    797   853   873  0     3755   3757
 8517    923   853   891  0     3756   3784
 8518    891   978   923  1     3756     -1
 8519    848   853   873  0     3757   3782
 8520    576   687   703  0     3758   3926
 8521    669   687   576  0     3758   3868
 8522    697   619   759  0     3759   4170
 8523    697   698   619  0     3759   3885
 8524    759   619   698  0     3759   4192
 8525    978   850   895  0     3760   3761
 8526    978   850   947  0     3761   4024
 8527    947   895   978  1     3761     -1
 8528    823   875   805  0     3762   3989
 8529    823   764   875  0     3762   3874
 8530    805   764   823  0     3762   3866
 8531    760   687   752  0     3763   3847
 8532    670   558   576  0     3764   3942
 8533    670   687   558  0     3764   3930
 8534    576   687   670  0     3764   3868
 8535    452   522   397  0     3765   3795
 8536    452   407   522  0     3765   3945
 8537    397   522   407  0     3765   3966
 8538    825   863   824  0     3767   4085
 8539    824   864   825  0     3767   4281
 8540    479   610   576  0     3768   3903
 8541    479   558   610  0     3768   4172
 8542    576   558   479  0     3768   3962
 8543    576   610   558  0     3768   3905
 8544    848   819   923  0     3769   3792
 8545    923   819   853  0     3769   3778
 8546    407   488   412  0     3770   3967
 8547    713   731   781  0     3771   3889
 8548    781   731   782  0     3771   3772
 8549    781   731   797  0     3772   3890
 8550    584   689   613  0     3773   3876
 8551    593   623   669  0     3774   3860
 8552    669   623   670  0     3774   3852
 8553    808   819   753  0     3775   4291
 8554    918   848   945  0     3777   4285
 8555    918   855   848  0     3777   4385
 8556    923   893   853  0     3778   3784
 8557    923   819   893  0     3778   3786
 8558    909   819   802  0     3779   3787
 8559    909   893   819  0     3779   3786
 8560    707   555   712  0     3780   3829
 8561    707   682   555  0     3780   3820
 8562    842   893   853  0     3783   3785
 8563    891   853   893  0     3783   3784
 8564    923   893   891  1     3784     -1
 8565    923   819   909  0     3786   3791
 8566    909   893   923  1     3786     -1
 8567    872   819   802  0     3787   3788
 8568    872   819   814  0     3788   4371
 8569    774   753   798  0     3789   3794
 8570    625   798   753  0     3789   4442
 8571    848   918   819  0     3790   3792
 8572    909   918   848  0     3790   4385
 8573    909   819   918  0     3790   3791
 8574    923   918   909  1     3791     -1
 8575    923   819   918  0     3791   3792
 8576    788   798   718  0     3793   4394
 8577    774   814   798  0     3794   4423
 8578    452   522   547  0     3795   3944
 8579    547   623   677  0     3796   3899
 8580    707   764   703  0     3797   3997
 8581    707   706   764  0     3797   3904
 8582    769   744   766  0     3798   4317
 8583    769   791   744  0     3798   4016
 8584    766   791   769  0     3798   4338
 8585    766   744   791  0     3798   4270
 8586    825   806   863  0     3799   4331
 8587    452   547   447  0     3800   3944
 8588    447   547   550  0     3800   3948
 8589    475   601   441  1     3801     -1
 8590    768   618   601  1     3802     -1
 8591    593   547   452  0     3803   3825
 8592    593   584   547  0     3803   3814
 8593    452   584   593  0     3803   3818
 8594    538   506   510  0     3804   4234
 8595    452   545   510  0     3805   3815
 8596    372   506   509  0     3807   4205
 8597    450   506   372  0     3807   3842
 8598    450   509   506  0     3807   4201
 8599    341   488   311  0     3808   3913
 8600    341   367   488  0     3808   3968
 8601    579   646   625  0     3809   4375
 8602    625   646   718  0     3809   4352
 8603    831   646   798  0     3810   4787
 8604    798   856   831  0     3810   4391
 8605    798   646   856  0     3810   4468
 8606    713   584   681  0     3813   3817
 8607    681   731   713  0     3813   3877
 8608    681   584   731  0     3813   3875
 8609    593   452   545  0     3815   3825
 8610    550   584   649  0     3816   3828
 8611    649   584   713  0     3816   3817
 8612    649   584   681  0     3817   3827
 8613    476   584   593  0     3818   3819
 8614    582   555   707  0     3820   3829
 8615    560   583   509  0     3821   4125
 8616    543   583   560  0     3821   4158
 8617    738   595   585  0     3823   4408
 8618    738   566   595  0     3823   4514
 8619    585   595   566  0     3823   4606
 8620    983   914   820  0     3824   3921
 8621    550   584   681  0     3826   3887
 8622    550   633   584  0     3826   3828
 8623    681   633   550  0     3826   3831
 8624    681   584   633  0     3826   3827
 8625    649   633   681  0     3827   3836
 8626    649   584   633  0     3827   3828
 8627    582   547   633  0     3830   3837
 8628    582   550   547  0     3830   3949
 8629    633   547   550  0     3830   3831
 8630    550   681   547  0     3831   3888
 8631    633   547   681  0     3831   3836
 8632    441   513   555  0     3832   3833
 8633    441   601   513  0     3832   3975
 8634    479   513   555  0     3833   3961
 8635    513   533   555  0     3834   3955
 8636    618   555   533  0     3834   3954
 8637    570   517   618  1     3835     -1
 8638    681   649   547  0     3836   3838
 8639    633   547   649  0     3836   3837
 8640    582   547   649  0     3837   3838
 8641    311   488   479  0     3839   3913
 8642    479   488   361  0     3839   3869
 8643    669   670   708  0     3840   3867
 8644    703   752   764  0     3841   3995
 8645    703   799   752  0     3841   3980
 8646    372   323   506  0     3842   4076
 8647    450   506   323  0     3842   4229
 8648    712   707   828  0     3843   4005
 8649    372   548   364  0     3844   4127
 8650    372   543   548  0     3844   4227
 8651    364   543   372  0     3844   4145
 8652    710   824   751  0     3845   4212
 8653    780   824   710  0     3845   4021
 8654    780   751   824  0     3845   4079
 8655    602   539   619  0     3846   4233
 8656    619   548   602  0     3846   4064
 8657    815   688   989  1     3848     -1
 8658    815   795   688  0     3848   4088
 8659    989   795   815  0     3848   4083
 8660    989   688   795  1     3848     -1
 8661    719   750   602  0     3849   4267
 8662    602   750   650  0     3849   4497
 8663    538   496   395  0     3850   4396
 8664    538   476   496  0     3850   4240
 8665    395   476   538  0     3850   4471
 8666    395   496   476  0     3850   4239
 8667    711   707   576  0     3851   3907
 8668    711   677   707  0     3851   3864
 8669    576   677   711  0     3851   3865
 8670    576   707   677  0     3851   3906
 8671    576   670   669  0     3852   3868
 8672    576   623   670  0     3852   3942
 8673    682   710   706  0     3853   4121
 8674    682   703   710  0     3853   3927
 8675    670   619   602  0     3854   4164
 8676    670   510   619  0     3854   4078
 8677    602   619   510  0     3854   4220
 8678    885   910   791  0     3855   4050
 8679    885   948   910  1     3855     -1
 8680    791   948   885  0     3855   4209
 8681    791   910   948  0     3855   4336
 8682    510   623   576  0     3856   3941
 8683    669   711   623  0     3857   3900
 8684    698   672   630  0     3858   4183
 8685    698   664   672  0     3858   4152
 8686    630   664   698  0     3858   4198
 8687    630   672   664  1     3858     -1
 8688    731   623   757  0     3859   3861
 8689    757   623   669  0     3860   3861
 8690    576   545   547  0     3862   3898
 8691    711   799   797  0     3863   3994
 8692    711   752   799  0     3863   3980
 8693    797   752   711  0     3863   3894
 8694    576   547   711  0     3865   3898
 8695    677   711   547  0     3865   3899
 8696    805   764   706  0     3866   3904
 8697    706   764   823  0     3866   4044
 8698    670   687   669  0     3867   3868
 8699    361   513   488  0     3869   3908
 8700    479   488   513  0     3869   3961
 8701    451   522   407  0     3870   3947
 8702    451   513   522  0     3870   3922
 8703    875   912   917  0     3871   3912
 8704    969   912   875  0     3871   4072
 8705    969   917   912  1     3871     -1
 8706    768   827   805  0     3872   4010
 8707    879   827   768  1     3872     -1
 8708    969   875   947  0     3873   3982
 8709    947   955   969  1     3873     -1
 8710    947   875   955  0     3873   4031
 8711    875   823   807  0     3874   4045
 8712    764   807   823  0     3874   4044
 8713    681   689   731  0     3875   3877
 8714    681   584   689  0     3875   3887
 8715    731   689   584  0     3875   3876
 8716    681   689   713  0     3877   3891
 8717    713   689   731  0     3877   3889
 8718    797   689   781  0     3878   3890
 8719    797   842   689  0     3878   3992
 8720    781   689   842  0     3878   3879
 8721    842   828   689  0     3879   3987
 8722    781   689   828  0     3879   3880
 8723    781   689   681  0     3880   3891
 8724    681   689   828  0     3880   3881
 8725    790   689   828  0     3881   3882
 8726    790   681   689  0     3881   3883
 8727    790   689   677  0     3882   3883
 8728    965   989   817  0     3884   4075
 8729    965   973   989  1     3884     -1
 8730    817   973   965  0     3884   4099
 8731    817   989   973  0     3884   4104
 8732    619   548   698  0     3885   4157
 8733    619   697   548  0     3885   4064
 8734    698   548   697  0     3885   4017
 8735    550   689   584  0     3886   3887
 8736    550   547   689  0     3886   3888
 8737    550   689   681  0     3887   3888
 8738    713   689   781  0     3889   3891
 8739    781   689   731  0     3889   3890
 8740    560   610   558  0     3892   4131
 8741    560   586   610  0     3892   4168
 8742    558   610   586  0     3892   3905
 8743    890   820   914  0     3893   3921
 8744    890   903   820  0     3893   3998
 8745    914   903   890  1     3893     -1
 8746    914   820   903  0     3893   3979
 8747    689   711   797  0     3894   3994
 8748    861   820   983  0     3895   4003
 8749    861   890   820  0     3895   4042
 8750    983   890   861  0     3895   3973
 8751    983   820   890  0     3895   3921
 8752    828   820   712  0     3896   4013
 8753    828   790   820  0     3896   3996
 8754    712   820   790  0     3896   4008
 8755    576   711   545  0     3897   3898
 8756    545   711   669  0     3897   3900
 8757    545   547   711  0     3898   3901
 8758    547   623   711  0     3899   3901
 8759    623   545   711  0     3900   3901
 8760    821   824   947  0     3902   4028
 8761    821   836   824  0     3902   4093
 8762    576   605   610  0     3903   4026
 8763    479   605   576  0     3903   4140
 8764    479   610   605  0     3903   4173
 8765    707   706   805  0     3904   3916
 8766    576   610   586  0     3905   3929
 8767    711   707   703  0     3907   3997
 8768    522   513   488  0     3908   3960
 8769    913   917   823  0     3909   3915
 8770    913   903   917  1     3909     -1
 8771    823   903   913  0     3909   4007
 8772    823   917   903  1     3909     -1
 8773    760   719   757  0     3910   3932
 8774    768   601   823  1     3911     -1
 8775    917   852   912  1     3912     -1
 8776    917   875   852  0     3912   4046
 8777    912   852   875  0     3912   4055
 8778    479   341   488  0     3913   3969
 8779    712   805   706  0     3914   3916
 8780    823   875   917  0     3915   4046
 8781    913   875   823  0     3915   3989
 8782    712   805   707  0     3916   4004
 8783    695   698   605  0     3917   4191
 8784    695   560   698  0     3917   4110
 8785    605   560   695  0     3917   4054
 8786    605   698   560  0     3917   4128
 8787    506   539   372  0     3918   4180
 8788    372   548   506  0     3918   4205
 8789    509   506   548  0     3919   4205
 8790    513   533   522  0     3920   3922
 8791    582   533   513  0     3920   3955
 8792    582   522   533  0     3920   3950
 8793    914   890   983  1     3921     -1
 8794    533   522   451  0     3922   3946
 8795    898   817   780  0     3923   4081
 8796    898   896   817  0     3923   4049
 8797    780   896   898  0     3923   4061
 8798    538   496   412  0     3924   4240
 8799    538   506   496  0     3924   4246
 8800    412   506   538  0     3924   4234
 8801    412   496   506  0     3924   4204
 8802    852   815   780  0     3925   4057
 8803    852   746   815  1     3925     -1
 8804    576   710   703  0     3926   3927
 8805    661   610   605  0     3928   4151
 8806    605   560   661  0     3928   4128
 8807    687   610   586  0     3929   4154
 8808    558   670   586  0     3930   4022
 8809    682   601   576  0     3931   4136
 8810    757   821   719  0     3932   4214
 8811    760   719   821  0     3932   4092
 8812    466   605   520  0     3933   4144
 8813    505   605   466  0     3933   3978
 8814    505   520   605  0     3933   4020
 8815    583   619   543  0     3934   4018
 8816    543   698   583  0     3934   4158
 8817    543   619   698  0     3934   4157
 8818    943   874   889  0     3935   4344
 8819    858   874   943  0     3935   4236
 8820    858   889   874  0     3935   4342
 8821    510   558   501  0     3936   4077
 8822    510   576   558  0     3936   3941
 8823    501   558   576  0     3936   3964
 8824    433   558   479  0     3937   3938
 8825    433   501   558  0     3937   3939
 8826    479   501   433  0     3937   3965
 8827    479   558   501  0     3937   3963
 8828    479   466   558  0     3938   4172
 8829    433   558   466  0     3938   3940
 8830    450   558   433  0     3939   3940
 8831    433   501   450  0     3939   3970
 8832    450   558   466  0     3940   4237
 8833    510   623   558  0     3941   3943
 8834    576   558   623  0     3941   3942
 8835    623   670   558  0     3942   3943
 8836    670   558   510  0     3943   4078
 8837    452   522   447  0     3944   3945
 8838    447   522   547  0     3944   3948
 8839    447   407   522  0     3945   3947
 8840    447   522   451  0     3946   3947
 8841    447   533   522  0     3946   3951
 8842    447   522   550  0     3948   3952
 8843    550   522   547  0     3948   3949
 8844    550   522   582  0     3949   3953
 8845    533   609   522  0     3950   3951
 8846    582   609   533  0     3950   3956
 8847    582   522   609  0     3950   3953
 8848    609   522   447  0     3951   3952
 8849    609   522   550  0     3952   3953
 8850    618   555   609  0     3954   3957
 8851    609   555   533  0     3954   3956
 8852    533   555   582  0     3955   3956
 8853    609   743   555  0     3957   3959
 8854    618   555   743  0     3957   3958
 8855    712   555   743  0     3958   3959
 8856    555   513   488  0     3960   3961
 8857    576   558   488  0     3962   3964
 8858    479   488   558  0     3962   3963
 8859    558   501   488  0     3963   3964
 8860    479   488   501  0     3963   3965
 8861    479   488   433  0     3965   3969
 8862    433   488   501  0     3965   3970
 8863    397   488   407  0     3966   3967
 8864    433   488   341  0     3968   3969
 8865    433   367   488  0     3968   3972
 8866    433   488   450  0     3970   3972
 8867    450   488   501  0     3970   3971
 8868    450   488   367  0     3971   3972
 8869    983   955   861  0     3973   3981
 8870    983   890   955  1     3973     -1
 8871    469   601   517  1     3974     -1
 8872    469   513   601  0     3974   3975
 8873    441   601   469  1     3975     -1
 8874    710   760   764  0     3976   3991
 8875    703   764   760  0     3976   3995
 8876    602   619   506  0     3977   4233
 8877    501   619   602  0     3977   4220
 8878    505   605   479  0     3978   4139
 8879    479   605   466  0     3978   4173
 8880    983   955   891  1     3981     -1
 8881    824   875   947  0     3982   4028
 8882    824   969   875  0     3982   4069
 8883    947   969   824  0     3982   4335
 8884    850   875   821  0     3983   4032
 8885    850   764   875  0     3983   4027
 8886    821   875   764  0     3983   4034
 8887    860   963   852  1     3984     -1
 8888    860   875   963  0     3984   4074
 8889    852   875   860  0     3984   4047
 8890    852   963   875  0     3984   4055
 8891    929   901   846  0     3985   4063
 8892    929   885   901  1     3985     -1
 8893    846   885   929  0     3985   4319
 8894    846   901   885  0     3985   4179
 8895    404   520   399  0     3986   4153
 8896    399   520   466  0     3986   4102
 8897    689   799   828  0     3987   3988
 8898    689   842   799  0     3987   3992
 8899    828   799   842  0     3987   4002
 8900    828   707   799  0     3988   4005
 8901    805   913   875  0     3989   4030
 8902    823   913   805  0     3989   4006
 8903    824   875   710  0     3990   4021
 8904    824   764   875  0     3990   4035
 8905    710   764   824  0     3990   3991
 8906    764   824   760  0     3991   4035
 8907    760   824   710  0     3991   4221
 8908    797   799   689  0     3992   3994
 8909    861   799   850  0     3993   4038
 8910    840   790   820  0     3996   3999
 8911    903   820   913  0     3998   4007
 8912    913   890   903  1     3998     -1
 8913    913   820   890  0     3998   4040
 8914    790   820   743  0     3999   4008
 8915    743   820   840  0     3999   4000
 8916    743   820   827  0     4000   4011
 8917    805   820   823  0     4001   4006
 8918    828   799   820  0     4002   4013
 8919    842   820   799  0     4002   4015
 8920    842   861   820  0     4003   4015
 8921    805   799   712  0     4004   4014
 8922    712   799   707  0     4004   4005
 8923    712   799   828  0     4005   4013
 8924    823   913   820  0     4006   4007
 8925    805   820   913  0     4006   4030
 8926    712   820   743  0     4008   4009
 8927    743   805   820  0     4009   4012
 8928    712   820   805  0     4009   4014
 8929    805   768   820  0     4010   4012
 8930    827   820   768  0     4010   4011
 8931    743   820   768  0     4011   4012
 8932    712   799   820  0     4013   4014
 8933    805   799   820  0     4014   4029
 8934    861   820   799  0     4015   4039
 8935    858   744   769  0     4016   4343
 8936    858   791   744  0     4016   4279
 8937    769   791   858  0     4016   4337
 8938    697   631   548  0     4017   4143
 8939    698   631   697  0     4017   4217
 8940    698   548   631  0     4017   4109
 8941    619   543   548  0     4018   4157
 8942    448   388   503  1     4019     -1
 8943    448   520   388  0     4019   4185
 8944    605   503   520  0     4020   4048
 8945    780   824   875  0     4021   4070
 8946    670   619   558  0     4022   4078
 8947    746   661   706  0     4023   4119
 8948    746   601   661  0     4023   4133
 8949    706   601   746  0     4023   4051
 8950    706   661   601  0     4023   4120
 8951    978   955   947  1     4024     -1
 8952    978   850   955  0     4024   4025
 8953    947   955   850  0     4024   4031
 8954    861   850   955  0     4025   4037
 8955    674   610   576  0     4026   4167
 8956    674   605   610  0     4026   4151
 8957    576   605   674  0     4026   4141
 8958    799   875   850  0     4027   4038
 8959    821   875   947  0     4028   4032
 8960    821   824   875  0     4028   4033
 8961    820   875   799  0     4029   4039
 8962    820   805   875  0     4029   4030
 8963    913   875   820  0     4030   4040
 8964    947   875   850  0     4031   4032
 8965    850   875   955  0     4031   4037
 8966    760   875   821  0     4033   4034
 8967    760   824   875  0     4033   4035
 8968    821   824   760  0     4033   4286
 8969    760   875   764  0     4034   4035
 8970    861   875   913  0     4036   4041
 8971    861   955   875  0     4036   4037
 8972    850   875   861  0     4037   4038
 8973    861   799   875  0     4038   4039
 8974    820   875   861  0     4039   4042
 8975    820   890   875  0     4040   4042
 8976    913   875   890  0     4040   4041
 8977    861   875   890  0     4041   4042
 8978    710   807   706  0     4043   4052
 8979    706   807   764  0     4043   4044
 8980    823   852   875  0     4045   4046
 8981    823   807   852  1     4045     -1
 8982    823   852   917  1     4046     -1
 8983    875   860   780  0     4047   4071
 8984    780   860   852  0     4047   4057
 8985    605   695   520  0     4048   4054
 8986    503   520   695  0     4048   4182
 8987    817   929   896  0     4049   4100
 8988    817   898   929  0     4049   4287
 8989    896   929   898  1     4049     -1
 8990    766   910   791  0     4050   4338
 8991    766   885   910  0     4050   4322
 8992    706   807   746  0     4051   4052
 8993    601   746   807  1     4051     -1
 8994    710   746   706  0     4052   4119
 8995    780   661   746  0     4053   4084
 8996    780   695   661  0     4053   4115
 8997    560   695   520  0     4054   4110
 8998    852   963   912  1     4055     -1
 8999    912   963   875  0     4055   4073
 9000    910   979   858  0     4056   4276
 9001    910   948   979  1     4056     -1
 9002    858   948   910  0     4056   4336
 9003    858   979   948  1     4056     -1
 9004    852   815   860  1     4057     -1
 9005    780   860   815  0     4057   4062
 9006    817   795   780  0     4058   4159
 9007    817   815   795  0     4058   4059
 9008    780   815   817  0     4058   4062
 9009    815   795   860  0     4059   4083
 9010    860   817   815  0     4059   4062
 9011    860   795   817  0     4059   4105
 9012    973   892   860  1     4060     -1
 9013    973   896   892  1     4060     -1
 9014    780   860   898  0     4061   4071
 9015    846   863   901  0     4063   4179
 9016    929   863   846  0     4063   4269
 9017    929   901   863  0     4063   4067
 9018    602   619   697  0     4064   4171
 9019    697   748   650  0     4065   4271
 9020    697   766   748  0     4065   4207
 9021    650   748   766  0     4065   4165
 9022    795   698   780  0     4066   4159
 9023    795   695   698  0     4066   4068
 9024    780   698   695  0     4066   4115
 9025    929   901   898  1     4067     -1
 9026    898   863   929  0     4067   4287
 9027    898   901   863  0     4067   4292
 9028    695   698   688  0     4068   4111
 9029    688   795   695  0     4068   4088
 9030    688   698   795  0     4068   4190
 9031    875   898   969  0     4069   4072
 9032    875   824   898  0     4069   4070
 9033    969   898   824  0     4069   4334
 9034    824   898   780  0     4070   4081
 9035    780   898   875  0     4070   4071
 9036    875   860   898  0     4071   4074
 9037    969   912   898  1     4072     -1
 9038    875   898   912  0     4072   4073
 9039    912   963   898  1     4073     -1
 9040    875   898   963  0     4073   4074
 9041    965   989   795  1     4075     -1
 9042    817   795   989  0     4075   4104
 9043    337   506   372  0     4076   4180
 9044    510   619   501  0     4077   4220
 9045    510   558   619  0     4077   4078
 9046    501   619   558  0     4077   4218
 9047    780   817   824  0     4079   4081
 9048    824   817   751  0     4079   4080
 9049    751   759   817  0     4080   4112
 9050    824   759   751  0     4080   4163
 9051    824   817   759  0     4080   4301
 9052    885   863   806  0     4082   4300
 9053    806   894   885  0     4082   4320
 9054    860   989   795  0     4083   4106
 9055    815   989   860  1     4083     -1
 9056    746   674   661  0     4084   4118
 9057    780   661   674  0     4084   4108
 9058    759   863   824  0     4085   4301
 9059    759   825   863  0     4085   4327
 9060    824   825   759  0     4085   4208
 9061    817   863   846  0     4086   4284
 9062    817   884   863  0     4086   4309
 9063    846   884   817  0     4086   4096
 9064    846   863   884  0     4086   4269
 9065    846   929   968  0     4087   4319
 9066    846   884   929  0     4087   4269
 9067    968   884   846  1     4087     -1
 9068    815   695   688  1     4088     -1
 9069    958   894   833  0     4089   4090
 9070    958   916   894  1     4089     -1
 9071    833   916   958  0     4089   4323
 9072    806   958   894  0     4090   4320
 9073    833   958   806  0     4090   4321
 9074    867   783   702  0     4091   4635
 9075    867   837   783  0     4091   4750
 9076    702   837   867  0     4091   4826
 9077    702   783   837  0     4091   4835
 9078    760   825   821  0     4092   4286
 9079    824   825   836  0     4093   4281
 9080    824   821   825  0     4093   4286
 9081    866   800   771  0     4094   4358
 9082    785   800   866  0     4094   4366
 9083    785   771   800  0     4094   4413
 9084    836   757   719  0     4095   4214
 9085    833   719   757  0     4095   4310
 9086    884   795   846  1     4096     -1
 9087    846   795   817  0     4096   4194
 9088    961   866   911  0     4097   4400
 9089    961   856   866  0     4097   4257
 9090    965   929   817  0     4098   4099
 9091    817   929   884  0     4098   4309
 9092    973   929   817  0     4099   4100
 9093    973   965   929  1     4099     -1
 9094    973   929   896  1     4100     -1
 9095    560   520   698  0     4101   4110
 9096    688   698   520  0     4101   4111
 9097    466   347   520  0     4102   4129
 9098    399   520   347  0     4102   4184
 9099    631   722   697  0     4103   4216
 9100    685   722   631  1     4103     -1
 9101    989   973   795  0     4104   4106
 9102    817   795   973  0     4104   4105
 9103    860   795   973  0     4105   4106
 9104    860   989   973  1     4106     -1
 9105    746   605   505  0     4107   4134
 9106    505   695   746  1     4107     -1
 9107    780   661   751  0     4108   4189
 9108    698   548   543  0     4109   4157
 9109    543   631   698  0     4109   4202
 9110    520   698   695  0     4110   4111
 9111    695   520   688  0     4111   4182
 9112    759   698   751  0     4112   4192
 9113    751   719   674  0     4113   4225
 9114    751   619   719  0     4113   4169
 9115    674   619   751  0     4113   4147
 9116    674   719   619  0     4113   4222
 9117    726   749   826  1     4114     -1
 9118    726   697   749  0     4114   4263
 9119    826   697   726  0     4114   4253
 9120    826   749   697  0     4114   4242
 9121    695   661   698  0     4115   4191
 9122    780   698   661  0     4115   4189
 9123    698   722   795  0     4116   4193
 9124    795   817   698  0     4116   4159
 9125    795   722   817  0     4116   4194
 9126    619   719   687  0     4117   4224
 9127    619   670   719  0     4117   4164
 9128    674   661   710  0     4118   4122
 9129    710   661   746  0     4118   4119
 9130    710   661   706  0     4119   4121
 9131    706   661   682  0     4120   4121
 9132    682   661   601  0     4120   4135
 9133    682   710   661  0     4121   4122
 9134    674   661   682  0     4122   4142
 9135    682   710   674  0     4122   4166
 9136    448   503   505  1     4123     -1
 9137    399   503   401  0     4124   4177
 9138    401   503   388  0     4124   4126
 9139    583   509   558  0     4125   4219
 9140    558   509   560  0     4125   4146
 9141    401   503   403  0     4126   4186
 9142    403   503   388  1     4126     -1
 9143    402   548   364  0     4127   4149
 9144    402   372   548  0     4127   4132
 9145    605   698   661  0     4128   4191
 9146    347   520   448  0     4129   4185
 9147    401   543   399  0     4130   4178
 9148    399   543   364  0     4130   4145
 9149    466   610   558  0     4131   4172
 9150    466   560   610  0     4131   4150
 9151    558   560   466  0     4131   4181
 9152    402   337   548  0     4132   4248
 9153    661   605   601  0     4133   4135
 9154    601   605   746  0     4133   4134
 9155    601   605   505  0     4134   4138
 9156    505   746   601  1     4134     -1
 9157    661   605   682  0     4135   4142
 9158    682   605   601  0     4135   4136
 9159    682   605   576  0     4136   4141
 9160    576   605   601  0     4136   4137
 9161    576   605   475  0     4137   4140
 9162    475   605   601  0     4137   4138
 9163    475   505   601  1     4138     -1
 9164    475   605   505  0     4138   4139
 9165    475   605   479  0     4139   4140
 9166    682   674   576  0     4141   4167
 9167    682   605   674  0     4141   4142
 9168    674   661   605  0     4142   4151
 9169    548   571   631  0     4143   4231
 9170    466   610   520  0     4144   4150
 9171    605   610   466  0     4144   4173
 9172    372   399   543  0     4145   4156
 9173    520   558   509  0     4146   4238
 9174    560   558   520  0     4146   4181
 9175    674   619   610  0     4147   4222
 9176    471   502   462  0     4148   4505
 9177    471   398   502  0     4148   4243
 9178    462   502   398  0     4148   4469
 9179    402   529   364  1     4149     -1
 9180    402   548   529  0     4149   4232
 9181    560   520   466  0     4150   4181
 9182    664   672   795  1     4152     -1
 9183    795   698   664  0     4152   4190
 9184    795   672   698  0     4152   4193
 9185    404   509   399  0     4153   4196
 9186    399   509   520  0     4153   4155
 9187    687   610   619  0     4154   4224
 9188    399   543   520  0     4155   4178
 9189    399   509   543  0     4155   4156
 9190    543   372   509  0     4156   4227
 9191    399   509   372  0     4156   4196
 9192    560   698   583  0     4158   4160
 9193    560   543   698  0     4158   4199
 9194    583   560   610  0     4160   4168
 9195    800   724   680  0     4161   4511
 9196    771   724   800  0     4161   4413
 9197    771   680   724  0     4161   4450
 9198    630   664   401  1     4162     -1
 9199    630   543   664  0     4162   4198
 9200    759   719   824  0     4163   4208
 9201    759   751   719  0     4163   4169
 9202    824   719   751  0     4163   4212
 9203    670   719   602  0     4164   4267
 9204    602   719   619  0     4164   4171
 9205    748   744   650  0     4165   4533
 9206    748   766   744  0     4165   4317
 9207    682   610   674  0     4166   4167
 9208    759   619   719  0     4169   4170
 9209    751   619   759  0     4169   4192
 9210    697   619   719  0     4170   4171
 9211    466   610   479  0     4172   4173
 9212    650   726   685  0     4174   4280
 9213    685   697   650  0     4174   4200
 9214    722   697   826  0     4175   4253
 9215    826   759   722  0     4175   4203
 9216    826   697   759  0     4175   4328
 9217    661   698   751  0     4176   4189
 9218    503   401   520  0     4177   4186
 9219    399   520   401  0     4177   4178
 9220    337   506   539  0     4180   4245
 9221    558   520   466  0     4181   4238
 9222    503   520   688  0     4182   4187
 9223    688   695   503  1     4182     -1
 9224    698   631   630  0     4183   4202
 9225    698   672   631  0     4183   4217
 9226    630   631   672  1     4183     -1
 9227    388   520   347  0     4184   4185
 9228    401   520   403  0     4186   4188
 9229    403   520   503  0     4186   4187
 9230    403   688   503  1     4187     -1
 9231    403   520   688  0     4187   4188
 9232    401   688   403  1     4188     -1
 9233    688   664   795  1     4190     -1
 9234    795   672   722  1     4193     -1
 9235    698   722   672  0     4193   4215
 9236    795   722   846  1     4194     -1
 9237    846   722   817  0     4194   4195
 9238    846   722   759  0     4195   4203
 9239    759   817   846  0     4195   4284
 9240    769   773   806  0     4197   4379
 9241    769   736   773  0     4197   4383
 9242    806   773   736  0     4197   4290
 9243    543   698   630  0     4198   4202
 9244    543   664   698  0     4198   4199
 9245    846   722   826  1     4203     -1
 9246    826   759   846  0     4203   4250
 9247    412   326   506  0     4204   4228
 9248    412   496   326  0     4204   4258
 9249    372   548   509  0     4205   4227
 9250    529   594   685  1     4206     -1
 9251    766   806   697  0     4207   4329
 9252    766   748   806  0     4207   4307
 9253    791   948   826  1     4209     -1
 9254    485   539   402  0     4210   4211
 9255    485   539   571  0     4211   4252
 9256    751   710   719  0     4212   4225
 9257    824   719   710  0     4212   4221
 9258    760   710   719  0     4213   4221
 9259    687   719   710  0     4213   4226
 9260    698   697   672  0     4215   4217
 9261    672   697   722  0     4215   4216
 9262    672   631   722  1     4216     -1
 9263    672   697   631  0     4216   4217
 9264    501   583   558  0     4218   4219
 9265    619   610   719  0     4222   4224
 9266    674   719   610  0     4222   4223
 9267    674   719   687  0     4223   4226
 9268    687   719   610  0     4223   4224
 9269    710   719   674  0     4225   4226
 9270    412   323   506  0     4228   4229
 9271    450   506   412  0     4229   4230
 9272    412   510   506  0     4230   4234
 9273    529   548   571  0     4231   4232
 9274    548   571   402  0     4232   4248
 9275    604   680   595  0     4235   4437
 9276    595   573   604  0     4235   4586
 9277    595   680   573  0     4235   4369
 9278    943   881   874  0     4236   4344
 9279    858   881   943  1     4236     -1
 9280    858   874   881  0     4236   4384
 9281    466   509   558  0     4237   4238
 9282    395   496   412  0     4239   4259
 9283    412   496   476  0     4239   4240
 9284    598   568   559  0     4241   4521
 9285    598   645   568  0     4241   4649
 9286    559   645   598  0     4241   4582
 9287    559   568   645  0     4241   4642
 9288    749   697   766  0     4242   4263
 9289    826   766   697  0     4242   4330
 9290    398   502   402  1     4243     -1
 9291    604   606   499  0     4244   4613
 9292    604   638   606  0     4244   4610
 9293    499   638   604  0     4244   4568
 9294    499   606   638  1     4244     -1
 9295    539   496   506  0     4245   4246
 9296    326   496   431  0     4247   4251
 9297    431   496   485  0     4247   4600
 9298    939   804   887  1     4249     -1
 9299    939   867   804  0     4249   4802
 9300    887   867   939  0     4249   4812
 9301    887   804   867  0     4249   4840
 9302    759   863   826  0     4250   4328
 9303    759   846   863  0     4250   4284
 9304    395   496   431  0     4251   4599
 9305    395   326   496  0     4251   4260
 9306    539   571   496  0     4252   4549
 9307    485   496   571  0     4252   4542
 9308    722   726   826  1     4253     -1
 9309    508   502   471  0     4254   4505
 9310    471   578   508  0     4254   4560
 9311    471   502   578  0     4254   4500
 9312    800   680   773  0     4255   4511
 9313    773   704   800  0     4255   4570
 9314    773   680   704  0     4255   4451
 9315    615   638   744  0     4256   4562
 9316    615   704   638  0     4256   4412
 9317    744   704   615  0     4256   4564
 9318    744   638   704  0     4256   4441
 9319    856   866   773  0     4257   4445
 9320    961   773   866  0     4257   4402
 9321    326   328   496  0     4258   4260
 9322    412   496   328  0     4258   4259
 9323    328   395   496  0     4259   4260
 9324    833   757   750  0     4261   4311
 9325    958   961   769  0     4262   4278
 9326    958   910   961  1     4262     -1
 9327    769   961   910  0     4262   4380
 9328    726   766   749  0     4263   4535
 9329    773   680   585  0     4264   4501
 9330    773   736   680  0     4264   4451
 9331    585   736   773  0     4264   4367
 9332    585   680   736  0     4264   4387
 9333    571   539   650  0     4265   4550
 9334    602   650   539  0     4265   4547
 9335    559   598   573  0     4266   4582
 9336    559   500   598  0     4266   4521
 9337    573   598   500  0     4266   4720
 9338    766   729   744  0     4268   4270
 9339    766   683   729  0     4268   4536
 9340    744   729   683  0     4268   4318
 9341    884   929   863  0     4269   4309
 9342    744   791   729  0     4270   4279
 9343    650   750   748  0     4271   4474
 9344    969   901   947  1     4272     -1
 9345    969   863   901  0     4272   4292
 9346    947   863   969  0     4272   4335
 9347    947   901   863  0     4272   4298
 9348    641   680   724  0     4273   4438
 9349    856   773   738  0     4274   4346
 9350    856   818   773  0     4274   4355
 9351    738   773   818  0     4274   4297
 9352    910   979   943  1     4276     -1
 9353    858   943   979  1     4276     -1
 9354    947   901   935  1     4277     -1
 9355    947   864   901  0     4277   4298
 9356    958   773   769  0     4278   4379
 9357    744   858   729  0     4279   4572
 9358    791   729   858  1     4279     -1
 9359    726   685   766  0     4280   4537
 9360    816   804   867  0     4282   4802
 9361    816   765   804  1     4282     -1
 9362    867   765   816  0     4282   4854
 9363    867   804   765  0     4282   4588
 9364    848   773   985  0     4283   4353
 9365    848   961   773  0     4283   4356
 9366    985   961   848  0     4283   4362
 9367    817   863   759  0     4284   4301
 9368    985   945   918  1     4285     -1
 9369    985   848   945  0     4285   4362
 9370    817   863   929  0     4287   4309
 9371    614   709   716  0     4288   4656
 9372    678   716   709  1     4288     -1
 9373    757   750   593  0     4289   4516
 9374    593   750   602  0     4289   4435
 9375    806   773   848  0     4290   4351
 9376    848   736   806  0     4290   4422
 9377    848   773   736  0     4290   4382
 9378    753   818   819  0     4291   4364
 9379    898   901   969  1     4292     -1
 9380    969   863   898  0     4292   4334
 9381    641   776   720  0     4293   4796
 9382    641   747   776  0     4293   4359
 9383    720   747   641  0     4293   4794
 9384    720   776   747  0     4293   4779
 9385    769   885   766  0     4294   4322
 9386    769   806   885  0     4294   4295
 9387    766   806   769  0     4294   4307
 9388    766   885   806  0     4294   4300
 9389    958   806   885  0     4295   4320
 9390    769   806   958  0     4295   4379
 9391    846   968   885  0     4296   4319
 9392    826   968   846  1     4296     -1
 9393    738   773   848  0     4297   4382
 9394    848   818   738  0     4297   4398
 9395    848   773   818  0     4297   4355
 9396    863   864   901  0     4298   4312
 9397    889   952   881  0     4299   4306
 9398    889   943   952  1     4299     -1
 9399    881   943   889  0     4299   4344
 9400    881   952   943  0     4299   4809
 9401    766   863   806  0     4300   4329
 9402    718   776   720  0     4303   4502
 9403    718   635   776  0     4303   4652
 9404    720   635   718  0     4303   4663
 9405    720   776   635  0     4303   4654
 9406    614   771   709  0     4304   4657
 9407    725   771   614  0     4304   4639
 9408    725   709   771  0     4304   4828
 9409    478   494   357  0     4305   4713
 9410    478   474   494  0     4305   4693
 9411    357   494   474  0     4305   4686
 9412    874   952   881  0     4306   4863
 9413    874   889   952  0     4306   4368
 9414    881   889   874  0     4306   4344
 9415    806   769   748  0     4307   4308
 9416    748   769   766  0     4307   4317
 9417    833   806   757  0     4310   4311
 9418    697   806   719  0     4313   4333
 9419    956   856   900  0     4314   4374
 9420    900   911   956  1     4314     -1
 9421    945   855   856  0     4315   4395
 9422    724   773   641  0     4316   4477
 9423    724   646   773  0     4316   4482
 9424    729   638   744  0     4318   4526
 9425    729   683   638  1     4318     -1
 9426    744   638   683  0     4318   4562
 9427    929   968   885  1     4319     -1
 9428    894   885   958  1     4320     -1
 9429    806   848   958  0     4321   4351
 9430    833   958   848  0     4321   4325
 9431    769   910   766  0     4322   4338
 9432    833   873   958  0     4323   4325
 9433    916   958   873  0     4323   4324
 9434    916   958   985  1     4324     -1
 9435    985   958   873  0     4324   4326
 9436    873   958   848  0     4325   4326
 9437    985   958   848  0     4326   4353
 9438    825   863   697  0     4327   4332
 9439    697   863   759  0     4327   4328
 9440    697   863   826  0     4328   4330
 9441    806   697   863  0     4329   4333
 9442    766   863   697  0     4329   4330
 9443    719   863   825  0     4331   4332
 9444    719   806   863  0     4331   4333
 9445    719   863   697  0     4332   4333
 9446    969   863   824  0     4334   4335
 9447    791   858   948  1     4336     -1
 9448    791   910   858  0     4336   4337
 9449    791   910   769  0     4337   4338
 9450    769   910   858  0     4337   4343
 9451    614   568   611  0     4339   4538
 9452    518   568   614  0     4339   4632
 9453    518   611   568  0     4339   4628
 9454    474   518   379  0     4340   4493
 9455    379   518   515  1     4340     -1
 9456    744   624   730  0     4341   4565
 9457    748   624   744  0     4341   4533
 9458    748   730   624  0     4341   4467
 9459    910   744   769  0     4343   4376
 9460    393   527   421  0     4345   4688
 9461    856   773   646  0     4346   4482
 9462    800   730   744  0     4347   4525
 9463    800   858   730  0     4347   4527
 9464    595   624   602  0     4348   4540
 9465    595   750   624  0     4348   4532
 9466    602   750   595  0     4348   4435
 9467    602   624   750  0     4348   4497
 9468    771   725   658  0     4349   4639
 9469    771   699   725  0     4349   4360
 9470    658   725   699  1     4349     -1
 9471    736   624   626  0     4350   4386
 9472    595   624   736  0     4350   4532
 9473    595   626   624  0     4350   4420
 9474    848   958   773  0     4351   4353
 9475    806   773   958  0     4351   4379
 9476    718   798   646  0     4352   4634
 9477    625   646   798  0     4352   4442
 9478    856   773   848  0     4354   4355
 9479    856   945   773  0     4354   4388
 9480    848   945   856  0     4354   4393
 9481    848   773   945  0     4354   4356
 9482    848   856   818  0     4355   4393
 9483    961   945   848  0     4356   4362
 9484    961   773   945  0     4356   4389
 9485    671   742   816  1     4357     -1
 9486    671   737   742  0     4357   4449
 9487    816   737   671  0     4357   4574
 9488    816   742   737  1     4357     -1
 9489    800   771   874  0     4358   4868
 9490    831   776   641  0     4359   4797
 9491    831   747   776  0     4359   4766
 9492    641   747   831  0     4359   4786
 9493    800   725   771  0     4360   4832
 9494    800   699   725  0     4360   4870
 9495    771   699   800  0     4360   4573
 9496    685   594   683  1     4361     -1
 9497    650   683   594  0     4361   4545
 9498    961   945   985  1     4362     -1
 9499    663   596   614  0     4363   4640
 9500    663   648   596  0     4363   4659
 9501    614   648   663  0     4363   4660
 9502    614   596   648  0     4363   4683
 9503    738   818   819  0     4364   4398
 9504    856   798   812  0     4365   4391
 9505    856   855   798  0     4365   4426
 9506    800   773   785  0     4366   4409
 9507    785   773   866  0     4366   4446
 9508    738   773   585  0     4367   4480
 9509    738   736   773  0     4367   4382
 9510    585   736   738  0     4367   4408
 9511    952   874   866  0     4368   4848
 9512    595   680   585  0     4369   4387
 9513    585   573   595  0     4369   4607
 9514    872   967   855  0     4370   4373
 9515    909   855   967  0     4370   4416
 9516    814   855   819  0     4371   4417
 9517    585   535   738  0     4372   4487
 9518    880   967   855  0     4373   4427
 9519    960   856   900  0     4374   4418
 9520    900   956   960  1     4374     -1
 9521    910   800   769  0     4376   4380
 9522    769   800   744  0     4376   4525
 9523    814   808   855  0     4377   4417
 9524    812   808   814  0     4377   4419
 9525    961   800   910  0     4378   4380
 9526    738   736   848  0     4382   4414
 9527    800   736   773  0     4383   4570
 9528    769   736   800  0     4383   4528
 9529    858   800   881  0     4384   4866
 9530    881   800   874  0     4384   4869
 9531    730   626   736  0     4386   4563
 9532    730   624   626  0     4386   4561
 9533    736   624   730  0     4386   4467
 9534    585   595   736  0     4387   4408
 9535    945   773   911  0     4388   4389
 9536    961   911   945  1     4389     -1
 9537    728   737   671  0     4390   4449
 9538    728   648   737  1     4390     -1
 9539    671   737   648  0     4390   4823
 9540    798   812   831  0     4391   4415
 9541    945   856   818  0     4393   4395
 9542    818   855   856  0     4395   4426
 9543    538   566   395  0     4396   4471
 9544    538   496   566  0     4396   4452
 9545    395   566   496  0     4396   4597
 9546    848   819   818  0     4397   4398
 9547    818   856   798  0     4399   4426
 9548    753   798   856  0     4399   4468
 9549    866   956   961  0     4400   4401
 9550    961   956   911  1     4400     -1
 9551    961   952   956  1     4401     -1
 9552    585   646   738  0     4403   4410
 9553    738   753   585  0     4403   4487
 9554    788   831   812  0     4405   4795
 9555    907   856   960  0     4406   4418
 9556    812   814   798  0     4407   4419
 9557    810   798   814  0     4407   4423
 9558    738   595   736  0     4408   4434
 9559    800   724   785  0     4409   4413
 9560    800   773   724  0     4409   4511
 9561    785   724   773  0     4409   4446
 9562    585   617   738  0     4410   4481
 9563    532   535   452  0     4411   4478
 9564    532   584   535  0     4411   4439
 9565    604   638   615  0     4412   4568
 9566    848   750   736  0     4414   4422
 9567    738   736   750  0     4414   4434
 9568    831   776   812  0     4415   4795
 9569    831   798   776  0     4415   4787
 9570    967   945   855  0     4416   4425
 9571    909   945   967  1     4416     -1
 9572    960   907   900  1     4418     -1
 9573    595   626   496  0     4420   4544
 9574    496   624   595  0     4420   4529
 9575    496   626   624  0     4420   4513
 9576    779   865   690  1     4421     -1
 9577    779   702   865  0     4421   4798
 9578    735   776   809  0     4424   4534
 9579    735   720   776  0     4424   4502
 9580    809   720   735  0     4424   4753
 9581    809   776   720  0     4424   4801
 9582    907   967   945  1     4425     -1
 9583    907   855   967  0     4425   4427
 9584    660   754   644  0     4428   4748
 9585    660   775   754  0     4428   4653
 9586    663   837   785  0     4429   4831
 9587    663   696   837  0     4429   4641
 9588    785   696   663  0     4429   4701
 9589    785   837   696  0     4429   4781
 9590    747   837   702  0     4430   4780
 9591    747   696   837  0     4430   4781
 9592    702   837   696  0     4430   4752
 9593    553   597   635  0     4431   4465
 9594    718   597   553  0     4431   4698
 9595    718   635   597  0     4431   4663
 9596    720   635   632  0     4432   4772
 9597    632   644   720  0     4432   4749
 9598    632   635   527  0     4433   4791
 9599    527   635   597  0     4433   4465
 9600    736   750   595  0     4434   4532
 9601    738   595   750  0     4434   4515
 9602    593   595   602  0     4435   4453
 9603    593   750   595  0     4435   4516
 9604    626   680   604  0     4436   4437
 9605    626   704   680  0     4436   4512
 9606    604   680   704  0     4436   4611
 9607    604   626   595  0     4437   4603
 9608    585   724   641  0     4438   4477
 9609    585   680   724  0     4438   4501
 9610    625   535   532  0     4439   4483
 9611    625   584   535  0     4439   4485
 9612    866   724   785  0     4440   4446
 9613    866   856   724  0     4440   4445
 9614    785   856   866  0     4440   4741
 9615    785   724   856  0     4440   4676
 9616    730   704   744  0     4441   4565
 9617    798   753   646  0     4442   4468
 9618    625   646   753  0     4442   4484
 9619    585   527   573  0     4443   4689
 9620    724   692   641  0     4444   4704
 9621    645   641   692  0     4444   4494
 9622    773   724   866  0     4445   4446
 9623    773   856   724  0     4445   4482
 9624    553   646   546  0     4447   4488
 9625    538   595   593  0     4448   4453
 9626    538   566   595  0     4448   4452
 9627    593   595   566  0     4448   4454
 9628    737   742   728  1     4449     -1
 9629    728   742   671  1     4449     -1
 9630    771   680   645  0     4450   4510
 9631    736   704   773  0     4451   4570
 9632    736   680   704  0     4451   4512
 9633    496   595   538  0     4452   4529
 9634    496   566   595  0     4452   4604
 9635    538   595   602  0     4453   4540
 9636    566   613   595  0     4454   4514
 9637    593   595   613  0     4454   4517
 9638    604   615   499  0     4455   4568
 9639    604   578   615  0     4455   4553
 9640    499   578   604  0     4455   4472
 9641    499   615   578  1     4455     -1
 9642    431   471   508  0     4456   4509
 9643    462   508   471  0     4456   4505
 9644    371   502   462  0     4458   4469
 9645    371   499   502  1     4458     -1
 9646    489   494   573  0     4459   4729
 9647    621   504   467  1     4460     -1
 9648    621   569   504  0     4460   4492
 9649    632   702   616  0     4461   4645
 9650    632   600   702  0     4461   4783
 9651    616   702   600  0     4461   4696
 9652    887   867   865  0     4462   4840
 9653    887   936   867  0     4462   4756
 9654    865   936   887  0     4462   4638
 9655    866   837   936  0     4463   4846
 9656    553   597   527  0     4465   4700
 9657    724   747   856  0     4466   4676
 9658    724   641   747  0     4466   4704
 9659    856   747   641  0     4466   4786
 9660    748   736   624  0     4467   4531
 9661    748   730   736  0     4467   4503
 9662    371   502   398  1     4469     -1
 9663    430   566   395  0     4470   4475
 9664    395   566   476  0     4470   4471
 9665    604   508   578  0     4472   4556
 9666    499   508   604  0     4472   4498
 9667    750   624   650  0     4474   4497
 9668    750   748   624  0     4474   4531
 9669    650   624   748  0     4474   4533
 9670    785   837   874  0     4476   4833
 9671    785   866   837  0     4476   4741
 9672    874   837   866  0     4476   4829
 9673    773   641   585  0     4477   4480
 9674    585   724   773  0     4477   4501
 9675    405   535   452  0     4478   4479
 9676    738   641   585  0     4480   4481
 9677    546   535   532  0     4483   4489
 9678    625   535   753  0     4484   4485
 9679    738   535   753  0     4486   4487
 9680    546   535   428  0     4489   4490
 9681    483   500   508  0     4491   4496
 9682    483   487   500  0     4491   4522
 9683    508   487   483  0     4491   4530
 9684    508   500   487  0     4491   4520
 9685    511   504   621  0     4492   4768
 9686    621   569   511  0     4492   4764
 9687    381   518   379  1     4493     -1
 9688    692   573   641  0     4494   4523
 9689    648   596   574  0     4495   4684
 9690    648   636   596  0     4495   4659
 9691    574   636   648  1     4495     -1
 9692    574   596   636  0     4495   4691
 9693    508   462   500  0     4496   4622
 9694    483   462   508  0     4496   4530
 9695    483   500   462  0     4496   4519
 9696    602   624   650  0     4497   4547
 9697    462   604   499  0     4498   4619
 9698    462   508   604  0     4498   4621
 9699    678   657   614  0     4499   4658
 9700    658   657   678  1     4499     -1
 9701    502   578   594  1     4500     -1
 9702    471   594   578  0     4500   4559
 9703    773   680   724  0     4501   4511
 9704    718   735   720  0     4502   4755
 9705    718   776   735  0     4502   4534
 9706    769   730   736  0     4503   4528
 9707    950   838   816  0     4504   4566
 9708    950   867   838  0     4504   4841
 9709    816   867   950  0     4504   4842
 9710    816   838   867  0     4504   4836
 9711    612   597   563  0     4506   4681
 9712    612   553   597  0     4506   4698
 9713    563   597   553  0     4506   4731
 9714    858   699   800  0     4507   4865
 9715    858   704   699  0     4507   4567
 9716    800   704   858  0     4507   4527
 9717    800   699   704  0     4507   4573
 9718    514   511   449  0     4508   4733
 9719    514   504   511  0     4508   4776
 9720    431   485   508  0     4509   4578
 9721    471   508   485  0     4509   4558
 9722    771   559   645  0     4510   4643
 9723    771   680   559  0     4510   4580
 9724    645   559   680  0     4510   4584
 9725    736   626   704  0     4512   4563
 9726    496   508   624  0     4513   4539
 9727    496   626   508  0     4513   4544
 9728    613   595   738  0     4514   4518
 9729    750   757   595  0     4515   4516
 9730    738   595   757  0     4515   4518
 9731    757   595   593  0     4516   4517
 9732    613   757   595  0     4517   4518
 9733    462   394   500  0     4519   4608
 9734    508   604   487  0     4520   4602
 9735    508   500   604  0     4520   4620
 9736    500   568   559  0     4521   4623
 9737    573   500   483  0     4522   4730
 9738    692   598   641  0     4523   4773
 9739    478   515   394  0     4524   4589
 9740    478   500   515  0     4524   4591
 9741    769   800   730  0     4525   4528
 9742    638   699   729  1     4526     -1
 9743    729   699   744  0     4526   4572
 9744    730   704   858  0     4527   4567
 9745    730   800   704  0     4527   4569
 9746    736   800   730  0     4528   4569
 9747    496   624   538  0     4529   4541
 9748    538   624   595  0     4529   4540
 9749    736   624   750  0     4531   4532
 9750    650   624   744  0     4533   4546
 9751    726   729   749  1     4535     -1
 9752    726   766   729  0     4535   4537
 9753    683   729   685  1     4536     -1
 9754    685   729   766  0     4536   4537
 9755    685   729   726  1     4537     -1
 9756    568   611   606  0     4538   4628
 9757    606   611   614  0     4538   4629
 9758    485   624   496  0     4539   4542
 9759    485   508   624  0     4539   4558
 9760    496   508   485  0     4539   4598
 9761    538   624   602  0     4540   4541
 9762    496   624   602  0     4541   4548
 9763    485   624   571  0     4542   4555
 9764    571   624   496  0     4542   4549
 9765    650   624   571  0     4543   4550
 9766    650   594   624  0     4543   4545
 9767    571   624   594  0     4543   4555
 9768    595   508   496  0     4544   4605
 9769    595   626   508  0     4544   4601
 9770    650   683   624  0     4545   4546
 9771    594   624   683  0     4545   4551
 9772    744   683   624  0     4546   4552
 9773    602   624   539  0     4547   4548
 9774    539   624   650  0     4547   4550
 9775    539   496   624  0     4548   4549
 9776    571   624   539  0     4549   4550
 9777    683   615   624  0     4551   4552
 9778    594   615   683  1     4551     -1
 9779    594   624   615  0     4551   4554
 9780    615   624   744  0     4552   4564
 9781    744   683   615  0     4552   4562
 9782    578   624   604  0     4553   4556
 9783    578   615   624  0     4553   4554
 9784    594   624   578  0     4554   4559
 9785    578   615   594  1     4554     -1
 9786    485   624   594  0     4555   4557
 9787    578   624   508  0     4556   4560
 9788    485   624   471  0     4557   4558
 9789    471   624   594  0     4557   4559
 9790    471   508   624  0     4558   4560
 9791    471   624   578  0     4559   4560
 9792    626   730   704  0     4561   4563
 9793    624   704   730  0     4561   4565
 9794    615   638   683  1     4562     -1
 9795    730   704   736  0     4563   4569
 9796    744   704   624  0     4564   4565
 9797    950   988   816  0     4566   4804
 9798    950   838   988  0     4566   4849
 9799    816   988   838  1     4566     -1
 9800    499   638   615  1     4568     -1
 9801    800   704   736  0     4569   4570
 9802    423   409   487  0     4571   4579
 9803    729   699   858  1     4572     -1
 9804    771   699   704  0     4573   4577
 9805    816   737   716  0     4574   4856
 9806    716   671   816  1     4574     -1
 9807    716   737   671  0     4574   4633
 9808    702   635   696  0     4575   4743
 9809    632   635   702  0     4575   4772
 9810    632   696   635  0     4575   4791
 9811    526   536   489  0     4576   4706
 9812    526   541   536  1     4576     -1
 9813    680   699   704  0     4577   4617
 9814    680   771   699  0     4577   4580
 9815    508   487   485  0     4578   4598
 9816    485   487   431  0     4578   4600
 9817    421   487   423  0     4579   4585
 9818    699   680   559  0     4580   4617
 9819    606   559   699  0     4581   4587
 9820    606   638   559  0     4581   4610
 9821    699   638   606  1     4581     -1
 9822    699   559   638  0     4581   4609
 9823    645   573   559  0     4582   4592
 9824    704   559   604  0     4583   4611
 9825    704   699   559  0     4583   4617
 9826    604   559   699  0     4583   4609
 9827    680   604   559  0     4584   4611
 9828    645   559   604  0     4584   4592
 9829    573   487   595  0     4586   4607
 9830    595   487   604  0     4586   4603
 9831    606   559   658  0     4587   4627
 9832    658   699   606  1     4587     -1
 9833    867   804   783  0     4588   4839
 9834    783   765   867  0     4588   4838
 9835    783   804   765  1     4588     -1
 9836    394   302   515  0     4589   4590
 9837    394   350   515  0     4590   4594
 9838    302   515   350  1     4590     -1
 9839    500   559   478  0     4591   4623
 9840    500   515   559  0     4591   4612
 9841    478   559   515  0     4591   4624
 9842    499   371   515  1     4593     -1
 9843    394   515   371  0     4593   4594
 9844    371   350   515  1     4594     -1
 9845    585   487   429  0     4595   4596
 9846    585   566   487  0     4595   4606
 9847    585   573   429  0     4596   4689
 9848    585   487   573  0     4596   4607
 9849    395   487   496  0     4597   4599
 9850    496   487   566  0     4597   4604
 9851    508   487   496  0     4598   4605
 9852    496   487   485  0     4598   4600
 9853    431   487   496  0     4599   4600
 9854    595   487   508  0     4601   4605
 9855    595   626   487  0     4601   4603
 9856    508   487   626  0     4601   4602
 9857    626   604   487  0     4602   4603
 9858    566   595   487  0     4604   4606
 9859    496   487   595  0     4604   4605
 9860    585   595   487  0     4606   4607
 9861    499   500   462  0     4608   4618
 9862    604   559   638  0     4609   4610
 9863    604   559   606  0     4610   4613
 9864    680   704   559  0     4611   4617
 9865    515   559   499  0     4612   4614
 9866    499   559   500  0     4612   4618
 9867    604   559   499  0     4613   4619
 9868    499   559   606  0     4613   4614
 9869    606   515   559  0     4614   4630
 9870    499   515   606  1     4614     -1
 9871    563   597   569  0     4615   4675
 9872    563   498   597  0     4615   4731
 9873    478   568   474  0     4616   4678
 9874    478   518   568  0     4616   4625
 9875    474   568   518  0     4616   4632
 9876    499   559   462  0     4618   4619
 9877    462   559   500  0     4618   4622
 9878    462   604   559  0     4619   4621
 9879    508   559   604  0     4620   4621
 9880    508   500   559  0     4620   4622
 9881    508   559   462  0     4621   4622
 9882    478   568   559  0     4623   4624
 9883    559   515   568  0     4624   4630
 9884    478   568   515  0     4624   4625
 9885    515   518   568  0     4625   4631
 9886    611   671   657  1     4626     -1
 9887    657   671   614  0     4626   4658
 9888    606   559   568  0     4627   4630
 9889    658   568   559  0     4627   4636
 9890    518   611   606  1     4628     -1
 9891    606   568   518  0     4628   4631
 9892    606   611   658  1     4629     -1
 9893    515   568   606  0     4630   4631
 9894    515   518   606  1     4631     -1
 9895    671   663   737  0     4633   4823
 9896    716   737   663  0     4633   4824
 9897    798   646   776  0     4634   4787
 9898    718   776   646  0     4634   4652
 9899    865   867   783  0     4635   4839
 9900    702   867   865  0     4635   4825
 9901    658   614   559  0     4636   4637
 9902    559   614   568  0     4636   4642
 9903    559   771   614  0     4637   4643
 9904    658   614   771  0     4637   4639
 9905    865   906   887  1     4638     -1
 9906    936   887   906  1     4638     -1
 9907    590   596   614  0     4640   4665
 9908    696   837   690  0     4641   4752
 9909    690   837   663  0     4641   4762
 9910    568   645   614  0     4642   4648
 9911    559   614   645  0     4642   4643
 9912    771   614   645  0     4643   4646
 9913    598   494   590  0     4644   4674
 9914    598   580   494  0     4644   4673
 9915    590   494   580  0     4644   4687
 9916    632   702   644  0     4645   4749
 9917    771   663   645  0     4646   4647
 9918    771   614   663  0     4646   4657
 9919    645   663   614  0     4646   4648
 9920    785   663   645  0     4647   4651
 9921    785   771   663  0     4647   4830
 9922    645   663   568  0     4648   4649
 9923    645   663   598  0     4649   4650
 9924    598   692   663  0     4650   4754
 9925    645   663   692  0     4650   4651
 9926    785   663   692  0     4651   4701
 9927    646   635   776  0     4652   4654
 9928    754   809   775  0     4653   4738
 9929    720   776   646  0     4654   4796
 9930    771   663   709  0     4655   4657
 9931    771   716   663  0     4655   4851
 9932    709   716   771  0     4655   4843
 9933    709   663   716  0     4655   4656
 9934    709   663   614  0     4656   4657
 9935    657   671   678  1     4658     -1
 9936    663   648   636  0     4659   4805
 9937    663   671   648  0     4660   4823
 9938    614   567   474  0     4661   4671
 9939    614   611   567  0     4661   4662
 9940    474   567   611  0     4661   4667
 9941    589   567   614  0     4662   4672
 9942    589   611   567  1     4662     -1
 9943    718   720   597  0     4663   4751
 9944    648   686   589  1     4664     -1
 9945    671   589   686  1     4664     -1
 9946    590   596   568  0     4665   4677
 9947    463   648   474  0     4666   4668
 9948    463   614   648  0     4666   4683
 9949    474   614   463  0     4666   4670
 9950    474   648   614  0     4666   4671
 9951    518   567   611  1     4667     -1
 9952    463   567   474  0     4668   4669
 9953    463   648   567  1     4668     -1
 9954    474   567   648  0     4668   4671
 9955    463   567   461  1     4669     -1
 9956    614   463   596  0     4670   4683
 9957    474   596   463  0     4670   4710
 9958    614   567   648  0     4671   4672
 9959    648   589   567  1     4672     -1
 9960    580   494   489  0     4673   4707
 9961    489   598   580  0     4673   4742
 9962    478   598   494  0     4674   4708
 9963    563   597   660  0     4675   4682
 9964    785   747   856  0     4676   4782
 9965    785   724   747  0     4676   4785
 9966    478   596   568  0     4677   4678
 9967    478   596   474  0     4678   4693
 9968    444   597   553  0     4679   4700
 9969    553   597   511  0     4679   4737
 9970    536   600   574  1     4680     -1
 9971    536   580   600  0     4680   4697
 9972    574   580   536  0     4680   4715
 9973    563   718   597  0     4681   4682
 9974    612   597   718  0     4681   4698
 9975    660   718   597  0     4682   4751
 9976    648   463   596  0     4683   4684
 9977    463   596   574  0     4684   4723
 9978    574   648   463  1     4684     -1
 9979    621   644   569  0     4685   4764
 9980    621   660   644  0     4685   4745
 9981    474   411   494  0     4686   4726
 9982    580   596   494  0     4687   4709
 9983    590   596   580  0     4687   4758
 9984    747   775   720  0     4690   4779
 9985    747   702   775  0     4690   4761
 9986    574   596   580  0     4691   4709
 9987    636   580   596  0     4691   4692
 9988    596   690   580  0     4692   4760
 9989    474   494   596  0     4693   4710
 9990    632   598   696  0     4694   4788
 9991    598   663   696  0     4695   4754
 9992    690   600   616  1     4696     -1
 9993    690   702   600  0     4696   4784
 9994    536   541   600  1     4697     -1
 9995    580   600   541  0     4697   4739
 9996    663   692   696  0     4701   4754
 9997    449   644   514  0     4702   4770
 9998    449   632   644  0     4702   4703
 9999    597   644   449  0     4703   4770
10000    692   747   724  0     4704   4785
10001    692   641   747  0     4704   4769
10002    411   494   526  0     4705   4718
10003    411   536   494  0     4705   4714
10004    526   536   411  1     4705     -1
10005    526   494   536  0     4705   4706
10006    526   494   489  0     4706   4716
10007    489   494   536  0     4706   4707
10008    536   580   494  0     4707   4715
10009    500   494   478  0     4708   4721
10010    500   598   494  0     4708   4720
10011    596   494   574  0     4709   4723
10012    574   494   580  0     4709   4715
10013    596   463   494  0     4710   4723
10014    474   494   463  0     4710   4724
10015    483   494   489  0     4711   4729
10016    483   421   494  0     4711   4712
10017    483   357   494  0     4712   4713
10018    478   494   483  0     4713   4721
10019    574   494   411  0     4714   4722
10020    574   536   494  0     4714   4715
10021    411   536   574  1     4714     -1
10022    449   494   489  0     4716   4717
10023    449   526   494  0     4716   4728
10024    449   494   419  0     4717   4727
10025    526   417   494  0     4718   4728
10026    411   417   526  1     4718     -1
10027    411   494   417  0     4718   4719
10028    419   494   417  0     4719   4727
10029    573   494   500  0     4720   4730
10030    483   500   494  0     4721   4730
10031    411   463   494  0     4722   4725
10032    574   463   411  1     4722     -1
10033    574   494   463  0     4722   4723
10034    422   494   463  0     4724   4725
10035    422   474   494  0     4724   4726
10036    422   411   463  1     4725     -1
10037    422   494   411  0     4725   4726
10038    449   494   417  0     4727   4728
10039    483   494   573  0     4729   4730
10040    553   498   597  0     4731   4735
10041    489   541   554  0     4732   4740
10042    514   554   541  1     4732     -1
10043    514   597   449  0     4733   4770
10044    514   511   597  0     4733   4777
10045    640   644   779  0     4734   4747
10046    779   616   640  1     4734     -1
10047    553   495   597  0     4735   4737
10048    498   597   495  0     4735   4736
10049    495   511   597  0     4736   4737
10050    754   801   775  0     4738   4811
10051    600   632   580  0     4739   4783
10052    489   632   554  0     4740   4744
10053    856   837   785  0     4741   4782
10054    635   696   720  0     4743   4793
10055    720   702   635  0     4743   4772
10056    660   644   640  0     4745   4748
10057    621   554   644  0     4746   4765
10058    616   554   621  1     4746     -1
10059    640   754   779  1     4747     -1
10060    640   644   754  0     4747   4748
10061    720   632   702  0     4749   4772
10062    867   663   783  0     4750   4838
10063    837   663   867  0     4750   4831
10064    837   783   663  0     4750   4762
10065    718   720   660  0     4751   4755
10066    660   720   597  0     4751   4767
10067    702   837   690  0     4752   4835
10068    735   660   720  0     4753   4755
10069    692   696   598  0     4754   4773
10070    936   950   887  1     4756     -1
10071    887   950   867  0     4756   4812
10072    936   906   886  1     4757     -1
10073    886   906   871  0     4757   4808
10074    803   754   775  0     4759   4811
10075    779   754   803  1     4759     -1
10076    580   702   690  0     4760   4784
10077    702   871   747  0     4761   4780
10078    702   775   871  0     4761   4799
10079    837   783   690  0     4762   4835
10080    690   783   663  0     4762   4803
10081    597   511   644  0     4763   4777
10082    569   644   511  0     4763   4764
10083    621   644   511  0     4764   4768
10084    554   644   504  0     4765   4775
10085    504   621   554  1     4765     -1
10086    504   644   621  0     4765   4768
10087    747   776   775  0     4766   4779
10088    831   775   776  0     4766   4800
10089    511   504   644  0     4768   4776
10090    641   696   692  0     4769   4773
10091    641   747   696  0     4769   4792
10092    514   597   644  0     4770   4777
10093    924   878   801  1     4771     -1
10094    924   886   878  0     4771   4806
10095    801   878   886  0     4771   4778
10096    598   641   696  0     4773   4789
10097    779   775   702  0     4774   4799
10098    514   504   554  1     4775     -1
10099    514   644   504  0     4775   4776
10100    514   644   511  0     4776   4777
10101    801   878   803  1     4778     -1
10102    803   878   886  0     4778   4819
10103    720   776   775  0     4779   4801
10104    837   702   871  0     4780   4826
10105    785   837   747  0     4781   4782
10106    600   702   580  0     4783   4784
10107    646   776   831  0     4787   4797
10108    598   696   527  0     4788   4789
10109    527   696   632  0     4788   4791
10110    527   641   696  0     4789   4790
10111    527   635   696  0     4790   4791
10112    641   696   635  0     4790   4792
10113    641   747   635  0     4792   4794
10114    635   747   696  0     4792   4793
10115    635   747   720  0     4793   4794
10116    641   776   646  0     4796   4797
10117    779   871   865  0     4798   4821
10118    702   871   779  0     4798   4799
10119    702   865   871  0     4798   4825
10120    831   775   809  0     4800   4816
10121    809   775   776  0     4800   4801
10122    816   939   867  0     4802   4842
10123    816   804   939  1     4802     -1
10124    690   765   663  0     4803   4837
10125    690   783   765  1     4803     -1
10126    663   765   783  0     4803   4838
10127    939   988   816  1     4804     -1
10128    939   950   988  1     4804     -1
10129    816   950   939  0     4804   4842
10130    648   737   663  0     4805   4823
10131    648   636   737  1     4805     -1
10132    663   737   636  0     4805   4810
10133    878   906   886  0     4806   4808
10134    878   924   906  1     4806     -1
10135    886   906   924  1     4806     -1
10136    837   871   867  0     4807   4826
10137    886   878   871  0     4808   4819
10138    881   915   943  1     4809     -1
10139    881   952   915  0     4809   4859
10140    943   915   952  1     4809     -1
10141    663   737   690  0     4810   4837
10142    690   737   636  1     4810     -1
10143    803   754   801  1     4811     -1
10144    867   939   950  0     4812   4842
10145    887   950   939  1     4812     -1
10146    856   871   831  0     4813   4814
10147    960   871   831  0     4814   4815
10148    960   871   809  0     4815   4817
10149    809   871   831  0     4815   4816
10150    809   871   775  0     4816   4818
10151    809   886   871  0     4817   4820
10152    809   871   803  0     4818   4820
10153    803   871   886  0     4819   4820
10154    878   865   779  1     4821     -1
10155    761   741   716  1     4822     -1
10156    761   771   741  0     4822   4827
10157    716   771   761  0     4822   4851
10158    716   741   771  0     4822   4843
10159    663   716   867  0     4824   4850
10160    702   867   871  0     4825   4826
10161    771   741   800  0     4827   4832
10162    800   761   771  0     4827   4867
10163    800   741   761  0     4827   4864
10164    709   741   725  1     4828     -1
10165    709   771   741  0     4828   4843
10166    725   741   771  0     4828   4832
10167    874   867   866  0     4829   4847
10168    874   837   867  0     4829   4833
10169    866   867   837  0     4829   4844
10170    771   867   785  0     4830   4834
10171    771   663   867  0     4830   4852
10172    785   867   663  0     4830   4831
10173    785   867   837  0     4831   4833
10174    800   725   741  0     4832   4871
10175    785   867   874  0     4833   4834
10176    874   771   867  0     4834   4861
10177    867   761   838  0     4836   4860
10178    816   761   867  0     4836   4854
10179    816   838   761  1     4836     -1
10180    690   765   737  1     4837     -1
10181    783   865   804  1     4839     -1
10182    867   804   865  0     4839   4840
10183    887   804   865  1     4840     -1
10184    867   838   874  0     4841   4861
10185    874   950   867  0     4841   4847
10186    874   838   950  0     4841   4862
10187    716   741   709  1     4843     -1
10188    866   950   837  0     4844   4846
10189    866   867   950  0     4844   4847
10190    952   950   936  1     4845     -1
10191    952   866   950  0     4845   4848
10192    936   950   866  0     4845   4846
10193    874   950   866  0     4847   4848
10194    874   950   952  0     4848   4862
10195    838   988   915  1     4849     -1
10196    915   950   838  0     4849   4858
10197    915   988   950  1     4849     -1
10198    867   761   716  0     4850   4853
10199    867   663   761  0     4850   4852
10200    716   761   663  0     4850   4851
10201    771   761   663  0     4851   4852
10202    771   761   867  0     4852   4860
10203    765   761   716  0     4853   4857
10204    765   867   761  0     4853   4854
10205    816   761   765  0     4854   4855
10206    765   737   761  0     4855   4857
10207    816   737   765  1     4855     -1
10208    816   761   737  0     4855   4856
10209    816   761   716  1     4856     -1
10210    716   761   737  0     4856   4857
10211    915   952   838  0     4858   4859
10212    950   952   915  1     4858     -1
10213    950   838   952  0     4858   4862
10214    952   838   881  0     4859   4863
10215    881   838   915  1     4859     -1
10216    771   838   867  0     4860   4861
10217    771   761   838  0     4860   4867
10218    771   838   874  0     4861   4868
10219    874   838   952  0     4862   4863
10220    874   838   881  0     4863   4869
10221    741   838   800  0     4864   4871
10222    741   761   838  1     4864     -1
10223    800   838   761  0     4864   4867
10224    858   838   800  0     4865   4866
10225    858   699   838  1     4865     -1
10226    800   838   699  0     4865   4870
10227    800   881   838  0     4866   4869
10228    858   838   881  1     4866     -1
10229    800   838   771  0     4867   4868
10230    800   838   874  0     4868   4869
10231    699   725   838  1     4870     -1
10232    800   838   725  0     4870   4871
10233    725   741   838  1     4871     -1
# Generated by c:\dev\polylla3D\tetgen\build\tetgen.exe -fzenn c:\dev\polylla3D\data\1000random.node 
