4374  4  0
    0     584   474   585   574
    1     782   772   883   882
    2     134    33   144    34
    3     388   288   277   287
    4     815   704   805   804
    5     323   313   324   424
    6     616   627   617   516
    7     581   470   571   570
    8     771   660   770   670
    9     797   786   686   787
   10     469   468   479   368
   11     592   581   591   481
   12     865   965   975   864
   13     478   468   479   579
   14     553   552   563   452
   15     462   452   562   451
   16     771   670   770   781
   17     776   777   666   676
   18     762   862   752   863
   19     360   470   460   471
   20     681   670   781   680
   21     462   473   573   463
   22     153    43   154   143
   23     662   551   651   661
   24     188   289   189   299
   25     480   581   580   470
   26     422   322   432   433
   27     950   951   840   850
   28     299   399   298   288
   29     908   919   909   808
   30     871   870   860   971
   31     550   650   651   661
   32     754   864   753   854
   33     801   912   911   901
   34     313   414   314   424
   35      21    20   131    31
   36     135    24   125   124
   37     823   813   824   924
   38     287   276   277   387
   39     994   884   894   995
   40     534   645   545   544
   41     869   969   979   868
   42     263   152   163   153
   43     421   310   410   420
   44      12    13   123   113
   45     111    10   121    11
   46     152    52   153    42
   47     646   635   636   746
   48     575   676   565   576
   49     574   464   575   564
   50     421   310   420   320
   51     511   400   510   410
   52     216   206   205   105
   53     171    60    70    71
   54     491   380   481   480
   55     121    11    21   122
   56     480   470   481   581
   57      68   178   168   179
   58     493   482   593   492
   59     126   116   115    15
   60     301   200   300   311
   61     942   943   832   842
   62     335   235   225   224
   63     432   332   331   442
   64     212   101   211   111
   65     232   121   132   122
   66      53    63   163   164
   67     506   516   617   517
   68     441   330   341   331
   69     673   683   783   784
   70     565   455   566   555
   71     336   337   226   236
   72     243   242   142   132
   73     124    14   125   114
   74      45    34    35   145
   75      44   144   145   155
   76     644   634   633   533
   77     155   256   145   156
   78     524   423   523   534
   79     135   146    35   145
   80     190    80    90   191
   81     364   353   363   253
   82     853   753   742   752
   83     345   355   245   244
   84     422   421   432   321
   85      34    24   135   134
   86     161   160   171    60
   87     462   452   451   351
   88     281   270   280   170
   89     283   284   394   384
   90      40    41    51   151
   91      53   153   154   164
   92     322   212   312   211
   93      12    11   122    22
   94     552   662   652   663
   95     718   728   828   829
   96     277   288   177   287
   97     121    10    20    21
   98     227   238   127   237
   99     204   104   103   214
  100     114   214   103   104
  101      42   142   153   152
  102      43   153   154    53
  103      11   112   122   111
  104     141    30    41    31
  105     131   121   132   232
  106     111    11   121   122
  107     212   202   201   101
  108     482   481   492   381
  109     867   967   866   856
  110     552   551   541   652
  111      43   143   153    42
  112     181   182   292   282
  113     637   737   748   747
  114     115   105     5   116
  115     456   467   356   466
  116     275   164   165   265
  117     250   150   251   140
  118     382   493   383   393
  119     258   368   268   257
  120     364   263   363   374
  121     368   369   379   479
  122     460   350   461   450
  123     648   647   748   758
  124     495   384   385   485
  125     221   110   210   220
  126     224   114   225   214
  127     591   580   691   590
  128     702   812   813   712
  129     645   635   745   634
  130     432   321   331   332
  131     968   868   857   867
  132     800   801   811   911
  133     213   102   203   202
  134     423   312   413   412
  135     183    72   182    82
  136     251   151   262   252
  137     184    73    84    74
  138     862   873   762   872
  139     341   452   451   441
  140     175   286   176   186
  141     276   376   266   377
  142     273   163   274   263
  143     562   662   552   663
  144     152   263   253   153
  145     271   270   371   381
  146      61    51   162   161
  147     687   798   697   797
  148     151   140   251   150
  149     994   893   894   883
  150     836   826   725   726
  151     171   282   172   182
  152      51   151   162   161
  153     182   293   292   282
  154     313   312   413   423
  155     555   455   566   556
  156     841   831   942   941
  157     778   768   779   879
  158     380   370   481   480
  159     692   793   682   693
  160     925   935   825   824
  161     211   200   311   210
  162     281   170   280   180
  163     471   581   481   470
  164     384   383   394   283
  165     171   271   170   160
  166     264   263   274   163
  167     274   173   174   163
  168     667   557   657   556
  169     762   661   761   772
  170     184   194   183   294
  171     192   293   292   182
  172     311   301   312   412
  173     225   235   125   124
  174     260   160   261   150
  175     571   561   671   560
  176     381   270   370   380
  177     796   786   686   797
  178     363   252   362   262
  179     760   871   761   771
  180     812   822   711   811
  181     491   381   492   481
  182     753   652   752   763
  183     451   441   552   551
  184     661   551   651   550
  185     351   350   461   361
  186     113   214   213   103
  187     491   391   492   381
  188     812   822   712   711
  189     814   914   915   925
  190     921   821   810   820
  191     680   791   781   681
  192     283   294   394   284
  193     371   382   482   372
  194     882   893   892   993
  195     814   925   815   825
  196     982   882   983   872
  197     361   471   461   472
  198     957   846   856   857
  199     858   758   869   859
  200     422   321   432   322
  201     471   461   572   571
  202     242   252   352   353
  203     440   551   451   450
  204     250   261   361   251
  205     233   334   344   333
  206     671   660   670   560
  207     941   831   830   841
  208     273   284   384   274
  209     462   351   461   361
  210     764   654   754   653
  211     741   751   640   740
  212     959   958   858   848
  213     481   491   591   592
  214     272   262   372   261
  215     381   382   492   482
  216     788   789   688   799
  217     941   840   940   951
  218     250   251   361   351
  219     352   452   351   341
  220     824   934   935   834
  221     614   604   615   715
  222     548   437   438   538
  223     930   931   920   820
  224     873   984   973   974
  225     951   952   841   851
  226     534   645   535   545
  227     691   581   692   681
  228     480   590   591   490
  229     366   265   255   365
  230     693   793   682   683
  231     841   941   942   952
  232     461   451   562   561
  233     655   545   555   656
  234     644   634   744   633
  235     580   581   681   570
  236     581   592   692   582
  237     672   671   772   782
  238     950   951   940   840
  239     763   864   753   764
  240     215   226   326   216
  241     730   831   830   720
  242     461   462   562   451
  243     584   574   684   573
  244     652   552   542   541
  245     486   385   496   386
  246     609   608   709   719
  247     368   357   367   257
  248     442   441   542   552
  249     304   315   204   314
  250     770   781   881   771
  251     504   503   604   614
  252     553   552   653   663
  253     671   661   771   660
  254     671   660   771   670
  255     761   871   861   872
  256     216   105   115   116
  257     772   771   761   872
  258     962   862   851   861
  259     701   711   600   700
  260     451   551   562   561
  261     936   836   826   825
  262     765   654   754   764
  263     216   105   215   115
  264     921   910   810   911
  265     713   714   824   814
  266     822   821   922   932
  267     238   237   338   348
  268     452   442   552   441
  269     512   402   502   401
  270     630   530   631   520
  271     231   120   131   121
  272     141   140   151    40
  273     573   462   572   472
  274     878   979   879   989
  275     311   310   421   321
  276     211   221   322   222
  277     941   951   841   840
  278     431   441   331   330
  279     713   814   824   813
  280     413   313   414   303
  281     811   710   700   810
  282     917   806   817   807
  283     815   926   915   916
  284     186   187    86   197
  285     652   551   651   662
  286     860   760   861   750
  287     277   276   266   377
  288     746   645   646   635
  289     751   650   640   750
  290     945   844   955   845
  291     846   745   856   746
  292     822   821   711   811
  293     609   608   619   508
  294     287   288   298   398
  295     254   153   264   154
  296     366   477   466   467
  297     702   712   813   713
  298     755   855   866   865
  299     984   883   994   884
  300     745   845   735   846
  301     697   797   686   687
  302     862   751   851   861
  303     709   708   809   819
  304     942   943   932   832
  305     619   618   719   729
  306     637   738   748   737
  307     659   548   559   549
  308     651   661   761   762
  309     843   833   944   943
  310     434   423   534   433
  311     904   914   915   804
  312     547   437   548   537
  313     542   653   543   553
  314     802   812   702   701
  315     345   234   245   235
  316     735   846   835   836
  317     123   122   133    22
  318     487   477   488   588
  319     609   608   719   619
  320     538   639   539   649
  321     117   218   118   228
  322     846   946   835   836
  323     724   613   713   723
  324     272   262   373   372
  325     528   639   529   539
  326     839   728   738   739
  327     746   645   756   646
  328     507   506   617   517
  329     915   804   805   905
  330     543   654   644   544
  331     924   813   824   814
  332     508   608   619   618
  333     855   845   955   844
  334     227   126   127   116
  335     418   529   428   528
  336     806   906   917   916
  337      94   194    93    83
  338     802   902   913   912
  339     918   807   907   917
  340     567   556   456   557
  341     321   311   322   422
  342     944   843   844   833
  343     736   625   636   626
  344     677   678   577   688
  345     944   833   844   834
  346     814   914   925   924
  347     439   338   328   438
  348     648   547   548   537
  349     935   945   835   834
  350     756   745   755   645
  351     774   663   763   773
  352     745   744   855   755
  353     698   687   688   798
  354     643   632   633   743
  355     866   966   977   976
  356     945   845   955   956
  357     618   607   617   507
  358     374   263   363   373
  359     658   769   668   768
  360     542   442   543   432
  361     734   633   744   634
  362     734   845   735   745
  363     540   650   640   651
  364     489   488   378   478
  365      43    53   154    54
  366     854   864   865   754
  367     653   652   763   663
  368     794   784   894   783
  369     374   273   373   384
  370     749   738   748   638
  371     982   872   983   972
  372     650   660   761   661
  373     273   263   373   262
  374     867   856   866   756
  375     676   665   666   776
  376     774   785   885   775
  377     753   864   853   854
  378     763   873   762   863
  379     676   776   675   665
  380     844   854   955   855
  381     481   491   592   492
  382     478   579   479   589
  383     748   749   759   859
  384     956   846   856   957
  385     655   544   555   545
  386     569   558   458   559
  387      49    48   149   159
  388     963   974   964   863
  389     469   369   358   368
  390     462   463   573   563
  391     858   958   857   847
  392     888   887   787   777
  393     384   273   373   383
  394      64    63   174    74
  395     553   452   563   453
  396     686   786   675   676
  397     478   368   479   468
  398     548   547   658   558
  399     774   775   885   875
  400     461   460   571   471
  401     234   123   133   134
  402     687   586   686   697
  403     394   284   395   384
  404     237   247   347   348
  405     478   368   378   479
  406     865   765   875   876
  407     134   133   244   144
  408     434   424   535   534
  409     867   866   977   877
  410     686   786   685   675
  411     776   765   775   665
  412     325   425   436   435
  413     573   473   584   574
  414     674   573   574   563
  415     573   463   574   563
  416     757   867   756   857
  417     623   613   723   612
  418     665   554   654   664
  419     838   938   948   837
  420     524   534   523   634
  421     345   456   445   446
  422     536   525   535   425
  423     225   336   326   226
  424     338   448   337   438
  425     274   263   374   273
  426     453   464   454   353
  427     697   597   587   586
  428     578   579   589   689
  429     767   768   778   878
  430     376   477   377   487
  431     786   785   675   775
  432     697   586   587   687
  433     569   458   468   469
  434     346   235   236   336
  435     687   798   698   697
  436     178   288   188   177
  437     384   494   394   383
  438     372   483   373   383
  439     667   767   657   768
  440     385   395   496   396
  441      53    52   163    63
  442     111     0   100   110
  443     374   375   385   485
  444     123    22   133    23
  445     485   475   486   586
  446     654   554   655   544
  447     154   164   264   265
  448     164   264   274   163
  449     763   874   764   774
  450     518   508   619   618
  451     137   147    36   136
  452     567   557   456   457
  453     567   577   466   566
  454     767   878   778   777
  455     795   785   685   796
  456     578   689   589   588
  457     577   477   587   588
  458     154   265   264   254
  459     179   289   189   178
  460      68    57   168    67
  461     585   575   685   574
  462     169    68    58   168
  463     368   369   479   469
  464     138   149   249   139
  465     486   476   487   587
  466     585   484   485   474
  467     253   263   364   264
  468     276   286   176   175
  469     485   384   385   374
  470     221   332   331   321
  471     444   554   454   443
  472     577   477   588   578
  473     495   394   395   384
  474     508   519   408   518
  475     862   852   851   751
  476     587   597   487   486
  477     485   596   495   595
  478     154   153   264   164
  479      54    44   155   154
  480      46   157   146   147
  481     333   233   343   344
  482     274   163   174   164
  483     121   120    20    10
  484     575   464   465   565
  485     468   357   358   458
  486     212   202   213   313
  487      58   158    47    48
  488     368   257   358   357
  489      23    22   133    33
  490     628   739   629   639
  491     138   149    38   148
  492      34   134   145   144
  493     326   216   327   316
  494     728   617   718   717
  495     278   288   177   277
  496     348   349   338   238
  497     705   816   716   715
  498     419   519   418   408
  499     137   148   138    37
  500     305   304   415   315
  501     518   528   417   517
  502     637   647   748   648
  503     234   123   233   133
  504     453   353   463   464
  505     648   638   538   649
  506     929   928   828   818
  507     126   136    26    25
  508     465   575   475   464
  509     527   528   427   538
  510     366   266   256   255
  511     427   316   417   416
  512     131   241   141   130
  513      45   155   145   156
  514     148   149   249   138
  515     319   318   218   208
  516     913   914   803   813
  517     661   551   550   561
  518     226   126   115   125
  519     244   233   344   243
  520     443   433   432   332
  521     114   214   224   113
  522     635   524   525   625
  523     527   627   628   638
  524     433   322   432   332
  525     124    24   125    14
  526     554   443   544   543
  527     123    23   133   134
  528     226   126   227   116
  529      46    45    35   146
  530     114    14   115     4
  531     137    37    26    36
  532     111   110   221   121
  533     508   518   408   407
  534     128   239   129   139
  535     117     6   107   106
  536     412   411   422   311
  537     135   235   125   236
  538      14    24   125    25
  539     302   313   413   303
  540     223   213   224   324
  541     624   613   724   623
  542     715   726   615   725
  543      41   141    40    30
  544     133   123   233   122
  545      46   146    35    36
  546     123   124   134   234
  547     222   221   322   332
  548     243   353   242   343
  549     615   604   605   715
  550     135   136   125    25
  551     537   536   647   547
  552     611   622   511   621
  553     200   100   210   211
  554     128   129   118    18
  555      12   112   122    11
  556     127    26    27    16
  557     537   526   426   527
  558     614   504   615   604
  559     616   626   515   615
  560     147   148    37    47
  561     516   505   405   506
  562     304   414   415   314
  563     122    11    21    22
  564     415   515   405   516
  565     101   112   102     1
  566     511   611   510   500
  567     223   112   123   113
  568     121    10    21    11
  569     420   421   521   410
  570     222   122   233   223
  571     533   544   644   534
  572     322   321   432   332
  573      11   112   111     1
  574       1   112    12    11
  575       2   112    12     1
  576     314   325   214   324
  577      43   143    32    33
  578     101     1   111   112
  579     110   120   221   121
  580     712   701   601   702
  581     101     0   100   111
  582      46   156   146   157
  583      10     0   111   110
  584      11     0   111    10
  585       0     1   111   101
  586      11     1   111     0
  587     325   425   426   436
  588     334   223   333   233
  589     336   236   226   225
  590     141   252   251   241
  591     220   120   221   110
  592      42   142   152    41
  593     321   311   422   421
  594     112     1     2   102
  595     110   120   121    10
  596      31    32    42   142
  597     333   332   232   222
  598     312   202   313   302
  599     110    10   121   111
  600      22   122   132    21
  601     133   233   244   243
  602     274   284   174   173
  603     314   414   415   425
  604     222   112   212   111
  605     742   741   631   731
  606     111   112   212   101
  607     322   211   312   311
  608     140   130   141   241
  609     732   742   631   731
  610     234   223   233   123
  611     432   442   331   431
  612     454   554   564   453
  613     311   310   411   421
  614     114   214   215   225
  615     311   200   310   210
  616      31    20   131    30
  617     321   220   331   221
  618     100   110   211   111
  619     122   111   222   121
  620     211   110   210   221
  621     253   143   254   243
  622     430   441   330   440
  623     112   111   222   122
  624     221   121   222   111
  625     362   462   361   351
  626     520   420   531   521
  627     221   111   211   110
  628     200   100   211   201
  629     536   526   426   537
  630     211   100   210   110
  631     414   313   314   303
  632     303   302   403   413
  633      12   112   123   122
  634     325   425   435   324
  635     101   112   212   102
  636     102   202   212   101
  637     544   433   534   533
  638     421   311   422   411
  639     310   311   300   200
  640     201   101   211   212
  641     111   222   211   212
  642     111   221   211   222
  643     210   311   321   310
  644     313   302   413   312
  645     201   200   301   311
  646     302   412   312   301
  647     201   100   211   101
  648     111   101   211   100
  649     155    54    55    44
  650     201   200   311   211
  651     712   701   702   812
  652     811   911   810   800
  653     721   711   610   611
  654     310   210   320   321
  655     441   440   340   330
  656     321   210   320   220
  657     315   314   214   204
  658     703   714   814   704
  659     412   422   523   423
  660     512   501   502   612
  661     321   310   421   320
  662     520   510   521   621
  663     612   622   511   611
  664     210   220   321   221
  665     500   400   510   511
  666     410   421   411   310
  667     313   424   314   324
  668     311   210   321   211
  669     221   211   321   210
  670     852   853   842   742
  671     301   402   302   412
  672     409   519   408   509
  673     554   553   654   664
  674     531   521   632   631
  675     441   442   341   452
  676     319   208   219   209
  677     302   402   413   412
  678     711   701   601   712
  679     431   321   331   432
  680     222   212   322   211
  681     543   432   533   532
  682     321   221   322   211
  683     610   711   600   611
  684     301   401   412   411
  685     131   242   141   241
  686     321   211   322   311
  687     400   410   511   411
  688     400   300   411   401
  689     410   300   411   400
  690     300   301   411   401
  691     311   301   411   300
  692     310   300   411   410
  693     310   311   411   300
  694     301   402   412   401
  695     513   402   503   502
  696     534   544   644   645
  697     212   202   313   312
  698     422   311   312   412
  699     651   550   540   650
  700     321   332   322   221
  701     213   202   203   313
  702     313   202   303   302
  703     311   301   412   411
  704     323   222   333   223
  705     201   202   312   302
  706     322   311   312   422
  707     324   323   223   213
  708     113   112   123    12
  709     431   430   330   320
  710     506   616   516   505
  711     201   212   312   202
  712     302   301   312   201
  713     311   201   312   301
  714     311   211   312   201
  715     212   201   312   211
  716     114   214   113   103
  717     312   302   413   412
  718     413   302   403   402
  719     414   303   314   304
  720     312   422   423   322
  721     113   214   224   213
  722     733   723   833   722
  723     315   325   214   314
  724     323   313   424   423
  725     332   222   333   322
  726     344   233   343   243
  727     623   612   723   622
  728     442   441   341   331
  729     313   312   423   323
  730     312   322   423   323
  731     103   104     3   114
  732     224   223   234   123
  733     324   424   435   434
  734     303   404   304   414
  735     322   222   323   212
  736     313   312   323   212
  737     322   212   323   312
  738     446   546   436   547
  739     431   531   542   541
  740      23    24   134   124
  741     155   265   255   266
  742     312   412   423   422
  743     646   757   656   756
  744     295   184   285   284
  745     544   444   545   434
  746     442   332   331   342
  747     404   403   414   303
  748     413   303   414   403
  749     541   552   542   441
  750     153    42    53    43
  751     114   225   115   125
  752     323   212   223   213
  753     174    73   184    74
  754     134    23   133    33
  755     232   332   231   221
  756     406   516   416   405
  757     515   516   415   526
  758     114   113   224   124
  759     414   413   424   313
  760     423   313   424   413
  761     133   234   244   233
  762     516   515   405   505
  763     124   235   134   234
  764     534   645   644   634
  765     712   722   723   612
  766     113   114     3    13
  767       2   112   113    12
  768     856   956   855   845
  769     324   424   314   425
  770     424   414   314   425
  771     405   516   416   415
  772     324   425   314   325
  773     315   325   314   425
  774     323   222   223   212
  775     128   138   127   238
  776     113   223   224   123
  777       4   114     3   104
  778     222   112   223   212
  779      13   114     3    14
  780     313   202   203   303
  781     223   122   123   112
  782     325   324   224   214
  783     151   150   251   261
  784     486   597   496   596
  785     212   112   213   102
  786     214   324   224   213
  787     212   313   213   323
  788     113   102   213   112
  789       2    12   113    13
  790     323   313   213   324
  791       4    14     3   114
  792       6   116     5   106
  793     212   102   213   202
  794     231   232   131   242
  795     241   240   140   130
  796     113   123   224   124
  797     113     2     3   103
  798     113   103     3   114
  799     213   313   203   314
  800     213   212   223   112
  801     213   112   223   113
  802     113   103   213   102
  803     113    13     3     2
  804     313   303   203   314
  805     103   102   203   213
  806     214   103   203   213
  807     314   214   203   213
  808     214   204   203   103
  809     314   303   203   304
  810     456   455   445   556
  811     102     2   113   103
  812     102   112   113     2
  813     314   304   203   204
  814     314   204   203   214
  815      86    97    96   197
  816     324   314   213   214
  817     324   313   213   314
  818     113   213   224   223
  819     223   122   233   123
  820      22    12   123   122
  821     135   124   125   235
  822     178    77   188    78
  823     241   240   230   341
  824     123    12    23    13
  825     233   122   132   133
  826     122   112   223   222
  827     657   647   658   758
  828     231   242   131   241
  829     123    22    23    12
  830     123    23   134   124
  831      36   146    35   136
  832     125   136   126    25
  833      13   113   124   123
  834      13   114   124   113
  835      14   114   124    13
  836      13    24   124    14
  837      13   123   124    23
  838      23    24   124    13
  839     434   424   435   535
  840     256   257   146   156
  841     330   320   331   431
  842     124   235   234   224
  843     133   122   132    22
  844     123   124   234   224
  845     131    31   132    21
  846     531   530   641   541
  847     334   444   344   333
  848     253   153   264   254
  849     134   234   244   133
  850     243   143   244   133
  851     255   266   256   155
  852     446   556   445   546
  853     422   322   433   423
  854     433   332   333   322
  855      23    24    34   134
  856     134    33    34    23
  857     144   133   244   143
  858     323   322   333   222
  859     333   444   443   433
  860     230   331   231   341
  861     730   841   830   831
  862     254   143   154   144
  863     373   473   363   474
  864     432   422   532   421
  865     263   252   363   262
  866     131   231   130   120
  867     344   444   343   333
  868     342   353   352   453
  869     546   545   445   435
  870     703   713   813   814
  871     126   137    26   136
  872      21   121   131    20
  873     433   322   333   323
  874     531   521   532   632
  875     421   522   532   521
  876     452   441   552   451
  877      43    33   144   143
  878     133   143   144    33
  879     133    33   144   134
  880     233   234   334   223
  881     443   332   342   343
  882     859   758   759   748
  883      53   164   154    54
  884      54    44   154    43
  885     144    43    44    33
  886     144    33    44    34
  887     632   642   532   531
  888     153    52    53    42
  889     153   164   163   264
  890     320   421   431   420
  891     423   322   433   323
  892     220   321   331   320
  893     441   430   330   431
  894     253   263   264   153
  895     144   143   154    43
  896     343   444   443   333
  897      73    63   174   173
  898     447   437   337   448
  899     547   437   436   447
  900     535   546   435   545
  901     535   425   435   536
  902     545   434   435   535
  903     224   223   334   234
  904     224   324   334   223
  905     343   333   443   332
  906     324   323   334   223
  907     334   323   333   223
  908     233   223   333   222
  909     250   260   361   261
  910     234   233   344   244
  911     334   233   344   234
  912     272   271   382   282
  913     511   621   521   510
  914     433   332   443   333
  915     345   235   245   346
  916     364   353   354   464
  917     335   235   345   346
  918     333   433   434   444
  919     333   444   434   334
  920     641   651   640   751
  921     533   423   523   422
  922     553   442   542   552
  923     334   324   434   323
  924     424   323   434   324
  925     535   536   435   546
  926      56   156    46   157
  927     324   425   435   424
  928     447   347   336   346
  929     423   323   434   424
  930     433   323   434   423
  931     333   334   434   323
  932     333   323   434   433
  933     320   420   431   430
  934     131   232   132   242
  935     152   252   253   263
  936     340   330   230   341
  937     342   332   232   343
  938     582   683   682   572
  939     342   443   442   332
  940     643   743   744   754
  941     483   482   593   493
  942     432   332   442   443
  943     342   452   341   442
  944     331   342   231   341
  945     502   512   613   513
  946     495   384   395   385
  947     942   841   842   831
  948     340   330   341   441
  949     840   841   830   730
  950     431   442   331   441
  951     220   320   331   330
  952     242   343   232   243
  953     432   421   431   321
  954     320   321   431   421
  955     231   121   131   232
  956     230   341   231   241
  957     133   143    32   132
  958     431   320   331   321
  959     431   421   531   420
  960     510   621   520   620
  961     641   751   640   741
  962     541   652   641   642
  963     241   341   231   342
  964     442   452   453   342
  965     132    21    32    22
  966     333   233   232   343
  967     331   342   341   442
  968     232   342   231   332
  969     231   241   130   230
  970     230   120   231   220
  971     140    30    40   141
  972     233   243   232   343
  973     232   221   231   121
  974     221   120   231   121
  975     261   260   361   371
  976     121   120   131    20
  977     190   180   291   290
  978     330   220   230   331
  979     343   332   232   333
  980     133    22    32    33
  981     132   143   142   243
  982     340   341   230   240
  983     342   343   242   353
  984     263   162   163   152
  985     220   120   231   221
  986     291   180   280   290
  987     161   151   262   261
  988      87    97    86   197
  989     330   331   230   341
  990     184   284   295   294
  991     220   221   231   331
  992     233   222   232   122
  993     230   120   130   231
  994     331   221   231   332
  995     220   331   231   230
  996     242   342   232   343
  997     131   241   130   231
  998     331   332   231   342
  999     222   332   232   221
 1000     221   121   232   222
 1001     142   252   152   141
 1002     333   222   232   233
 1003     121   122   232   222
 1004     243   242   132   232
 1005     133    33    32   143
 1006     232   122   132   233
 1007     243   133   132   143
 1008     232   242   231   342
 1009     241   342   231   242
 1010     131    31   141   142
 1011      32    43    42   143
 1012     142    31    41    42
 1013     151   141   152   252
 1014     241   240   130   230
 1015     132    31    32    21
 1016      32   143    42   142
 1017     131    20   130    30
 1018     131   120   130    20
 1019     183    72    82    83
 1020     132    22    32   133
 1021      32   143   142   132
 1022     132    31   142    32
 1023      21   121   132   131
 1024      21   122   132   121
 1025     243   233   132   133
 1026     232   233   132   243
 1027     264   263   163   153
 1028     150    40   151   140
 1029     131    31   142   132
 1030     132   242   142   131
 1031     131    30   141    31
 1032     150    50   151    40
 1033     341   340   351   240
 1034     141    31    41   142
 1035     253   263   363   364
 1036     142   242   141   131
 1037     244   143   254   144
 1038     161   151   162   262
 1039      30   130   141   140
 1040      30   131   141   130
 1041     261   151   262   251
 1042      41   141   151    40
 1043     370   470   360   471
 1044     252   242   141   142
 1045     252   241   141   242
 1046     541   440   540   551
 1047     151    50    51    40
 1048     562   462   572   573
 1049      42    41   152    52
 1050     373   263   363   262
 1051     350   250   351   240
 1052     163   162   173    62
 1053      61    62   162    51
 1054     151   150   261   161
 1055     262   373   362   363
 1056     171   282   272   172
 1057     260   271   261   160
 1058     372   483   472   473
 1059     153   143   154   254
 1060     162    62    52    51
 1061     174   284   184   173
 1062     273   173   274   163
 1063     184   284   183   173
 1064     180   181    70    80
 1065     594   695   584   595
 1066     482   382   493   483
 1067     251   240   351   250
 1068     181   180   291   191
 1069      61    51   161    50
 1070     151    50   161    51
 1071      60    50   161   160
 1072      61    50   161    60
 1073     150    50   161   151
 1074     150   160   161    50
 1075     781   782   882   771
 1076     381   382   371   271
 1077     161   160   261   271
 1078     161   150   261   160
 1079     262   252   362   251
 1080     151   252   251   141
 1081     350   250   360   361
 1082     150   260   250   261
 1083     942   943   842   953
 1084     575   564   565   675
 1085     243   143   254   244
 1086     340   440   451   450
 1087     252   251   352   362
 1088     250   261   251   150
 1089     140   240   251   250
 1090     140   241   251   240
 1091     141   140   251   151
 1092     141   241   251   140
 1093     372   262   362   261
 1094     350   250   361   351
 1095     342   341   352   241
 1096      53   164    64    63
 1097     242   353   253   252
 1098     243   353   253   242
 1099     153   143   253   142
 1100     171   161   272   271
 1101     464   353   363   364
 1102     177   288   187   287
 1103      42   143   153   142
 1104     166    66   167    56
 1105      51   151   152   162
 1106     151   252   152   262
 1107      51   162   152    52
 1108     144    43   154    44
 1109     151   262   152   162
 1110     262   263   152   162
 1111     262   252   152   263
 1112      41   141   152   151
 1113      41   142   152   141
 1114      41    51   152    52
 1115      41   151   152    51
 1116     142   143   253   243
 1117     472   371   361   471
 1118     174    74   175    64
 1119     553   664   653   654
 1120     264   263   374   274
 1121     171   181    70   170
 1122     266   155   156   256
 1123     363   252   352   362
 1124     142   242   253   252
 1125     243   242   253   142
 1126     142   152   253   153
 1127     142   252   253   152
 1128     374   263   373   273
 1129      64   164   174    63
 1130     153   143   254   253
 1131      53   164   163   153
 1132      85    74   185    84
 1133     275   265   165   276
 1134     184    84   195   185
 1135      54   164    64    53
 1136     365   254   255   355
 1137     366   355   255   356
 1138     184   173   183    73
 1139      74    63   174    73
 1140     191   180    80   181
 1141     183   293   182   283
 1142     193    82   182   192
 1143     163    63   174   164
 1144     190   191   291   180
 1145     283   173   183   284
 1146     297   287   286   186
 1147     343   443   453   342
 1148     153    52   163    53
 1149     153   152   163    52
 1150     162    52   163   152
 1151      52    62   163    63
 1152     162    62   163    52
 1153     173    63   174   163
 1154     173    62    73    63
 1155     175   174   275   285
 1156     163    62   173    63
 1157     291   281   280   180
 1158     187   198   197   298
 1159      92   193   192    82
 1160     273   284   274   173
 1161     173    73   184   174
 1162      72    62    73   173
 1163     271   270   381   281
 1164     273   162   272   172
 1165     263   262   273   162
 1166      95    85   195    84
 1167      91   192    81    92
 1168     173   163   273   162
 1169     263   162   273   163
 1170     664   554   564   665
 1171     383   483   484   494
 1172     462   473   362   472
 1173     285   274   275   385
 1174     266   166   156   155
 1175     134   245   135   145
 1176     216   105   106   206
 1177     188   178   189   289
 1178     186    86    75    85
 1179     185   296   195   295
 1180     187    77    76    87
 1181     471   470   481   370
 1182     188   298   187   288
 1183     273   262   272   162
 1184     282   281   382   392
 1185     183    83    82   193
 1186      84    94    83   194
 1187      83    93    82   193
 1188     173   284   283   273
 1189     183   194   193   294
 1190     283   284   384   273
 1191     484   595   495   494
 1192      92   193    82    93
 1193     183   294   193   293
 1194     382   483   383   493
 1195     367   368   378   478
 1196     184    73    83    84
 1197      84   194    83   184
 1198     184    73   183    83
 1199     183    83   193   194
 1200      83   194   183   184
 1201     283   294   183   293
 1202     192   182   292   181
 1203      93   194   193    83
 1204     172   161   272   171
 1205     283   284   183   294
 1206     184   294   183   284
 1207      73    72   183    83
 1208      73   173   183    72
 1209     193   293   182   183
 1210     282   283   172   182
 1211     191   180   190    80
 1212     193   183   182    82
 1213     192   293   182   193
 1214     283   293   182   282
 1215      81    91    80   191
 1216     170   181    70   180
 1217     392   381   492   391
 1218     191   192    81    91
 1219     170    60    70   171
 1220      91   191    90    80
 1221     262   261   272   161
 1222     341   240   351   241
 1223     281   181   292   282
 1224      82    92    81   192
 1225      81   181    71   182
 1226     172   283   272   273
 1227     493   494   383   393
 1228     243   244   354   344
 1229     363   373   362   473
 1230     271   161   272   261
 1231     161   271   171   160
 1232     371   372   482   472
 1233     181   282   171   182
 1234     691   690   680   791
 1235     191   181    80    81
 1236     181   192    81   191
 1237     283   273   384   383
 1238     585   596   485   595
 1239     352   241   351   251
 1240     182    71   172   171
 1241     171    71    70   181
 1242      71   181   171   182
 1243     171   271   272   282
 1244     161    60   171    61
 1245      71    61   171    60
 1246     172   162   272   161
 1247     382   271   381   281
 1248     181   182    81   192
 1249      82   192    81   182
 1250     472   462   461   361
 1251     281   180   291   181
 1252     173   162   172    62
 1253     272   261   372   271
 1254     182   183   172    72
 1255     182    72   172    71
 1256      81   182    71    82
 1257      72    82    71   182
 1258     171   160   170    60
 1259     380   381   481   370
 1260     173    62   172    72
 1261     173    72   172   183
 1262     282   283   272   172
 1263     342   353   453   343
 1264     262   161   272   162
 1265     162   173   172   273
 1266      71    61   172   171
 1267      71    81    70   181
 1268      80   181    70    81
 1269      71    72   172    61
 1270      61    62   172   162
 1271      61    72   172    62
 1272     161    61   172   162
 1273     171    61   172   161
 1274     183   283   172   173
 1275     182   283   172   183
 1276     283   273   172   173
 1277     383   494   484   384
 1278     170   271   270   160
 1279     291   181   292   281
 1280     270   170   281   271
 1281     242   353   352   342
 1282     260   160   270   271
 1283     281   392   381   382
 1284     481   371   482   471
 1285     371   382   372   271
 1286     394   384   495   494
 1287     180   181   281   170
 1288     171   282   281   271
 1289     181   282   281   171
 1290     392   382   393   493
 1291     371   471   360   361
 1292     171   271   281   170
 1293     170   181   281   171
 1294     350   240   351   340
 1295     281   282   382   271
 1296     381   270   380   280
 1297     381   281   391   392
 1298     381   392   492   382
 1299     283   273   383   272
 1300     191   181   292   291
 1301     191   192   292   181
 1302     392   281   391   291
 1303     383   272   373   372
 1304     371   271   372   261
 1305     292   281   392   291
 1306     282   281   392   292
 1307     260   271   371   261
 1308     393   282   383   382
 1309     392   382   493   492
 1310     582   471   571   581
 1311     573   683   572   673
 1312     272   271   372   382
 1313     387   276   277   377
 1314     292   293   393   282
 1315     281   270   381   280
 1316     363   353   352   252
 1317     370   381   371   270
 1318     251   241   351   240
 1319     394   294   395   284
 1320     280   380   391   390
 1321     280   381   391   380
 1322     471   371   482   472
 1323     480   370   481   470
 1324     280   290   391   291
 1325     390   290   391   280
 1326     381   280   391   281
 1327     291   281   391   280
 1328     476   586   486   475
 1329     372   473   362   373
 1330     560   570   671   571
 1331     370   270   371   260
 1332     271   260   371   270
 1333     453   443   454   554
 1334     683   673   672   572
 1335     462   452   351   352
 1336     562   452   552   451
 1337     521   522   632   622
 1338     361   260   360   371
 1339     493   483   383   494
 1340     365   354   465   364
 1341     840   951   841   851
 1342     363   473   463   474
 1343     372   483   482   472
 1344     491   381   481   380
 1345     681   570   680   580
 1346     372   483   383   382
 1347     370   381   481   371
 1348     682   681   782   792
 1349     292   282   393   392
 1350     776   766   666   777
 1351     481   581   591   480
 1352     370   371   481   471
 1353     483   493   593   594
 1354     393   283   383   282
 1355     490   380   491   480
 1356     381   380   491   391
 1357     492   382   493   482
 1358     673   784   684   683
 1359     684   573   583   584
 1360     662   562   672   673
 1361     272   273   373   262
 1362     490   390   491   380
 1363     391   380   491   390
 1364     484   473   584   483
 1365     381   382   482   371
 1366     393   283   394   383
 1367     381   371   482   481
 1368     283   282   393   293
 1369     382   392   393   282
 1370     372   382   482   483
 1371     472   471   582   482
 1372     572   673   672   562
 1373     672   671   782   682
 1374     483   482   583   593
 1375     684   695   685   584
 1376     254   253   364   264
 1377     396   386   496   385
 1378     372   382   383   272
 1379     354   455   454   344
 1380     272   282   383   283
 1381     382   282   383   272
 1382     383   494   394   393
 1383     577   687   576   677
 1384     963   953   952   852
 1385     344   455   454   444
 1386     512   402   513   502
 1387     283   293   394   294
 1388     393   293   394   283
 1389     693   683   582   583
 1390     983   993   994   883
 1391     383   483   373   484
 1392     253   243   354   353
 1393     274   273   374   384
 1394     264   263   364   374
 1395     484   483   373   473
 1396     374   375   364   264
 1397     485   595   495   484
 1398     274   375   374   264
 1399     372   473   373   483
 1400     765   665   654   664
 1401     563   463   574   564
 1402     632   521   532   522
 1403     663   562   673   563
 1404     846   746   856   857
 1405     383   273   373   272
 1406     456   455   466   355
 1407     384   484   373   374
 1408     384   383   373   484
 1409     484   474   373   374
 1410     484   473   373   474
 1411     254   253   354   364
 1412     450   460   560   561
 1413     555   545   445   556
 1414     254   243   354   253
 1415     651   551   540   550
 1416     342   443   453   442
 1417     251   252   352   241
 1418     364   253   354   353
 1419     363   464   463   353
 1420     343   444   454   443
 1421     363   474   463   464
 1422     254   244   354   243
 1423     343   353   354   243
 1424     343   243   354   344
 1425     356   456   346   457
 1426     447   457   446   557
 1427     364   474   363   464
 1428     474   374   363   373
 1429     364   374   363   474
 1430     366   365   376   265
 1431     472   473   362   372
 1432     262   372   362   373
 1433     251   261   362   262
 1434     252   263   363   253
 1435     253   353   363   252
 1436     440   450   550   551
 1437     354   353   454   464
 1438     343   443   454   453
 1439     664   663   563   553
 1440     462   452   352   463
 1441     344   343   454   354
 1442     344   444   454   343
 1443     343   353   454   354
 1444     453   353   454   343
 1445     561   551   662   661
 1446     561   551   550   450
 1447     351   350   451   461
 1448     441   551   451   440
 1449     554   443   553   453
 1450     341   342   352   452
 1451     251   362   351   352
 1452     241   252   352   242
 1453     453   353   352   463
 1454     352   341   351   241
 1455     453   452   352   342
 1456     463   353   352   363
 1457     242   342   352   241
 1458     986   996   886   885
 1459     462   463   352   362
 1460     463   363   352   362
 1461     463   452   352   453
 1462     471   360   461   460
 1463     573   472   572   583
 1464     362   261   361   372
 1465     462   463   362   473
 1466     363   473   362   463
 1467     560   570   670   671
 1468     362   462   351   352
 1469     471   361   461   360
 1470     251   362   361   351
 1471     472   462   361   362
 1472     371   260   360   370
 1473     361   250   360   260
 1474     461   462   572   562
 1475     372   261   361   371
 1476     251   261   361   362
 1477     350   340   451   450
 1478     351   340   451   350
 1479     441   440   451   340
 1480     522   422   523   412
 1481     371   370   360   471
 1482     521   622   632   621
 1483     825   714   715   815
 1484     461   350   451   450
 1485     472   372   361   371
 1486     362   372   361   472
 1487     462   351   451   461
 1488     351   452   451   341
 1489     441   340   451   341
 1490     351   341   451   340
 1491     674   785   684   784
 1492     673   573   674   563
 1493     923   812   823   813
 1494     463   464   564   453
 1495     460   360   461   350
 1496     361   350   461   360
 1497     461   472   572   462
 1498     493   494   594   483
 1499     451   551   552   562
 1500     461   450   561   460
 1501     660   650   550   661
 1502     522   421   532   422
 1503     451   551   561   450
 1504     451   450   561   461
 1505     561   551   562   662
 1506     562   663   673   662
 1507     564   664   674   563
 1508     562   551   552   662
 1509     664   553   564   554
 1510     672   561   671   571
 1511     471   470   571   581
 1512     673   562   572   573
 1513     957   847   857   958
 1514     691   581   681   580
 1515     653   652   753   763
 1516     585   695   685   696
 1517     797   787   686   687
 1518     560   661   671   660
 1519     691   580   680   690
 1520     553   453   564   554
 1521     860   961   861   971
 1522     563   553   564   664
 1523     563   453   564   553
 1524     462   472   573   473
 1525     450   561   560   550
 1526     552   551   652   662
 1527     961   972   861   971
 1528     562   452   563   552
 1529     570   470   580   581
 1530     561   661   560   550
 1531     550   661   560   660
 1532     991   880   891   881
 1533     681   791   781   792
 1534     728   717   727   617
 1535     652   663   653   552
 1536     643   532   633   632
 1537     217   328   227   327
 1538     443   442   553   453
 1539     583   472   582   482
 1540     557   556   667   567
 1541     442   452   553   453
 1542     552   452   553   442
 1543     573   563   673   562
 1544     264   265   365   254
 1545     463   453   564   563
 1546     681   580   680   691
 1547     463   452   563   462
 1548     792   782   892   781
 1549     553   663   563   552
 1550     552   663   563   562
 1551     573   473   574   463
 1552     562   462   563   452
 1553     594   484   584   483
 1554     463   473   574   474
 1555     453   464   564   454
 1556     463   453   563   452
 1557     431   531   532   542
 1558     562   462   573   563
 1559     763   864   764   874
 1560     553   663   653   664
 1561     763   663   764   653
 1562     753   642   742   752
 1563     474   464   574   463
 1564     691   791   680   681
 1565     564   463   574   464
 1566     542   432   532   431
 1567     592   593   582   482
 1568     666   676   565   665
 1569     468   357   467   367
 1570     572   561   672   571
 1571     792   893   782   793
 1572     482   492   592   593
 1573     695   584   684   694
 1574     674   784   684   673
 1575     466   355   356   456
 1576     674   563   574   564
 1577     592   693   692   582
 1578     594   695   694   584
 1579     563   664   674   663
 1580     480   581   591   580
 1581     563   663   674   673
 1582     962   973   862   972
 1583     582   583   572   472
 1584     672   661   671   561
 1585     673   573   684   674
 1586     674   573   684   574
 1587     877   988   977   978
 1588     484   483   594   494
 1589     852   963   962   952
 1590     484   494   594   595
 1591     773   884   873   874
 1592     884   783   894   784
 1593     594   595   584   484
 1594     772   883   873   773
 1595     673   683   684   573
 1596     670   570   681   671
 1597     662   661   672   561
 1598     693   683   583   694
 1599     773   883   873   884
 1600     174   164   275   274
 1601     696   796   686   797
 1602     474   473   584   484
 1603     574   473   584   474
 1604     258   359   259   369
 1605     585   686   685   575
 1606     696   797   686   697
 1607     554   665   565   564
 1608     573   473   583   584
 1609     593   594   583   483
 1610     593   693   583   694
 1611     482   481   582   592
 1612     482   483   583   472
 1613     593   694   583   594
 1614     684   683   583   573
 1615     482   593   582   583
 1616     584   483   583   594
 1617     592   481   582   581
 1618     584   594   583   694
 1619     584   473   583   483
 1620     652   662   763   663
 1621     593   693   582   583
 1622     753   763   752   863
 1623     472   473   583   573
 1624     472   483   583   473
 1625     480   490   591   491
 1626     580   590   591   480
 1627     684   694   583   683
 1628     584   694   583   684
 1629     482   481   592   492
 1630     792   893   892   782
 1631     771   671   772   661
 1632     880   780   891   881
 1633     592   693   582   593
 1634     623   724   734   723
 1635     560   561   671   661
 1636     481   471   582   581
 1637     482   471   582   481
 1638     690   790   680   791
 1639     582   472   572   471
 1640     582   471   572   571
 1641     583   683   572   573
 1642     882   781   892   782
 1643     582   683   572   583
 1644     481   480   591   491
 1645     561   460   571   461
 1646     460   561   571   560
 1647     560   570   571   460
 1648     460   570   571   470
 1649     460   470   571   471
 1650     591   581   691   580
 1651     692   793   792   682
 1652     771   871   882   881
 1653     690   590   691   580
 1654     782   671   781   681
 1655     471   472   572   461
 1656     571   461   572   561
 1657     562   561   572   461
 1658     671   670   771   781
 1659     925   936   825   935
 1660     662   661   772   672
 1661     693   582   682   692
 1662     672   572   682   683
 1663     572   562   672   561
 1664     662   561   672   562
 1665     782   671   771   781
 1666     682   681   792   692
 1667     781   670   770   780
 1668     773   874   763   774
 1669     771   782   772   671
 1670     880   770   881   870
 1671     680   790   780   791
 1672     681   671   781   670
 1673     670   570   680   681
 1674     780   770   881   880
 1675     571   570   681   581
 1676     671   570   681   571
 1677     692   582   682   581
 1678     693   683   682   582
 1679     692   581   682   681
 1680     691   591   692   581
 1681     592   581   692   591
 1682     791   691   792   681
 1683     692   681   792   691
 1684     981   880   991   881
 1685     780   781   881   770
 1686     571   671   682   681
 1687     571   672   682   671
 1688     571   581   682   582
 1689     681   581   682   571
 1690     571   572   682   672
 1691     571   582   682   572
 1692     981   980   991   880
 1693     770   771   881   871
 1694     883   893   783   782
 1695     773   663   763   662
 1696     682   671   782   681
 1697     793   682   782   792
 1698     756   766   656   655
 1699     997   886   897   887
 1700     982   993   983   882
 1701     780   680   781   670
 1702     882   881   982   992
 1703     882   881   892   781
 1704     872   972   862   973
 1705     780   791   891   781
 1706     348   448   449   459
 1707     772   883   773   783
 1708     513   403   503   402
 1709     883   884   894   994
 1710     564   574   675   575
 1711     780   791   781   680
 1712     681   792   781   782
 1713     782   672   783   772
 1714     981   880   881   870
 1715     672   683   783   673
 1716     780   781   891   881
 1717     672   661   772   671
 1718     854   864   853   964
 1719     774   663   764   763
 1720     883   882   983   993
 1721     723   613   713   612
 1722     891   781   892   881
 1723     890   880   891   991
 1724     962   963   862   973
 1725     781   791   892   792
 1726     873   983   973   984
 1727     771   772   882   872
 1728     890   780   891   880
 1729     871   870   881   770
 1730     872   983   973   873
 1731     882   993   883   893
 1732     981   870   881   871
 1733     530   430   531   420
 1734     548   649   538   549
 1735     874   873   763   863
 1736     651   762   761   751
 1737     853   863   752   852
 1738     881   991   992   891
 1739     782   893   783   793
 1740     965   865   976   966
 1741     890   790   891   780
 1742     780   790   891   791
 1743     870   971   981   970
 1744     970   980   981   870
 1745     990   880   991   980
 1746     882   772   883   872
 1747     870   871   981   971
 1748     883   872   983   882
 1749     882   782   892   893
 1750     892   993   992   882
 1751     781   771   882   881
 1752     880   870   981   980
 1753     771   782   882   772
 1754     881   981   992   991
 1755     881   891   992   892
 1756     890   880   991   990
 1757     952   852   851   962
 1758     771   872   882   871
 1759     891   791   892   781
 1760     992   993   982   882
 1761     992   881   982   981
 1762     841   952   842   852
 1763     782   772   783   883
 1764     682   672   783   782
 1765     793   683   783   682
 1766     533   543   643   644
 1767     754   755   865   855
 1768     882   881   992   892
 1769     883   872   873   983
 1770     874   773   763   873
 1771     871   971   982   981
 1772     871   972   982   971
 1773     871   881   982   882
 1774     871   981   982   881
 1775     872   871   982   882
 1776     872   972   982   871
 1777     882   893   883   782
 1778     883   993   994   893
 1779     875   975   986   985
 1780     682   683   783   672
 1781     793   682   783   782
 1782     874   984   873   974
 1783     888   777   788   778
 1784     888   777   787   788
 1785     885   995   996   895
 1786     771   660   760   770
 1787     968   858   857   868
 1788     854   855   865   965
 1789     964   864   975   965
 1790     783   683   794   784
 1791     793   683   794   783
 1792     693   683   794   793
 1793     694   683   794   693
 1794     684   784   794   683
 1795     684   683   794   694
 1796     884   995   994   984
 1797     872   972   973   983
 1798     983   883   994   984
 1799     778   889   779   789
 1800     783   793   894   794
 1801     783   893   894   793
 1802     883   783   894   884
 1803     883   893   894   783
 1804     895   785   885   784
 1805     689   688   588   578
 1806     774   784   885   785
 1807     774   663   773   673
 1808     964   864   853   863
 1809     774   673   773   784
 1810     673   663   773   662
 1811     783   784   773   673
 1812     774   884   773   874
 1813     673   784   774   674
 1814     772   872   873   883
 1815     674   663   774   673
 1816     674   664   774   663
 1817     783   883   773   884
 1818     772   661   761   771
 1819     783   672   773   772
 1820     783   673   773   672
 1821     974   874   985   975
 1822     674   784   774   785
 1823     883   983   873   984
 1824     884   784   773   783
 1825     774   784   773   884
 1826     672   662   773   772
 1827     672   673   773   662
 1828     662   772   762   773
 1829     863   864   763   874
 1830     874   884   873   984
 1831     883   984   873   884
 1832     970   960   860   971
 1833     861   751   851   750
 1834     963   953   852   853
 1835     653   763   753   764
 1836     853   743   742   753
 1837     863   974   964   864
 1838     753   863   853   864
 1839     845   745   855   856
 1840     654   664   764   765
 1841     867   967   856   857
 1842     854   743   853   753
 1843     873   973   862   863
 1844     854   743   753   754
 1845     555   665   565   554
 1846     653   764   753   754
 1847     723   722   733   622
 1848     871   771   760   770
 1849     962   852   862   963
 1850     773   772   762   873
 1851     974   873   863   973
 1852     974   973   863   963
 1853     834   723   733   734
 1854     873   872   862   973
 1855     762   863   752   763
 1856     774   664   764   663
 1857     664   654   764   653
 1858     632   743   643   642
 1859     653   663   764   664
 1860     761   750   861   760
 1861     620   731   631   630
 1862     974   874   975   864
 1863     964   863   853   963
 1864     863   973   862   963
 1865     842   841   731   831
 1866     852   853   742   752
 1867     974   874   863   873
 1868     974   864   863   874
 1869     854   744   855   844
 1870     834   934   945   944
 1871     896   885   886   996
 1872     863   864   753   763
 1873     754   764   753   864
 1874     653   642   753   652
 1875     833   822   933   832
 1876     773   873   762   763
 1877     821   720   721   710
 1878     772   662   762   661
 1879     862   863   762   873
 1880     863   963   852   853
 1881     964   963   853   953
 1882     762   652   752   651
 1883     852   752   742   741
 1884     964   954   853   854
 1885     964   953   853   954
 1886     860   871   861   760
 1887     971   960   860   961
 1888     863   963   862   852
 1889     642   531   641   541
 1890     763   652   762   662
 1891     772   872   761   762
 1892     651   661   762   662
 1893     772   872   762   873
 1894     871   872   761   771
 1895     651   650   761   661
 1896     862   852   752   863
 1897     771   661   761   660
 1898     651   662   762   652
 1899     760   650   761   750
 1900     762   862   761   751
 1901     841   852   842   741
 1902     862   852   751   752
 1903     762   862   751   752
 1904     662   773   762   763
 1905     952   962   851   951
 1906     641   741   631   742
 1907     752   651   751   762
 1908     762   763   752   652
 1909     753   642   752   652
 1910     771   660   761   760
 1911     760   871   861   761
 1912     853   753   752   863
 1913     942   952   842   841
 1914     750   650   761   751
 1915     761   872   861   862
 1916     655   554   555   544
 1917     751   650   761   651
 1918     760   660   761   650
 1919     851   750   850   861
 1920     770   870   760   871
 1921     822   711   721   722
 1922     762   872   761   862
 1923     870   871   860   760
 1924     971   870   860   970
 1925     732   743   632   742
 1926     751   750   861   761
 1927     862   751   861   761
 1928     641   742   631   642
 1929     932   821   931   831
 1930     851   861   850   961
 1931     952   852   841   851
 1932     851   961   850   951
 1933     860   971   861   871
 1934     972   871   861   971
 1935     972   872   861   871
 1936     862   872   861   972
 1937     744   743   844   854
 1938     972   962   861   862
 1939     961   962   861   972
 1940     962   852   851   862
 1941     951   961   850   950
 1942     861   750   850   860
 1943     961   962   851   861
 1944     951   962   851   961
 1945     526   626   637   636
 1946     742   741   842   852
 1947     860   961   850   861
 1948     860   960   850   961
 1949     950   961   850   960
 1950     850   951   840   851
 1951     933   943   944   833
 1952     753   642   643   743
 1953     941   831   931   830
 1954     634   635   534   645
 1955     753   743   742   642
 1956     651   652   541   551
 1957     941   952   841   951
 1958     841   851   740   840
 1959     538   649   539   549
 1960     542   653   643   543
 1961     540   651   640   641
 1962     601   611   500   600
 1963     530   540   640   641
 1964     841   840   830   941
 1965     852   953   842   853
 1966     710   720   820   821
 1967     512   412   513   402
 1968     741   851   740   841
 1969     840   841   730   740
 1970     610   621   510   620
 1971     823   923   933   822
 1972     852   752   741   751
 1973     851   852   741   751
 1974     841   852   741   851
 1975     812   912   811   801
 1976     842   831   832   942
 1977     751   851   740   741
 1978     751   750   740   851
 1979     851   750   740   850
 1980     851   850   740   840
 1981     842   943   843   953
 1982     832   821   932   831
 1983     711   710   600   700
 1984     932   821   922   921
 1985     741   841   731   842
 1986     541   642   542   652
 1987     952   953   842   852
 1988     942   953   842   952
 1989     843   854   844   743
 1990     733   743   744   633
 1991     832   831   932   942
 1992     603   502   613   503
 1993     921   911   810   811
 1994     726   736   626   625
 1995     511   411   521   522
 1996     512   401   502   501
 1997     654   554   544   543
 1998     501   611   500   601
 1999     825   835   725   724
 2000     731   831   730   720
 2001     731   841   730   831
 2002     523   634   624   524
 2003     942   831   931   941
 2004     830   930   931   941
 2005     828   728   839   829
 2006     842   832   731   732
 2007     842   831   731   832
 2008     742   842   731   732
 2009     742   741   731   842
 2010     722   832   721   822
 2011     932   831   931   942
 2012     731   741   730   841
 2013     740   841   730   741
 2014     940   930   830   941
 2015     941   840   830   940
 2016     502   612   613   512
 2017     932   821   921   931
 2018     830   831   820   720
 2019     821   720   820   831
 2020     830   930   820   931
 2021     831   830   820   931
 2022     931   821   820   831
 2023     703   713   814   714
 2024     842   953   843   853
 2025     832   821   822   932
 2026     931   820   921   920
 2027     931   821   921   820
 2028     822   722   833   823
 2029     822   711   722   712
 2030     602   612   501   601
 2031     513   614   624   613
 2032     820   821   810   710
 2033     503   614   603   604
 2034     701   811   700   801
 2035     611   621   510   610
 2036     722   621   721   732
 2037     653   642   643   753
 2038     832   831   721   821
 2039     822   821   721   711
 2040     821   710   721   711
 2041     512   411   522   412
 2042     731   732   721   621
 2043     611   621   610   721
 2044     631   742   632   642
 2045     534   423   523   533
 2046     602   612   713   613
 2047     701   812   711   811
 2048     421   521   532   531
 2049     602   612   601   712
 2050     703   602   713   603
 2051     811   821   711   710
 2052     911   901   900   800
 2053     732   622   722   621
 2054     753   743   643   754
 2055     612   512   623   613
 2056     500   611   510   610
 2057     521   420   531   421
 2058     802   812   801   912
 2059     910   800   810   911
 2060     802   812   701   801
 2061     810   800   700   811
 2062     831   720   721   821
 2063     420   430   531   431
 2064     911   801   811   912
 2065     912   902   801   802
 2066     901   902   801   912
 2067     901   800   911   801
 2068     910   921   810   920
 2069     811   821   810   921
 2070     911   800   900   910
 2071     811   710   810   821
 2072     820   920   810   921
 2073     911   922   811   921
 2074     922   821   811   921
 2075     911   912   811   922
 2076     812   922   811   912
 2077     641   531   631   530
 2078     822   922   811   812
 2079     822   821   811   922
 2080     411   401   511   400
 2081     801   812   701   811
 2082     701   812   712   711
 2083     524   413   523   423
 2084     667   656   657   767
 2085     621   731   620   721
 2086     521   621   632   631
 2087     744   734   845   844
 2088     533   433   534   423
 2089     620   720   610   721
 2090     511   621   510   611
 2091     800   801   700   811
 2092     811   701   700   711
 2093     711   710   700   811
 2094     533   543   644   544
 2095     721   710   610   711
 2096     511   611   501   612
 2097     731   831   721   832
 2098     822   832   721   821
 2099     731   720   721   831
 2100     918   818   929   919
 2101     614   613   714   724
 2102     520   410   521   510
 2103     712   702   601   602
 2104     601   612   501   611
 2105     813   814   803   703
 2106     611   712   601   612
 2107     611   711   601   712
 2108     923   823   933   934
 2109     730   720   620   731
 2110     721   731   620   720
 2111     511   401   501   400
 2112     541   530   540   430
 2113     832   732   721   731
 2114     722   732   721   832
 2115     751   750   640   740
 2116     714   704   715   815
 2117     620   621   631   731
 2118     420   410   521   520
 2119     610   710   600   711
 2120     541   430   540   440
 2121     752   751   641   741
 2122     522   622   521   511
 2123     522   411   521   421
 2124     503   513   613   614
 2125     545   434   535   534
 2126     414   413   514   524
 2127     601   711   600   701
 2128     510   410   521   511
 2129     602   612   502   501
 2130     611   711   600   601
 2131     721   720   610   710
 2132     641   530   631   630
 2133     722   712   611   612
 2134     722   711   611   712
 2135     711   722   611   721
 2136     721   722   611   621
 2137     722   622   611   621
 2138     612   622   611   722
 2139     620   721   610   621
 2140     724   824   835   834
 2141     834   934   944   833
 2142     501   612   512   511
 2143     523   524   624   513
 2144     522   632   633   532
 2145     503   502   613   513
 2146     722   622   723   612
 2147     410   411   521   511
 2148     412   402   512   401
 2149     431   442   542   432
 2150     511   622   521   621
 2151     501   400   500   511
 2152     511   611   500   501
 2153     600   611   500   610
 2154     612   622   512   511
 2155     614   603   714   613
 2156     553   552   542   653
 2157     511   401   512   501
 2158     511   411   512   401
 2159     412   401   512   411
 2160     512   622   522   511
 2161     554   443   543   553
 2162     531   520   631   530
 2163     422   411   522   421
 2164     732   742   632   631
 2165     440   551   541   441
 2166     422   412   522   411
 2167     511   411   522   512
 2168     430   441   541   431
 2169     813   802   803   913
 2170     731   741   630   730
 2171     741   740   630   730
 2172     440   441   541   430
 2173     533   422   523   522
 2174     754   653   643   753
 2175     640   740   630   741
 2176     640   741   630   641
 2177     410   421   521   411
 2178     634   635   524   534
 2179     731   621   631   732
 2180     550   551   540   440
 2181     631   621   632   732
 2182     530   420   531   520
 2183     630   731   631   741
 2184     630   741   631   641
 2185     513   403   514   503
 2186     531   530   541   430
 2187     441   551   541   552
 2188     433   444   544   434
 2189     432   421   532   431
 2190     742   743   632   642
 2191     642   531   632   631
 2192     430   431   541   531
 2193     541   651   641   652
 2194     751   651   640   650
 2195     641   642   631   531
 2196     541   551   540   651
 2197     540   651   641   541
 2198     541   530   641   540
 2199     531   431   532   421
 2200     751   752   641   651
 2201     652   651   641   752
 2202     752   642   641   652
 2203     752   741   641   742
 2204     742   642   641   752
 2205     542   531   532   642
 2206     732   621   632   622
 2207     731   730   630   620
 2208     640   641   630   530
 2209     703   702   713   602
 2210     542   553   543   442
 2211     633   743   744   643
 2212     520   620   631   630
 2213     520   621   631   620
 2214     521   520   631   531
 2215     521   621   631   520
 2216     431   441   542   442
 2217     443   442   543   553
 2218     541   441   542   431
 2219     531   642   542   541
 2220     542   432   543   532
 2221     522   622   623   633
 2222     644   533   633   643
 2223     934   823   833   834
 2224     754   654   643   653
 2225     543   433   533   432
 2226     543   433   544   533
 2227     652   642   542   653
 2228     653   552   542   652
 2229     554   553   543   654
 2230     432   443   543   433
 2231     543   443   544   433
 2232     443   432   543   442
 2233     534   634   644   533
 2234     554   444   544   443
 2235     544   434   534   433
 2236     654   553   543   653
 2237     653   654   643   543
 2238     444   433   544   443
 2239     643   533   633   532
 2240     423   422   533   433
 2241     434   424   534   423
 2242     533   532   643   543
 2243     833   934   944   933
 2244     542   642   643   653
 2245     734   623   733   633
 2246     734   624   735   724
 2247     724   613   723   623
 2248     513   613   624   623
 2249     632   622   733   732
 2250     703   704   814   804
 2251     634   635   735   624
 2252     523   513   624   623
 2253     412   512   523   522
 2254     602   612   613   502
 2255     532   432   533   422
 2256     834   723   833   733
 2257     433   422   533   432
 2258     644   543   643   654
 2259     503   403   514   504
 2260     403   402   513   413
 2261     522   622   633   632
 2262     522   532   633   533
 2263     533   634   523   534
 2264     634   533   523   633
 2265     513   524   624   514
 2266     532   422   533   522
 2267     934   824   935   924
 2268     623   634   624   523
 2269     923   822   823   812
 2270     644   654   643   754
 2271     633   622   733   632
 2272     414   413   524   424
 2273     632   642   643   532
 2274     532   542   643   543
 2275     532   642   643   542
 2276     533   522   523   633
 2277     412   423   523   413
 2278     705   704   715   604
 2279     816   815   715   705
 2280     403   413   514   414
 2281     703   702   813   713
 2282     816   826   716   715
 2283     534   424   524   423
 2284     413   423   524   424
 2285     413   402   513   412
 2286     513   524   514   413
 2287     513   514   624   614
 2288     715   705   605   716
 2289     602   712   713   612
 2290     523   413   513   412
 2291     703   702   803   813
 2292     512   622   623   522
 2293     705   706   716   816
 2294     524   413   513   523
 2295     514   504   614   503
 2296     412   512   513   523
 2297     714   604   715   704
 2298     517   627   628   527
 2299     503   513   614   514
 2300     603   602   713   613
 2301     823   723   834   824
 2302     954   854   843   853
 2303     513   413   514   403
 2304     404   403   514   414
 2305     404   504   514   403
 2306     626   515   525   526
 2307     843   743   844   733
 2308     988   887   998   888
 2309     415   404   405   515
 2310     834   823   833   723
 2311     656   546   657   646
 2312     805   816   705   815
 2313     602   502   613   603
 2314     913   802   803   903
 2315     986   875   886   876
 2316     824   814   925   924
 2317     724   824   825   835
 2318     513   512   623   523
 2319     745   645   746   635
 2320     612   622   623   512
 2321     503   614   613   603
 2322     822   832   833   722
 2323     524   634   624   635
 2324     723   623   733   734
 2325     613   512   623   513
 2326     523   633   623   634
 2327     522   633   623   523
 2328     512   522   623   523
 2329     944   954   844   843
 2330     935   834   835   824
 2331     737   838   837   727
 2332     713   613   714   603
 2333     713   724   714   613
 2334     913   812   813   802
 2335     525   414   415   515
 2336     853   742   843   842
 2337     714   604   704   603
 2338     912   812   913   802
 2339     713   813   824   823
 2340     945   834   935   934
 2341     823   822   933   833
 2342     614   613   724   624
 2343     603   703   714   713
 2344     916   905   805   906
 2345     833   934   933   823
 2346     813   702   803   802
 2347     924   823   934   824
 2348     732   622   733   722
 2349     617   627   727   728
 2350     843   943   944   954
 2351     713   724   824   714
 2352     932   832   933   822
 2353     713   723   824   724
 2354     603   614   714   604
 2355     623   624   734   724
 2356     927   827   938   928
 2357     832   732   833   722
 2358     536   526   637   636
 2359     603   703   704   714
 2360     815   804   805   915
 2361     602   702   713   712
 2362     834   945   835   845
 2363     723   612   713   712
 2364     923   823   934   924
 2365     913   802   903   902
 2366     804   703   803   814
 2367     636   746   747   646
 2368     744   733   844   743
 2369     823   723   824   713
 2370     712   713   823   813
 2371     932   943   933   832
 2372     804   914   803   904
 2373     903   904   803   914
 2374     914   814   803   813
 2375     516   627   517   527
 2376     914   804   803   814
 2377     903   914   803   913
 2378     702   802   813   812
 2379     843   954   844   854
 2380     856   746   756   857
 2381     833   943   843   832
 2382     853   854   843   743
 2383     733   633   744   734
 2384     834   723   734   724
 2385     757   767   656   756
 2386     813   913   923   812
 2387     912   812   923   913
 2388     912   922   923   812
 2389     899   798   799   788
 2390     922   822   923   812
 2391     712   723   823   713
 2392     712   812   823   822
 2393     813   812   823   712
 2394     722   712   823   822
 2395     723   712   823   722
 2396     813   814   924   914
 2397     824   714   825   814
 2398     833   832   933   943
 2399     746   745   735   846
 2400     754   743   744   854
 2401     825   714   815   814
 2402     813   913   924   923
 2403     813   914   924   913
 2404     823   813   924   923
 2405     823   824   834   934
 2406     823   722   833   723
 2407     723   724   834   824
 2408     623   634   734   624
 2409     744   734   745   845
 2410     633   634   734   623
 2411     724   714   825   824
 2412     845   844   855   744
 2413     733   722   833   732
 2414     832   943   843   842
 2415     922   822   933   923
 2416     723   622   733   623
 2417     623   622   733   633
 2418     732   743   733   632
 2419     922   932   933   822
 2420     834   944   945   844
 2421     746   846   735   736
 2422     736   846   735   836
 2423     525   425   536   526
 2424     537   536   637   647
 2425     633   632   733   743
 2426     856   967   966   956
 2427     734   834   845   844
 2428     816   926   815   916
 2429     438   539   439   549
 2430     746   745   756   645
 2431     853   743   843   742
 2432     643   754   744   644
 2433     643   644   744   633
 2434     732   733   843   833
 2435     732   743   843   733
 2436     732   742   843   743
 2437     842   742   843   732
 2438     832   732   843   833
 2439     832   842   843   732
 2440     954   953   843   943
 2441     853   953   843   954
 2442     788   798   687   787
 2443     975   874   985   875
 2444     835   824   825   935
 2445     634   624   735   734
 2446     748   749   859   849
 2447     636   635   535   525
 2448     845   734   835   834
 2449     667   556   657   656
 2450     855   956   955   845
 2451     596   597   697   586
 2452     755   856   855   745
 2453     733   833   844   843
 2454     733   834   844   833
 2455     734   733   844   744
 2456     734   834   844   733
 2457     844   834   845   945
 2458     835   936   825   836
 2459     765   654   755   754
 2460     746   635   735   745
 2461     724   734   835   735
 2462     825   714   725   715
 2463     757   767   756   867
 2464     644   645   745   634
 2465     644   634   745   744
 2466     744   634   745   734
 2467     528   527   417   517
 2468     827   816   927   826
 2469     619   518   629   519
 2470     638   639   528   538
 2471     857   967   856   957
 2472     847   736   747   737
 2473     804   914   915   814
 2474     948   958   848   847
 2475     678   688   578   577
 2476     718   818   828   717
 2477     736   635   735   746
 2478     925   936   926   825
 2479     938   828   939   928
 2480     555   666   566   565
 2481     745   635   735   634
 2482     745   634   735   734
 2483     766   765   776   665
 2484     845   846   856   956
 2485     814   925   915   815
 2486     544   434   545   534
 2487     525   536   535   636
 2488     916   816   805   815
 2489     846   845   835   946
 2490     525   635   535   524
 2491     824   924   925   935
 2492     845   945   835   946
 2493     935   946   835   945
 2494     429   439   328   428
 2495     819   808   919   818
 2496     925   824   825   814
 2497     724   834   835   734
 2498     919   808   918   818
 2499     806   706   705   816
 2500     819   708   809   808
 2501     987   876   977   976
 2502     839   949   849   838
 2503     735   845   835   846
 2504     735   734   835   845
 2505     707   818   718   717
 2506     735   624   725   724
 2507     935   936   835   946
 2508     836   946   835   936
 2509     735   724   725   835
 2510     836   825   725   826
 2511     935   936   825   835
 2512     826   825   725   715
 2513     917   806   907   906
 2514     829   819   929   818
 2515     916   816   927   917
 2516     936   825   826   926
 2517     815   704   705   805
 2518     726   716   615   616
 2519     916   815   805   915
 2520     729   618   718   728
 2521     915   905   805   916
 2522     525   626   636   625
 2523     819   818   829   718
 2524     627   626   516   616
 2525     326   315   316   426
 2526     806   816   705   805
 2527     836   846   847   736
 2528     826   715   726   716
 2529     804   905   915   904
 2530     614   604   715   714
 2531     457   467   456   567
 2532     906   806   805   916
 2533     615   715   605   716
 2534     815   925   915   926
 2535     705   815   715   704
 2536     814   704   815   804
 2537     714   704   815   814
 2538     804   814   915   815
 2539     264   254   365   364
 2540     624   514   625   614
 2541     825   925   815   926
 2542     616   626   516   515
 2543     826   825   715   815
 2544     816   826   815   926
 2545     825   926   815   826
 2546     816   826   715   815
 2547     738   637   748   638
 2548     625   614   615   725
 2549     916   806   805   816
 2550     836   735   725   835
 2551     524   514   625   624
 2552     836   835   725   825
 2553     736   635   636   625
 2554     416   526   426   415
 2555     626   625   615   726
 2556     305   304   405   415
 2557     724   624   725   614
 2558     536   537   426   436
 2559     726   715   615   716
 2560     626   625   525   515
 2561     317   206   307   306
 2562     625   725   615   726
 2563     624   635   625   524
 2564     937   826   837   827
 2565     837   736   847   737
 2566     716   706   606   717
 2567     714   614   725   715
 2568     714   724   725   614
 2569     825   724   725   714
 2570     826   715   725   726
 2571     616   615   515   505
 2572     737   727   837   726
 2573     705   706   605   716
 2574     615   514   515   504
 2575     836   736   725   735
 2576     726   736   725   836
 2577     528   529   629   518
 2578     638   639   628   528
 2579     715   604   605   705
 2580     606   716   605   706
 2581     465   566   466   576
 2582     606   717   616   716
 2583     628   739   729   629
 2584     726   736   625   725
 2585     725   624   625   614
 2586     736   735   625   725
 2587     736   635   625   735
 2588     725   735   625   624
 2589     635   624   625   735
 2590     615   504   505   605
 2591     625   514   615   614
 2592     516   626   526   515
 2593     626   726   615   616
 2594     414   404   515   514
 2595     505   616   516   515
 2596     615   504   605   604
 2597     605   606   505   616
 2598     614   514   615   504
 2599     415   516   416   526
 2600     626   625   515   615
 2601     606   616   506   505
 2602     625   514   515   615
 2603     616   615   505   605
 2604     725   614   615   715
 2605     616   716   605   606
 2606     516   627   526   626
 2607     615   716   605   616
 2608     404   504   515   514
 2609     615   504   515   505
 2610     638   639   538   649
 2611     465   455   466   566
 2612     638   739   628   639
 2613     505   504   515   404
 2614     526   627   637   626
 2615     517   516   406   506
 2616     314   425   415   315
 2617     527   516   416   517
 2618     415   315   416   305
 2619     577   576   476   466
 2620     625   514   525   515
 2621     447   346   336   446
 2622     508   519   619   509
 2623     625   524   525   514
 2624     674   664   775   774
 2625     514   414   525   515
 2626     514   524   525   414
 2627     524   424   525   414
 2628     425   414   525   424
 2629     856   745   755   756
 2630     965   864   865   854
 2631     525   424   535   425
 2632     524   635   535   534
 2633     746   635   636   736
 2634     559   569   459   458
 2635     878   888   778   777
 2636     675   564   565   665
 2637     645   756   656   655
 2638     525   625   636   635
 2639     346   335   336   446
 2640     528   518   629   628
 2641     768   758   769   869
 2642     646   545   656   546
 2643     535   424   435   425
 2644     135    25   125    24
 2645     434   334   435   324
 2646     577   678   567   578
 2647     335   324   435   334
 2648     645   646   656   756
 2649     556   656   555   545
 2650     688   577   588   578
 2651     525   526   636   626
 2652     536   526   636   525
 2653     534   635   535   645
 2654     524   424   535   525
 2655     524   534   535   424
 2656     636   646   535   635
 2657     536   646   535   636
 2658     224   214   225   325
 2659     435   335   445   446
 2660     646   645   535   635
 2661     545   645   535   646
 2662     546   545   535   646
 2663     546   646   535   536
 2664     648   649   538   548
 2665     647   536   637   636
 2666     638   637   748   648
 2667     108   109     8   119
 2668     708   608   718   719
 2669     537   526   637   536
 2670     947   958   948   847
 2671     347   357   346   457
 2672     548   437   538   537
 2673     556   546   446   557
 2674     415   304   405   404
 2675     616   626   727   627
 2676     459   569   469   458
 2677     536   546   647   547
 2678     536   646   647   546
 2679     339   238   338   349
 2680     646   536   647   636
 2681     638   637   648   537
 2682     798   799   688   698
 2683     716   726   727   616
 2684     768   868   878   767
 2685     827   817   828   928
 2686     759   769   659   658
 2687     647   537   648   637
 2688     778   779   668   678
 2689     817   816   927   827
 2690     547   437   447   548
 2691     467   577   466   567
 2692     547   537   648   647
 2693     245   346   246   356
 2694     858   758   757   868
 2695     328   318   218   329
 2696     616   717   727   716
 2697     948   838   848   949
 2698     948   837   848   838
 2699     416   315   316   305
 2700     648   537   538   638
 2701     507   517   407   406
 2702     548   537   538   648
 2703     648   649   659   759
 2704     549   538   438   539
 2705     426   436   326   325
 2706     408   407   418   307
 2707     616   606   617   717
 2708     817   917   927   816
 2709     537   526   527   637
 2710     506   616   617   516
 2711     216   215   316   326
 2712     419   519   408   409
 2713     327   317   428   427
 2714     637   526   527   627
 2715     538   639   528   539
 2716     436   446   336   335
 2717     817   818   928   918
 2718     438   338   328   327
 2719     517   516   617   627
 2720     518   519   619   508
 2721     507   607   617   506
 2722     516   627   527   526
 2723     346   235   336   335
 2724     528   538   527   638
 2725     537   638   527   538
 2726     619   618   629   518
 2727     638   637   527   627
 2728     537   637   527   638
 2729     427   527   417   528
 2730     414   404   415   515
 2731     304   404   415   414
 2732     507   517   618   518
 2733     509   519   408   508
 2734     326   215   316   315
 2735     617   627   628   517
 2736     768   868   767   757
 2737     918   908   807   808
 2738     517   518   628   618
 2739     847   747   858   848
 2740     638   528   628   527
 2741     607   717   617   606
 2742     408   518   418   407
 2743     407   518   418   417
 2744     719   608   718   618
 2745     507   517   617   618
 2746     518   528   418   417
 2747     508   509   619   609
 2748     628   639   629   528
 2749     506   607   617   606
 2750     827   817   928   927
 2751     606   616   617   506
 2752     809   808   909   919
 2753     827   727   837   838
 2754     729   618   728   628
 2755     517   528   628   518
 2756     707   808   708   818
 2757     528   639   629   529
 2758     508   507   618   518
 2759     608   507   618   508
 2760     628   518   629   618
 2761     527   528   628   517
 2762     608   607   618   507
 2763     728   628   738   739
 2764     628   739   728   729
 2765     848   949   959   948
 2766     938   827   837   838
 2767     619   618   729   629
 2768     769   758   759   869
 2769     638   739   738   628
 2770     529   519   629   518
 2771     617   517   628   618
 2772     617   717   727   616
 2773     828   938   939   838
 2774     616   627   727   617
 2775     726   626   727   616
 2776     926   826   927   816
 2777     708   719   709   608
 2778     708   808   819   818
 2779     838   728   738   839
 2780     629   618   729   628
 2781     946   846   947   836
 2782     737   726   837   736
 2783     638   627   738   637
 2784     826   726   837   827
 2785     916   926   927   816
 2786     807   918   817   917
 2787     918   808   807   818
 2788     618   617   728   628
 2789     838   727   737   738
 2790     617   627   728   628
 2791     928   827   938   828
 2792     937   827   837   938
 2793     717   607   707   606
 2794     606   706   707   717
 2795     917   816   817   806
 2796     619   608   719   618
 2797     708   818   718   707
 2798     707   717   817   818
 2799     807   818   817   918
 2800     618   617   718   728
 2801     719   618   718   729
 2802     608   607   718   618
 2803     708   607   718   608
 2804     707   607   718   708
 2805     707   717   718   607
 2806     617   607   718   717
 2807     618   607   718   617
 2808     708   719   819   709
 2809     919   819   809   808
 2810     708   818   819   718
 2811     718   719   819   708
 2812     626   736   737   636
 2813     928   817   828   818
 2814     927   817   928   917
 2815     707   818   807   808
 2816     908   808   918   919
 2817     918   917   928   817
 2818     739   729   839   728
 2819     828   838   939   839
 2820     839   829   939   828
 2821     816   806   917   916
 2822     707   818   817   807
 2823     718   719   829   819
 2824     817   717   828   818
 2825     929   818   828   829
 2826     627   628   738   728
 2827     807   806   907   917
 2828     827   717   828   817
 2829     918   908   907   807
 2830     936   836   947   937
 2831     775   765   875   764
 2832     828   829   939   929
 2833     728   729   829   718
 2834     836   736   837   726
 2835     838   938   939   949
 2836     927   826   937   827
 2837     656   666   667   556
 2838     838   949   939   839
 2839     807   806   817   706
 2840     816   706   817   806
 2841     707   706   817   717
 2842     807   706   817   707
 2843     706   816   817   716
 2844     716   717   817   706
 2845     938   927   937   827
 2846     737   636   747   637
 2847     848   838   849   949
 2848     718   717   828   728
 2849     928   818   929   918
 2850     929   928   939   828
 2851     817   716   827   717
 2852     727   717   827   716
 2853     716   726   827   727
 2854     716   826   827   726
 2855     627   638   738   628
 2856     838   727   738   728
 2857     919   818   929   819
 2858     826   836   837   726
 2859     568   558   569   669
 2860     718   729   829   719
 2861     947   846   847   836
 2862     727   627   737   738
 2863     829   818   828   718
 2864     816   716   827   817
 2865     816   826   827   716
 2866     827   727   828   717
 2867     728   717   828   727
 2868     875   976   986   975
 2869     829   728   839   729
 2870     838   728   839   828
 2871     727   627   738   728
 2872     747   647   748   637
 2873     827   828   838   938
 2874     937   836   837   826
 2875     727   626   737   627
 2876     546   656   657   556
 2877     636   646   747   647
 2878     828   827   838   727
 2879     936   836   937   826
 2880     828   727   838   728
 2881     626   636   737   637
 2882     637   627   737   626
 2883     764   664   775   765
 2884     738   627   737   637
 2885     736   636   747   737
 2886     848   959   859   858
 2887     847   746   747   736
 2888     736   746   747   636
 2889     926   826   937   927
 2890     926   936   937   826
 2891     847   837   848   948
 2892     637   636   747   647
 2893     726   626   737   727
 2894     726   736   737   626
 2895     756   755   866   766
 2896     948   958   959   848
 2897     936   946   947   836
 2898     778   789   788   889
 2899     837   937   947   836
 2900     827   726   837   727
 2901     836   736   847   837
 2902     947   836   847   837
 2903     849   949   959   848
 2904     768   769   668   779
 2905     749   638   748   648
 2906     738   838   849   848
 2907     747   758   748   647
 2908     648   649   759   749
 2909     846   746   847   736
 2910     958   847   858   848
 2911     869   758   759   859
 2912     957   846   857   847
 2913     837   947   948   847
 2914     569   579   468   568
 2915     776   876   886   775
 2916     755   856   866   855
 2917     649   638   749   648
 2918     838   949   948   938
 2919     639   638   749   649
 2920     639   739   749   638
 2921     738   638   749   739
 2922     858   758   859   748
 2923     878   989   978   979
 2924     837   938   948   937
 2925     837   937   948   947
 2926     747   737   848   847
 2927     748   737   848   747
 2928     837   737   848   838
 2929     847   737   848   837
 2930     737   738   848   838
 2931     748   738   848   737
 2932     868   758   757   768
 2933     738   839   849   838
 2934     848   748   849   738
 2935     749   738   849   748
 2936     738   739   849   839
 2937     749   739   849   738
 2938     848   849   859   959
 2939     748   747   858   758
 2940     848   747   858   748
 2941     757   868   857   858
 2942     755   744   855   754
 2943     868   758   768   869
 2944     767   867   877   766
 2945     895   784   885   884
 2946     887   876   877   987
 2947     887   786   787   776
 2948     946   846   956   957
 2949     848   748   859   849
 2950     858   748   859   848
 2951     858   958   969   968
 2952     959   958   969   858
 2953     869   859   969   858
 2954     959   858   969   859
 2955     887   987   877   988
 2956     747   758   757   858
 2957     858   758   868   869
 2958     878   888   877   988
 2959     876   866   976   865
 2960     969   968   868   858
 2961     969   858   868   869
 2962     647   758   757   747
 2963     648   759   659   658
 2964     746   646   757   747
 2965     975   874   875   864
 2966     986   885   886   875
 2967     867   868   857   757
 2968     847   747   857   858
 2969     978   967   977   867
 2970     764   774   775   664
 2971     757   768   657   767
 2972     966   865   976   866
 2973     956   957   856   967
 2974     745   845   855   744
 2975     658   548   659   648
 2976     748   758   759   648
 2977     748   648   759   749
 2978     747   646   757   647
 2979     686   687   576   586
 2980     856   745   756   746
 2981     979   868   978   878
 2982     944   844   955   945
 2983     754   765   865   755
 2984     985   995   996   885
 2985     868   757   867   767
 2986     946   846   957   947
 2987     677   678   567   577
 2988     677   577   567   566
 2989     757   858   857   747
 2990     879   889   778   878
 2991     946   945   956   845
 2992     886   776   887   876
 2993     867   756   866   766
 2994     845   745   856   846
 2995     967   968   857   867
 2996     847   947   957   846
 2997     847   846   857   746
 2998     958   947   957   847
 2999     957   968   857   967
 3000     757   747   857   746
 3001     847   746   857   747
 3002     957   958   857   968
 3003     858   968   857   958
 3004     856   857   756   867
 3005     865   855   966   965
 3006     746   646   756   757
 3007     854   754   855   744
 3008     857   746   756   757
 3009     845   846   956   946
 3010     559   558   458   448
 3011     854   754   865   855
 3012     745   644   755   645
 3013     844   954   955   854
 3014     976   965   975   865
 3015     864   764   865   754
 3016     556   666   555   656
 3017     876   765   775   776
 3018     754   764   865   765
 3019     944   954   955   844
 3020     745   744   755   644
 3021     754   644   755   744
 3022     545   546   556   656
 3023     754   654   755   644
 3024     676   575   565   675
 3025     759   758   658   648
 3026     756   767   766   867
 3027     686   586   576   575
 3028     865   855   866   966
 3029     966   856   866   967
 3030     986   996   997   886
 3031     878   768   879   868
 3032     756   767   656   766
 3033     676   777   666   677
 3034     855   856   966   956
 3035     854   855   965   955
 3036     874   884   985   885
 3037     966   855   866   856
 3038     854   954   965   964
 3039     955   954   965   854
 3040     865   876   875   976
 3041     985   885   986   875
 3042     664   665   775   765
 3043     854   964   965   864
 3044     688   799   689   699
 3045     866   765   876   766
 3046     865   765   876   866
 3047     855   955   966   965
 3048     855   956   966   955
 3049     756   856   866   755
 3050     766   755   866   765
 3051     865   765   866   755
 3052     865   764   875   765
 3053     984   995   985   884
 3054     975   864   875   865
 3055     964   974   975   864
 3056     888   988   989   999
 3057     867   878   877   978
 3058     785   674   775   774
 3059     885   785   886   775
 3060     884   995   895   894
 3061     688   687   587   577
 3062     786   775   886   785
 3063     786   785   896   796
 3064     895   884   885   995
 3065     885   895   996   896
 3066     775   876   875   765
 3067     678   789   679   689
 3068     876   765   776   766
 3069     978   867   977   877
 3070     865   976   875   975
 3071     764   864   875   874
 3072     675   785   685   674
 3073     794   784   895   894
 3074     974   984   985   874
 3075     775   785   675   674
 3076     894   784   895   884
 3077     896   785   886   885
 3078     885   875   985   874
 3079     755   756   655   766
 3080     865   864   875   764
 3081     775   764   875   774
 3082     874   774   875   764
 3083     874   984   985   884
 3084     885   884   985   995
 3085     487   486   497   386
 3086     884   784   885   774
 3087     874   774   885   875
 3088     874   884   885   774
 3089     794   784   795   895
 3090     684   784   795   794
 3091     876   976   986   875
 3092     765   665   655   654
 3093     788   798   688   687
 3094     895   784   795   785
 3095     788   789   799   899
 3096     684   785   795   784
 3097     694   684   795   794
 3098     694   695   795   684
 3099     584   695   585   595
 3100     997   896   897   886
 3101     885   985   986   996
 3102     686   575   576   676
 3103     476   375   376   365
 3104     379   489   389   378
 3105     787   798   687   797
 3106     887   987   997   886
 3107     776   775   886   786
 3108     987   886   887   876
 3109     466   477   476   577
 3110     766   767   666   777
 3111     775   876   886   875
 3112     795   785   896   895
 3113     796   785   896   795
 3114     895   785   896   885
 3115     986   886   997   987
 3116     775   875   886   885
 3117     786   785   886   896
 3118     877   987   977   988
 3119     798   788   688   799
 3120     688   789   689   799
 3121     898   888   998   887
 3122     476   365   376   366
 3123     886   786   887   776
 3124     674   664   675   775
 3125     866   967   977   966
 3126     878   989   879   889
 3127     285   386   275   286
 3128     886   876   987   986
 3129     986   876   987   976
 3130     688   788   678   789
 3131     999   889   989   888
 3132     996   896   997   886
 3133     796   786   897   896
 3134     887   886   897   786
 3135     896   786   897   886
 3136     969   968   979   868
 3137     867   968   978   967
 3138     676   687   576   686
 3139     888   999   998   988
 3140     887   776   877   876
 3141     889   888   878   989
 3142     878   768   778   879
 3143     979   968   978   868
 3144     767   868   878   867
 3145     868   867   978   878
 3146     887   988   877   888
 3147     877   888   777   887
 3148     878   988   978   989
 3149     869   868   879   768
 3150     887   897   998   898
 3151     898   999   998   888
 3152     887   776   787   777
 3153     887   997   998   897
 3154     887   987   998   997
 3155     988   987   998   887
 3156     138   148    38    37
 3157     599   598   588   699
 3158     898   888   899   999
 3159     889   999   899   888
 3160     868   968   978   867
 3161     867   967   977   866
 3162     976   876   977   866
 3163     877   876   977   987
 3164     878   868   879   979
 3165     796   695   685   795
 3166     979   868   879   869
 3167     888   988   878   989
 3168     889   888   778   878
 3169     878   867   877   767
 3170     897   887   787   898
 3171     788   798   787   898
 3172     869   768   879   769
 3173     877   866   977   876
 3174     878   988   877   978
 3175     787   798   797   898
 3176     699   698   588   688
 3177     766   876   877   776
 3178     278   167   168   268
 3179     766   866   877   876
 3180     766   867   877   866
 3181     877   887   777   776
 3182     796   786   797   897
 3183     898   897   797   787
 3184     877   878   777   888
 3185     767   878   777   877
 3186     877   766   777   767
 3187     776   766   777   877
 3188     687   787   677   788
 3189     557   547   657   546
 3190     889   888   788   778
 3191     879   889   779   778
 3192     775   664   675   665
 3193     287   387   277   388
 3194     487   386   497   387
 3195     499   498   488   599
 3196     545   645   655   544
 3197     879   768   779   769
 3198     154   265   255   155
 3199     684   785   685   795
 3200     696   697   686   586
 3201     699   688   588   689
 3202     897   786   787   887
 3203     899   798   788   898
 3204     898   888   788   899
 3205     899   889   788   789
 3206     888   889   788   899
 3207     787   897   797   786
 3208     388   489   389   499
 3209     898   888   787   788
 3210     898   887   787   888
 3211     668   557   568   558
 3212     669   779   668   769
 3213     677   688   577   687
 3214     699   598   588   698
 3215     484   474   585   584
 3216     676   677   576   687
 3217     645   756   655   755
 3218     787   786   676   776
 3219     568   679   569   579
 3220     667   768   668   778
 3221     775   665   675   776
 3222     676   786   675   776
 3223     658   558   668   669
 3224     778   768   668   779
 3225     697   586   696   596
 3226     487   387   377   376
 3227     766   655   666   656
 3228     768   667   668   657
 3229     698   799   688   699
 3230     678   567   668   667
 3231     448   559   459   458
 3232     678   779   679   789
 3233     389   499   399   388
 3234     689   688   578   678
 3235     167    56    67    57
 3236     658   557   668   558
 3237     757   647   657   758
 3238     666   677   667   566
 3239     469   369   359   358
 3240     368   468   358   469
 3241     778   789   678   788
 3242     546   556   657   557
 3243     599   588   488   589
 3244     588   689   589   699
 3245     777   788   677   787
 3246     499   599   488   489
 3247     779   789   678   778
 3248     367   477   377   366
 3249     485   385   496   486
 3250     496   396   497   386
 3251     679   579   578   689
 3252     689   678   578   679
 3253     699   599   589   588
 3254     567   556   667   566
 3255     689   688   678   789
 3256     675   665   565   676
 3257     757   758   657   768
 3258     678   788   677   778
 3259     777   778   677   788
 3260     678   688   677   788
 3261     687   788   677   688
 3262     677   577   566   576
 3263     575   574   585   474
 3264     467   568   457   468
 3265     469   579   479   468
 3266     278   288   277   388
 3267     278   389   279   289
 3268     459   349   449   348
 3269     487   597   497   486
 3270     589   489   479   478
 3271     688   577   587   588
 3272     487   598   488   498
 3273     366   477   476   466
 3274     585   584   685   695
 3275     564   674   675   574
 3276     555   454   565   455
 3277     686   786   676   787
 3278     474   464   575   574
 3279     675   574   685   575
 3280     486   596   496   485
 3281     698   697   587   687
 3282     597   697   587   698
 3283     688   698   587   687
 3284     588   698   587   688
 3285     698   598   587   597
 3286     588   598   587   698
 3287     796   786   685   686
 3288     546   547   657   647
 3289     765   654   655   755
 3290     575   686   675   676
 3291     656   767   666   766
 3292     595   695   585   696
 3293     564   664   675   674
 3294     564   665   675   664
 3295     674   785   685   684
 3296     796   785   685   786
 3297     485   596   496   495
 3298     687   787   676   677
 3299     686   787   676   687
 3300     584   595   585   484
 3301     696   586   585   596
 3302     575   586   585   686
 3303     675   575   685   686
 3304     276   386   376   387
 3305     686   586   585   696
 3306     696   596   585   595
 3307     776   665   666   766
 3308     666   676   566   565
 3309     656   767   667   666
 3310     775   776   675   786
 3311     665   554   655   654
 3312     766   665   666   655
 3313     769   658   669   659
 3314     696   686   685   585
 3315     795   695   685   684
 3316     675   786   685   785
 3317     787   777   676   677
 3318     787   776   676   777
 3319     465   365   476   466
 3320     245   356   246   256
 3321     687   577   576   587
 3322     587   586   576   687
 3323     375   265   376   365
 3324     474   464   475   575
 3325     665   554   555   655
 3326     577   477   476   587
 3327     544   645   655   644
 3328     644   645   655   755
 3329     755   654   655   644
 3330     696   796   685   686
 3331     696   695   685   796
 3332     585   574   685   584
 3333     684   584   685   574
 3334     675   674   685   574
 3335     684   574   685   674
 3336     644   654   655   544
 3337     766   665   655   765
 3338     766   765   655   755
 3339     548   448   559   549
 3340     666   665   555   655
 3341     145   156   146    45
 3342     565   676   566   576
 3343     346   356   245   345
 3344     657   547   658   647
 3345     567   566   667   677
 3346     575   464   565   564
 3347     655   656   555   666
 3348     767   768   667   778
 3349     555   666   565   665
 3350     545   645   656   655
 3351     545   646   656   645
 3352     646   757   657   656
 3353     566   556   667   666
 3354     444   554   555   454
 3355     454   455   555   444
 3356     544   444   555   545
 3357     544   554   555   444
 3358     348   458   347   448
 3359     555   556   566   666
 3360     447   557   446   547
 3361     566   455   456   556
 3362     454   554   565   564
 3363     555   554   565   454
 3364     464   454   565   564
 3365     149    39    38    49
 3366     465   365   475   476
 3367     565   455   465   566
 3368     354   344   355   455
 3369     649   648   659   548
 3370     676   677   566   576
 3371     666   677   566   676
 3372     679   579   568   578
 3373     669   679   568   668
 3374     557   558   658   547
 3375     768   758   658   769
 3376     657   758   658   768
 3377     648   647   658   547
 3378     677   678   667   567
 3379     368   357   358   468
 3380     648   758   658   647
 3381     647   646   657   546
 3382     557   547   658   657
 3383     769   758   658   759
 3384     569   568   468   458
 3385     666   777   667   677
 3386     669   769   668   658
 3387     666   767   667   777
 3388     757   767   657   656
 3389     646   647   657   757
 3390     777   778   667   677
 3391     777   767   667   778
 3392     677   778   667   678
 3393     659   558   559   548
 3394     668   558   568   669
 3395     658   558   659   548
 3396     649   548   659   549
 3397     648   547   658   548
 3398     346   457   446   447
 3399     659   658   669   558
 3400     548   558   559   448
 3401     569   558   559   669
 3402     667   778   668   678
 3403     768   657   668   658
 3404     375   265   275   376
 3405     669   558   559   659
 3406     678   679   568   578
 3407     668   678   568   567
 3408     567   557   568   668
 3409     567   678   568   578
 3410     435   546   436   446
 3411     366   355   356   466
 3412     669   679   569   568
 3413     658   657   668   557
 3414     667   557   668   657
 3415     567   557   668   667
 3416     669   679   668   779
 3417     678   779   668   679
 3418     668   679   568   678
 3419     469   579   468   569
 3420     568   558   458   569
 3421     458   459   358   469
 3422     367   478   378   377
 3423     364   254   365   354
 3424     375   265   365   264
 3425     467   468   457   357
 3426     278   167   268   267
 3427     358   369   258   368
 3428     238   349   339   239
 3429     194    94   195    84
 3430     278   279   168   178
 3431     599   589   488   489
 3432     278   388   277   378
 3433     599   598   488   588
 3434     486   597   497   496
 3435     487   387   497   498
 3436     579   578   468   568
 3437     164   264   275   274
 3438     187    87    76    86
 3439     458   469   358   468
 3440     468   357   367   368
 3441     458   357   457   468
 3442     254   354   355   365
 3443     344   334   445   444
 3444      58   168   158   169
 3445     266   367   267   377
 3446     358   459   359   469
 3447     567   578   467   577
 3448     357   458   347   358
 3449     466   467   356   366
 3450     566   556   456   567
 3451     477   577   467   578
 3452     398   388   399   499
 3453     365   364   475   375
 3454     345   334   445   344
 3455     454   354   465   455
 3456     456   566   466   455
 3457     577   576   466   566
 3458     567   557   457   568
 3459     466   365   476   366
 3460     565   454   465   455
 3461     577   587   476   576
 3462     467   477   466   577
 3463     468   568   457   458
 3464     429   418   428   318
 3465     467   567   457   568
 3466     254   244   355   354
 3467     576   575   475   465
 3468     244   344   355   354
 3469     465   355   466   455
 3470     576   575   465   565
 3471     375   264   365   364
 3472     595   484   485   585
 3473      36   136    35    25
 3474     578   568   467   468
 3475     578   567   467   568
 3476     255   356   256   366
 3477     575   586   475   585
 3478     576   465   475   476
 3479     458   568   457   558
 3480     557   558   457   568
 3481     367   477   366   467
 3482     587   597   486   586
 3483     156    56   167   157
 3484     466   576   476   465
 3485     556   455   445   555
 3486     385   384   395   284
 3487     464   354   465   454
 3488     576   565   465   566
 3489     464   454   465   565
 3490     237   136   247   137
 3491      46    45   146   156
 3492     457   357   356   467
 3493     587   586   476   576
 3494     268   258   269   369
 3495     485   586   486   596
 3496     348   358   347   458
 3497     266   166   155   165
 3498     485   495   496   385
 3499     585   474   485   475
 3500     464   364   465   354
 3501     354   365   465   355
 3502     355   455   465   354
 3503     476   366   376   477
 3504     475   586   485   585
 3505     245   256   145   255
 3506     456   467   466   567
 3507     456   567   466   566
 3508     457   467   356   456
 3509     185    84   195    85
 3510     474   484   485   374
 3511     474   575   475   585
 3512     476   365   475   375
 3513     484   494   495   384
 3514     366   355   466   365
 3515     465   365   466   355
 3516     377   366   266   367
 3517     467   367   356   366
 3518     467   357   356   367
 3519     384   284   385   274
 3520     388   378   389   489
 3521     487   498   488   387
 3522     474   374   485   475
 3523     374   375   485   475
 3524     585   586   485   596
 3525      84    74   185   184
 3526     579   578   478   468
 3527     465   364   475   365
 3528     465   464   475   364
 3529     474   364   475   464
 3530     364   374   475   375
 3531     474   374   475   364
 3532     484   384   495   485
 3533     576   586   475   575
 3534     476   586   475   576
 3535     155   255   145   256
 3536     184   194   195    84
 3537     587   586   486   476
 3538     484   384   485   374
 3539     164   265   275   264
 3540     586   597   486   596
 3541     286   386   275   276
 3542      66   176   166   177
 3543     374   384   385   274
 3544     374   274   385   375
 3545     588   598   487   587
 3546     477   578   478   588
 3547     475   375   486   476
 3548     587   598   487   597
 3549     365   265   255   254
 3550     477   588   478   488
 3551     385   495   496   395
 3552     485   375   486   475
 3553     385   386   486   375
 3554     385   375   486   485
 3555     376   375   486   386
 3556     476   375   486   376
 3557     487   598   497   597
 3558     477   367   478   467
 3559     496   386   497   486
 3560     287   387   286   276
 3561     587   477   487   588
 3562     588   598   488   487
 3563     477   587   487   476
 3564     487   498   497   598
 3565     268   157   158   258
 3566     489   479   378   379
 3567     376   476   487   486
 3568     376   477   487   476
 3569     376   386   487   387
 3570     486   386   487   376
 3571     599   498   488   598
 3572     378   377   267   367
 3573     376   366   377   477
 3574     467   468   478   578
 3575     467   578   478   477
 3576     499   498   388   488
 3577     467   367   478   468
 3578     527   537   427   426
 3579     478   488   378   377
 3580     589   588   478   578
 3581     368   468   478   367
 3582     589   578   478   579
 3583     258   259   248   148
 3584     397   387   287   398
 3585     379   479   378   368
 3586     589   489   478   488
 3587     488   588   478   589
 3588     188   177   187    77
 3589     489   488   388   378
 3590     376   387   377   276
 3591     398   288   298   399
 3592     478   477   377   367
 3593     488   477   377   478
 3594     278   379   279   389
 3595     487   477   377   488
 3596     488   387   377   487
 3597     488   498   388   387
 3598     489   499   388   488
 3599     297   397   287   398
 3600     488   377   388   378
 3601     488   387   388   377
 3602     298   299   188   198
 3603     489   478   378   479
 3604     499   498   398   388
 3605      95    84   195    94
 3606      75    64    65   175
 3607     388   498   398   387
 3608     295   284   285   395
 3609     399   288   289   389
 3610     189    78    89    79
 3611     278   288   178   177
 3612     389   388   399   288
 3613     398   288   399   388
 3614     398   498   397   387
 3615     497   387   397   498
 3616     497   396   397   386
 3617     497   386   397   387
 3618     289   288   188   178
 3619     287   398   298   297
 3620     299   288   188   289
 3621     278   178   168   167
 3622      88    78   188    77
 3623     299   288   289   399
 3624     185   286   175   186
 3625     188    88   189    78
 3626     278   289   178   288
 3627     388   387   277   377
 3628     385   284   285   274
 3629     398   388   287   288
 3630     387   388   287   398
 3631     167   156   267   166
 3632     289   278   178   279
 3633     259   369   269   258
 3634       8   119   118   108
 3635      96   196    95    85
 3636     185    74   175   174
 3637     395   294   295   284
 3638     276   387   286   386
 3639     274   264   275   375
 3640     184   294   295   194
 3641     175   164   165   275
 3642     218   329   228   328
 3643     378   379   278   389
 3644     186    75    76   176
 3645     154   265   165   164
 3646     187   298   197   297
 3647     155   165    55    54
 3648     288   389   278   289
 3649     388   378   278   389
 3650     389   288   278   388
 3651      86   197    96   196
 3652     287   288   187   298
 3653     178   279   179   289
 3654     185   196   195   296
 3655     276   277   166   176
 3656     377   378   277   388
 3657     378   367   267   368
 3658     299   188   199   189
 3659     196    86    85    96
 3660     178   177   188    77
 3661     188   288   187   177
 3662     295   184   195   185
 3663     335   325   225   336
 3664      65    54    55   165
 3665      66   176    65   166
 3666     376   265   266   366
 3667     154   254   255   265
 3668     278   379   268   279
 3669     176   277   166   177
 3670      54   164   165    64
 3671      65    64   165   175
 3672     335   325   336   436
 3673     165   265   155   266
 3674     178    78    67    77
 3675     157   257   267   156
 3676     148   159   149    48
 3677      58   159    59   169
 3678     297   287   187   298
 3679     189    88    89    78
 3680     197   187    86    87
 3681     299   198   199   188
 3682     178    78   189   179
 3683     179    78   189    79
 3684     297   287   186   187
 3685     197   297   196   186
 3686     188    78   189   178
 3687     298   288   188   299
 3688     184   174   285   284
 3689      89   189   199    88
 3690      89    88   199    99
 3691     189   188   199    88
 3692     198    88   199   188
 3693      98    88   199   198
 3694      99    88   199    98
 3695     187    77    87   188
 3696     186   296   286   297
 3697     188   198    87   187
 3698      58    57    47   158
 3699     188    88    87   198
 3700     385   274   275   375
 3701     187   198    87   197
 3702     186   297   196   296
 3703     188   198   187   298
 3704     188    77    87    88
 3705      95   196   195    85
 3706     196   296   185   186
 3707     176   187    76   186
 3708     197   198    87    97
 3709      98   198    87    88
 3710      97   198    87    98
 3711      56    55   156   166
 3712      75   175   176   186
 3713     285   296   185   295
 3714      74   174   185   184
 3715     197   186   196    86
 3716     196   186    85    86
 3717     395   284   285   385
 3718     197   297   186   187
 3719     186    86    76    75
 3720     274   284   285   174
 3721     174    64   175   164
 3722     175   185    75    74
 3723     175    74    75    64
 3724      75   175    65   176
 3725     285   184   185   174
 3726     295   184   185   285
 3727      85   196   185   186
 3728     396   386   286   397
 3729     397   296   286   396
 3730     397   387   286   287
 3731     397   386   286   387
 3732     297   397   286   287
 3733     297   296   286   397
 3734     295   194   195   184
 3735     357   257   256   367
 3736      85   196   195   185
 3737     186   187    76    86
 3738     286   287   176   186
 3739     295   395   285   396
 3740     395   385   285   396
 3741     295   396   285   296
 3742     286   296   285   396
 3743     286   396   285   386
 3744     385   386   285   396
 3745      85    74    75   185
 3746     185   186    75    85
 3747     286   296   185   285
 3748     286   186   185   296
 3749     175   186    75   185
 3750      65   176   165   166
 3751      54   154   155   165
 3752     376   265   275   276
 3753     265   375   275   264
 3754     175   286   275   276
 3755      79   179    68    69
 3756     166    66    55    65
 3757     185   174   175   285
 3758     287   277   176   177
 3759     285   174   275   274
 3760     175   285   275   286
 3761     185   285   175   286
 3762      76   177    66    77
 3763     286   276   176   287
 3764     175   164   275   174
 3765     376   386   275   375
 3766     276   386   275   376
 3767     385   386   275   285
 3768     385   375   275   386
 3769     287   276   176   277
 3770     187   287   176   177
 3771     186   287   176   187
 3772      56    55    45   156
 3773     114   225   215   115
 3774      44   144   155   154
 3775      54    64   165    65
 3776     175    64   165   164
 3777     166   165    55   155
 3778     177   187    76   176
 3779     177    77    76   187
 3780     266   277   267   166
 3781      76   176    66   177
 3782     258   369   268   368
 3783     166   176   165   276
 3784     175   276   165   176
 3785     254   244   255   355
 3786     156   166   167    56
 3787      65   175   165   176
 3788     267   368   268   378
 3789     276   277   266   166
 3790     256   266   267   156
 3791     166    65    55   165
 3792     376   276   266   265
 3793     377   376   266   366
 3794     154   164   165    54
 3795      76   176    65    66
 3796      76    75    65   176
 3797      34   134   135   145
 3798     166    66    56    55
 3799     144   244   255   254
 3800     165   154   155   265
 3801     275   276   165   175
 3802     266   265   255   366
 3803     365   355   255   366
 3804     266   276   165   265
 3805     166   276   165   266
 3806     155   166   156    55
 3807     256   367   267   266
 3808     249   359   248   349
 3809     257   368   268   267
 3810     135   136    35   146
 3811     247   136   146   147
 3812     345   356   245   355
 3813     357   367   256   356
 3814     356   367   256   366
 3815     266   366   256   367
 3816     518   507   407   508
 3817     377   277   267   266
 3818     249   238   248   138
 3819     144   154   255   155
 3820     144   254   255   154
 3821     378   278   267   277
 3822     266   166   267   156
 3823     277   377   267   378
 3824     148   158   147   258
 3825      57   157    47   158
 3826     368   257   258   358
 3827     147   148    47   158
 3828      57   157   167    56
 3829     277   278   167   177
 3830     177   278   167   178
 3831     166   177   167    66
 3832      77   177    67   178
 3833      58   169    59    69
 3834     166   277   167   177
 3835     167   178    67   177
 3836     167   177    67    66
 3837     378   379   268   278
 3838     268   379   269   279
 3839     157   258   147   158
 3840     258   257   268   157
 3841     268   369   269   379
 3842     378   278   268   267
 3843     167    66    67    56
 3844      66   177    67    77
 3845      67   167   168   178
 3846     156   257   267   256
 3847     157   257   268   267
 3848     157   156   267   167
 3849     167   166   267   277
 3850      79    78    68   179
 3851     359   369   258   358
 3852     147   137   248   247
 3853     168    68    58    57
 3854     257   368   267   367
 3855     277   278   267   167
 3856     256   257   267   367
 3857     268   279   168   278
 3858     179   178   168   279
 3859     116    16     5    15
 3860      67   178   168    68
 3861     368   369   268   379
 3862      26    25    15   126
 3863     147   148   137    37
 3864     148    48    37    47
 3865      44   155   145    45
 3866      68   179   169    69
 3867     245   235   246   346
 3868     148   259   149   159
 3869     167   157   268   267
 3870     268   167   168   157
 3871      67   178    68    78
 3872      68   179   168   169
 3873     378   368   268   379
 3874      48   158    47   148
 3875     179    78    68   178
 3876     179   279   168   169
 3877     167    57   168   157
 3878     258   359   248   259
 3879     169   159   158    58
 3880      58   159    48    59
 3881      69    68    58   169
 3882      67    57   168   167
 3883     168   157   158   268
 3884     237   348   347   337
 3885     116   105   106   216
 3886     237   238   127   137
 3887     159    58    48   158
 3888     145   256   146   156
 3889     245   255   145   144
 3890     157   257   147   258
 3891     269   279   168   268
 3892     169   279   168   269
 3893     359   459   348   349
 3894     258   259   148   158
 3895     168    57   158   157
 3896      58    57   158   168
 3897      38   149   139    39
 3898     159   158    48   148
 3899     268   258   158   269
 3900     268   269   158   168
 3901     269   169   158   168
 3902     159   169   158   269
 3903     269   259   158   159
 3904     269   258   158   259
 3905     158   259   148   159
 3906     217   206   207   317
 3907     358   359   348   248
 3908     147   158    47   157
 3909      48   159    49    59
 3910     358   459   348   359
 3911     125   236   226   126
 3912     155   144   145   255
 3913      36    25    26   136
 3914     249   138   248   148
 3915     447   337   336   347
 3916     125   236   126   136
 3917     236   235   225   336
 3918     237   136   236   247
 3919     135   145    35    34
 3920     458   459   348   358
 3921     216   317   217   327
 3922     437   438   427   327
 3923     146   257   246   247
 3924     115   105   215   104
 3925     134   234   245   244
 3926     426   437   427   326
 3927     327   317   217   328
 3928     248   349   348   238
 3929     448   549   449   559
 3930     356   457   346   357
 3931     247   258   248   147
 3932     555   455   445   444
 3933     257   258   247   147
 3934     249   259   248   359
 3935     257   358   247   258
 3936     438   549   449   448
 3937     224   235   225   124
 3938      49    48    38   149
 3939      38   138   139   149
 3940      48   148    38   149
 3941     239   349   249   238
 3942     548   448   438   437
 3943     106   206   217   216
 3944     237   137   127   126
 3945     129    29    18    28
 3946     147   258   248   148
 3947      37   148    38    48
 3948     126   236   226   237
 3949     308   309   208   319
 3950     238   237   227   338
 3951     226   216   215   115
 3952     138   139   249   239
 3953     248   238   348   237
 3954     346   456   446   457
 3955     137   136   247   147
 3956     148   259   249   149
 3957     438   448   337   437
 3958     358   359   248   258
 3959     358   258   248   247
 3960     358   257   247   357
 3961     338   348   337   448
 3962     249   349   248   238
 3963     237   247   348   248
 3964     249   148   248   259
 3965     549   548   438   538
 3966     246   235   236   346
 3967     146   247   246   136
 3968     225   124   125   114
 3969     239   238   249   138
 3970     548   437   447   448
 3971     338   237   337   348
 3972     335   234   345   235
 3973     248   359   348   349
 3974     247   358   348   248
 3975     147   148   248   137
 3976     418   307   308   408
 3977     247   358   347   348
 3978     137   138   248   238
 3979     137   148   248   138
 3980     137   237   248   247
 3981     137   238   248   237
 3982     458   448   348   459
 3983     345   446   445   335
 3984     447   458   347   457
 3985     458   357   347   457
 3986     214   315   215   325
 3987     444   545   445   555
 3988     545   546   445   556
 3989     146   136    36   147
 3990     319   329   218   318
 3991     247   357   347   358
 3992     418   528   428   417
 3993     549   448   438   548
 3994     438   327   428   427
 3995     439   549   449   438
 3996     448   559   449   459
 3997     546   547   446   557
 3998     438   338   449   439
 3999     438   448   449   338
 4000     338   339   449   439
 4001     338   349   449   339
 4002     338   348   449   349
 4003     448   348   449   338
 4004     256   255   245   356
 4005     557   558   447   457
 4006     547   558   447   557
 4007     548   448   447   558
 4008     548   558   447   547
 4009     425   536   436   435
 4010     134   235   245   234
 4011      47   157    46   147
 4012     447   446   336   436
 4013     344   455   345   355
 4014     436   437   336   447
 4015     337   348   347   448
 4016     447   448   347   458
 4017     556   557   446   456
 4018     458   558   447   448
 4019     457   558   447   458
 4020     435   536   436   546
 4021     437   337   326   336
 4022     546   536   436   547
 4023     337   448   347   447
 4024     345   344   445   455
 4025     447   437   336   337
 4026     325   324   435   335
 4027     456   557   446   457
 4028     344   244   345   234
 4029     345   244   245   234
 4030     537   437   436   547
 4031     346   456   345   446
 4032     547   536   436   537
 4033     246   247   236   136
 4034     347   457   346   447
 4035     546   435   445   446
 4036     444   455   445   344
 4037     456   556   445   446
 4038     345   455   445   456
 4039     106   116     5   105
 4040     416   527   426   526
 4041     355   244   345   344
 4042     135    24    35    25
 4043     446   335   345   346
 4044     225   236   125   235
 4045     234   224   335   334
 4046     234   235   335   224
 4047     334   224   335   324
 4048     325   324   335   224
 4049     245   256   246   145
 4050      47    57    46   157
 4051     545   434   445   435
 4052     545   444   445   434
 4053     134    24   135   124
 4054      55    44    45   155
 4055     144   134   245   244
 4056     355   455   345   456
 4057     316   416   427   426
 4058     446   335   436   435
 4059     335   325   436   435
 4060     547   447   436   446
 4061     336   325   326   436
 4062     225   325   326   336
 4063     355   356   245   255
 4064     255   244   245   355
 4065     346   356   345   456
 4066     355   456   345   356
 4067      55   155    45   156
 4068     335   334   345   234
 4069     344   234   345   334
 4070     124   235   135   134
 4071     144   244   245   255
 4072     434   334   445   435
 4073     434   444   445   334
 4074     345   335   445   334
 4075     435   334   445   335
 4076     146   145   246   256
 4077     144   134   145   245
 4078     246   347   236   247
 4079     237   247   236   347
 4080     337   237   226   236
 4081      45   156    46    56
 4082     247   257   246   357
 4083     247   147   146   257
 4084     134   235   135   245
 4085     207   208   107   218
 4086      34    44   145    45
 4087      34   144   145    44
 4088     146   256   246   257
 4089     226   216   115   116
 4090      56   157    46    57
 4091     246   346   236   347
 4092     336   347   236   346
 4093     214   325   215   225
 4094     147   157   146   257
 4095     156   257   146   157
 4096     256   357   246   257
 4097     346   357   246   356
 4098     256   356   246   357
 4099      47   147    36    37
 4100      37   147    36   137
 4101     146   147    36    46
 4102     347   357   246   346
 4103     347   247   246   357
 4104     337   347   236   336
 4105     337   237   236   347
 4106      46   147    36    47
 4107     135    25    35   136
 4108     224   325   225   335
 4109     146    45    35   145
 4110      34    24    35   135
 4111     135   236   125   136
 4112     145   245   135   246
 4113     245   235   135   246
 4114     146   145   135   246
 4115     246   136   135   146
 4116     246   235   135   236
 4117     236   136   135   246
 4118     336   235   225   335
 4119     224   124   225   114
 4120     417   307   407   306
 4121     217   106   107   207
 4122     214   204   215   315
 4123      18   129   119    19
 4124     436   537   426   437
 4125     128    28    17    27
 4126     417   406   407   517
 4127     137   136   126   237
 4128     215   105   205   104
 4129     336   337   326   226
 4130     436   425   426   536
 4131     115     4     5   105
 4132     237   136   126   236
 4133     125   225   226   236
 4134     307   306   417   317
 4135     226   337   227   237
 4136     416   305   316   306
 4137      36   136    26   137
 4138     326   226   327   216
 4139     305   406   306   416
 4140      14   125   115    15
 4141     227   338   228   238
 4142     127   128   117    17
 4143     327   216   227   217
 4144      15     4   115    14
 4145     314   315   415   304
 4146     216   105   205   215
 4147     215   204   205   315
 4148     415   526   426   425
 4149     115   225   215   226
 4150      15   125   115   126
 4151     106   116   117     6
 4152     218   328   217   318
 4153     319   329   219   218
 4154      26   126    15    16
 4155      15     4     5   115
 4156     116     6     5    16
 4157     116    15     5   115
 4158     126    25    15   125
 4159     125    25    15    14
 4160     126   116    15    16
 4161      14   114   115   125
 4162     215   104   205   204
 4163     226   125   115   225
 4164     227   228   117   127
 4165     238   227   127   228
 4166     116   126   115   226
 4167       4   105   115   104
 4168       4   104   115   114
 4169     525   425   415   414
 4170     415   315   426   416
 4171     214   104   215   204
 4172     114   104   215   214
 4173     115   104   215   114
 4174     429   329   319   318
 4175     317   306   417   316
 4176     417   306   407   406
 4177     405   506   406   516
 4178     217   318   207   218
 4179     517   506   406   507
 4180     306   205   316   206
 4181     536   425   426   526
 4182     204   315   305   205
 4183     204   304   305   315
 4184     406   517   416   516
 4185     515   404   405   505
 4186     426   325   326   315
 4187     526   516   416   527
 4188     525   526   415   425
 4189     515   526   415   525
 4190     327   337   227   226
 4191     319   318   208   308
 4192     208   309   209   319
 4193     315   425   426   325
 4194     415   425   426   315
 4195     426   315   316   416
 4196      26   126   127   137
 4197     406   405   416   305
 4198     415   305   416   405
 4199     517   518   407   417
 4200     225   226   326   215
 4201     317   316   327   216
 4202     215   325   326   225
 4203     317   316   417   427
 4204     406   416   417   306
 4205     316   216   317   206
 4206     408   519   418   518
 4207     436   437   326   336
 4208     426   437   326   436
 4209     215   315   326   325
 4210     428   317   328   318
 4211     316   206   317   306
 4212     216   206   316   205
 4213     305   205   316   306
 4214     305   315   316   205
 4215     215   216   316   205
 4216     205   315   316   215
 4217     218   208   219   319
 4218     406   517   417   416
 4219     339   239   229   228
 4220     518   529   418   528
 4221     127   128    17    27
 4222     438   338   327   337
 4223     316   306   417   416
 4224     327   317   427   316
 4225     418   318   429   419
 4226     418   417   428   317
 4227     527   538   427   537
 4228     438   437   427   538
 4229     326   437   327   337
 4230     517   527   417   416
 4231     427   416   417   527
 4232     426   416   427   527
 4233     426   326   427   316
 4234     327   316   427   326
 4235     517   507   407   518
 4236     437   537   427   538
 4237     327   326   427   437
 4238     426   537   427   437
 4239     337   226   327   326
 4240       6   116   117    16
 4241     337   437   327   438
 4242     418   317   428   318
 4243     429   529   428   418
 4244     538   438   428   427
 4245     216   116   217   106
 4246     238   138   127   137
 4247     427   317   428   417
 4248     429   318   319   419
 4249     228   218   229   329
 4250     429   329   328   439
 4251     419   529   429   418
 4252     227   217   228   328
 4253       7     6   107   117
 4254     439   438   328   428
 4255     428   318   328   429
 4256     429   318   328   329
 4257     227   328   228   338
 4258     317   318   217   328
 4259     417   307   418   407
 4260     317   307   418   417
 4261     317   318   418   307
 4262     427   528   428   538
 4263     417   528   428   427
 4264     419   529   418   519
 4265     518   519   418   529
 4266     539   528   428   529
 4267     539   529   428   429
 4268     117   106   107   217
 4269     438   327   328   428
 4270     327   317   328   428
 4271     539   538   428   528
 4272     438   538   428   539
 4273     418   318   308   307
 4274     327   226   227   216
 4275     439   539   428   429
 4276     439   438   428   539
 4277     339   338   328   439
 4278     439   329   328   339
 4279      38   138    28   139
 4280     328   329   228   339
 4281     218   208   108   219
 4282     419   309   308   319
 4283     319   318   308   419
 4284     408   419   308   418
 4285     418   419   308   318
 4286     309   419   308   409
 4287     408   409   308   419
 4288      27    16    17   127
 4289     228   329   229   339
 4290     116   126   127    16
 4291      19    18     8   119
 4292     139    39    28    38
 4293     139   138    28   128
 4294     227   217   117   228
 4295     226   237   227   126
 4296      18    17   118   128
 4297      18   119   118     8
 4298      37   138    27    38
 4299     217   106   207   206
 4300     139    29    28    39
 4301      37   137    27   138
 4302     108   109   119   219
 4303     219   329   229   218
 4304     218   328   228   217
 4305     128   139   129    28
 4306     239   238   228   339
 4307     237   126   127   227
 4308     317   216   217   206
 4309     216   226   227   116
 4310     218   318   207   208
 4311     338   237   227   337
 4312       8   108   118     7
 4313      28   128    18   129
 4314     308   318   207   307
 4315     338   337   227   327
 4316     208   318   207   308
 4317      28    38    27   138
 4318     328   338   227   327
 4319     217   317   207   318
 4320     307   317   207   206
 4321     216   116   227   217
 4322     307   318   207   317
 4323     339   338   228   328
 4324     339   238   228   338
 4325     238   228   127   128
 4326      26   137    27    37
 4327     229   239   128   228
 4328      28   139   129    29
 4329     119   109     8     9
 4330      28   138    27   128
 4331     127   128    27   138
 4332      17    16   117   127
 4333      16   126   127    26
 4334     139   138   128   239
 4335     239   238   128   228
 4336     239   138   128   238
 4337     128    28    18    17
 4338     127    16   117   116
 4339     128   229   129   239
 4340     127   137    27    26
 4341     217   116   117   106
 4342     116   227   117   127
 4343       6    16   117    17
 4344     127   138    27   137
 4345     107   218   118   117
 4346     217   218   117   228
 4347     116   217   117   227
 4348     117   217   107   218
 4349     117    17     7     6
 4350     208   218   108   107
 4351     218   217   107   207
 4352     127   228   117   128
 4353     117   228   118   128
 4354     119   219   118   108
 4355     219   209   108   109
 4356     208   209   108   219
 4357     119    18   118   129
 4358     108   218   118   107
 4359     108   219   118   218
 4360      18   129    19    29
 4361     128    17   118   117
 4362     119     9     8    19
 4363       8     7   118    18
 4364     108   107   118     7
 4365     117     7   118   107
 4366      18     7   118    17
 4367     117    17   118     7
 4368     119   129   118   229
 4369     128   229   118   129
 4370     228   218   118   229
 4371     228   229   118   128
 4372     119   229   118   219
 4373     218   219   118   229
# Generated by c:\dev\polylla3D\tetgen\build\tetgen.exe -fzenn c:\dev\polylla3D\data\1000uniform.node 
