9911  1
    0    184   248   180  0        0    995
    1    184   251   248  0        0     63
    2    180   251   184  0        0    971
    3    180   248   251  0        0    908
    4    299   375   227  0        1   1146
    5    299   298   375  0        1   1537
    6    227   298   299  0        1    909
    7    227   375   298  0        1   1148
    8    818   935   881  0        2   3340
    9    818   802   935  1        2     -1
   10    881   802   818  0        2   3341
   11    881   935   802  0        2   3368
   12    182   309   286  1        3     -1
   13    182   260   309  0        3   2228
   14    286   260   182  0        3      8
   15    286   309   260  0        3    715
   16    136   132   172  0        4   2119
   17    136   241   132  0        4   2158
   18    172   241   136  0        4   2088
   19    172   132   241  0        4    257
   20    303   393   355  0        5   2453
   21    303   441   393  0        5   1688
   22    355   441   303  0        5   2352
   23    355   393   441  0        5    701
   24    265   244   187  0        6   1514
   25    265   168   244  0        6   1364
   26    187   168   265  0        6    987
   27    187   244   168  0        6   1565
   28    668   758   691  1        7     -1
   29    668   803   758  0        7   2588
   30    691   803   668  0        7   2949
   31    691   758   803  0        7   2990
   32    286   260   225  0        8    717
   33    225   182   286  0        8     79
   34    225   260   182  0        8    290
   35    180   108   143  0        9    597
   36    180   113   108  0        9    975
   37    143   113   180  0        9    138
   38    143   108   113  0        9   1002
   39    407   504   460  0       10    283
   40    407   544   504  0       10   2781
   41    460   544   407  0       10   2211
   42    460   504   544  0       10   2745
   43    524   510   409  0       11   4136
   44    524   431   510  0       11   4106
   45    409   431   524  0       11    855
   46    409   510   431  0       11   4407
   47    367   278   256  0       12   2152
   48    367   381   278  0       12   2339
   49    256   381   367  0       12   2439
   50    256   278   381  1       12     -1
   51    554   544   590  0       13   2153
   52    554   514   544  0       13   2764
   53    590   514   554  0       13   2725
   54    590   544   514  0       13   2765
   55    102   132    29  0       14   1834
   56    102   155   132  0       14   2245
   57     29   155   102  0       14    611
   58     29   132   155  0       14   2171
   59    118   141   158  0       15    109
   60    118    38   141  0       15   1075
   61    158    38   118  0       15   1055
   62    158   141    38  0       15   1076
   63    281   369   234  0       16   2547
   64    281   308   369  0       16   1942
   65    234   308   281  0       16    106
   66    234   369   308  0       16    989
   67     45    65   115  0       17   2269
   68     45    16    65  1       17     -1
   69    115    16    45  0       17   2186
   70    115    65    16  0       17   2277
   71    236   269   285  0       18   1296
   72    236   338   269  0       18   1905
   73    285   338   236  0       18   1786
   74    285   269   338  0       18    172
   75    150   167    17  0       19    772
   76    150   106   167  0       19    137
   77     17   106   150  0       19   1091
   78     17   167   106  1       19     -1
   79    659   655   534  0       20   3180
   80    659   630   655  0       20   3215
   81    534   630   659  0       20   2625
   82    534   655   630  0       20   3193
   83    143   272   225  0       21    615
   84    143   195   272  0       21    639
   85    225   195   143  0       21    631
   86    225   272   195  0       21     58
   87    644   641   717  0       22   3742
   88    644   578   641  0       22   3788
   89    717   578   644  0       22   3571
   90    717   641   578  0       22   3518
   91    825   814   859  0       23   3187
   92    825   724   814  1       23     -1
   93    859   724   825  0       23   3030
   94    859   814   724  0       23   2637
   95    230   171   150  0       24   1141
   96    230   154   171  0       24    934
   97    150   154   230  0       24    808
   98    150   171   154  0       24   1135
   99    245   300   323  0       25   2411
  100    245   332   300  0       25   2318
  101    323   332   245  0       25   2511
  102    323   300   332  0       25   2041
  103    277   364   287  0       26   1246
  104    277   430   364  1       26     -1
  105    287   430   277  0       26    255
  106    287   364   430  0       26    126
  107    227   138   216  0       27   1143
  108    227   187   138  0       27    101
  109    216   187   227  0       27    958
  110    216   138   187  0       27    964
  111    467   541   434  0       28    431
  112    467   472   541  0       28   3408
  113    434   472   467  0       28   1625
  114    434   541   472  1       28     -1
  115    216   199   239  0       29   1079
  116    216   149   199  0       29   1070
  117    239   149   216  0       29     91
  118    239   199   149  0       29    124
  119     18   138    77  0       30    954
  120     18   150   138  0       30   1540
  121     77   150    18  0       30    952
  122     77   138   150  0       30   1102
  123     13   143   140  0       31     80
  124     13   225   143  0       31    631
  125    140   225    13  0       31    506
  126    140   143   225  0       31    617
  127    767   748   781  0       32   3980
  128    767   681   748  0       32   3931
  129    781   681   767  1       32     -1
  130    781   748   681  1       32     -1
  131    299   354   429  0       33   1174
  132    299   267   354  0       33   1422
  133    429   267   299  0       33   1535
  134    429   354   267  0       33   1466
  135    121   144   222  0       34   1259
  136    121   200   144  0       34   1373
  137    222   200   121  0       34   1367
  138    222   144   200  0       34   1384
  139    163   104   147  0       35   1549
  140    163     8   104  0       35    963
  141    147     8   163  0       35   1161
  142    147   104     8  0       35   1368
  143    446   519   448  0       36   1227
  144    446   447   519  1       36     -1
  145    448   447   446  0       36   1166
  146    448   519   447  0       36    128
  147    454   450   373  0       37    913
  148    454   457   450  0       37    896
  149    373   457   454  0       37    765
  150    373   450   457  0       37    915
  151    307   358   225  0       38    333
  152    307   272   358  0       38    654
  153    225   272   307  0       38     73
  154    225   358   272  0       38    551
  155    844   937   915  0       39   3695
  156    844   834   937  0       39   3188
  157    915   834   844  1       39     -1
  158    915   937   834  0       39   3698
  159    653   592   540  0       40   4103
  160    653   637   592  0       40   4070
  161    540   637   653  0       40   1472
  162    540   592   637  0       40   4109
  163    846   861   847  0       41   3850
  164    846   781   861  1       41     -1
  165    847   781   846  0       41   3984
  166    847   861   781  1       41     -1
  167      2    45    87  1       42     -1
  168      2   162    45  0       42   2114
  169     87   162     2  0       42   2095
  170     87    45   162  0       42   2066
  171    178   233   193  0       43   1869
  172    178   284   233  0       43   1981
  173    193   284   178  0       43   1393
  174    193   233   284  0       43   1859
  175     51    25   130  0       44   1985
  176     51    75    25  1       44     -1
  177    130    75    51  0       44   1590
  178    130    25    75  0       44   1978
  179    151   189   236  0       45   1906
  180    151   131   189  0       45   1828
  181    236   131   151  0       45   1872
  182    236   189   131  0       45   1853
  183    258   238   222  0       46   1706
  184    258   297   238  0       46   1307
  185    222   297   258  0       46   1679
  186    222   238   297  0       46   1741
  187    703   774   693  0       47   3928
  188    703   834   774  0       47   4191
  189    693   834   703  0       47   3950
  190    693   774   834  1       47     -1
  191    996   856   854  0       48   4250
  192    996   928   856  0       48   4210
  193    854   928   996  0       48   4253
  194    854   856   928  0       48   4003
  195    599   607   669  0       49   4079
  196    599   697   607  0       49   1182
  197    669   697   599  0       49    203
  198    669   607   697  1       49     -1
  199     64   125   135  0       50    607
  200     64   158   125  0       50   1063
  201    135   158    64  0       50    592
  202    135   125   158  0       50    804
  203    448   423   331  0       51   1110
  204    448   396   423  0       51    840
  205    331   396   448  0       51    777
  206    331   423   396  0       51    894
  207    819   906   858  0       52    481
  208    819   815   906  0       52   3678
  209    858   815   819  0       52   3637
  210    858   906   815  0       52    528
  211    436   479   372  0       53    573
  212    436   451   479  0       53   4513
  213    372   451   436  0       53    702
  214    372   479   451  1       53     -1
  215    452   554   460  0       54    328
  216    452   463   554  0       54   2739
  217    460   463   452  0       54   2512
  218    460   554   463  0       54   2744
  219    477   570   575  0       55   3700
  220    477   540   570  0       55    499
  221    575   540   477  0       55   2386
  222    575   570   540  0       55    141
  223    139   208   268  0       56   2307
  224    139   262   208  0       56   2262
  225    268   262   139  0       56   1604
  226    268   208   262  0       56   1690
  227    644   736   652  0       57   3523
  228    644   717   736  0       57   3325
  229    652   717   644  0       57   3530
  230    652   736   717  0       57    374
  231    225   270   195  0       58    793
  232    225   272   270  0       58    761
  233    195   270   272  0       58    663
  234    737   757   688  0       59   4582
  235    737   656   757  1       59     -1
  236    688   656   737  0       59   4551
  237    688   757   656  0       59   4569
  238    482   520   494  0       60   3585
  239    482   401   520  0       60    453
  240    494   401   482  0       60   1708
  241    494   520   401  0       60   3388
  242     19   143    13  0       61    664
  243     19    80   143  0       61   1032
  244     13    80    19  1       61     -1
  245     13   143    80  0       61    599
  246     71    50    39  1       62     -1
  247     71   154    50  0       62   1276
  248     39   154    71  0       62   1005
  249     39    50   154  0       62   1302
  250    251   248   324  0       63    992
  251    324   184   251  0       63    864
  252    324   248   184  0       63    981
  253    527   595   454  0       64   4234
  254    527   542   595  0       64    412
  255    454   542   527  0       64   4353
  256    454   595   542  0       64   4333
  257     45    63   162  0       65   2121
  258     45   145    63  0       65   2004
  259    162   145    45  0       65   2114
  260    162    63   145  0       65   2127
  261    799   736   786  0       66   3559
  262    799   710   736  0       66   3267
  263    786   710   799  0       66   3550
  264    786   736   710  0       66   3351
  265    524   526   447  0       67   4385
  266    524   539   526  0       67   4405
  267    447   539   524  0       67   4345
  268    447   526   539  0       67   4386
  269    332   391   417  0       68   1685
  270    332   449   391  0       68   2594
  271    417   449   332  0       68   2111
  272    417   391   449  0       68   1877
  273     49   144   121  0       69   1298
  274     49    62   144  0       69   1138
  275    121    62    49  0       69   1801
  276    121   144    62  0       69   1375
  277    262   352   268  0       70   1504
  278    262   394   352  0       70   2351
  279    268   394   262  0       70   1663
  280    268   352   394  0       70   2281
  281     38   141    27  0       71    594
  282     38     4   141  0       71   1035
  283     27     4    38  1       71     -1
  284     27   141     4  1       71     -1
  285    901   917   879  0       72    392
  286    901   830   917  0       72   3972
  287    879   830   901  0       72    209
  288    879   917   830  0       72   4164
  289    194   307   225  0       73    289
  290    194   272   307  0       73    654
  291    225   272   194  0       73    615
  292    143   248   194  0       74    651
  293    143   272   248  0       74    648
  294    194   272   143  0       74    615
  295    194   248   272  0       74    940
  296    205   136    89  0       75   2170
  297    205   172   136  0       75   2088
  298     89   172   205  0       75    300
  299     89   136   172  0       75   2119
  300     28   136    74  0       76   2151
  301     28    88   136  0       76    223
  302     74    88    28  1       76     -1
  303     74   136    88  0       76   2123
  304    424   503   419  0       77   4043
  305    424   376   503  0       77   4006
  306    419   376   424  0       77    883
  307    419   503   376  0       77   4096
  308    290   282   304  0       78    818
  309    290   212   282  0       78   1073
  310    304   212   290  0       78    780
  311    304   282   212  0       78    585
  312    225   173   286  0       79    647
  313    182   173   225  0       79    634
  314    182   286   173  1       79     -1
  315    140    93   143  0       80   1022
  316     13    93   140  0       80    623
  317     13   143    93  0       80    664
  318    798   892   869  0       81   3649
  319    798   775   892  0       81   3420
  320    869   775   798  0       81   3346
  321    869   892   775  0       81   3882
  322    342   213   247  0       82   1643
  323    342   250   213  0       82    997
  324    247   250   342  0       82    231
  325    247   213   250  0       82    953
  326     61    37   152  1       83     -1
  327     61   135    37  0       83    183
  328    152   135    61  0       83    591
  329    152    37   135  0       83    188
  330    254   176   179  1       84     -1
  331    254   125   176  0       84    595
  332    179   125   254  0       84    750
  333    179   176   125  0       84    608
  334    187   149   216  0       85    964
  335    187   266   149  0       85    688
  336    216   266   187  0       85    958
  337    216   149   266  0       85     91
  338    168   213   268  0       86    931
  339    168   291   213  0       86   1546
  340    268   291   168  0       86    929
  341    268   213   291  0       86   1661
  342    980   938   898  0       87   4611
  343    980  1010   938  1       87     -1
  344    898  1010   980  0       87   4590
  345    898   938  1010  0       87   3924
  346    349   305   200  0       88   1387
  347    349   221   305  0       88   1381
  348    200   221   349  0       88     93
  349    200   305   221  0       88   1386
  350     43    36    29  1       89     -1
  351     43   132    36  0       89   2212
  352     29   132    43  0       89   1834
  353     29    36   132  0       89   2171
  354    454   346   316  0       90    783
  355    454   450   346  0       90    904
  356    316   450   454  0       90    913
  357    316   346   450  0       90    889
  358    239   266   216  0       91    153
  359    239   149   266  0       91    968
  360    703   787   771  0       92   4052
  361    703   834   787  0       92   3950
  362    771   834   703  0       92   4191
  363    771   787   834  0       92   4181
  364    255   221   349  0       93   1283
  365    255   200   221  0       93   1385
  366    349   200   255  0       93   1275
  367    414   327   438  0       94    948
  368    414   324   327  0       94    421
  369    438   324   414  0       94   2242
  370    438   327   324  0       94    245
  371    712   672   622  0       95   2843
  372    712   663   672  0       95   2000
  373    622   663   712  0       95   2695
  374    622   672   663  0       95   2652
  375    726   598   614  0       96   4439
  376    726   615   598  0       96    857
  377    614   615   726  0       96   4381
  378    614   598   615  0       96   4283
  379    284   245   193  0       97   1859
  380    284   323   245  0       97   2034
  381    193   323   284  0       97    370
  382    193   245   323  0       97   2025
  383    251   291   384  0       98   1533
  384    251   325   291  0       98   1229
  385    384   325   251  0       98   1039
  386    384   291   325  0       98   1513
  387    457   431   404  0       99   4432
  388    457   366   431  0       99    839
  389    404   366   457  0       99    699
  390    404   431   366  0       99   4502
  391     77   163   209  0      100   1128
  392     77   147   163  0      100   1161
  393    209   147    77  0      100   1342
  394    209   163   147  0      100   1371
  395    227   196   138  0      101    962
  396    187   196   227  0      101   1429
  397    187   138   196  0      101   1539
  398    663   566   547  0      102    281
  399    663   613   566  0      102    337
  400    547   613   663  0      102   2672
  401    547   566   613  0      102   2722
  402    711   631   620  0      103    332
  403    711   683   631  0      103   3764
  404    620   683   711  0      103    545
  405    620   631   683  0      103   4352
  406    146   145     2  0      104   2093
  407    146   188   145  0      104    312
  408      2   188   146  0      104   2065
  409      2   145   188  0      104   2101
  410    476   438   528  0      105   1496
  411    476   450   438  0      105    507
  412    528   450   476  0      105   3774
  413    528   438   450  0      105    508
  414    208   308   281  0      106   1689
  415    208   234   308  0      106   1681
  416    281   234   208  0      106   2306
  417    517   584   483  0      107   3281
  418    517   585   584  0      107   3257
  419    483   585   517  0      107   1594
  420    483   584   585  1      107     -1
  421    150   154    77  0      108   1003
  422    150   209   154  0      108   1131
  423     77   209   150  0      108   1128
  424     77   154   209  0      108   1342
  425    118   199   158  0      109   1049
  426    118   141   199  0      109    690
  427    158   199   141  0      109   1064
  428    868   989   991  0      110   2911
  429    868   955   989  0      110   2921
  430    991   955   868  0      110   2938
  431    991   989   955  1      110     -1
  432    346   347   384  0      111   1516
  433    346   454   347  0      111    783
  434    384   454   346  0      111    736
  435    384   347   454  0      111    424
  436    225   173    92  0      112    638
  437    225    80   173  0      112    646
  438     92    80   225  0      112    278
  439     92   173    80  0      112    652
  440    471   443   454  0      113   4368
  441    471   384   443  0      113   1336
  442    454   384   471  0      113    404
  443    454   443   384  0      113    424
  444    192   229   162  0      114   2258
  445    192   172   229  0      114   2375
  446    162   172   192  0      114   2189
  447    162   229   172  0      114   2150
  448    720   683   620  0      115    545
  449    720   629   683  0      115   2767
  450    620   629   720  0      115   4363
  451    620   683   629  0      115   4352
  452     79   112   178  0      116   2020
  453     79    42   112  0      116   2072
  454    178    42    79  0      116   1605
  455    178   112    42  0      116    211
  456    723   764   721  0      117   3333
  457    723   811   764  0      117   3360
  458    721   811   723  0      117   3245
  459    721   764   811  0      117    429
  460     59    65   114  0      118   2238
  461     59     6    65  1      118     -1
  462    114     6    59  0      118   2261
  463    114    65     6  0      118   2279
  464    344   292   235  0      119   2100
  465    344   260   292  0      119    741
  466    235   260   344  0      119   2421
  467    235   292   260  0      119   2222
  468    178   185    79  0      120   1530
  469    178    12   185  0      120   1635
  470     79    12   178  0      120   1605
  471     79   185    12  0      120   1576
  472     77   120   150  0      121    952
  473     77   163   120  0      121    735
  474    150   163    77  0      121   1128
  475    150   120   163  0      121    157
  476    301   396   331  0      122    870
  477    301   387   396  1      122     -1
  478    331   387   301  0      122    879
  479    331   396   387  0      122    894
  480    297   160   222  0      123   1741
  481    297   250   160  0      123   1735
  482    222   250   297  0      123   1722
  483    222   160   250  0      123   1733
  484    149   118   199  0      124    690
  485    239   118   149  0      124    994
  486    239   199   118  0      124   1049
  487    696   641   665  0      125   3744
  488    696   637   641  0      125    553
  489    665   637   696  0      125   3804
  490    665   641   637  0      125   3838
  491    287   364   314  0      126   1246
  492    314   430   287  0      126   1207
  493    314   364   430  0      126   1433
  494    527   595   629  0      127    412
  495    527   574   595  0      127   4138
  496    629   574   527  0      127   2947
  497    629   595   574  0      127   4427
  498    519   539   448  0      128   2835
  499    519   447   539  0      128    169
  500    448   539   447  0      128   2881
  501   1005   882   976  0      129   3686
  502   1005   964   882  0      129   3411
  503    976   964  1005  1      129     -1
  504    976   882   964  0      129   3403
  505    333   467   434  0      130   1442
  506    333   319   467  0      130   1438
  507    434   319   333  1      130     -1
  508    434   467   319  0      130   1746
  509     83    70   157  0      131   1344
  510     83    14    70  1      131     -1
  511    157    14    83  0      131   1555
  512    157    70    14  0      131   1100
  513    284   238   321  0      132   1787
  514    284   185   238  0      132   1295
  515    321   185   284  0      132   1702
  516    321   238   185  0      132   1813
  517    194   232   307  0      133   2335
  518    194   248   232  0      133    993
  519    307   248   194  0      133    977
  520    307   232   248  0      133    985
  521    298   340   259  0      134   1193
  522    298   253   340  0      134   1097
  523    259   253   298  0      134   1200
  524    259   340   253  1      134     -1
  525    230   259   227  0      135   1151
  526    230   167   259  1      135     -1
  527    227   167   230  0      135   1139
  528    227   259   167  0      135    159
  529    295   301   216  0      136    809
  530    295   224   301  1      136     -1
  531    216   224   295  0      136    665
  532    216   301   224  0      136   1051
  533    171   167   150  0      137   1141
  534    171   106   167  1      137     -1
  535    150   106   171  0      137   1135
  536    143   113   194  0      138   1021
  537    194   180   143  0      138    651
  538    194   113   180  0      138   1009
  539    280   284   193  0      139   1416
  540    280   281   284  0      139   2012
  541    193   281   280  0      139   1285
  542    193   284   281  0      139    370
  543    673   618   639  0      140   3022
  544    673   590   618  0      140   2663
  545    639   590   673  0      140   2747
  546    639   618   590  0      140   2758
  547    540   643   570  0      141   3793
  548    575   643   540  0      141   3758
  549    575   570   643  0      141   4348
  550    213   215   342  0      142    997
  551    213   291   215  0      142   1546
  552    342   291   213  0      142   1662
  553    342   215   291  0      142    936
  554    124   205   162  0      143   2147
  555    124   145   205  0      143   2037
  556    162   145   124  0      143   2129
  557    162   205   145  0      143    284
  558    476   436   362  0      144    743
  559    476   358   436  0      144    697
  560    362   358   476  0      144   2385
  561    362   436   358  0      144    745
  562    620   595   577  0      145   4355
  563    620   667   595  0      145   4360
  564    577   667   620  0      145    554
  565    577   595   667  0      145   4344
  566    357   368   312  0      146    815
  567    357   408   368  0      146    988
  568    312   408   357  0      146   1439
  569    312   368   408  0      146   1460
  570     11   142   177  0      147   1591
  571     11    55   142  0      147   2304
  572    177    55    11  0      147   2260
  573    177   142    55  0      147   1639
  574    415   330   368  0      148   1727
  575    415   342   330  0      148   1719
  576    368   342   415  0      148   1475
  577    368   330   342  0      148   1701
  578    335   238   321  0      149   1349
  579    335   285   238  0      149   1745
  580    321   285   335  0      149   1627
  581    321   238   285  0      149   1787
  582     13   225    80  0      150    278
  583     13   195   225  0      150    631
  584     80   195    13  0      150    599
  585     80   225   195  0      150    653
  586    149   138    76  0      151   1103
  587    149    33   138  0      151   1108
  588     76    33   149  0      151    708
  589     76   138    33  0      151    999
  590    135    38    58  0      152    951
  591    135    64    38  0      152    592
  592     58    64   135  0      152    605
  593     58    38    64  1      152     -1
  594    216   331   266  0      153    852
  595    239   331   216  0      153    640
  596    239   266   331  0      153    784
  597    583   539   571  0      154    489
  598    583   519   539  0      154    169
  599    571   519   583  0      154   4074
  600    571   539   519  0      154   2835
  601    803   841   883  0      155   2996
  602    803   760   841  0      155   2645
  603    883   760   803  0      155   2966
  604    883   841   760  0      155   3005
  605    846   847   949  0      156   3951
  606    846   804   847  0      156   3987
  607    949   804   846  0      156   3971
  608    949   847   804  0      156   3751
  609    163   196   120  0      157    642
  610    150   196   163  0      157   1340
  611    150   120   196  0      157   1562
  612    331   375   448  0      158   1110
  613    331   365   375  0      158    479
  614    448   365   331  0      158    777
  615    448   375   365  0      158   1168
  616    227   259   295  0      159    920
  617    295   167   227  0      159    649
  618    295   259   167  1      159     -1
  619    267   291   325  0      160   1509
  620    267   354   291  0      160   1270
  621    325   354   267  0      160   1422
  622    325   291   354  0      160   1486
  623    305   486   349  0      161   1252
  624    305   364   486  1      161     -1
  625    349   364   305  0      161    178
  626    349   486   364  0      161    476
  627    164   243   287  0      162   1220
  628    164   190   243  0      162   1359
  629    287   190   164  0      162   1291
  630    287   243   190  0      162   1202
  631    674   523   628  0      163   3938
  632    674   546   523  0      163   4004
  633    628   546   674  0      163   3991
  634    628   523   546  0      163   1209
  635     39   150    77  0      164   1003
  636     39   106   150  0      164    176
  637     77   106    39  1      164     -1
  638     77   150   106  0      164   1091
  639    393   252   302  0      165   2425
  640    393   315   252  0      165    834
  641    302   315   393  0      165   1988
  642    302   252   315  0      165   2449
  643    423   429   448  0      166   4007
  644    423   375   429  0      166   1093
  645    448   375   423  0      166   1110
  646    448   429   375  0      166   1125
  647    259   298   230  0      167   1200
  648    259   150   298  0      167    709
  649    230   150   259  0      167   1151
  650    230   298   150  0      167    808
  651    107   160    70  0      168   1802
  652    107    41   160  0      168   1830
  653     70    41   107  1      168     -1
  654     70   160    41  0      168   1738
  655    583   447   539  0      169   4386
  656    519   447   583  1      169     -1
  657    346   347   316  0      170    783
  658    346   265   347  0      170   1517
  659    316   265   346  0      170    766
  660    316   347   265  0      170    273
  661    118    38    60  0      171    671
  662    118    56    38  0      171   1037
  663     60    56   118  0      171    672
  664     60    38    56  1      171     -1
  665    285   269   405  0      172   1476
  666    405   338   285  0      172   1767
  667    405   269   338  0      172    360
  668    902   855   892  0      173   3881
  669    902   842   855  0      173   3885
  670    892   842   902  0      173   3436
  671    892   855   842  0      173   3707
  672    806   683   711  0      174   4269
  673    806   720   683  0      174    738
  674    711   720   806  0      174   4238
  675    711   683   720  0      174    545
  676    153   192   115  0      175   2163
  677    153   172   192  0      175    276
  678    115   172   153  0      175   2160
  679    115   192   172  0      175   2189
  680     39    71   150  0      176   1005
  681    106    71    39  1      176     -1
  682    106   150    71  0      176   1133
  683    458   477   505  0      177   3756
  684    458   427   477  0      177   1524
  685    505   427   458  0      177   3761
  686    505   477   427  0      177   1406
  687    314   305   349  0      178   1387
  688    314   364   305  0      178   1389
  689    349   364   314  0      178   1398
  690    183   134   314  0      179   1337
  691    183   211   134  0      179   1230
  692    314   211   183  0      179   1313
  693    314   134   211  0      179   1312
  694   1006   952   864  0      180   3035
  695   1006   943   952  1      180     -1
  696    864   943  1006  0      180   2768
  697    864   952   943  0      180   3040
  698    702   738   651  0      181    678
  699    702   686   738  0      181   4587
  700    651   686   702  0      181   2839
  701    651   738   686  0      181   4477
  702    125    80    53  0      182    186
  703    125   109    80  0      182    593
  704     53   109   125  0      182    609
  705     53    80   109  0      182    604
  706     58    37    61  1      183     -1
  707     58   135    37  0      183    605
  708     61   135    58  0      183    590
  709    316   217   310  0      184    518
  710    316   272   217  0      184    628
  711    310   272   316  0      184    774
  712    310   217   272  0      184    194
  713    225   296   179  0      185    523
  714    225   195   296  0      185    680
  715    179   195   225  0      185    660
  716    179   296   195  0      185    789
  717     64    80    53  1      186     -1
  718     64   125    80  0      186    676
  719     53   125    64  0      186    606
  720    125   173   179  0      187    658
  721    125   195   173  0      187    637
  722    179   195   125  0      187    769
  723    179   173   195  0      187    660
  724    135   176    37  0      188    582
  725    152   176   135  0      188    596
  726    152    37   176  1      188     -1
  727     47   120   168  0      189   1541
  728     47   103   120  0      189   1451
  729    168   103    47  0      189    945
  730    168   120   103  0      189    218
  731    117   129    79  0      190    998
  732    117    21   129  0      190   1659
  733     79    21   117  0      190   1452
  734     79   129    21  0      190   2054
  735    157   203    95  0      191   1570
  736    157   121   203  0      191    914
  737     95   121   157  0      191   1370
  738     95   203   121  0      191   1571
  739    156   219   153  0      192   2326
  740    156   127   219  0      192   2175
  741    153   127   156  0      192    310
  742    153   219   127  0      192   1666
  743     42   112   107  0      193    211
  744     42   131   112  0      193   1617
  745    107   131    42  0      193   1833
  746    107   112   131  0      193   1862
  747    272   290   217  0      194    955
  748    310   290   272  0      194    774
  749    310   217   290  0      194    858
  750    375   424   365  0      195    922
  751    375   298   424  0      195   1171
  752    365   298   375  0      195    479
  753    365   424   298  0      195   1132
  754    792   910   922  0      196   3923
  755    792   846   910  0      196   3900
  756    922   846   792  0      196   3948
  757    922   910   846  0      196    504
  758    775   725   801  0      197   3413
  759    775   788   725  0      197   3589
  760    801   788   775  0      197   3181
  761    801   725   788  0      197   1195
  762    121   203   147  0      198   1572
  763    121   200   203  0      198   1532
  764    147   200   121  0      198   1282
  765    147   203   200  0      198   1545
  766    131   236   238  0      199   1814
  767    131   258   236  0      199   1842
  768    238   258   131  0      199   1807
  769    238   236   258  0      199   1421
  770    172   275   293  0      200    982
  771    172   205   275  0      200   2136
  772    293   205   172  0      200   1467
  773    293   275   205  0      200    246
  774    467   520   587  0      201   3390
  775    467   485   520  0      201   1902
  776    587   485   467  0      201   3369
  777    587   520   485  0      201   3231
  778    184   177   268  0      202    970
  779    184   251   177  0      202    667
  780    268   251   184  0      202    864
  781    268   177   251  0      202    277
  782    706   697   599  0      203   3959
  783    706   669   697  0      203   3311
  784    599   669   706  0      203   1248
  785    411   284   321  0      204   1624
  786    411   425   284  0      204   1781
  787    321   425   411  0      204   1640
  788    321   284   425  0      204   1682
  789    200   134   261  0      205   1333
  790    200   147   134  0      205   1191
  791    261   147   200  0      205   1545
  792    261   134   147  0      205   1335
  793    467   541   587  0      206   3369
  794    467   635   541  0      206   3449
  795    587   635   467  0      206   3390
  796    587   541   635  0      206   3824
  797    907   857   958  0      207   3641
  798    907   881   857  0      207   3429
  799    958   881   907  0      207   3385
  800    958   857   881  0      207   3393
  801    485   481   405  0      208   1714
  802    485   468   481  0      208   3488
  803    405   468   485  0      208   1678
  804    405   481   468  0      208   1067
  805    879   817   901  0      209   3796
  806    879   830   817  0      209   3735
  807    901   817   830  0      209   3492
  808    286   390   372  1      210     -1
  809    286   362   390  0      210    686
  810    372   362   286  0      210    714
  811    372   390   362  0      210    729
  812    178   112   107  0      211   1862
  813    107    42   178  0      211   1588
  814     83   139   157  0      212   1018
  815     83   148   139  0      212   1637
  816    157   148    83  0      212   1344
  817    157   139   148  0      212   1612
  818    410   555   441  0      213   2730
  819    410   564   555  0      213   1478
  820    441   564   410  0      213   2830
  821    441   555   564  0      213   2501
  822     55   142    21  0      214   2003
  823     55    59   142  0      214   2304
  824     21    59    55  1      214     -1
  825     21   142    59  0      214   1597
  826    110    85   159  0      215   1950
  827    110    68    85  0      215   1710
  828    159    68   110  0      215   1888
  829    159    85    68  1      215     -1
  830    378   361   400  0      216   2553
  831    378   379   361  0      216   2256
  832    400   379   378  0      216   2403
  833    400   361   379  0      216   2551
  834    587   541   485  0      217   3369
  835    587   472   541  0      217    467
  836    485   472   587  0      217   1739
  837    485   541   472  0      217   3408
  838    103   187   120  0      218   1564
  839    168   187   103  0      218    946
  840    168   120   187  0      218   1565
  841    114   156   115  0      219   2314
  842    114    65   156  0      219   2238
  843    115    65   114  0      219   2279
  844    115   156    65  0      219   2166
  845    110   202   151  0      220    382
  846    110   159   202  0      220   2029
  847    151   159   110  0      220   1888
  848    151   202   159  0      220    294
  849    588   640   614  0      221   4473
  850    588   509   640  0      221   4424
  851    614   509   588  0      221   3674
  852    614   640   509  0      221   4423
  853    323   369   281  0      222   2053
  854    323   382   369  0      222   2292
  855    281   382   323  0      222   2011
  856    281   369   382  0      222   2286
  857     88   136   175  0      223    261
  858    175    28    88  1      223     -1
  859    175   136    28  0      223   2151
  860    350   422   326  1      224     -1
  861    350   431   422  0      224    848
  862    326   431   350  0      224    836
  863    326   422   431  0      224    880
  864    321   330   482  0      225   1756
  865    321   363   330  0      225   1366
  866    482   363   321  0      225   1013
  867    482   330   363  0      225   1211
  868    489   428   445  0      226   2614
  869    489   392   428  1      226     -1
  870    445   392   489  1      226     -1
  871    445   428   392  0      226   2522
  872     15    46   111  0      227   1799
  873     15   151    46  0      227   1891
  874    111   151    15  0      227   1726
  875    111    46   151  0      227   1857
  876    644   725   602  0      228   3512
  877    644   635   725  0      228   3749
  878    602   635   644  0      228   3817
  879    602   725   635  0      228    475
  880    112    51   110  0      229   1866
  881    112    46    51  0      229   2055
  882    110    46   112  0      229   1858
  883    110    51    46  0      229   2040
  884    498   432   482  0      230    389
  885    498   415   432  0      230   1641
  886    482   415   498  0      230   1483
  887    482   432   415  0      230   1462
  888    247   330   342  0      231   1717
  889    247   250   330  0      231   1648
  890    342   330   250  0      231   1701
  891    434   357   349  0      232   1441
  892    434   444   357  0      232   1411
  893    349   444   434  0      232   1205
  894    349   357   444  0      232   1410
  895     42   112    22  0      233   1617
  896     42    46   112  0      233   2055
  897     22    46    42  1      233     -1
  898     22   112    46  0      233    237
  899    319   258   222  0      234   1704
  900    319   357   258  0      234   1711
  901    222   357   319  0      234   1430
  902    222   258   357  0      234    240
  903    361   391   378  0      235   2595
  904    361   452   391  0      235   2571
  905    378   452   361  0      235   2553
  906    378   391   452  0      235   2405
  907    311   402   313  0      236   1931
  908    311   398   402  1      236     -1
  909    313   398   311  0      236   1204
  910    313   402   398  0      236    406
  911     22   112   131  0      237   1617
  912    131    46    22  0      237    388
  913    131   112    46  0      237    241
  914    778   814   900  0      238   3196
  915    778   824   814  0      238   3145
  916    900   824   778  0      238    440
  917    900   814   824  0      238   3178
  918    177   139   268  0      239   2307
  919    177   213   139  0      239   1634
  920    268   213   177  0      239    931
  921    268   139   213  0      239   1604
  922    357   335   258  0      240   1711
  923    222   335   357  0      240   1308
  924    222   258   335  0      240   1679
  925     46   151   112  0      241   1858
  926    131   151    46  0      241   1857
  927    131   112   151  0      241   1871
  928    226   246   264  0      242   2573
  929    226   146   246  0      242   2075
  930    264   146   226  0      242    407
  931    264   246   146  1      242     -1
  932    394   354   384  0      243    753
  933    394   325   354  0      243   1486
  934    384   325   394  0      243   1513
  935    384   354   325  0      243   1162
  936   1011   906   925  1      244     -1
  937   1011   815   906  0      244    528
  938    925   815  1011  0      244   3613
  939    925   906   815  0      244    563
  940    327   355   438  0      245    722
  941    327   324   355  0      245   2340
  942    438   355   324  0      245   2242
  943    293   275   241  0      246   2442
  944    241   205   293  0      246   2494
  945    241   275   205  0      246   2136
  946    110   233   178  0      247   2009
  947    110   214   233  0      247   2035
  948    178   214   110  0      247   1832
  949    178   233   214  0      247   1987
  950    973   852   917  0      248   4036
  951    973   804   852  0      248   4182
  952    917   804   973  0      248   3968
  953    917   852   804  0      248    457
  954    315   275   218  0      249   2138
  955    315   278   275  0      249    286
  956    218   278   315  0      249   2219
  957    218   275   278  0      249   2488
  958    613   712   678  0      250    718
  959    613   684   712  0      250    559
  960    678   684   613  0      250   2148
  961    678   712   684  0      250   2976
  962    431   510   422  0      251   4133
  963    431   500   510  0      251   4106
  964    422   500   431  0      251    854
  965    422   510   500  0      251   4131
  966    115   162   170  0      252   2291
  967    115    87   162  0      252   2066
  968    170    87   115  0      252   1653
  969    170   162    87  0      252   2097
  970    130   233   166  0      253   2042
  971    130   240   233  0      253   2059
  972    166   240   130  1      253     -1
  973    166   233   240  0      253   2027
  974    327   248   358  0      254    938
  975    327   307   248  0      254    985
  976    358   307   327  0      254    303
  977    358   248   307  0      254    977
  978    277   359   430  1      255     -1
  979    277   287   359  0      255   1192
  980    430   359   287  0      255   1249
  981    538   668   601  1      256     -1
  982    538   576   668  0      256    415
  983    601   576   538  0      256   2786
  984    601   668   576  0      256   2699
  985    172   275   241  0      257   2136
  986    172   132   275  0      257   2487
  987    241   275   132  0      257   2490
  988    202   233   311  0      258   2056
  989    202   240   233  0      258   2027
  990    311   240   202  1      258     -1
  991    311   233   240  0      258   1907
  992     34   114   170  0      259   1652
  993     34    87   114  0      259   2266
  994    170    87    34  0      259   2019
  995    170   114    87  0      259   1653
  996     57   116    43  0      260   2190
  997     57   132   116  0      260   2215
  998     43   132    57  0      260   2142
  999     43   116   132  0      260   2212
 1000    175   249   136  0      261   2177
 1001     88   249   175  1      261     -1
 1002     88   136   249  0      261    299
 1003    393   416   441  0      262    701
 1004    393   463   416  0      262   1614
 1005    441   463   393  0      262   2740
 1006    441   416   463  0      262    490
 1007    358   416   438  0      263   1497
 1008    358   327   416  0      263    303
 1009    438   327   358  0      263    941
 1010    438   416   327  0      263    722
 1011    381   407   433  0      264   2436
 1012    381   344   407  0      264   2466
 1013    433   344   381  0      264    306
 1014    433   407   344  0      264   2438
 1015     23    92   109  0      265    598
 1016     23    80    92  1      265     -1
 1017    109    80    23  0      265    604
 1018    109    92    80  0      265    652
 1019    350   366   326  0      266    836
 1020    350   290   366  0      266    860
 1021    326   290   350  0      266    452
 1022    326   366   290  0      266    583
 1023    239   217   310  0      267    858
 1024    239   266   217  0      267    968
 1025    310   266   239  0      267    784
 1026    310   217   266  0      267    518
 1027    769   720   711  0      268   4238
 1028    769   743   720  0      268   4226
 1029    711   743   769  0      268   4257
 1030    711   720   743  0      268   4280
 1031    952   866   956  0      269   3047
 1032    952   926   866  0      269   2924
 1033    956   926   952  1      269     -1
 1034    956   866   926  0      269    444
 1035    580   549   418  0      270   3214
 1036    580   496   549  0      270   2608
 1037    418   496   580  0      270    376
 1038    418   549   496  0      270   3211
 1039    337   428   413  0      271   2521
 1040    337   336   428  0      271   2451
 1041    413   336   337  0      271   2515
 1042    413   428   336  0      271    398
 1043    168   119   187  0      272    946
 1044    168   180   119  0      272    618
 1045    187   180   168  0      272    987
 1046    187   119   180  0      272   1010
 1047    316   347   266  0      273    965
 1048    266   265   316  0      273    891
 1049    266   347   265  0      273   1114
 1050     52    92   140  0      274    619
 1051     52    73    92  1      274     -1
 1052    140    73    52  0      274   2249
 1053    140    92    73  0      274    616
 1054     24   108   119  0      275   1008
 1055     24   113   108  0      275    919
 1056    119   113    24  0      275    600
 1057    119   108   113  0      275    975
 1058    153   218   192  0      276   2445
 1059    172   218   153  0      276   2239
 1060    172   192   218  0      276   2002
 1061    251   168   177  0      277    667
 1062    268   168   251  0      277    929
 1063    268   177   168  0      277    931
 1064     13    92    80  1      278     -1
 1065     13   225    92  0      278    506
 1066     40    65    16  1      279     -1
 1067     40   153    65  0      279   2285
 1068     16   153    40  0      279   2201
 1069     16    65   153  0      279   2277
 1070    561   590   413  0      280   2697
 1071    561   565   590  0      280   2365
 1072    413   565   561  0      280   2700
 1073    413   590   565  0      280   2640
 1074    663   579   547  0      281   2844
 1075    663   566   579  0      281    727
 1076    547   579   566  0      281   2234
 1077    588   536   499  0      282   4440
 1078    588   522   536  0      282   4479
 1079    499   522   588  0      282   4219
 1080    499   536   522  0      282   4091
 1081    460   463   504  0      283   2744
 1082    407   463   460  0      283   2355
 1083    407   504   463  0      283   2760
 1084    162   205   231  0      284   2110
 1085    231   145   162  0      284   2094
 1086    231   205   145  0      284   1023
 1087    386   391   369  0      285   2604
 1088    386   300   391  0      285   2596
 1089    369   300   386  0      285   2044
 1090    369   391   300  0      285   2569
 1091    278   275   367  0      286    614
 1092    367   315   278  0      286   2152
 1093    367   275   315  0      286   2135
 1094    452   566   547  0      287   2724
 1095    452   464   566  0      287   2718
 1096    547   464   452  0      287   2518
 1097    547   566   464  0      287   2482
 1098    170   271   229  0      288   2407
 1099    170   300   271  0      288   2585
 1100    229   300   170  0      288   2550
 1101    229   271   300  0      288   2381
 1102    307   260   194  0      289   2334
 1103    307   225   260  0      289    333
 1104    194   260   225  0      289    679
 1105    140   260   182  0      290    740
 1106    140   225   260  0      290    679
 1107    182   225   140  0      290    634
 1108    749   758   718  0      291   2959
 1109    749   803   758  0      291   2971
 1110    718   803   749  0      291   2688
 1111    718   758   803  0      291   2588
 1112    413   275   400  0      292    304
 1113    413   367   275  0      292   2182
 1114    400   367   413  0      292   2367
 1115    400   275   367  0      292    305
 1116    380   377   313  0      293   1744
 1117    380   284   377  0      293   1903
 1118    313   284   380  0      293   1936
 1119    313   377   284  0      293   2033
 1120    159   214   202  0      294   1876
 1121    151   214   159  0      294   1886
 1122    151   202   214  0      294    382
 1123    538   668   544  0      295    415
 1124    538   618   668  1      295     -1
 1125    544   618   538  0      295   2729
 1126    544   668   618  0      295    723
 1127    862   960   916  0      296   2872
 1128    862   962   960  0      296   3160
 1129    916   962   862  0      296   3314
 1130    916   960   962  1      296     -1
 1131    205   136   124  0      297   2179
 1132    205    32   136  0      297   2170
 1133    124    32   205  0      297   2147
 1134    124   136    32  0      297   2126
 1135    122   127    52  0      298   2144
 1136    122    40   127  0      298    572
 1137     52    40   122  0      298   2235
 1138     52   127    40  0      298   2069
 1139     88   136   124  0      299   2126
 1140    124   249    88  1      299     -1
 1141    124   136   249  0      299   2180
 1142    162   205    89  0      300   1993
 1143    162   172   205  0      300   2542
 1144     89   172   162  0      300   2139
 1145    487   418   388  0      301   1686
 1146    487   402   418  0      301    353
 1147    388   402   487  1      301     -1
 1148    388   418   402  0      301    375
 1149    279   274   379  0      302   2295
 1150    279   378   274  0      302   2586
 1151    379   378   279  0      302   2256
 1152    379   274   378  0      302   2505
 1153    307   416   358  0      303    902
 1154    307   327   416  0      303    890
 1155    293   275   400  0      304   2274
 1156    293   413   275  0      304   2442
 1157    400   413   293  0      304   2483
 1158    320   275   367  0      305   2135
 1159    320   400   275  0      305   2274
 1160    367   400   320  0      305    978
 1161    433   292   381  1      306     -1
 1162    344   292   433  0      306   2430
 1163    344   381   292  0      306   2467
 1164    520   532   602  0      307   3789
 1165    520   551   532  0      307   1471
 1166    602   551   520  0      307   3842
 1167    602   532   551  0      307   1401
 1168    840   827   833  0      308   3045
 1169    840   684   827  0      308    367
 1170    833   684   840  0      308   2646
 1171    833   827   684  0      308   2156
 1172    717   779   756  0      309   3397
 1173    717   707   779  0      309    534
 1174    756   707   717  0      309   3621
 1175    756   779   707  0      309   2936
 1176     65   156   153  0      310   2166
 1177     65   127   156  0      310   2301
 1178    153   127    65  0      310   2285
 1179    352   473   324  0      311   2165
 1180    352   414   473  0      311   2414
 1181    324   414   352  0      311   2275
 1182    324   473   414  0      311    885
 1183    188   145   246  0      312   2074
 1184    246   146   188  0      312   2075
 1185    246   145   146  1      312     -1
 1186    260   122   140  0      313   2331
 1187    260   161   122  0      313    602
 1188    140   161   260  0      313    740
 1189    140   122   161  0      313   2220
 1190    366   440   404  0      314   4504
 1191    366   389   440  0      314    689
 1192    404   389   366  0      314    823
 1193    404   440   389  0      314   4492
 1194    320   275   172  0      315    982
 1195    320   218   275  0      315   2138
 1196    172   218   320  0      315   2002
 1197    172   275   218  0      315   2487
 1198    880   997   848  0      316    414
 1199    880   888   997  0      316   2957
 1200    848   888   880  0      316   4411
 1201    848   997   888  0      316   4100
 1202    806   829   800  0      317   2842
 1203    806   785   829  0      317    446
 1204    800   785   806  0      317   2371
 1205    800   829   785  0      317   2393
 1206    246   271   322  0      318   2203
 1207    246   231   271  0      318   2552
 1208    322   231   246  1      318     -1
 1209    322   271   231  0      318   2311
 1210    377   233   311  0      319   2064
 1211    377   313   233  0      319   2033
 1212    311   313   377  0      319   1931
 1213    311   233   313  0      319   2058
 1214    788   784   831  0      320   3752
 1215    788   882   784  0      320   3665
 1216    831   882   788  0      320    511
 1217    831   784   882  0      320    510
 1218    661   549   612  0      321   3218
 1219    661   580   549  0      321   2918
 1220    612   580   661  0      321   3185
 1221    612   549   580  0      321   3128
 1222    353   354   426  0      322   1153
 1223    353   427   354  0      322   1403
 1224    426   427   353  0      322    483
 1225    426   354   427  0      322   1159
 1226    580   648   606  0      323   1926
 1227    580   661   648  0      323   3417
 1228    606   661   580  0      323   3185
 1229    606   648   661  0      323   3120
 1230    612   535   606  0      324   2617
 1231    612   549   535  1      324     -1
 1232    606   549   612  0      324   3128
 1233    606   535   549  0      324   3189
 1234    678   597   689  0      325   2654
 1235    678   708   597  0      325   2642
 1236    689   708   678  0      325   3034
 1237    689   597   708  0      325   2653
 1238    369   386   234  0      326   2044
 1239    369   303   386  0      326   1996
 1240    234   303   369  0      326    989
 1241    234   386   303  0      326   2107
 1242    320   361   303  0      327   2341
 1243    320   279   361  0      327   2555
 1244    303   279   320  0      327   1610
 1245    303   361   279  0      327   2566
 1246    460   514   554  0      328   2764
 1247    452   514   460  0      328    543
 1248    452   554   514  0      328   2690
 1249    408   494   444  0      329   3588
 1250    408   368   494  0      329   1160
 1251    444   368   408  0      329    988
 1252    444   494   368  0      329   1730
 1253   1008   970   888  0      330   3723
 1254   1008   927   970  1      330     -1
 1255    888   927  1008  0      330   3724
 1256    888   970   927  0      330    521
 1257   1012   969   883  0      331    557
 1258   1012   899   969  0      331   4599
 1259    883   899  1012  0      331   2983
 1260    883   969   899  0      331   2803
 1261    620   632   631  0      332   4324
 1262    711   632   620  0      332   4335
 1263    711   631   632  0      332   3773
 1264    260   358   225  0      333    705
 1265    260   307   358  0      333    633
 1266    670   784   717  0      334   3810
 1267    670   779   784  0      334   3728
 1268    717   779   670  0      334    534
 1269    717   784   779  0      334   2931
 1270    336   371   379  0      335   1984
 1271    336   274   371  0      335    371
 1272    379   274   336  0      335   1650
 1273    379   371   274  0      335   2505
 1274    673   668   718  0      336   2508
 1275    673   749   668  0      336   2773
 1276    718   749   673  0      336   2750
 1277    718   668   749  0      336   2959
 1278    663   678   566  0      337   2658
 1279    613   678   663  0      337    718
 1280    613   566   678  0      337   2665
 1281    821   764   811  0      338   3359
 1282    821   851   764  1      338     -1
 1283    811   851   821  0      338   3195
 1284    811   764   851  0      338    429
 1285    751   667   743  0      339   4230
 1286    751   653   667  0      339   2882
 1287    743   653   751  0      339   4150
 1288    743   667   653  0      339   4286
 1289    341   269   242  0      340   1883
 1290    341   189   269  0      340   1914
 1291    242   189   341  1      340     -1
 1292    242   269   189  0      340   1912
 1293    744   716   818  0      341   3442
 1294    744   802   716  0      341    485
 1295    818   802   744  0      341   3310
 1296    818   716   802  1      341     -1
 1297    398   377   313  0      342    406
 1298    398   397   377  0      342   1918
 1299    313   397   398  0      342   1955
 1300    313   377   397  0      342   1744
 1301    606   660   612  0      343   2617
 1302    606   721   660  0      343    391
 1303    612   721   606  0      343   1850
 1304    612   660   721  1      343     -1
 1305    571   592   626  0      344   1446
 1306    571   530   592  0      344   3729
 1307    626   530   571  0      344   4086
 1308    626   592   530  0      344    449
 1309    501   544   442  0      345   2762
 1310    501   460   544  0      345   2519
 1311    442   460   501  0      345   2480
 1312    442   544   460  0      345   2746
 1313    763   897   868  0      346   1972
 1314    763   819   897  0      346   2591
 1315    868   819   763  0      346   2905
 1316    868   897   819  0      346   2940
 1317    474   571   599  0      347   4020
 1318    474   530   571  0      347   3729
 1319    599   530   474  0      347   4034
 1320    599   571   530  0      347   4086
 1321    802   716   813  1      348     -1
 1322    802   714   716  0      348    485
 1323    813   714   802  0      348   3441
 1324    813   716   714  0      348   3367
 1325    293   379   241  0      349   2491
 1326    293   413   379  0      349   2483
 1327    241   413   293  0      349   2442
 1328    241   379   413  0      349   2495
 1329    214   294   202  0      350   1940
 1330    214   283   294  0      350   1953
 1331    202   283   214  0      350   1868
 1332    202   294   283  0      350   1920
 1333    654   766   701  0      351   3493
 1334    654   685   766  0      351   3353
 1335    701   685   654  0      351   3284
 1336    701   766   685  0      351   3342
 1337    650   558   580  0      352   2879
 1338    650   531   558  0      352   3502
 1339    580   531   650  0      352   3548
 1340    580   558   531  0      352   3606
 1341    402   418   490  0      353   3277
 1342    490   487   402  1      353     -1
 1343    490   418   487  0      353   3150
 1344    587   594   525  0      354   3478
 1345    587   481   594  0      354   1917
 1346    525   481   587  0      354   1770
 1347    525   594   481  0      354   3270
 1348    799   766   786  0      355   3510
 1349    799   871   766  0      355   3202
 1350    786   871   799  0      355   2978
 1351    786   766   871  0      355   3335
 1352    488   370   356  1      356     -1
 1353    488   397   370  0      356   3299
 1354    356   397   488  0      356   1948
 1355    356   370   397  0      356   1963
 1356    670   779   713  0      357   2933
 1357    670   791   779  0      357   3728
 1358    713   791   670  0      357   3513
 1359    713   779   791  0      357   3221
 1360    407   315   463  0      358   2155
 1361    407   344   315  0      358   2466
 1362    463   344   407  0      358   2440
 1363    463   315   344  0      358   2169
 1364    441   555   386  0      359   2841
 1365    441   478   555  0      359    369
 1366    386   478   441  0      359   2096
 1367    386   555   478  0      359   2840
 1368    405   269   341  0      360   1878
 1369    341   338   405  0      360   1769
 1370    341   269   338  0      360   1882
 1371    380   507   484  0      361   1938
 1372    380   515   507  0      361   1673
 1373    484   515   380  0      361   2563
 1374    484   507   515  0      361   1417
 1375    579   680   609  0      362   2837
 1376    579   555   680  0      362   3574
 1377    609   555   579  0      362   2812
 1378    609   680   555  0      362   2866
 1379    402   515   377  0      363   3276
 1380    402   397   515  0      363   1736
 1381    377   397   402  0      363   1918
 1382    377   515   397  0      363   3260
 1383    478   566   550  0      364   2629
 1384    478   464   566  0      364   2482
 1385    550   464   478  0      364   2517
 1386    550   566   464  0      364   2655
 1387    660   545   606  0      365   3286
 1388    660   535   545  1      365     -1
 1389    606   535   660  0      365   2617
 1390    606   545   535  0      365   3261
 1391    859  1009   923  0      366   3051
 1392    859   853  1009  0      366   3060
 1393    923   853   859  0      366   2893
 1394    923  1009   853  0      366   3072
 1395    684   827   727  0      367   3038
 1396    727   840   684  0      367   2089
 1397    727   827   840  0      367   3048
 1398    970   997   848  0      368   4100
 1399    970   937   997  1      368     -1
 1400    848   937   970  0      368   4207
 1401    848   997   937  0      368    414
 1402    547   555   441  0      369   2296
 1403    547   478   555  0      369   2600
 1404    441   478   547  0      369    377
 1405    193   323   281  0      370   2025
 1406    281   323   284  0      370   2012
 1407    274   371   210  0      371   2499
 1408    210   336   274  0      371   2475
 1409    210   371   336  1      371     -1
 1410    756   815   710  0      372   3122
 1411    756   707   815  0      372   2936
 1412    710   707   756  0      372   2875
 1413    710   815   707  0      372   3648
 1414    863  1012   883  0      373    557
 1415    863   803  1012  0      373   2999
 1416    883   803   863  0      373   4298
 1417    883  1012   803  0      373   2983
 1418    652   736   756  0      374   3386
 1419    756   717   652  0      374   3621
 1420    756   736   717  0      374   3640
 1421    311   418   402  0      375   1924
 1422    311   388   418  0      375   1922
 1423    402   388   311  1      375     -1
 1424    465   580   418  0      376   3235
 1425    465   496   580  0      376   3212
 1426    418   496   465  0      376   2412
 1427    547   452   478  0      377   2518
 1428    441   452   547  0      377   2727
 1429    441   478   452  0      377   2096
 1430    647   560   556  0      378   2876
 1431    647   563   560  0      378   3414
 1432    556   563   647  0      378   3568
 1433    556   560   563  0      378   1951
 1434    321   425   363  0      379    422
 1435    321   492   425  0      379   1640
 1436    363   492   321  0      379   1013
 1437    363   425   492  0      379    381
 1438    867   815   925  0      380   3613
 1439    867   850   815  0      380   3395
 1440    925   850   867  0      380   3174
 1441    925   815   850  0      380   3658
 1442    492   382   425  0      381   2398
 1443    363   382   492  0      381   1482
 1444    363   425   382  0      381    422
 1445    110   214   151  0      382   1837
 1446    110   202   214  0      382   2035
 1447    984   892   907  0      383   3394
 1448    984   983   892  0      383   3415
 1449    907   983   984  1      383     -1
 1450    907   892   983  0      383   3424
 1451    131   236   165  0      384   1844
 1452    131   206   236  0      384   1854
 1453    165   206   131  0      384   1855
 1454    165   236   206  0      384   1675
 1455    714   679   744  0      385   3317
 1456    714   646   679  0      385   3460
 1457    744   646   714  0      385   3455
 1458    744   679   646  0      385   3464
 1459    552   672   609  0      386   2861
 1460    552   554   672  0      386   2409
 1461    609   554   552  0      386   2814
 1462    609   672   554  0      386   2368
 1463    496   557   461  0      387   3144
 1464    496   466   557  0      387   3228
 1465    461   466   496  0      387   1687
 1466    461   557   466  1      387     -1
 1467     22   111    46  0      388   1348
 1468    131   111    22  0      388   1849
 1469    131    46   111  0      388   1857
 1470    432   492   498  0      389   3538
 1471    432   482   492  0      389   1117
 1472    498   492   482  0      389   1498
 1473    482   411   321  0      390   1753
 1474    482   492   411  0      390   1715
 1475    321   492   482  0      390   1013
 1476    321   411   492  0      390   1640
 1477    660   723   721  0      391   3333
 1478    660   606   723  0      391    408
 1479    721   723   606  0      391   1850
 1480    879   963   917  0      392   4165
 1481    901   963   879  0      392   3859
 1482    901   917   963  0      392   3672
 1483    579   555   478  0      393   2600
 1484    579   470   555  0      393   2869
 1485    478   470   579  0      393   2199
 1486    478   555   470  0      393   2840
 1487    505   578   482  0      394   3590
 1488    505   498   578  0      394   3703
 1489    482   498   505  0      394   1483
 1490    482   578   498  0      394   3471
 1491    363   382   321  0      395    422
 1492    363   280   382  0      395   1598
 1493    321   280   363  0      395   1366
 1494    321   382   280  0      395    410
 1495    677   736   798  0      396   3514
 1496    677   664   736  0      396   3524
 1497    798   664   677  0      396   3243
 1498    798   736   664  0      396   3525
 1499    352   502   414  0      397   2271
 1500    352   471   502  0      397    621
 1501    414   471   352  0      397    892
 1502    414   502   471  0      397   2431
 1503    428   379   413  0      398   2532
 1504    428   336   379  0      398   2534
 1505    413   379   336  0      398   2495
 1506    881   808   995  0      399   3164
 1507    881   918   808  0      399    401
 1508    995   918   881  0      399   3331
 1509    995   808   918  1      399     -1
 1510    285   380   411  0      400   1547
 1511    285   405   380  0      400   1476
 1512    411   405   285  0      400   1740
 1513    411   380   405  0      400   3198
 1514    797   808   881  0      401   3320
 1515    797   918   808  1      401     -1
 1516    881   918   797  0      401   3376
 1517   1011   948   836  0      402   3347
 1518   1011   979   948  1      402     -1
 1519    836   979  1011  0      402   3370
 1520    836   948   979  0      402   3663
 1521    852   967   917  0      403   4036
 1522    852   963   967  0      403   4160
 1523    917   963   852  0      403   4165
 1524    917   967   963  1      403     -1
 1525    384   414   454  0      404    736
 1526    384   471   414  0      404    905
 1527    454   414   471  0      404    916
 1528    481   338   405  0      405   1714
 1529    481   420   338  0      405   1748
 1530    405   420   481  0      405   1674
 1531    405   338   420  0      405   1769
 1532    398   377   402  0      406   1918
 1533    313   402   377  0      406   1931
 1534    146   226   204  0      407   1947
 1535    204   264   146  1      407     -1
 1536    204   226   264  0      407   1989
 1537    723   654   606  0      408   2404
 1538    723   660   654  0      408   3354
 1539    606   654   660  0      408   3288
 1540    405   468   411  0      409   1470
 1541    405   335   468  0      409    419
 1542    411   335   405  0      409   1740
 1543    411   468   335  0      409   1754
 1544    321   284   280  0      410   1702
 1545    321   382   284  0      410   1682
 1546    280   284   382  0      410   2010
 1547    459   592   513  0      411   4115
 1548    459   577   592  0      411   4399
 1549    513   577   459  0      411   4082
 1550    513   592   577  0      411   4104
 1551    629   542   595  0      412   2763
 1552    527   542   629  0      412   4212
 1553    894   779   800  0      413   3230
 1554    894   819   779  0      413   3616
 1555    800   819   894  0      413   2896
 1556    800   779   819  0      413   1492
 1557    937   880   997  0      414   3903
 1558    848   880   937  0      414   3721
 1559    544   576   668  0      415   2775
 1560    538   576   544  0      415   2458
 1561    889   966   902  0      416   3875
 1562    889   855   966  0      416   3876
 1563    902   855   889  0      416   3890
 1564    902   966   855  0      416   3828
 1565    775   714   842  0      417   1759
 1566    775   813   714  0      417   3888
 1567    842   813   775  0      417   3878
 1568    842   714   813  0      417   3441
 1569    319   338   335  0      418   1785
 1570    319   395   338  0      418   1444
 1571    335   395   319  0      418   1763
 1572    335   338   395  0      418    469
 1573    468   338   335  0      419   1334
 1574    468   405   338  0      419   1678
 1575    335   338   405  0      419   1767
 1576    362   416   435  0      420   2429
 1577    362   476   416  0      420   2385
 1578    435   476   362  0      420    743
 1579    435   416   476  0      420   4441
 1580    346   327   414  0      421    947
 1581    346   324   327  0      421    991
 1582    414   324   346  0      421    911
 1583    321   425   382  0      422   1682
 1584    654   766   723  0      423   3354
 1585    654   786   766  0      423   3508
 1586    723   786   654  0      423   1734
 1587    723   766   786  0      423   3318
 1588    347   443   384  0      424   1104
 1589    347   454   443  0      424   1511
 1590    568   706   674  0      425   4056
 1591    568   610   706  0      425   4030
 1592    674   610   568  0      425    907
 1593    674   706   610  0      425   4031
 1594    379   371   462  0      426   1984
 1595    379   464   371  0      426   2456
 1596    462   464   379  0      426   2666
 1597    462   371   464  0      426   2674
 1598    791   795   698  0      427   4209
 1599    791   784   795  0      427   3614
 1600    698   784   791  0      427    567
 1601    698   795   784  0      427   3706
 1602    683   631   600  0      428   4274
 1603    683   686   631  0      428   3764
 1604    600   686   683  0      428   4316
 1605    600   631   686  0      428   3782
 1606    721   851   811  0      429   3210
 1607    721   764   851  1      429     -1
 1608    900   824   941  0      430   3190
 1609    900   851   824  0      430   3085
 1610    941   851   900  0      430   3154
 1611    941   824   851  1      430     -1
 1612    434   562   541  1      431     -1
 1613    467   562   434  0      431   3743
 1614    467   541   562  0      431   3434
 1615    540   592   513  0      432   4103
 1616    540   530   592  0      432    449
 1617    513   530   540  0      432    568
 1618    513   592   530  0      432   3754
 1619    801   788   831  0      433   3747
 1620    801   869   788  0      433   3181
 1621    831   869   801  0      433   3708
 1622    831   788   869  0      433    511
 1623    531   515   377  0      434   3279
 1624    531   418   515  0      434    435
 1625    377   418   531  0      434   1700
 1626    377   515   418  0      434   3276
 1627    531   535   515  0      435   1468
 1628    418   535   531  0      435   3249
 1629    418   515   535  0      435   1969
 1630    513   540   575  0      436   2386
 1631    513   653   540  0      436   4103
 1632    575   653   513  0      436    464
 1633    575   540   653  0      436   3758
 1634    900   871   867  0      437   3192
 1635    900   811   871  0      437   3337
 1636    867   811   900  0      437   2917
 1637    867   871   811  0      437   3321
 1638    771   774   845  0      438   4190
 1639    771   703   774  0      438   4191
 1640    845   703   771  0      438   4239
 1641    845   774   703  0      438   4023
 1642    663   809   741  0      439   2801
 1643    663   763   809  0      439   2909
 1644    741   763   663  0      439    455
 1645    741   809   763  0      439   2899
 1646    778   811   824  0      440   3208
 1647    900   811   778  0      440   3191
 1648    900   824   811  0      440   3085
 1649    881   797   818  0      441   3376
 1650    881   799   797  0      441   3374
 1651    818   799   881  0      441   3341
 1652    818   797   799  0      441   3371
 1653    859   850   904  0      442   3167
 1654    859   897   850  0      442   3103
 1655    904   897   859  0      442   3093
 1656    904   850   897  0      442   3168
 1657    926  1009   864  0      443   2777
 1658    926   810  1009  0      443   2771
 1659    864   810   926  0      443   3138
 1660    864  1009   810  0      443   3113
 1661    956   866   923  0      444   3031
 1662    923   926   956  1      444     -1
 1663    923   866   926  0      444   3088
 1664    729   647   713  0      445   2878
 1665    729   695   647  0      445   2312
 1666    713   695   729  0      445   2884
 1667    713   647   695  0      445   3771
 1668    829   870   785  0      446   2370
 1669    829   806   870  0      446   2842
 1670    785   870   806  0      446   2851
 1671    368   401   505  0      447   1751
 1672    368   494   401  0      447   1730
 1673    505   494   368  0      447   1437
 1674    505   401   494  0      447   1708
 1675    469   593   551  0      448   3633
 1676    469   530   593  0      448   1256
 1677    551   530   469  0      448   3760
 1678    551   593   530  0      448   3468
 1679    626   592   540  0      449   4109
 1680    540   530   626  0      449   3755
 1681    736   788   798  0      450   3514
 1682    736   858   788  0      450   3352
 1683    798   858   736  0      450   2929
 1684    798   788   858  0      450   3553
 1685    900   950   867  0      451   3137
 1686    900   993   950  0      451   3146
 1687    867   993   900  0      451   3192
 1688    867   950   993  0      451   3595
 1689    290   263   326  0      452    487
 1690    290   350   263  0      452    860
 1691    326   263   350  1      452     -1
 1692    468   520   482  0      453   1455
 1693    468   401   520  0      453   3200
 1694    482   401   468  0      453   1752
 1695    904  1009   859  0      454   2928
 1696    904   810  1009  0      454   3076
 1697    859   810   904  0      454   3093
 1698    859  1009   810  0      454   3114
 1699    663   680   763  0      455   2887
 1700    741   680   663  0      455   2857
 1701    741   763   680  0      455    541
 1702    848   747   845  0      456   4099
 1703    848   880   747  0      456   4411
 1704    845   880   848  0      456   3721
 1705    845   747   880  0      456   3803
 1706    804   830   852  0      457   3946
 1707    917   830   804  0      457   3972
 1708    917   852   830  0      457   4164
 1709    298   376   459  0      458    500
 1710    298   424   376  0      458    501
 1711    459   424   298  0      458   1171
 1712    459   376   424  0      458   4006
 1713    698   735   643  0      459   3746
 1714    698   641   735  0      459   3757
 1715    643   641   698  0      459   3787
 1716    643   735   641  0      459   3807
 1717    411   507   425  0      460   3330
 1718    411   492   507  0      460   3481
 1719    425   492   411  0      460   1640
 1720    425   507   492  0      460   3540
 1721    743   735   828  0      461    505
 1722    743   705   735  0      461   3775
 1723    828   705   743  0      461   4151
 1724    828   735   705  0      461   3452
 1725    128   134   243  0      462   1358
 1726    128   183   134  0      462   1230
 1727    243   183   128  0      462   1267
 1728    243   134   183  0      462   1337
 1729    346   327   316  0      463    976
 1730    346   358   327  0      463    703
 1731    316   358   346  0      463    889
 1732    316   327   358  0      463    938
 1733    575   577   513  0      464   3545
 1734    575   653   577  0      464   2738
 1735    513   577   653  0      464   4104
 1736    635   649   532  0      465   3864
 1737    635   541   649  0      465   3447
 1738    532   541   635  0      465   3449
 1739    532   649   541  0      465   1391
 1740    429   459   426  0      466   1197
 1741    429   513   459  0      466   1123
 1742    426   513   429  0      466   1453
 1743    426   459   513  0      466   1185
 1744    608   541   587  0      467   3824
 1745    608   472   541  1      467     -1
 1746    587   472   608  0      467   1929
 1747    222   357   255  0      468   1725
 1748    222   333   357  0      468   1430
 1749    255   333   222  0      468   1327
 1750    255   357   333  0      468   1405
 1751    395   485   338  0      469   1791
 1752    335   485   395  0      469   1762
 1753    335   338   485  0      469   1334
 1754    584   573   581  0      470   3458
 1755    584   484   573  0      470   3377
 1756    581   484   584  0      470   3282
 1757    581   573   484  0      470   3499
 1758    829   965   870  0      471   2858
 1759    829   890   965  0      471   2891
 1760    870   890   829  0      471   2715
 1761    870   965   890  0      471    546
 1762    653   703   771  0      472    888
 1763    653   611   703  0      472   4167
 1764    771   611   653  0      472   4276
 1765    771   703   611  0      472   4277
 1766    494   602   482  0      473   3585
 1767    494   578   602  0      473   3763
 1768    482   578   494  0      473   3590
 1769    482   602   578  0      473   3526
 1770    575   643   620  0      474   4349
 1771    575   653   643  0      474   3758
 1772    620   653   575  0      474   4232
 1773    620   643   653  0      474   4284
 1774    635   696   725  0      475   1939
 1775    602   696   635  0      475   3802
 1776    602   725   696  0      475   3512
 1777    364   469   486  0      476   1217
 1778    349   469   364  0      476   1398
 1779    349   486   469  0      476   1234
 1780    983  1004   902  0      477   3821
 1781    983   932  1004  1      477     -1
 1782    902   932   983  0      477   3399
 1783    902  1004   932  1      477     -1
 1784    474   376   459  0      478   4085
 1785    474   426   376  0      478   1231
 1786    459   426   474  0      478   1185
 1787    459   376   426  0      478   1197
 1788    298   375   331  0      479   1148
 1789    331   365   298  0      479   1121
 1790    848   937   834  0      480   4206
 1791    848   934   937  0      480   4207
 1792    834   934   848  0      480   4078
 1793    834   937   934  0      480   3698
 1794    819   906   894  0      481   3625
 1795    894   858   819  0      481   3616
 1796    894   906   858  0      481   3681
 1797    831   882   884  0      482    510
 1798    831   964   882  0      482   2890
 1799    884   964   831  0      482   1172
 1800    884   882   964  0      482   3411
 1801    353   408   427  0      483    730
 1802    426   408   353  0      483   1399
 1803    426   427   408  0      483   1397
 1804    411   377   425  0      484   1781
 1805    411   380   377  0      484   1903
 1806    425   380   411  0      484   3272
 1807    425   377   380  0      484   3275
 1808    714   716   744  0      485   3455
 1809    744   802   714  0      485   1244
 1810    353   421   426  0      486   1399
 1811    353   399   421  0      486   1247
 1812    426   399   353  0      486   1218
 1813    426   421   399  0      486   1424
 1814    239   263   326  0      487    833
 1815    239   290   263  0      487    969
 1816    326   290   239  0      487    687
 1817    552   533   619  0      488   4451
 1818    552   504   533  0      488   4515
 1819    619   504   552  0      488   2109
 1820    619   533   504  0      488   4516
 1821    571   611   539  0      489   4400
 1822    583   611   571  0      489   4125
 1823    583   539   611  0      489   4366
 1824    416   552   441  0      490   2704
 1825    416   463   552  0      490   4487
 1826    441   552   463  0      490   2661
 1827    731   787   693  0      491   4154
 1828    731   834   787  0      491   1255
 1829    693   834   731  1      491     -1
 1830    693   787   834  0      491   3950
 1831    626   610   599  0      492   4071
 1832    626   530   610  0      492   4016
 1833    599   530   626  0      492   4086
 1834    599   610   530  0      492   3961
 1835    551   530   540  0      493   3755
 1836    551   458   530  0      493   3785
 1837    540   458   551  0      493   3851
 1838    540   530   458  0      493    568
 1839    408   530   426  0      494   1435
 1840    408   421   530  0      494   1309
 1841    426   421   408  0      494   1399
 1842    426   530   421  0      494   3790
 1843    362   344   390  0      495   2423
 1844    362   435   344  0      495   2429
 1845    390   435   362  0      495    744
 1846    390   344   435  0      495   2432
 1847    443   506   423  0      496   4042
 1848    443   429   506  0      496    720
 1849    423   429   443  0      496   1512
 1850    423   506   429  0      496   4007
 1851    502   542   632  0      497   4372
 1852    502   553   542  0      497   2668
 1853    632   553   502  0      497   2384
 1854    632   542   553  0      497   3630
 1855    965   914   955  1      498     -1
 1856    965   890   914  0      498   2891
 1857    955   890   965  0      498    546
 1858    955   914   890  0      498   2953
 1859    505   570   477  0      499   3745
 1860    505   540   570  0      499    910
 1861    477   540   505  0      499   3756
 1862    459   375   376  0      500   1196
 1863    298   375   459  0      500   1171
 1864    298   376   375  0      500   1536
 1865    424   340   298  0      501   1132
 1866    424   376   340  0      501    883
 1867    298   340   376  0      501   1164
 1868    345   318   287  0      502   1241
 1869    345   289   318  0      502   1116
 1870    287   289   345  0      502   1238
 1871    287   318   289  0      502   1048
 1872    784   696   717  0      503   2782
 1873    784   788   696  0      503   3752
 1874    717   788   784  0      503   3719
 1875    717   696   788  0      503   3726
 1876    978   910   846  1      504     -1
 1877    978   922   910  1      504     -1
 1878    846   922   978  0      504   3916
 1879    828   795   735  0      505   3421
 1880    743   795   828  0      505   3601
 1881    743   735   795  0      505   3776
 1882    140    92    13  0      506    623
 1883    140   225    92  0      506    638
 1884    450   438   358  0      507    941
 1885    358   476   450  0      507    655
 1886    358   438   476  0      507   1497
 1887    528   414   450  0      508   4323
 1888    528   438   414  0      508   4087
 1889    450   414   438  0      508    948
 1890    328   358   225  0      509    551
 1891    328   362   358  0      509    745
 1892    225   362   328  0      509    716
 1893    225   358   362  0      509    705
 1894    882   884   784  0      510   3720
 1895    831   784   884  0      510   3389
 1896    831   882   869  0      511   3697
 1897    869   882   788  0      511   3684
 1898    674   732   706  0      512   1253
 1899    674   669   732  0      512   3967
 1900    706   669   674  0      512   4056
 1901    706   732   669  0      512   3311
 1902     30   139   213  0      513   1649
 1903     30    94   139  0      513   1626
 1904    213    94    30  0      513   1126
 1905    213   139    94  0      513   1601
 1906    658   607   697  0      514   1182
 1907    658   731   607  0      514   4113
 1908    697   731   658  0      514   4152
 1909    697   607   731  1      514     -1
 1910    645   704   699  0      515   4444
 1911    645   730   704  1      515     -1
 1912    699   730   645  0      515   2824
 1913    699   704   730  0      515   4328
 1914    870   999   955  0      516   4146
 1915    870   965   999  0      516   4245
 1916    955   965   870  0      516    546
 1917    955   999   965  1      516     -1
 1918    123    27    58  1      517     -1
 1919    123   135    27  0      517    939
 1920     58   135   123  0      517    590
 1921     58    27   135  0      517    951
 1922    316   266   310  0      518    965
 1923    316   217   266  0      518    891
 1924    914   883   854  0      519   2941
 1925    914   965   883  0      519   2951
 1926    854   965   914  0      519   2811
 1927    854   883   965  0      519   4208
 1928    713   779   729  0      520   2885
 1929    713   819   779  0      520   1492
 1930    729   819   713  0      520   2884
 1931    729   779   819  0      520    564
 1932    888   891   927  0      521   4169
 1933    888   970   891  0      521   4174
 1934    927   891   970  0      521   3718
 1935    508   543   499  0      522   4434
 1936    508   645   543  0      522   4509
 1937    499   645   508  0      522   4478
 1938    499   543   645  1      522     -1
 1939    286   296   179  1      523     -1
 1940    286   225   296  0      523    681
 1941    179   225   286  0      523    647
 1942    773   747   880  0      524    859
 1943    773   823   747  0      524   2791
 1944    880   823   773  0      524   4297
 1945    880   747   823  0      524   3803
 1946    290   270   158  0      525    973
 1947    290   304   270  0      525    820
 1948    158   304   290  0      525    586
 1949    158   270   304  0      525    785
 1950    440   431   350  0      526    848
 1951    440   366   431  0      526   4503
 1952    350   366   440  0      526    779
 1953    350   431   366  0      526    836
 1954    928   865   887  0      527   4285
 1955    928   981   865  0      527   4288
 1956    887   981   928  0      527   4261
 1957    887   865   981  0      527   4287
 1958    858  1011   815  0      528   3615
 1959    858   906  1011  0      528   3398
 1960    726   740   657  0      529   4417
 1961    726   700   740  0      529   4101
 1962    657   700   726  0      529   1167
 1963    657   740   700  0      529   4228
 1964    939   972   887  0      530   1691
 1965    939  1008   972  1      530     -1
 1966    887  1008   939  0      530   3694
 1967    887   972  1008  0      530   4255
 1968    435   529   436  0      531   4501
 1969    435   569   529  0      531   4530
 1970    436   569   435  0      531   4218
 1971    436   529   569  0      531   2605
 1972    694   656   588  0      532   4558
 1973    694   582   656  1      532     -1
 1974    588   582   694  0      532    847
 1975    588   656   582  0      532   4517
 1976    794   777   689  0      533   3059
 1977    794   752   777  0      533   2967
 1978    689   752   794  0      533   2462
 1979    689   777   752  1      533     -1
 1980    670   707   779  0      534   2933
 1981    717   707   670  0      534   1152
 1982    872   933  1001  1      535     -1
 1983    872   988   933  0      535   3023
 1984   1001   988   872  0      535   2989
 1985   1001   933   988  1      535     -1
 1986    878   866   827  0      536   3007
 1987    878   793   866  0      536   3083
 1988    827   793   878  0      536   3032
 1989    827   866   793  0      536   3090
 1990    652   560   650  0      537   3262
 1991    652   556   560  0      537   2876
 1992    650   556   652  0      537   3539
 1993    650   560   556  0      537   3425
 1994    698   769   743  0      538   4346
 1995    698   795   769  0      538   4209
 1996    743   795   698  0      538   3776
 1997    743   769   795  0      538   4265
 1998     52   113   140  0      539   2216
 1999     52    93   113  0      539   2204
 2000    140    93    52  0      539    619
 2001    140   113    93  0      539   1022
 2002    860   899   749  0      540   2968
 2003    860   895   899  0      540   2416
 2004    749   895   860  0      540   3014
 2005    749   899   895  0      540   2965
 2006    695   763   680  0      541   2888
 2007    695   741   763  0      541   2907
 2008    680   741   695  0      541   2864
 2009    760   841   809  0      542   3004
 2010    760   718   841  0      542   2645
 2011    809   718   760  0      542   2374
 2012    809   841   718  0      542   3010
 2013    400   514   460  0      543   2710
 2014    400   452   514  0      543   2455
 2015    460   452   400  0      543   2120
 2016    887   835   791  0      544   4263
 2017    887   884   835  0      544   3712
 2018    791   884   887  0      544   2894
 2019    791   835   884  0      544    677
 2020    620   720   711  0      545   4280
 2021    890   870   955  0      546   2895
 2022    184   113   177  0      547   2193
 2023    184   119   113  0      547   1016
 2024    177   119   184  0      547   1007
 2025    177   113   119  0      547    906
 2026    622   668   673  0      548   2508
 2027    622   544   668  0      548   2775
 2028    673   544   622  0      548   2753
 2029    673   668   544  0      548    723
 2030    265   180   187  0      549    987
 2031    265   217   180  0      549    791
 2032    187   217   265  0      549    950
 2033    187   180   217  0      549   1015
 2034    629   683   528  0      550   2784
 2035    629   651   683  0      550   4128
 2036    528   651   629  0      550   4251
 2037    528   683   651  0      550   4270
 2038    328   272   225  0      551    761
 2039    328   358   272  0      551    704
 2040    153   252   218  0      552   2445
 2041    153   155   252  0      552   2448
 2042    218   155   153  0      552   2239
 2043    218   252   155  0      552   2447
 2044    641   735   637  0      553   3807
 2045    641   696   735  0      553   3704
 2046    637   735   696  0      553   1345
 2047    575   667   620  0      554   4232
 2048    575   577   667  0      554   2738
 2049    620   577   575  0      554   4355
 2050    373   358   316  0      555    578
 2051    373   272   358  0      555    704
 2052    316   272   373  0      555    587
 2053    316   358   272  0      555    643
 2054    504   619   622  0      556   2749
 2055    504   576   619  0      556   4516
 2056    622   576   504  0      556    726
 2057    622   619   576  0      556   2769
 2058    863   969   883  0      557   2282
 2059    863  1012   969  0      557    561
 2060    711   769   713  0      558   4340
 2061    711   791   769  0      558   3666
 2062    713   791   711  0      558   3628
 2063    713   769   791  0      558   4260
 2064    684   673   613  0      559   2419
 2065    684   712   673  0      559   2981
 2066    613   673   712  0      559    725
 2067    666   719   614  0      560   3182
 2068    666   722   719  0      560   4645
 2069    614   722   666  0      560   4650
 2070    614   719   722  0      560   1494
 2071    931   969   863  0      561   4576
 2072    931  1012   969  1      561     -1
 2073    863  1012   931  1      561     -1
 2074    670   641   698  0      562   3757
 2075    670   570   641  0      562   3577
 2076    698   570   670  0      562   4337
 2077    698   641   570  0      562   3787
 2078    906   989   925  1      563     -1
 2079    906   815   989  0      563   3678
 2080    925   989   815  0      563   2930
 2081    819   707   779  0      564   3652
 2082    729   707   819  0      564   3620
 2083    729   779   707  0      564   2885
 2084    647   631   695  0      565   3771
 2085    647   564   631  0      565   3737
 2086    695   564   647  0      565   2631
 2087    695   631   564  0      565   3765
 2088    791   784   779  0      566   3728
 2089    791   858   784  0      566   3731
 2090    779   858   791  0      566   3635
 2091    779   784   858  0      566   2931
 2092    698   784   670  0      567   3536
 2093    670   791   698  0      567   3513
 2094    670   784   791  0      567   3728
 2095    513   530   458  0      568   1105
 2096    458   540   513  0      568   2970
 2097    564   631   609  0      569   3765
 2098    564   600   631  0      569   2863
 2099    609   600   564  0      569   2828
 2100    609   631   600  0      569   3778
 2101    389   334   455  0      570    580
 2102    389   499   334  0      570    752
 2103    455   499   389  0      570   4433
 2104    455   334   499  1      570     -1
 2105    887   999   870  0      571   3541
 2106    887   930   999  0      571   4077
 2107    870   930   887  0      571   2833
 2108    870   999   930  0      571   4245
 2109    122   153   127  0      572   1666
 2110     40   153   122  0      572   2224
 2111     40   127   153  0      572   2285
 2112    390   479   372  1      573     -1
 2113    390   436   479  0      573    728
 2114    372   436   390  0      573    729
 2115    254   304   135  0      574    799
 2116    254   125   304  0      574    750
 2117    135   125   254  0      574    595
 2118    135   304   125  0      574    786
 2119    209   298   196  0      575   1481
 2120    209   154   298  0      575   1294
 2121    196   154   209  0      575   1131
 2122    196   298   154  0      575   1099
 2123    845   896   844  0      576   4130
 2124    845   937   896  0      576   4221
 2125    844   937   845  0      576   3188
 2126    844   896   937  0      576   3695
 2127    394   291   342  0      577   1664
 2128    394   354   291  0      577   1486
 2129    342   354   394  0      577   1528
 2130    342   291   354  0      577    936
 2131    373   450   316  0      578    913
 2132    373   358   450  0      578    887
 2133    316   450   358  0      578    889
 2134     91   128   190  0      579   1288
 2135     91    20   128  0      579   1262
 2136    190    20    91  0      579   1043
 2137    190   128    20  0      579   1260
 2138    389   273   455  1      580     -1
 2139    389   334   273  0      580    771
 2140    455   273   334  1      580     -1
 2141    125   270   195  0      581    787
 2142    125   304   270  0      581    786
 2143    195   304   125  0      581    769
 2144    195   270   304  0      581    792
 2145    176    37   125  0      582    610
 2146    125   135   176  0      582    595
 2147    125    37   135  0      582    607
 2148    326   366   310  0      583    830
 2149    310   290   326  0      583    687
 2150    310   366   290  0      583    838
 2151    334   273   212  0      584    755
 2152    334   339   273  0      584    771
 2153    212   339   334  0      584    756
 2154    212   273   339  1      584     -1
 2155    304   282   339  0      585    817
 2156    339   212   304  0      585    756
 2157    339   282   212  1      585     -1
 2158    135   290   158  0      586   1084
 2159    135   304   290  0      586    780
 2160    158   304   135  0      586    785
 2161    272   290   316  0      587    774
 2162    272   373   290  0      587    694
 2163    316   290   373  0      587    626
 2164    404   508   436  0      588   4490
 2165    404   451   508  0      588   4414
 2166    436   451   404  0      588    702
 2167    436   508   451  0      588   4514
 2168    212   123   152  1      589     -1
 2169    212   135   123  0      589   1072
 2170    152   135   212  0      589    596
 2171    152   123   135  0      589    591
 2172     61   123    58  1      590     -1
 2173     61   135   123  0      590    591
 2174    152   123    61  1      591     -1
 2175    158    38   135  0      592   1076
 2176    158    64    38  0      592   1055
 2177    109   225   125  0      593    666
 2178    109    80   225  0      593    646
 2179    125   225    80  0      593    653
 2180    123   141    27  1      594     -1
 2181    123    38   141  0      594   1077
 2182     27    38   123  0      594    939
 2183    135   176   254  0      595    799
 2184    212   176   135  0      596    800
 2185    212   152   176  0      596    757
 2186    217   108   143  0      597   1057
 2187    217   180   108  0      597   1015
 2188    143   180   217  0      597    693
 2189     92   173    23  0      598    661
 2190     92   109   173  0      598    652
 2191     23   173   109  1      598     -1
 2192     80   195   143  0      599    675
 2193     13   143   195  0      599    631
 2194    113    24    54  0      600    826
 2195     54   119   113  0      600    906
 2196     54    24   119  0      600   1028
 2197    302   122   155  0      601   2140
 2198    302   153   122  0      601   1658
 2199    155   153   302  0      601   2448
 2200    155   122   153  0      601   1531
 2201    155   122   260  0      602   2140
 2202    155   161   122  0      602   2253
 2203    260   161   155  0      602   2173
 2204    316   248   265  0      603    766
 2205    316   217   248  0      603    628
 2206    265   217   316  0      603    891
 2207    265   248   217  0      603    791
 2208     53    23   109  1      604     -1
 2209     53    80    23  1      604     -1
 2210     64    37    58  1      605     -1
 2211     64   135    37  0      605    607
 2212     53    37    64  1      606     -1
 2213     53   125    37  0      606    609
 2214     64    37   125  0      606    607
 2215    176   109   179  1      608     -1
 2216    176   125   109  0      608    610
 2217    179   109   125  0      608    658
 2218    125    37   109  0      609    610
 2219     53   109    37  1      609     -1
 2220    176    37   109  1      610     -1
 2221     29   153   102  0      611   2207
 2222     29   155   153  0      611   1531
 2223    102   153   155  0      611   2245
 2224    880   838   921  0      612   4542
 2225    880   971   838  0      612   4580
 2226    921   971   880  0      612   4243
 2227    921   838   971  0      612    632
 2228    119    47    54  0      613   1028
 2229    119   100    47  0      613    770
 2230     54   100   119  0      613   1014
 2231     54    47   100  1      613     -1
 2232    278   337   367  0      614   2492
 2233    278   275   337  0      614   2481
 2234    367   337   275  0      614   2182
 2235    194   225   143  0      615    617
 2236     92    78   140  0      616    645
 2237     92    73    78  1      616     -1
 2238    140    78    73  0      616    983
 2239    140   194   225  0      617    679
 2240    140   143   194  0      617   1021
 2241    168   184   119  0      618   1007
 2242    180   184   168  0      618    971
 2243    180   119   184  0      618   1016
 2244     93    92   140  0      619    623
 2245     93    52    92  1      619     -1
 2246    121   203   255  0      620   1532
 2247    121   250   203  0      620    914
 2248    255   250   121  0      620   1450
 2249    255   203   250  0      620   1268
 2250    471   502   394  0      621   2267
 2251    394   352   471  0      621    892
 2252    394   502   352  0      621   2401
 2253    571   519   459  0      622   1201
 2254    571   518   519  0      622   4089
 2255    459   518   571  0      622   3769
 2256    459   519   518  0      622   4033
 2257     13    93    92  1      623     -1
 2258    108    60    19  0      624   1031
 2259    108    24    60  0      624    937
 2260     19    24   108  0      624    919
 2261     19    60    24  1      624     -1
 2262    302   416   307  0      625   1982
 2263    302   355   416  0      625   2005
 2264    307   355   302  0      625   2342
 2265    307   416   355  0      625    890
 2266    316   290   310  0      626    774
 2267    310   373   316  0      626    767
 2268    310   290   373  0      626    843
 2269     19    44    93  1      627     -1
 2270     19   113    44  0      627   1025
 2271     93   113    19  0      627   1027
 2272     93    44   113  0      627   2204
 2273    272   248   316  0      628    643
 2274    272   217   248  0      628    648
 2275    570   632   563  0      629   4341
 2276    570   502   632  0      629   4372
 2277    563   502   570  0      629   1098
 2278    563   632   502  0      629   2298
 2279    155   116   132  0      630   2092
 2280    155    36   116  0      630   2209
 2281    132    36   155  0      630   2171
 2282    132   116    36  0      630   2212
 2283    921   898   971  0      632   4642
 2284    921   838   898  0      632   4637
 2285    971   898   838  0      632   4605
 2286    362   358   260  0      633    705
 2287    362   307   358  0      633    902
 2288    260   307   362  0      633   2422
 2289    182   173   140  0      634    636
 2290    140   173   225  0      634    638
 2291    170   234   228  0      635   2240
 2292    170   229   234  0      635   1620
 2293    228   229   170  0      635   2550
 2294    228   234   229  0      635   2587
 2295     92   173   140  0      636    638
 2296     92   182   173  0      636    661
 2297    140   182    92  0      636    645
 2298    225   173   125  0      637    666
 2299    225   195   173  0      637    660
 2300    125   195   225  0      637    653
 2301    272   217   195  0      639    663
 2302    272   143   217  0      639    648
 2303    195   217   143  0      639   1059
 2304    239   301   216  0      640   1034
 2305    239   331   301  0      640    873
 2306    216   301   331  0      640    809
 2307     29   122    99  0      641   2225
 2308     29    52   122  0      641   2235
 2309     99    52    29  1      641     -1
 2310     99   122    52  0      641   2250
 2311    163   215   120  0      642   1587
 2312    196   215   163  0      642   1548
 2313    196   120   215  0      642   1568
 2314    358   248   316  0      643    938
 2315    358   272   248  0      643    940
 2316     78   182    23  1      644     -1
 2317     78    92   182  0      644    645
 2318     23    92    78  1      644     -1
 2319     23   182    92  0      644    661
 2320    140   182    78  0      645   2090
 2321     80   173   109  0      646    652
 2322    109   173   225  0      646    666
 2323    173   286   179  1      647     -1
 2324    179   225   173  0      647    660
 2325    143   217   248  0      648    693
 2326    224   167   227  0      649   1144
 2327    224   295   167  1      649     -1
 2328    227   295   224  0      649    665
 2329    115     6    87  0      650   1618
 2330    115   114     6  0      650   2279
 2331     87   114   115  0      650   1653
 2332     87     6   114  0      650   2266
 2333    194   180   248  0      651    993
 2334    143   248   180  0      651    693
 2335    125   195    80  0      653    675
 2336    272   358   194  0      654    940
 2337    194   358   307  0      654    977
 2338    476   450   456  0      655   4354
 2339    456   358   476  0      655    697
 2340    456   450   358  0      655    887
 2341    328   270   404  0      656    754
 2342    328   304   270  0      656    805
 2343    404   304   328  0      656    794
 2344    404   270   304  0      656    819
 2345    548   624   476  0      657   2787
 2346    548   569   624  0      657   4466
 2347    476   569   548  0      657   4445
 2348    476   624   569  0      657   2823
 2349    109   173   179  1      658     -1
 2350    109   125   173  0      658    666
 2351    601   617   576  0      659   4447
 2352    601   691   617  1      659     -1
 2353    576   691   601  0      659   2699
 2354    576   617   691  0      659   4119
 2355     23   182   173  1      661     -1
 2356    376   318   419  0      662   4096
 2357    376   340   318  0      662   1164
 2358    419   340   376  0      662    883
 2359    419   318   340  0      662   1129
 2360    195   270   217  0      663    949
 2361    272   217   270  0      663    955
 2362     93    19   143  0      664   1027
 2363     13    19    93  1      664     -1
 2364    227   295   216  0      665    673
 2365    216   224   227  0      665   1144
 2366    168   177   184  0      667   1007
 2367    184   251   168  0      667    971
 2368    197   129   193  0      668   1928
 2369    197   117   129  0      668   1884
 2370    193   117   197  0      668   1603
 2371    193   129   117  0      668    998
 2372    309   292   390  1      669     -1
 2373    309   344   292  0      669    741
 2374    390   344   309  0      669   2423
 2375    390   292   344  0      669   2430
 2376    158   143   125  0      670   1061
 2377    158   195   143  0      670   1060
 2378    125   195   158  0      670    787
 2379    125   143   195  0      670    675
 2380     64    38    60  1      671     -1
 2381     64   118    38  0      671   1055
 2382     60   118    64  0      671   1053
 2383     33   118    60  0      672   1054
 2384     33    56   118  0      672    980
 2385     60    56    33  1      672     -1
 2386    216   331   295  0      673    809
 2387    227   331   216  0      673    852
 2388    227   295   331  0      673   1122
 2389    835   848   743  0      674   3709
 2390    835   751   848  0      674   3960
 2391    743   751   835  0      674   4123
 2392    743   848   751  0      674   3733
 2393    125   143    80  0      675    676
 2394     80    64   143  0      676   1033
 2395    125   143    64  0      676   1062
 2396    835   795   791  0      677   4266
 2397    835   884   795  0      677   2459
 2398    791   795   884  0      677   3614
 2399    702   624   651  0      678   2839
 2400    702   738   624  0      678   2913
 2401    651   624   738  0      678   4549
 2402    194   260   140  0      679   2330
 2403    296   328   195  0      680    790
 2404    296   225   328  0      680    681
 2405    195   328   225  0      680    793
 2406    225   328   286  0      681    716
 2407    286   328   296  0      681    682
 2408    296   372   328  0      682    795
 2409    286   372   296  1      682     -1
 2410    286   328   372  0      682    714
 2411    524   510   574  0      683   4410
 2412    524   457   510  0      683   4136
 2413    574   457   524  0      683   4083
 2414    574   510   457  0      683    829
 2415     79   185   193  0      684   1530
 2416     79   117   185  0      684   1576
 2417    193   117    79  0      684    998
 2418    193   185   117  0      684   1603
 2419    442   445   367  0      685   2464
 2420    442   337   445  1      685     -1
 2421    367   337   442  0      685   2492
 2422    367   445   337  0      685   2484
 2423    309   390   286  1      686     -1
 2424    309   362   390  0      686   2423
 2425    286   362   309  0      686    715
 2426    239   310   290  0      687    858
 2427    326   310   239  0      687    874
 2428    217   149   187  0      688    974
 2429    217   266   149  0      688    968
 2430    187   266   217  0      688    950
 2431    389   440   339  1      689     -1
 2432    339   366   389  0      689    825
 2433    339   440   366  0      689    779
 2434    141   199   149  0      690   1074
 2435    149   118   141  0      690   1075
 2436    123   199   212  0      691   1072
 2437    123   141   199  0      691   1064
 2438    212   141   123  1      691     -1
 2439    212   199   141  0      691   1071
 2440    265   244   251  0      692   1364
 2441    265   325   244  0      692   1488
 2442    251   325   265  0      692    712
 2443    251   244   325  0      692   1229
 2444    180   217   248  0      693    791
 2445    373   270   272  0      694    763
 2446    373   290   270  0      694    803
 2447    272   270   290  0      694    955
 2448    265   248   346  0      695    766
 2449    265   251   248  0      695    908
 2450    346   251   265  0      695    712
 2451    346   248   251  0      695    992
 2452      9    41   105  1      696     -1
 2453      9   121    41  0      696   1623
 2454    105   121     9  0      696   1705
 2455    105    41   121  0      696   1800
 2456    358   436   456  0      697    749
 2457    456   436   476  0      697   4506
 2458    456   457   404  0      698   4436
 2459    456   373   457  0      698    915
 2460    404   373   456  0      698    746
 2461    404   457   373  0      698    699
 2462    373   366   457  0      699    812
 2463    404   366   373  0      699    814
 2464    564   553   600  0      700   2863
 2465    564   473   553  0      700   4256
 2466    600   473   564  0      700   2829
 2467    600   553   473  0      700   2084
 2468    355   416   441  0      701    924
 2469    355   393   416  0      701   2005
 2470    372   451   404  0      702    759
 2471    404   436   372  0      702    742
 2472    358   327   450  0      703    941
 2473    450   346   358  0      703    889
 2474    450   327   346  0      703    947
 2475    373   328   358  0      704    748
 2476    272   328   373  0      704    763
 2477    260   362   225  0      705    717
 2478    298   267   196  0      706   1481
 2479    298   299   267  0      706   1537
 2480    196   299   298  0      706    909
 2481    196   267   299  0      706   1454
 2482    184   127   223  0      707   1651
 2483    184   177   127  0      707   2193
 2484    223   177   184  0      707    970
 2485    223   127   177  0      707   2167
 2486    149    56    33  0      708    980
 2487    149    76    56  0      708   1086
 2488     33    56    76  1      708     -1
 2489    150   298   227  0      709    918
 2490    227   259   150  0      709   1151
 2491    227   298   259  0      709    920
 2492    385   508   451  0      710   4414
 2493    385   499   508  0      710   4482
 2494    451   499   385  1      710     -1
 2495    451   508   499  0      710   4434
 2496    309   344   362  0      711   2423
 2497    309   260   344  0      711    741
 2498    362   260   309  0      711    715
 2499    362   344   260  0      711   2422
 2500    251   325   346  0      712   1039
 2501    346   325   265  0      712   1517
 2502    577   595   575  0      713   4355
 2503    577   542   595  0      713   4229
 2504    575   542   577  0      713   4376
 2505    575   595   542  0      713   4359
 2506    286   328   362  0      714    716
 2507    372   362   328  0      714    733
 2508    260   286   362  0      715    717
 2509    225   362   286  0      716    717
 2510    678   663   712  0      718   3074
 2511    613   712   663  0      718   2695
 2512    726   627   614  0      719    835
 2513    726   638   627  0      719   4677
 2514    614   638   726  0      719   4439
 2515    614   627   638  0      719   4454
 2516    429   506   513  0      720   4223
 2517    513   443   429  0      720   1365
 2518    513   506   443  0      720   4225
 2519    590   544   501  0      721   2434
 2520    590   413   544  0      721   2765
 2521    501   413   590  0      721   2697
 2522    501   544   413  0      721   2519
 2523    355   416   327  0      722    890
 2524    355   438   416  0      722   2372
 2525    673   668   618  0      723   2773
 2526    618   544   673  0      723   2663
 2527    890   810   864  0      724   3135
 2528    890   897   810  0      724   3119
 2529    864   897   890  0      724   3064
 2530    864   810   897  0      724   3113
 2531    712   590   673  0      725   2322
 2532    613   590   712  0      725   2669
 2533    613   673   590  0      725   2419
 2534    622   576   544  0      726   2775
 2535    544   504   622  0      726   2743
 2536    544   576   504  0      726   2458
 2537    566   579   659  0      727   2802
 2538    659   663   566  0      727   2656
 2539    659   579   663  0      727   1670
 2540    436   479   435  0      728   4501
 2541    435   390   436  0      728    744
 2542    435   479   390  0      728   4507
 2543    390   362   436  0      729    744
 2544    372   436   362  0      729    733
 2545    312   427   353  0      730   1403
 2546    312   408   427  0      730   1460
 2547    353   408   312  0      730   1400
 2548    477   394   471  0      731    928
 2549    477   498   394  0      731    866
 2550    471   498   477  0      731   3702
 2551    471   394   498  0      731   2267
 2552    369   470   432  0      732    926
 2553    369   382   470  0      732   2387
 2554    432   382   369  0      732   2347
 2555    432   470   382  0      732   2388
 2556    362   328   436  0      733    745
 2557    372   436   328  0      733    742
 2558    327   232   324  0      734    979
 2559    327   248   232  0      734    985
 2560    324   248   327  0      734    991
 2561    324   232   248  0      734    981
 2562    163    48    77  0      735   1134
 2563    163   120    48  0      735    961
 2564     77    48   120  0      735    943
 2565    384   414   346  0      736    911
 2566    454   346   414  0      736    904
 2567    581   507   648  0      737   3487
 2568    581   515   507  0      737   1417
 2569    648   515   581  0      737   3263
 2570    648   507   515  0      737   3475
 2571    742   683   806  0      738   4278
 2572    742   720   683  0      738   2767
 2573    806   720   742  0      738   4327
 2574    510   509   457  0      739    829
 2575    510   431   509  0      739   4498
 2576    457   431   510  0      739   4407
 2577    457   509   431  0      739   4432
 2578    260   182   161  0      740   2227
 2579    140   161   182  0      740   2090
 2580    260   292   309  0      741   2228
 2581    404   328   372  0      742    794
 2582    404   436   328  0      742    747
 2583    476   436   435  0      743   4218
 2584    435   436   362  0      743    744
 2585    328   436   358  0      745    748
 2586    404   436   456  0      746   4490
 2587    404   373   436  0      746    747
 2588    456   436   373  0      746    749
 2589    328   373   436  0      747    748
 2590    404   373   328  0      747    754
 2591    373   436   358  0      748    749
 2592    373   456   358  0      749    887
 2593    125   304   179  0      750    769
 2594    179   304   254  0      750    788
 2595    409   457   290  0      751    842
 2596    409   366   457  0      751    839
 2597    290   366   409  0      751    838
 2598    290   457   366  0      751    812
 2599    499   334   385  1      752     -1
 2600    385   389   499  0      752    764
 2601    385   334   389  0      752    762
 2602    443   354   384  0      753   1162
 2603    443   394   354  0      753   1526
 2604    384   394   443  0      753   1336
 2605    404   373   270  0      754    803
 2606    328   270   373  0      754    763
 2607    334   273   176  1      755     -1
 2608    176   212   334  0      755    801
 2609    176   273   212  0      755    757
 2610    212   304   334  0      756    801
 2611    334   304   339  0      756    824
 2612    176   273   152  1      757     -1
 2613    152   273   212  1      757     -1
 2614    645   536   588  0      758   4440
 2615    645   623   536  1      758     -1
 2616    588   623   645  0      758   4483
 2617    588   536   623  0      758   4479
 2618    372   385   404  0      759    760
 2619    372   451   385  1      759     -1
 2620    404   385   451  0      759   4414
 2621    404   296   385  0      760    798
 2622    372   296   404  0      760    796
 2623    372   385   296  1      760     -1
 2624    272   270   328  0      761    763
 2625    328   270   225  0      761    793
 2626    385   334   404  0      762    782
 2627    404   389   385  0      762    764
 2628    404   334   389  0      762    823
 2629    404   499   385  0      764   4482
 2630    404   389   499  0      764   4493
 2631    457   454   409  0      765   4139
 2632    409   373   457  0      765    841
 2633    409   454   373  0      765    875
 2634    316   248   346  0      766    976
 2635    310   409   316  0      767    966
 2636    310   373   409  0      767    841
 2637    316   409   373  0      767    875
 2638    216   126   224  0      768   1095
 2639    216   181   126  0      768    862
 2640    224   181   216  0      768   1051
 2641    224   126   181  1      768     -1
 2642    179   195   304  0      769    789
 2643    100    47   168  0      770    956
 2644    168   119   100  0      770   1656
 2645    168    47   119  0      770    945
 2646    339   273   389  1      771     -1
 2647    389   334   339  0      771    825
 2648     17   138   167  0      772   1137
 2649    150   138    17  0      772   1000
 2650    150   167   138  0      772   1142
 2651    508   569   436  0      773   4526
 2652    508   521   569  0      773   4525
 2653    436   521   508  0      773   4514
 2654    436   569   521  0      773    828
 2655    120    48    18  0      775    943
 2656    120    84    48  0      775    961
 2657     18    84   120  0      775   1420
 2658     18    48    84  1      775     -1
 2659    510   638   598  0      776   4458
 2660    510   614   638  0      776   4454
 2661    598   614   510  0      776   3930
 2662    598   638   614  0      776   4439
 2663    365   396   448  0      777   1165
 2664    365   331   396  0      777    869
 2665    575   542   620  0      778   4359
 2666    575   632   542  0      778   4375
 2667    620   632   575  0      778   4349
 2668    620   542   632  0      778   3630
 2669    339   350   366  0      779    816
 2670    339   440   350  1      779     -1
 2671    212   135   304  0      780    800
 2672    212   290   135  0      780   1068
 2673    334   304   254  0      781    802
 2674    334   385   304  0      781    782
 2675    254   385   334  1      781     -1
 2676    254   304   385  0      781    797
 2677    385   304   404  0      782    798
 2678    404   304   334  0      782    822
 2679    454   347   316  0      783    933
 2680    331   310   266  0      784    959
 2681    239   310   331  0      784    873
 2682    158   270   135  0      785    804
 2683    135   270   304  0      785    786
 2684    135   270   125  0      786    804
 2685    195   158   270  0      787    949
 2686    125   270   158  0      787    804
 2687    254   296   304  0      788    797
 2688    179   296   254  1      788     -1
 2689    179   304   296  0      788    789
 2690    296   195   304  0      789    792
 2691    328   270   296  0      790    805
 2692    328   195   270  0      790    793
 2693    296   270   195  0      790    792
 2694    265   248   180  0      791    908
 2695    296   270   304  0      792    805
 2696    404   304   372  0      794    796
 2697    372   304   328  0      794    795
 2698    328   296   304  0      795    805
 2699    372   304   296  0      795    796
 2700    404   304   296  0      796    798
 2701    385   296   304  0      797    798
 2702    254   296   385  1      797     -1
 2703    135   176   304  0      799    800
 2704    254   304   176  0      799    802
 2705    212   176   304  0      800    801
 2706    334   176   304  0      801    802
 2707    254   334   176  1      802     -1
 2708    290   270   404  0      803    821
 2709    404   373   290  0      803    814
 2710    607   693   658  0      806   4113
 2711    607   703   693  0      806   4112
 2712    658   703   607  0      806   1184
 2713    658   693   703  0      806   4067
 2714    310   431   326  0      807    830
 2715    310   409   431  0      807    844
 2716    326   409   310  0      807    876
 2717    326   431   409  0      807    882
 2718    230   298   154  0      808    986
 2719    154   298   150  0      808   1099
 2720    331   295   301  0      809    870
 2721    282   263   290  0      810   1050
 2722    282   366   263  0      810    861
 2723    290   366   282  0      810    818
 2724    290   263   366  0      810    860
 2725    263   199   212  0      811   1071
 2726    263   282   199  0      811   1050
 2727    212   282   263  1      811     -1
 2728    212   199   282  0      811   1073
 2729    290   457   373  0      812    843
 2730    373   366   290  0      812    814
 2731    770   832   876  1      813     -1
 2732    770   873   832  0      813   4598
 2733    876   873   770  0      813   4674
 2734    876   832   873  0      813   4686
 2735    404   366   290  0      814    821
 2736    357   368   255  0      815   1723
 2737    255   312   357  0      815   1440
 2738    255   368   312  0      815   1447
 2739    350   366   282  0      816    861
 2740    282   339   350  1      816     -1
 2741    282   366   339  0      816    817
 2742    304   366   339  0      817    824
 2743    304   282   366  0      817    818
 2744    290   366   304  0      818    820
 2745    404   366   304  0      819    822
 2746    404   270   366  0      819    821
 2747    304   366   270  0      819    820
 2748    270   290   366  0      820    821
 2749    304   334   366  0      822    824
 2750    404   366   334  0      822    823
 2751    389   366   334  0      823    825
 2752    334   366   339  0      824    825
 2753     19    24    54  1      826     -1
 2754     19   113    24  0      826    919
 2755     54   113    19  0      826   1025
 2756    508   521   451  0      827   4514
 2757    508   543   521  0      827   4525
 2758    451   543   508  0      827   4434
 2759    451   521   543  1      827     -1
 2760    436   569   479  0      828   2605
 2761    479   521   436  0      828   4513
 2762    479   569   521  0      828   2806
 2763    574   509   457  0      829   4394
 2764    574   510   509  0      829   4406
 2765    326   366   431  0      830    836
 2766    310   431   366  0      830    844
 2767    987   911   826  0      831   2714
 2768    987   856   911  0      831   4577
 2769    826   856   987  0      831   4607
 2770    826   911   856  0      831   4536
 2771    108    33    24  0      832    937
 2772    108   103    33  0      832   1030
 2773     24   103   108  0      832   1026
 2774     24    33   103  1      832     -1
 2775    263   181   239  0      833   1066
 2776    263   326   181  1      833     -1
 2777    239   181   326  0      833   1029
 2778    315   252   320  0      834   2223
 2779    320   393   315  0      834   2472
 2780    320   252   393  0      834   2229
 2781    726   699   614  0      835   4647
 2782    726   627   699  0      835   4672
 2783    614   699   627  0      835   4446
 2784    576   529   493  0      837   4533
 2785    576   533   529  0      837   4529
 2786    493   533   576  0      837   3947
 2787    493   529   533  0      837   4437
 2788    366   409   310  0      838    844
 2789    310   409   290  0      838    842
 2790    366   431   409  0      839    844
 2791    409   431   457  0      839   4407
 2792    447   423   448  0      840   2881
 2793    447   396   423  0      840    893
 2794    448   396   447  0      840   1166
 2795    373   457   310  0      841    843
 2796    310   457   409  0      841    842
 2797    310   457   290  0      842    843
 2798    588   699   722  0      845   4092
 2799    588   694   699  0      845   4211
 2800    722   694   588  0      845   4558
 2801    722   699   694  0      845   4604
 2802    619   533   600  0      846   4451
 2803    619   651   533  0      846   3870
 2804    600   651   619  0      846   4325
 2805    600   533   651  0      846   4461
 2806    645   582   694  1      847     -1
 2807    645   588   582  0      847   4510
 2808    694   588   645  0      847   4211
 2809    440   422   350  1      848     -1
 2810    440   431   422  0      848    849
 2811    491   422   440  1      849     -1
 2812    491   431   422  0      849   4133
 2813    440   431   491  0      849   3632
 2814    845   726   820  0      850   4395
 2815    845   823   726  0      850   4412
 2816    820   823   845  0      850   4636
 2817    820   726   823  0      850   4638
 2818    448   577   513  0      851   4082
 2819    448   429   577  0      851   4384
 2820    513   429   448  0      851   1123
 2821    513   577   429  0      851   4223
 2822    331   266   227  0      852   1111
 2823    227   266   216  0      852    958
 2824    454   347   423  0      853   1511
 2825    454   409   347  0      853    933
 2826    423   409   454  0      853   4162
 2827    423   347   409  0      853    917
 2828    422   500   409  0      854    863
 2829    409   431   422  0      854    881
 2830    409   500   431  0      854    855
 2831    409   500   524  0      855    899
 2832    524   500   431  0      855   4106
 2833    598   638   740  1      856     -1
 2834    598   726   638  0      856   4439
 2835    740   726   598  0      856   4417
 2836    740   638   726  0      856   4448
 2837    726   657   598  0      857   4417
 2838    615   657   726  0      857   1167
 2839    615   598   657  0      857   4418
 2840    239   217   290  0      858    972
 2841    888   747   880  0      859   4411
 2842    888   773   747  0      859   4105
 2843    880   773   888  0      859   4249
 2844    366   350   263  0      860    861
 2845    350   263   282  1      861     -1
 2846    149   126   216  0      862   1113
 2847    149   181   126  0      862   1087
 2848    216   181   149  0      862   1070
 2849    500   387   422  1      863     -1
 2850    500   409   387  0      863    898
 2851    422   387   409  0      863    881
 2852    324   184   268  0      864    886
 2853    268   251   324  0      864   1523
 2854    732   697   804  0      865   4057
 2855    732   706   697  0      865   3311
 2856    804   706   732  0      865   1253
 2857    804   697   706  0      865   4177
 2858    498   394   415  0      866   1641
 2859    415   477   498  0      866   1490
 2860    415   394   477  0      866   1443
 2861    477   354   458  0      867   1524
 2862    477   443   354  0      867   1526
 2863    458   443   477  0      867   1409
 2864    458   354   443  0      867   1436
 2865     98    11   113  0      868   1595
 2866     98    44    11  1      868     -1
 2867    113    44    98  0      868   2259
 2868    113    11    44  0      868   2241
 2869    365   295   396  1      869     -1
 2870    331   295   365  0      869   1121
 2871    331   396   295  0      869    870
 2872    295   301   396  1      870     -1
 2873    353   399   376  0      871   1218
 2874    353   318   399  0      871   1214
 2875    376   318   353  0      871   1225
 2876    376   399   318  0      871   4094
 2877    331   423   409  0      872    917
 2878    331   387   423  0      872    894
 2879    409   387   331  0      872    877
 2880    409   423   387  0      872    898
 2881    331   301   310  0      873    879
 2882    310   301   239  0      873    874
 2883    310   301   326  0      874    878
 2884    326   301   239  0      874   1029
 2885    409   454   316  0      875    933
 2886    316   454   373  0      875    913
 2887    326   387   310  0      876    878
 2888    326   409   387  0      876    882
 2889    310   387   409  0      876    877
 2890    310   331   409  0      877    960
 2891    310   387   331  0      877    879
 2892    310   301   387  0      878    879
 2893    326   387   301  1      878     -1
 2894    326   387   431  0      880    882
 2895    326   422   387  1      880     -1
 2896    431   387   422  0      880    881
 2897    431   387   409  0      881    882
 2898    419   340   424  1      883     -1
 2899    611   667   653  0      884   4276
 2900    611   577   667  0      884   4344
 2901    653   577   611  0      884   4058
 2902    653   667   577  0      884   2738
 2903    414   355   473  0      885   2369
 2904    324   355   414  0      885   2242
 2905    324   473   355  0      885   1521
 2906    223   184   268  0      886    970
 2907    223   324   184  0      886    990
 2908    268   324   223  0      886   2360
 2909    456   450   373  0      887    915
 2910    653   751   771  0      888   2882
 2911    653   703   751  0      888   4167
 2912    771   751   703  0      888   4052
 2913    327   355   307  0      890   2343
 2914    266   265   217  0      891    950
 2915    394   352   414  0      892   2280
 2916    414   471   394  0      892    905
 2917    447   387   423  0      893    900
 2918    396   387   447  1      893     -1
 2919    396   423   387  0      893    894
 2920    381   407   367  0      895   2439
 2921    381   439   407  0      895   2436
 2922    367   439   381  0      895   2339
 2923    367   407   439  0      895   2441
 2924    450   527   457  0      896   4306
 2925    450   454   527  0      896   4353
 2926    457   527   454  0      896   4301
 2927    595   615   577  0      897   4259
 2928    595   611   615  0      897   4364
 2929    577   611   595  0      897   4344
 2930    577   615   611  0      897   4383
 2931    387   500   423  0      898    900
 2932    409   423   500  0      898    899
 2933    409   423   524  0      899   4367
 2934    524   423   500  0      899    901
 2935    447   500   423  0      900    901
 2936    387   500   447  1      900     -1
 2937    524   447   500  0      901   4385
 2938    524   423   447  0      901   4345
 2939    358   362   416  0      902   2385
 2940    307   416   362  0      902   2428
 2941    379   361   293  0      903   2551
 2942    379   279   361  0      903   2256
 2943    293   279   379  0      903   2295
 2944    293   361   279  0      903   2555
 2945    450   414   454  0      904    916
 2946    450   346   414  0      904    947
 2947    414   384   394  0      905   2280
 2948    471   394   384  0      905   1336
 2949    177    54   119  0      906   1014
 2950    177   113    54  0      906   1593
 2951    674   610   523  0      907   3956
 2952    523   568   674  0      907   3995
 2953    523   610   568  0      907   4005
 2954    265   251   180  0      908    996
 2955    227   298   196  0      909    918
 2956    196   299   227  0      909   1519
 2957    540   641   505  0      910   3848
 2958    540   570   641  0      910   3793
 2959    505   641   570  0      910   2336
 2960    346   384   324  0      911   1518
 2961    414   324   384  0      911   2275
 2962    429   354   426  0      912   1199
 2963    429   376   354  0      912   1466
 2964    426   376   429  0      912   1197
 2965    426   354   376  0      912   1153
 2966    157   250   203  0      914   1556
 2967    121   250   157  0      914   1693
 2968    456   450   457  0      915   4306
 2969    450   471   454  0      916   3676
 2970    450   414   471  0      916   2798
 2971    331   347   409  0      917    960
 2972    331   423   347  0      917   1115
 2973    196   150   298  0      918   1099
 2974    227   150   196  0      918    962
 2975    113   108    19  0      919   1002
 2976    227   298   295  0      920   1122
 2977    295   298   259  0      920   1120
 2978    513   443   575  0      921   3545
 2979    513   477   443  0      921   1409
 2980    575   477   513  0      921   2386
 2981    575   443   477  0      921   1412
 2982    365   446   424  1      922     -1
 2983    375   446   365  0      922   1168
 2984    375   424   446  0      922   1177
 2985    502   473   410  0      923   2831
 2986    502   414   473  0      923   4098
 2987    410   414   502  0      923   2271
 2988    410   473   414  0      923   2414
 2989    473   416   441  0      924   2704
 2990    473   355   416  0      924   2372
 2991    441   355   473  0      924   1493
 2992    355   352   410  0      925   1692
 2993    355   324   352  0      925   2357
 2994    410   324   355  0      925   1521
 2995    410   352   324  0      925   2165
 2996    369   470   410  0      926   1995
 2997    410   432   369  0      926   1550
 2998    410   470   432  0      926    984
 2999    407   460   442  0      927   2162
 3000    407   439   460  0      927   2211
 3001    442   439   407  0      927   2441
 3002    442   460   439  0      927   2746
 3003    477   443   471  0      928   1412
 3004    477   394   443  0      928   1526
 3005    471   443   394  0      928   1336
 3006    168   251   291  0      929   1538
 3007    268   291   251  0      929   1523
 3008     76   138    18  0      930    954
 3009     76   103   138  0      930    999
 3010     18   103    76  1      930     -1
 3011     18   138   103  0      930   1563
 3012    177   168   213  0      931   1634
 3013    297   160   247  0      932   1735
 3014    297   238   160  0      932   1741
 3015    247   238   297  0      932   1810
 3016    247   160   238  0      932   1803
 3017    409   347   316  0      933    966
 3018    171   253   154  0      934   1277
 3019    171   230   253  1      934     -1
 3020    154   253   230  0      934    986
 3021    100    30   168  0      935   1632
 3022    100    84    30  1      935     -1
 3023    168    84   100  0      935    956
 3024    168    30    84  0      935   1631
 3025    342   215   354  0      936   1559
 3026    354   215   291  0      936   1270
 3027     60    33    24  1      937     -1
 3028     60   108    33  0      937   1054
 3029    316   327   248  0      938    976
 3030     27    38   135  0      939    951
 3031    135    38   123  0      939   1077
 3032    194   248   358  0      940    977
 3033    450   438   327  0      941    948
 3034    394   352   324  0      942   2290
 3035    394   384   352  0      942   2280
 3036    324   384   394  0      942   1520
 3037    324   352   384  0      942   2275
 3038     77    48    18  1      943     -1
 3039     18   120    77  0      943    952
 3040     21   142   129  0      944   1659
 3041     21   114   142  0      944   1597
 3042    129   114    21  0      944   1600
 3043    129   142   114  0      944   2105
 3044    168   103   119  0      945    946
 3045    119   103    47  0      945   1041
 3046    119   187   103  0      946   1042
 3047    450   327   414  0      947    948
 3048    158   217   195  0      949   1058
 3049    158   270   217  0      949    973
 3050    265   187   266  0      950   1156
 3051     27    38    58  1      951     -1
 3052     18   120   150  0      952   1540
 3053    247   213   157  0      953   1629
 3054    157   250   247  0      953   1485
 3055    157   213   250  0      953   1480
 3056     77    76   138  0      954   1102
 3057     18    76    77  1      954     -1
 3058    290   217   270  0      955    973
 3059    100    47    84  1      956     -1
 3060    168    84    47  0      956   1541
 3061    446   503   459  0      957   3884
 3062    446   518   503  0      957   3918
 3063    459   518   446  0      957   4033
 3064    459   503   518  0      957   3769
 3065    227   266   187  0      958   1157
 3066    310   347   331  0      959    960
 3067    310   266   347  0      959    965
 3068    331   347   266  0      959   1065
 3069    310   347   409  0      960    966
 3070     84    48   163  0      961   1583
 3071    163   120    84  0      961   1585
 3072    150   138   227  0      962   1142
 3073    150   196   138  0      962   1562
 3074     48   104   163  0      963   1507
 3075     48     8   104  1      963     -1
 3076    163     8    48  0      963   1134
 3077    187   149   138  0      964   1108
 3078    216   138   149  0      964   1113
 3079    316   347   310  0      965    966
 3080    299   375   347  0      967   1136
 3081    299   331   375  0      967   1146
 3082    347   331   299  0      967   1065
 3083    347   375   331  0      967   1115
 3084    239   149   217  0      968    994
 3085    290   199   239  0      969   1036
 3086    290   263   199  0      969   1050
 3087    239   199   263  0      969   1066
 3088    223   177   268  0      970   2316
 3089    251   168   180  0      971    996
 3090    239   217   158  0      972   1052
 3091    158   290   239  0      972   1036
 3092    158   217   290  0      972    973
 3093    108   149   187  0      974   1044
 3094    108   217   149  0      974   1040
 3095    187   217   108  0      974   1015
 3096    119   180   113  0      975   1016
 3097    119   108   180  0      975   1010
 3098    346   327   248  0      976    991
 3099    400   393   367  0      978   2477
 3100    400   320   393  0      978   2562
 3101    367   393   320  0      978   2472
 3102    223   232   324  0      979    990
 3103    223   327   232  0      979   2345
 3104    324   327   223  0      979   2340
 3105    149   118    33  0      980   1038
 3106    149    56   118  0      980   1037
 3107    248   184   232  0      981    995
 3108    324   232   184  0      981    990
 3109    293   320   275  0      982   2274
 3110    172   320   293  0      982   2541
 3111    140   161    73  0      983   2220
 3112    140    78   161  0      983   2090
 3113     73   161    78  1      983     -1
 3114    410   502   432  0      984   2399
 3115    410   470   502  0      984   2085
 3116    432   502   470  0      984   3563
 3117    307   232   327  0      985   2320
 3118    298   253   230  0      986   1200
 3119    298   154   253  0      986   1173
 3120    265   180   168  0      987    996
 3121    444   357   408  0      988   1410
 3122    444   368   357  0      988   1729
 3123    234   303   308  0      989   1107
 3124    308   303   369  0      989   1996
 3125    223   232   184  0      990   2294
 3126    324   248   346  0      991    992
 3127    251   346   324  0      992   1154
 3128    180   232   194  0      993   1009
 3129    180   248   232  0      993    995
 3130    149   217   118  0      994   1040
 3131    239   118   217  0      994   1052
 3132    184   232   180  0      995   1020
 3133    251   168   265  0      996   1364
 3134    250   215   342  0      997   1559
 3135    250   213   215  0      997   1480
 3136    193   129    79  0      998   1609
 3137    103    33    76  1      999     -1
 3138    103   138    33  0      999   1112
 3139     76   138    17  0     1000   1118
 3140     76   150   138  0     1000   1102
 3141     17   150    76  0     1000   1106
 3142     97   101     2  1     1001     -1
 3143     97   145   101  1     1001     -1
 3144      2   145    97  0     1001   2093
 3145      2   101   145  0     1001   2082
 3146    143   108    19  0     1002   1031
 3147     19   113   143  0     1002   1027
 3148     39   154    77  0     1003   1341
 3149     39   150   154  0     1003   1005
 3150    444   401   467  0     1004   1425
 3151    444   357   401  0     1004   1729
 3152    467   357   444  0     1004   1411
 3153    467   401   357  0     1004   1716
 3154    150   154    71  0     1005   1133
 3155    571   611   658  0     1006   4126
 3156    571   592   611  0     1006   4400
 3157    658   592   571  0     1006   1446
 3158    658   611   592  0     1006   4097
 3159    168   177   119  0     1007   1655
 3160    108    47    24  0     1008   1026
 3161    108   119    47  0     1008   1041
 3162     24    47   119  0     1008   1028
 3163    180   232   113  0     1009   1020
 3164    194   113   232  0     1009   2130
 3165    187   108   180  0     1010   1015
 3166    187   119   108  0     1010   1042
 3167    493   504   433  0     1011   2217
 3168    493   538   504  0     1011   2785
 3169    433   538   493  1     1011     -1
 3170    433   504   538  0     1011   2761
 3171    312   203   255  0     1012   1268
 3172    312   200   203  0     1012   1542
 3173    255   200   312  0     1012   1297
 3174    255   203   200  0     1012   1532
 3175    482   363   492  0     1013   1117
 3176    177   100   119  0     1014   1657
 3177     54   100   177  0     1014   2221
 3178    180   113   184  0     1016   1020
 3179    782   826   738  0     1017   4574
 3180    782   783   826  0     1017   2825
 3181    738   783   782  0     1017   4560
 3182    738   826   783  0     1017   4626
 3183     94   139   157  0     1018   1601
 3184     94    83   139  0     1018   1626
 3185    157    83    94  0     1018   1555
 3186     88    32    63  1     1019     -1
 3187     88   124    32  0     1019   2126
 3188     63   124    88  1     1019     -1
 3189     63    32   124  0     1019   2128
 3190    184   232   113  0     1020   2226
 3191    140   113   194  0     1021   2255
 3192    140   143   113  0     1021   1022
 3193     93   143   113  0     1022   1027
 3194    145   210   205  0     1023   2037
 3195    231   210   145  1     1023     -1
 3196    231   205   210  0     1023   2565
 3197    132   278   207  0     1024   2489
 3198    132   169   278  0     1024   1949
 3199    207   169   132  0     1024   2174
 3200    207   278   169  1     1024     -1
 3201     54    44    19  1     1025     -1
 3202     54   113    44  0     1025   2241
 3203    108    47   103  0     1026   1041
 3204     24   103    47  1     1026     -1
 3205     54    24    47  1     1028     -1
 3206    326   301   181  1     1029     -1
 3207    239   181   301  0     1029   1034
 3208    187    33   108  0     1030   1044
 3209    187   103    33  0     1030   1112
 3210    108   103   187  0     1030   1042
 3211    108    60   143  0     1031   1056
 3212    143    60    19  0     1031   1032
 3213     80    60    19  1     1032     -1
 3214     80   143    60  0     1032   1033
 3215     64    60    80  1     1033     -1
 3216     64   143    60  0     1033   1053
 3217    239   181   216  0     1034   1079
 3218    216   181   301  0     1034   1051
 3219     96   141    38  0     1035   1081
 3220     96     4   141  1     1035     -1
 3221     38     4    96  1     1035     -1
 3222    158   199   239  0     1036   1049
 3223    158   290   199  0     1036   1084
 3224    118   149    38  0     1037   1075
 3225     56    38   149  0     1037   1082
 3226    108   118    33  0     1038   1054
 3227    108   149   118  0     1038   1040
 3228     33   149   108  0     1038   1044
 3229    384   325   346  0     1039   1516
 3230    346   251   384  0     1039   1533
 3231    217   118   108  0     1040   1057
 3232    119   103   108  0     1041   1042
 3233    164    91   190  0     1043   1288
 3234    164    20    91  0     1043   1273
 3235    190    20   164  0     1043   1290
 3236    187    33   149  0     1044   1108
 3237    314   399   318  0     1045   1224
 3238    314   287   399  0     1045   1207
 3239    318   287   314  0     1045   1221
 3240    318   399   287  0     1045   1239
 3241    181   199   141  0     1046   1074
 3242    181   263   199  0     1046   1066
 3243    141   263   181  1     1046     -1
 3244    141   199   263  0     1046   1071
 3245     84    94   213  0     1047   1126
 3246     84   215    94  0     1047   1586
 3247    213   215    84  0     1047   1561
 3248    213    94   215  0     1047   1581
 3249    287   318   253  0     1048   1266
 3250    253   289   287  0     1048   1261
 3251    253   318   289  0     1048   1116
 3252    158   118   239  0     1049   1052
 3253    282   199   290  0     1050   1073
 3254    224   181   301  1     1051     -1
 3255    158   118   217  0     1052   1058
 3256    143   118    64  0     1053   1062
 3257    143    60   118  0     1053   1056
 3258    108   118    60  0     1054   1056
 3259    158    64   118  0     1055   1063
 3260    108   118   143  0     1056   1057
 3261    217   118   143  0     1057   1059
 3262    158   118   195  0     1058   1060
 3263    195   118   217  0     1058   1059
 3264    195   118   143  0     1059   1060
 3265    158   118   143  0     1060   1061
 3266    158   118   125  0     1061   1063
 3267    125   118   143  0     1061   1062
 3268    125   118    64  0     1062   1063
 3269    158   123   141  0     1064   1078
 3270    158   199   123  0     1064   1080
 3271    331   299   266  0     1065   1111
 3272    266   299   347  0     1065   1114
 3273    239   199   181  0     1066   1079
 3274    481   507   405  0     1067   1709
 3275    481   468   507  0     1067   1720
 3276    405   507   468  0     1067   1470
 3277    290   199   212  0     1068   1073
 3278    290   135   199  0     1068   1084
 3279    212   199   135  0     1068   1072
 3280    306   190   287  0     1069   1228
 3281    306   277   190  1     1069     -1
 3282    287   277   306  0     1069   1192
 3283    287   190   277  0     1069   1202
 3284    181   199   216  0     1070   1079
 3285    181   149   199  0     1070   1074
 3286    212   263   141  1     1071     -1
 3287    123   199   135  0     1072   1080
 3288    149   141   181  0     1074   1087
 3289    149    38   141  0     1075   1082
 3290    158   141   135  0     1076   1078
 3291    135   141    38  0     1076   1077
 3292    135   141   123  0     1077   1078
 3293    158   123   135  0     1078   1080
 3294    158   199   135  0     1080   1084
 3295     56   141    38  0     1081   1082
 3296     56    96   141  0     1081   1090
 3297     38    96    56  1     1081     -1
 3298     56   141   149  0     1082   1089
 3299    126    17    72  1     1083     -1
 3300    126    76    17  0     1083   1118
 3301     72    76   126  0     1083   1085
 3302     72    17    76  1     1083     -1
 3303     76   126    56  0     1085   1086
 3304     56    72    76  1     1085     -1
 3305     56   126    72  0     1085   1088
 3306     56   149   126  0     1086   1089
 3307     76   126   149  0     1086   1103
 3308    181   126   141  1     1087     -1
 3309    141   126   149  0     1087   1089
 3310     56   126    96  0     1088   1090
 3311     96    72    56  1     1088     -1
 3312     96   126    72  1     1088     -1
 3313     56   141   126  0     1089   1090
 3314     96   141   126  1     1090     -1
 3315     77    17   106  1     1091     -1
 3316     77   150    17  0     1091   1106
 3317    312   261   353  0     1092   1400
 3318    312   209   261  0     1092   1543
 3319    353   209   312  0     1092   1456
 3320    353   261   209  0     1092   1226
 3321    375   429   347  0     1093   1136
 3322    347   423   375  0     1093   1115
 3323    347   429   423  0     1093   1512
 3324    221   333   319  1     1094     -1
 3325    221   222   333  0     1094   1327
 3326    319   222   221  0     1094   1377
 3327    319   333   222  0     1094   1430
 3328    216   167   224  0     1095   1144
 3329    216   126   167  0     1095   1140
 3330    224   167   126  1     1095     -1
 3331    106   171    71  1     1096     -1
 3332    106   154   171  0     1096   1135
 3333     71   154   106  0     1096   1133
 3334     71   171   154  0     1096   1280
 3335    253   318   298  0     1097   1173
 3336    253   340   318  0     1097   1109
 3337    298   318   340  0     1097   1164
 3338    502   570   498  0     1098   1210
 3339    498   563   502  0     1098   3579
 3340    498   570   563  0     1098   1404
 3341    196   150   154  0     1099   1131
 3342    157    70    95  0     1100   1602
 3343     95    14   157  0     1100   1198
 3344     95    70    14  1     1100     -1
 3345    342   354   312  0     1101   1489
 3346    342   427   354  0     1101   1525
 3347    312   427   342  0     1101   1408
 3348    312   354   427  0     1101   1403
 3349     77    76   150  0     1102   1106
 3350    126   138    76  0     1103   1118
 3351    126   149   138  0     1103   1113
 3352    347   325   384  0     1104   1516
 3353    347   443   325  0     1104   1145
 3354    384   325   443  0     1104   1162
 3355    513   530   426  0     1105   3815
 3356    426   458   513  0     1105   1453
 3357    426   530   458  0     1105   3785
 3358     76    17    77  1     1106     -1
 3359    234   303   223  0     1107   2006
 3360    223   308   234  0     1107   1681
 3361    223   303   308  0     1107   1999
 3362     33   138   187  0     1108   1112
 3363    253   345   318  0     1109   1116
 3364    340   345   253  1     1109     -1
 3365    340   318   345  0     1109   1129
 3366    423   331   375  0     1110   1115
 3367    266   227   299  0     1111   1157
 3368    331   299   227  0     1111   1146
 3369    103   138   187  0     1112   1564
 3370    216   138   126  0     1113   1140
 3371    266   299   265  0     1114   1156
 3372    265   299   347  0     1114   1502
 3373    253   345   289  1     1116     -1
 3374    363   432   482  0     1117   1462
 3375    363   492   432  0     1117   1482
 3376     17   126   138  0     1118   1137
 3377    314   243   318  0     1119   1221
 3378    314   261   243  0     1119   1314
 3379    318   261   314  0     1119   1224
 3380    318   243   261  0     1119   1281
 3381    259   365   298  0     1120   1193
 3382    295   365   259  1     1120     -1
 3383    295   298   365  0     1120   1121
 3384    331   295   298  0     1121   1122
 3385    227   298   331  0     1122   1148
 3386    513   459   448  0     1123   4082
 3387    448   459   429  0     1123   1125
 3388    480   567   437  0     1124   4000
 3389    480   430   567  0     1124   4028
 3390    437   430   480  0     1124   1250
 3391    437   567   430  0     1124   3983
 3392    429   375   459  0     1125   1196
 3393    448   459   375  0     1125   1176
 3394     30    84    94  1     1126     -1
 3395    213    84    30  0     1126   1649
 3396    203   163   209  0     1127   1371
 3397    203   267   163  0     1127   1155
 3398    209   267   203  0     1127   1310
 3399    209   163   267  0     1127   1338
 3400    150   163   209  0     1128   1340
 3401    419   345   340  1     1129     -1
 3402    419   318   345  0     1129   1237
 3403    253   243   164  0     1130   1220
 3404    253   186   243  0     1130   1206
 3405    164   186   253  0     1130   1284
 3406    164   243   186  0     1130   1299
 3407    196   150   209  0     1131   1340
 3408    365   340   298  0     1132   1193
 3409    365   424   340  1     1132     -1
 3410    106   150   154  0     1133   1135
 3411      8    48    77  1     1134     -1
 3412     77   163     8  0     1134   1161
 3413    375   429   299  0     1136   1535
 3414    299   429   347  0     1136   1487
 3415    126   167    17  1     1137     -1
 3416    126   138   167  0     1137   1140
 3417     62   144    82  0     1138   1380
 3418     82    49    62  1     1138     -1
 3419     82   144    49  1     1138     -1
 3420    230   150   167  0     1139   1141
 3421    227   150   230  0     1139   1151
 3422    227   167   150  0     1139   1142
 3423    138   167   216  0     1140   1143
 3424    171   167   230  1     1141     -1
 3425    227   167   138  0     1142   1143
 3426    227   167   216  0     1143   1144
 3427    443   325   429  0     1145   1169
 3428    429   347   443  0     1145   1512
 3429    429   325   347  0     1145   1487
 3430    331   375   227  0     1146   1148
 3431    626   745   665  0     1147   3819
 3432    626   637   745  0     1147   1464
 3433    665   637   626  0     1147   3453
 3434    665   745   637  0     1147   3804
 3435    480   421   399  0     1149   1428
 3436    480   474   421  0     1149   3957
 3437    399   474   480  0     1149   1898
 3438    399   421   474  0     1149   1424
 3439    421   523   469  0     1150   2916
 3440    421   530   523  0     1150   3981
 3441    469   530   421  0     1150   3760
 3442    469   523   530  0     1150   1256
 3443    707   670   652  0     1152   3183
 3444    652   717   707  0     1152   3621
 3445    652   670   717  0     1152   3530
 3446    353   376   426  0     1153   1218
 3447    353   354   376  0     1153   1527
 3448    324   291   346  0     1154   1518
 3449    324   251   291  0     1154   1523
 3450    346   291   251  0     1154   1533
 3451    163   215   267  0     1155   1548
 3452    163   203   215  0     1155   1557
 3453    267   215   203  0     1155   1506
 3454    187   299   265  0     1156   1514
 3455    187   266   299  0     1156   1157
 3456    227   299   187  0     1157   1501
 3457    196   244   267  0     1158   1454
 3458    196   215   244  0     1158   1568
 3459    267   215   196  0     1158   1548
 3460    267   244   215  0     1158   1449
 3461    427   458   354  0     1159   1524
 3462    426   458   427  0     1159   1397
 3463    426   354   458  0     1159   1199
 3464    368   427   408  0     1160   1460
 3465    368   494   427  0     1160   1437
 3466    408   427   494  0     1160   3853
 3467     77   147     8  0     1161   1331
 3468    443   354   325  0     1162   1169
 3469    215   120   168  0     1163   1566
 3470    215    84   120  0     1163   1586
 3471    168    84   215  0     1163   1561
 3472    168   120    84  0     1163   1541
 3473    298   318   376  0     1164   1222
 3474    365   446   448  0     1165   1168
 3475    365   396   446  1     1165     -1
 3476    448   446   396  0     1165   1166
 3477    396   447   446  1     1166     -1
 3478    700   726   615  0     1167   4396
 3479    615   657   700  0     1167   4127
 3480    448   375   446  0     1168   1177
 3481    443   354   429  0     1169   1436
 3482    429   354   325  0     1169   1174
 3483    448   424   459  0     1170   1176
 3484    448   446   424  0     1170   1177
 3485    459   446   448  0     1170   1227
 3486    459   424   446  0     1170   3884
 3487    459   424   375  0     1171   1176
 3488    884   879   831  0     1172   3689
 3489    884   964   879  0     1172   3670
 3490    831   879   964  0     1172   2890
 3491    154   318   298  0     1173   1279
 3492    154   253   318  0     1173   1278
 3493    325   299   354  0     1174   1422
 3494    429   299   325  0     1174   1487
 3495    611   751   658  0     1175   4163
 3496    611   653   751  0     1175   4167
 3497    658   653   611  0     1175   4097
 3498    658   751   653  0     1175   4148
 3499    448   424   375  0     1176   1177
 3500    767   732   674  0     1178   3904
 3501    767   636   732  1     1178     -1
 3502    674   636   767  0     1178   3566
 3503    674   732   636  0     1178   3967
 3504    419   403   318  0     1179   1237
 3505    419   399   403  0     1179   1235
 3506    318   399   419  0     1179   4095
 3507    318   403   399  0     1179   1239
 3508    714   608   587  0     1180   3476
 3509    714   646   608  0     1180   3470
 3510    587   646   714  0     1180   3490
 3511    587   608   646  0     1180   3201
 3512    480   523   474  0     1181   3957
 3513    480   530   523  0     1181   3768
 3514    474   530   480  0     1181   4032
 3515    474   523   530  0     1181   3981
 3516    599   658   607  0     1182   4075
 3517    697   658   599  0     1182   3959
 3518    593   523   469  0     1183   1256
 3519    593   546   523  0     1183   1209
 3520    469   546   593  0     1183   4009
 3521    469   523   546  0     1183   3982
 3522    607   611   703  0     1184   4135
 3523    658   611   607  0     1184   4126
 3524    658   703   611  0     1184   4163
 3525    426   474   513  0     1185   3815
 3526    513   474   459  0     1185   4115
 3527    563   570   578  0     1186   1404
 3528    563   670   570  0     1186   4341
 3529    578   670   563  0     1186   3176
 3530    578   570   670  0     1186   3577
 3531    593   610   674  0     1187   3956
 3532    593   733   610  0     1187   4008
 3533    674   733   593  0     1187   3830
 3534    674   610   733  0     1187   4031
 3535    401   485   357  0     1188   1716
 3536    401   335   485  0     1188   1732
 3537    357   335   401  0     1188   1731
 3538    357   485   335  0     1188   1762
 3539    696   735   705  0     1189   1345
 3540    696   745   735  0     1189   3808
 3541    705   745   696  0     1189   3805
 3542    705   735   745  0     1189   1459
 3543    261   408   349  0     1190   1232
 3544    261   312   408  0     1190   1400
 3545    349   312   261  0     1190   1215
 3546    349   408   312  0     1190   1439
 3547    147   134    62  0     1191   1305
 3548     62   200   147  0     1191   1282
 3549     62   134   200  0     1191   1363
 3550    306   359   277  1     1192     -1
 3551    306   287   359  0     1192   1208
 3552    365   340   259  1     1193     -1
 3553    480   503   512  0     1194   4080
 3554    480   568   503  0     1194   4063
 3555    512   568   480  0     1194   3979
 3556    512   503   568  0     1194   4061
 3557    788   696   725  0     1195   2392
 3558    801   696   788  0     1195   3747
 3559    801   725   696  0     1195   3461
 3560    459   429   376  0     1196   1197
 3561    375   376   429  0     1196   1534
 3562    157    26    14  0     1198   1578
 3563     95    26   157  0     1198   1570
 3564     95    14    26  1     1198     -1
 3565    429   458   426  0     1199   1453
 3566    429   354   458  0     1199   1436
 3567    259   253   230  1     1200     -1
 3568    448   519   459  0     1201   1227
 3569    448   571   519  0     1201   2835
 3570    459   571   448  0     1201   4362
 3571    190   277   243  0     1202   1265
 3572    287   243   277  0     1202   1219
 3573    494   532   444  0     1203   3822
 3574    494   520   532  0     1203   1471
 3575    444   520   494  0     1203   3388
 3576    444   532   520  0     1203   1463
 3577    283   311   313  0     1204   2058
 3578    283   398   311  1     1204     -1
 3579    313   398   283  0     1204   1956
 3580    434   469   444  0     1205   3854
 3581    349   469   434  0     1205   1234
 3582    349   444   469  0     1205   1419
 3583    318   243   253  0     1206   1266
 3584    318   186   243  0     1206   1281
 3585    253   186   318  0     1206   1278
 3586    399   430   287  0     1207   1251
 3587    399   314   430  0     1207   1414
 3588    306   289   359  1     1208     -1
 3589    287   289   306  0     1208   1257
 3590    287   359   289  0     1208   1212
 3591    628   593   546  0     1209   4010
 3592    628   523   593  0     1209   3938
 3593    502   570   471  0     1210   4373
 3594    471   498   502  0     1210   2267
 3595    471   570   498  0     1210   3702
 3596    482   330   415  0     1211   1728
 3597    415   363   482  0     1211   1462
 3598    415   330   363  0     1211   1718
 3599    287   359   437  0     1212   1249
 3600    437   289   287  0     1212   1236
 3601    437   359   289  1     1212     -1
 3602    635   532   665  0     1213   3874
 3603    635   551   532  0     1213   1401
 3604    665   551   635  0     1213   3835
 3605    665   532   551  0     1213   3841
 3606    261   399   353  0     1214   1247
 3607    261   318   399  0     1214   1224
 3608    353   318   261  0     1214   1226
 3609    255   261   349  0     1215   1275
 3610    255   312   261  0     1215   1297
 3611    349   312   255  0     1215   1440
 3612     12   148   107  0     1216   1646
 3613     12   185   148  0     1216   1608
 3614    107   185    12  0     1216   1635
 3615    107   148   185  0     1216   1616
 3616    453   486   364  1     1217     -1
 3617    453   469   486  0     1217   4002
 3618    364   469   453  0     1217   1432
 3619    426   399   376  0     1218   1231
 3620    287   243   314  0     1219   1221
 3621    314   277   287  0     1219   1246
 3622    314   243   277  0     1219   1233
 3623    253   287   164  0     1220   1261
 3624    253   243   287  0     1220   1266
 3625    287   243   318  0     1221   1266
 3626    376   209   318  0     1222   1225
 3627    298   209   376  0     1222   1500
 3628    298   318   209  0     1222   1293
 3629    480   403   399  0     1223   1235
 3630    480   287   403  0     1223   1240
 3631    399   287   480  0     1223   1251
 3632    399   403   287  0     1223   1239
 3633    314   399   261  0     1224   1413
 3634    209   353   376  0     1225   1316
 3635    209   318   353  0     1225   1226
 3636    209   318   261  0     1226   1286
 3637    446   519   459  0     1227   4033
 3638    306   191   287  0     1228   1257
 3639    306   190   191  1     1228     -1
 3640    287   191   190  0     1228   1291
 3641    325   291   244  0     1229   1509
 3642    251   244   291  0     1229   1538
 3643    211   134   128  0     1230   1319
 3644    128   183   211  1     1230     -1
 3645    376   474   399  0     1231   3762
 3646    426   399   474  0     1231   1424
 3647    421   408   349  0     1232   1372
 3648    421   261   408  0     1232   1242
 3649    349   261   421  0     1232   1407
 3650    243   183   314  0     1233   1337
 3651    243   277   183  0     1233   1265
 3652    314   183   277  0     1233   1313
 3653    349   486   434  0     1234   1252
 3654    434   486   469  0     1234   1457
 3655    419   480   403  0     1235   3705
 3656    399   480   419  0     1235   4065
 3657    289   403   437  1     1236     -1
 3658    289   287   403  0     1236   1238
 3659    437   403   287  0     1236   1240
 3660    318   345   403  0     1237   1241
 3661    419   403   345  1     1237     -1
 3662    345   403   289  1     1238     -1
 3663    345   287   403  0     1238   1241
 3664    318   403   287  0     1239   1241
 3665    437   480   287  0     1240   1250
 3666    437   403   480  0     1240   4021
 3667    261   408   353  0     1242   1400
 3668    353   421   261  0     1242   1247
 3669    353   408   421  0     1242   1399
 3670    412   430   437  0     1243   1258
 3671    412   495   430  1     1243     -1
 3672    437   495   412  1     1243     -1
 3673    437   430   495  0     1243   3983
 3674    775   714   744  0     1244   3445
 3675    775   802   714  0     1244   1759
 3676    744   802   775  0     1244   3141
 3677    211   144    82  1     1245     -1
 3678    211   134   144  0     1245   1374
 3679     82   134   211  0     1245   1356
 3680     82   144   134  0     1245   1378
 3681    314   277   364  0     1246   1389
 3682    261   399   421  0     1247   1413
 3683    706   568   669  0     1248   4056
 3684    599   568   706  0     1248   4030
 3685    599   669   568  0     1248   4039
 3686    437   430   359  0     1249   1258
 3687    287   430   437  0     1249   1250
 3688    480   287   430  0     1250   1251
 3689    480   399   430  0     1251   1428
 3690    434   305   486  1     1252     -1
 3691    349   305   434  0     1252   1350
 3692    674   732   804  0     1253   3904
 3693    804   706   674  0     1253   3727
 3694    568   669   512  0     1254   4039
 3695    568   636   669  0     1254   4055
 3696    512   636   568  0     1254   3942
 3697    512   669   636  1     1254     -1
 3698    731   807   787  0     1255   3941
 3699    834   807   731  1     1255     -1
 3700    834   787   807  0     1255   1269
 3701    593   523   530  0     1256   4017
 3702    306   191   289  1     1257     -1
 3703    289   191   287  0     1257   1289
 3704    412   359   437  1     1258     -1
 3705    412   430   359  1     1258     -1
 3706    121   201   222  0     1259   1820
 3707    121   144   201  0     1259   1824
 3708    222   201   144  0     1259   1382
 3709    190   128   137  1     1260     -1
 3710    137    20   190  0     1260   1290
 3711    137   128    20  0     1260   1272
 3712    289   164   253  1     1261     -1
 3713    289   287   164  0     1261   1289
 3714    128    86    20  0     1262   1272
 3715    128    91    86  0     1262   1315
 3716     20    86    91  1     1262     -1
 3717      8   134    91  0     1263   1354
 3718      8    31   134  0     1263   1317
 3719     91    31     8  1     1263     -1
 3720     91   134    31  0     1263   1347
 3721    243   147   186  0     1264   1352
 3722    243   261   147  0     1264   1335
 3723    186   261   243  0     1264   1281
 3724    186   147   261  0     1264   1287
 3725    243   190   183  0     1265   1267
 3726    277   183   190  1     1265     -1
 3727    128   190   183  1     1267     -1
 3728    243   190   128  0     1267   1358
 3729    312   250   255  0     1268   1447
 3730    312   203   250  0     1268   1510
 3731    807   849   787  0     1269   4185
 3732    834   849   807  1     1269     -1
 3733    834   787   849  0     1269   4202
 3734    291   267   215  0     1270   1449
 3735    354   215   267  0     1270   1558
 3736    107   148    83  0     1271   1646
 3737    107    70   148  0     1271   1802
 3738     83    70   107  1     1271     -1
 3739     83   148    70  0     1271   1344
 3740    128    86   137  1     1272     -1
 3741    137    86    20  0     1272   1304
 3742    164    50    91  0     1273   1303
 3743     20    50   164  1     1273     -1
 3744     20    91    50  1     1273     -1
 3745    261   200   349  0     1274   1275
 3746    261   314   200  0     1274   1314
 3747    349   314   261  0     1274   1407
 3748    349   200   314  0     1274   1387
 3749    255   261   200  0     1275   1297
 3750    154   164    71  0     1276   1280
 3751    154    50   164  0     1276   1303
 3752     71   164    50  1     1276     -1
 3753    253   164   171  1     1277     -1
 3754    253   154   164  0     1277   1284
 3755    171   164   154  0     1277   1280
 3756    253   186   154  0     1278   1284
 3757    154   186   318  0     1278   1279
 3758    154   186   298  0     1279   1294
 3759    298   186   318  0     1279   1293
 3760    171   164    71  1     1280     -1
 3761    261   318   186  0     1281   1286
 3762    200   121    62  0     1282   1363
 3763     62   121   147  0     1282   1552
 3764    255   333   349  0     1283   1405
 3765    255   221   333  0     1283   1327
 3766    349   333   221  0     1283   1381
 3767    154   164   186  0     1284   1301
 3768    280   197   281  0     1285   1458
 3769    193   197   280  0     1285   1508
 3770    193   281   197  0     1285   2030
 3771    318   186   209  0     1286   1293
 3772    209   186   261  0     1286   1287
 3773    186   147   209  0     1287   1330
 3774    209   147   261  0     1287   1544
 3775    164   128   190  0     1288   1357
 3776    164    91   128  0     1288   1332
 3777    289   191   164  1     1289     -1
 3778    287   164   191  0     1289   1291
 3779    137   164   190  0     1290   1292
 3780    137    20   164  1     1290     -1
 3781    190   164   191  0     1291   1292
 3782    191   137   164  1     1292     -1
 3783    190   137   191  1     1292     -1
 3784    298   186   209  0     1293   1294
 3785    154   186   209  0     1294   1330
 3786    185   238   178  0     1295   1724
 3787    178   284   185  0     1295   1393
 3788    178   238   284  0     1295   1592
 3789    214   269   285  0     1296   1881
 3790    214   236   269  0     1296   1911
 3791    285   236   214  0     1296   1306
 3792    312   261   200  0     1297   1542
 3793    121   105   144  0     1298   1823
 3794     49   105   121  0     1298   1800
 3795     49   144   105  1     1298     -1
 3796    164    91   186  0     1299   1301
 3797    164   243    91  0     1299   1325
 3798    186    91   243  0     1299   1351
 3799    154    91    39  0     1300   1302
 3800    154   186    91  0     1300   1301
 3801     39   186   154  0     1300   1329
 3802     39    91   186  0     1300   1361
 3803    164    91   154  0     1301   1303
 3804     39    50    91  1     1302     -1
 3805    154    91    50  0     1302   1303
 3806    137    86     0  1     1304     -1
 3807      0    20   137  1     1304     -1
 3808      0    86    20  1     1304     -1
 3809    147   134     8  0     1305   1353
 3810      8    62   147  0     1305   1368
 3811      8   134    62  0     1305   1317
 3812    236   214   178  0     1306   1870
 3813    178   285   236  0     1306   1815
 3814    178   214   285  0     1306   1873
 3815    297   238   335  0     1307   1349
 3816    335   258   297  0     1307   1679
 3817    335   238   258  0     1307   1745
 3818    222   297   357  0     1308   1725
 3819    222   335   297  0     1308   1679
 3820    357   297   335  0     1308   1731
 3821    551   530   408  0     1309   1435
 3822    551   421   530  0     1309   3760
 3823    408   421   551  0     1309   3834
 3824    312   203   209  0     1310   1543
 3825    312   267   203  0     1310   1510
 3826    209   267   312  0     1310   1456
 3827     10    70   157  0     1311   1602
 3828     10   121    70  0     1311   1505
 3829    157   121    10  0     1311   1370
 3830    157    70   121  0     1311   1628
 3831    211   200   134  0     1312   1374
 3832    314   200   211  0     1312   1388
 3833    314   134   200  0     1312   1326
 3834    183   277   211  1     1313     -1
 3835    314   211   277  0     1313   1390
 3836    261   243   200  0     1314   1333
 3837    314   200   243  0     1314   1326
 3838     86    31    91  1     1315     -1
 3839     86   128    31  0     1315   1318
 3840     91    31   128  0     1315   1347
 3841    353   267   209  0     1316   1456
 3842    353   376   267  0     1316   1527
 3843    209   267   376  0     1316   1500
 3844     31    62     8  1     1317     -1
 3845     31   134    62  0     1317   1379
 3846     31    35   128  0     1318   1346
 3847     31    86    35  1     1318     -1
 3848    128    35    86  1     1318     -1
 3849    128    35   134  0     1319   1346
 3850    211    35   128  1     1319     -1
 3851    211   134    35  0     1319   1356
 3852    480   469   453  0     1320   4026
 3853    480   430   469  0     1320   1427
 3854    453   430   480  0     1320   4029
 3855    453   469   430  0     1320   1426
 3856     62    41    10  1     1321     -1
 3857     62   121    41  0     1321   1801
 3858     10   121    62  0     1321   1574
 3859     10    41   121  0     1321   1505
 3860    247   160   157  0     1322   1485
 3861    247   148   160  0     1322   1803
 3862    157   148   247  0     1322   1629
 3863    157   160   148  0     1322   1647
 3864    133     5    79  0     1323   2070
 3865    133   129     5  0     1323   2067
 3866     79   129   133  0     1323   1609
 3867     79     5   129  0     1323   2054
 3868     62   104   121  0     1324   1552
 3869     62    26   104  1     1324     -1
 3870    121    26    62  0     1324   1574
 3871    121   104    26  0     1324   1369
 3872    243   134   164  0     1325   1359
 3873    243    91   134  0     1325   1351
 3874    164   134    91  0     1325   1332
 3875    314   134   243  0     1326   1337
 3876    243   134   200  0     1326   1333
 3877    255   221   222  0     1327   1385
 3878    368   401   357  0     1328   1729
 3879    368   297   401  0     1328   1676
 3880    357   297   368  0     1328   1723
 3881    357   401   297  0     1328   1731
 3882     39   147   154  0     1329   1341
 3883     39   186   147  0     1329   1360
 3884    154   147   186  0     1329   1330
 3885    154   147   209  0     1330   1342
 3886     77   147    39  0     1331   1341
 3887     39     8    77  1     1331     -1
 3888     39   147     8  0     1331   1353
 3889     91   128   134  0     1332   1347
 3890    164   134   128  0     1332   1357
 3891    243   134   261  0     1333   1335
 3892    468   485   335  0     1334   1732
 3893    468   338   485  0     1334   1678
 3894    243   134   147  0     1335   1352
 3895    209   163   196  0     1338   1340
 3896    196   267   209  0     1338   1481
 3897    196   163   267  0     1338   1548
 3898    267   244   299  0     1339   1454
 3899    267   325   244  0     1339   1509
 3900    299   325   267  0     1339   1422
 3901    299   244   325  0     1339   1488
 3902     77   147   154  0     1341   1342
 3903    342   477   427  0     1343   1525
 3904    342   415   477  0     1343   1443
 3905    427   415   342  0     1343   1475
 3906    427   477   415  0     1343   1406
 3907    157   148    70  0     1344   1647
 3908    637   735   705  0     1345   3811
 3909    705   696   637  0     1345   3805
 3910     31   134   128  0     1346   1347
 3911     31    35   134  0     1346   1355
 3912      7    46    22  1     1348     -1
 3913      7   111    46  0     1348   1799
 3914     22   111     7  0     1348   1849
 3915    321   297   238  0     1349   1811
 3916    335   297   321  0     1349   1758
 3917    434   333   305  1     1350     -1
 3918    349   333   434  0     1350   1441
 3919    349   305   333  0     1350   1381
 3920     91   134   186  0     1351   1361
 3921    186   134   243  0     1351   1352
 3922    186   134   147  0     1352   1360
 3923     39   134     8  0     1353   1354
 3924     39   147   134  0     1353   1360
 3925     39    91     8  1     1354     -1
 3926     39   134    91  0     1354   1361
 3927     82   134    31  0     1355   1378
 3928     82    35   134  0     1355   1356
 3929     31    35    82  1     1355     -1
 3930     82    35   211  1     1356     -1
 3931    164   134   190  0     1357   1359
 3932    190   134   128  0     1357   1358
 3933    190   134   243  0     1358   1359
 3934    186   134    39  0     1360   1361
 3935    281   308   262  0     1362   1689
 3936    281   363   308  0     1362   1942
 3937    262   363   281  0     1362   1665
 3938    262   308   363  0     1362   2208
 3939    134   121    62  0     1363   1375
 3940    134   200   121  0     1363   1373
 3941    251   168   244  0     1364   1538
 3942    429   458   443  0     1365   1436
 3943    513   458   429  0     1365   1453
 3944    513   443   458  0     1365   1409
 3945    280   330   321  0     1366   1822
 3946    280   363   330  0     1366   1638
 3947    200   121   255  0     1367   1532
 3948    255   222   200  0     1367   1385
 3949    255   121   222  0     1367   1450
 3950    147   104    62  0     1368   1552
 3951     62   104     8  1     1368     -1
 3952     26   147   104  0     1369   1549
 3953    121   147    26  0     1369   1572
 3954    121   104   147  0     1369   1552
 3955     95    10   157  0     1370   1602
 3956     95   121    10  0     1370   1573
 3957    147   203   163  0     1371   1554
 3958    209   203   147  0     1371   1544
 3959    444   408   349  0     1372   1410
 3960    444   421   408  0     1372   3834
 3961    349   421   444  0     1372   1419
 3962    121   134   144  0     1373   1375
 3963    200   144   134  0     1373   1374
 3964    200   144   211  0     1374   1383
 3965    134   144    62  0     1375   1379
 3966    262   280   185  0     1376   1599
 3967    262   197   280  0     1376   1458
 3968    185   197   262  0     1376   1589
 3969    185   280   197  0     1376   1508
 3970    201   221   319  1     1377     -1
 3971    201   222   221  0     1377   1382
 3972    319   222   201  0     1377   1704
 3973     82   144    31  0     1378   1380
 3974     31   144   134  0     1378   1379
 3975     31   144    62  0     1379   1380
 3976     82    62    31  1     1380     -1
 3977    333   221   305  1     1381     -1
 3978    201   144   221  1     1382     -1
 3979    222   221   144  0     1382   1384
 3980    200   221   211  0     1383   1386
 3981    200   144   221  0     1383   1384
 3982    211   221   144  1     1383     -1
 3983    222   221   200  0     1384   1385
 3984    221   211   305  1     1386     -1
 3985    200   305   211  0     1386   1388
 3986    314   305   200  0     1387   1388
 3987    314   305   211  0     1388   1390
 3988    364   305   277  1     1389     -1
 3989    277   305   314  0     1389   1390
 3990    277   305   211  1     1390     -1
 3991    532   649   562  0     1391   3863
 3992    562   541   532  0     1391   3434
 3993    562   649   541  1     1391     -1
 3994    469   532   444  0     1392   3854
 3995    469   551   532  0     1392   3633
 3996    444   551   469  0     1392   3833
 3997    444   532   551  0     1392   3822
 3998    193   185   178  0     1393   1530
 3999    193   284   185  0     1393   1416
 4000    628   662   605  1     1394     -1
 4001    628   593   662  0     1394   3831
 4002    605   593   628  0     1394   4010
 4003    605   662   593  0     1394   3872
 4004    653   637   643  0     1395   1472
 4005    653   705   637  0     1395   3713
 4006    643   705   653  0     1395   3732
 4007    643   637   705  0     1395   3811
 4008    690   679   621  0     1396   1766
 4009    690   603   679  0     1396   3482
 4010    621   603   690  1     1396     -1
 4011    621   679   603  0     1396   3466
 4012    408   458   427  0     1397   3852
 4013    426   458   408  0     1397   3855
 4014    364   314   469  0     1398   1431
 4015    349   469   314  0     1398   1402
 4016    602   635   551  0     1401   3835
 4017    602   532   635  0     1401   3789
 4018    349   421   314  0     1402   1407
 4019    349   469   421  0     1402   1419
 4020    314   421   469  0     1402   1431
 4021    312   354   353  0     1403   1515
 4022    498   578   563  0     1404   2804
 4023    498   570   578  0     1404   3703
 4024    255   357   349  0     1405   1440
 4025    349   357   333  0     1405   1441
 4026    505   415   427  0     1406   1474
 4027    505   477   415  0     1406   1490
 4028    314   261   421  0     1407   1413
 4029    342   368   427  0     1408   1475
 4030    312   368   342  0     1408   1448
 4031    312   427   368  0     1408   1460
 4032    513   477   458  0     1409   2970
 4033    349   357   408  0     1410   1439
 4034    467   357   434  0     1411   1442
 4035    434   444   467  0     1411   3856
 4036    575   471   477  0     1412   3700
 4037    575   443   471  0     1412   2377
 4038    314   399   421  0     1413   1414
 4039    430   421   314  0     1414   1433
 4040    430   399   421  0     1414   1428
 4041    733   706   674  0     1415   4031
 4042    733   792   706  0     1415   4048
 4043    674   792   733  0     1415   3988
 4044    674   706   792  0     1415   3727
 4045    185   280   284  0     1416   1702
 4046    193   280   185  0     1416   1508
 4047    484   581   515  0     1417   1970
 4048    484   507   581  0     1417   3485
 4049    728   679   799  0     1418   3463
 4050    728   766   679  0     1418   3446
 4051    799   766   728  0     1418   3375
 4052    799   679   766  0     1418   3510
 4053    444   469   421  0     1419   3833
 4054     47   120    18  0     1420   1451
 4055     47    84   120  0     1420   1541
 4056     18    84    47  1     1420     -1
 4057    238   236   285  0     1421   1814
 4058    285   258   238  0     1421   1745
 4059    285   236   258  0     1421   1786
 4060    262   330   247  0     1423   1717
 4061    262   280   330  0     1423   1638
 4062    247   280   262  0     1423   1465
 4063    247   330   280  0     1423   1821
 4064    426   421   474  0     1424   3790
 4065    444   520   467  0     1425   1463
 4066    444   401   520  0     1425   3388
 4067    467   520   401  0     1425   1902
 4068    469   421   453  0     1426   1432
 4069    469   430   421  0     1426   1427
 4070    453   421   430  0     1426   1434
 4071    469   480   421  0     1427   2916
 4072    430   421   480  0     1427   1428
 4073    187   244   227  0     1429   1501
 4074    187   196   244  0     1429   1567
 4075    227   244   196  0     1429   1519
 4076    333   357   319  0     1430   1438
 4077    469   364   421  0     1431   1432
 4078    314   421   364  0     1431   1433
 4079    364   421   453  0     1432   1434
 4080    364   430   421  0     1433   1434
 4081    453   364   430  1     1434     -1
 4082    551   530   426  0     1435   3785
 4083    426   408   551  0     1435   3855
 4084    505   427   368  0     1437   1474
 4085    505   494   427  0     1437   3846
 4086    467   357   319  0     1438   1765
 4087    467   333   357  0     1438   1442
 4088    349   357   312  0     1439   1440
 4089    434   357   333  0     1441   1442
 4090    415   394   342  0     1443   1660
 4091    342   394   477  0     1443   1528
 4092    395   360   319  1     1444     -1
 4093    395   338   360  0     1444   1791
 4094    319   360   338  0     1444   1793
 4095    148   262   185  0     1445   1599
 4096    148   117   262  0     1445   2325
 4097    185   117   148  0     1445   1608
 4098    185   262   117  0     1445   1589
 4099    658   626   571  0     1446   4084
 4100    658   592   626  0     1446   4107
 4101    368   250   255  0     1447   1553
 4102    368   312   250  0     1447   1448
 4103    368   342   250  0     1448   1701
 4104    312   250   342  0     1448   1489
 4105    215   291   244  0     1449   1461
 4106    267   244   291  0     1449   1509
 4107    121   222   250  0     1450   1733
 4108    255   250   222  0     1450   1722
 4109    103   120    18  0     1451   1563
 4110     18    47   103  1     1451     -1
 4111    117    12    21  0     1452   1560
 4112     79    12   117  0     1452   1576
 4113     79    21    12  1     1452     -1
 4114    196   244   299  0     1454   1519
 4115    482   572   520  0     1455   3604
 4116    468   572   482  0     1455   3581
 4117    468   520   572  0     1455   2622
 4118    353   267   312  0     1456   1515
 4119    434   532   469  0     1457   3854
 4120    434   486   532  0     1457   3741
 4121    469   532   486  0     1457   4013
 4122    197   281   262  0     1458   2302
 4123    262   281   280  0     1458   1665
 4124    705   735   831  0     1459   3452
 4125    831   745   705  0     1459   3767
 4126    831   735   745  0     1459   3808
 4127    291   244   168  0     1461   1538
 4128    168   215   291  0     1461   1546
 4129    168   244   215  0     1461   1566
 4130    415   363   432  0     1462   2348
 4131    520   467   532  0     1463   3584
 4132    444   532   467  0     1463   3856
 4133    637   745   705  0     1464   3805
 4134    705   626   637  0     1464   3713
 4135    705   745   626  0     1464   4040
 4136    262   148   280  0     1465   1599
 4137    247   148   262  0     1465   1644
 4138    247   280   148  0     1465   1479
 4139    267   376   354  0     1466   1527
 4140    429   376   267  0     1466   1534
 4141    205   279   293  0     1467   2191
 4142    205   172   279  0     1467   2542
 4143    293   279   172  0     1467   2541
 4144    535   515   606  0     1468   3143
 4145    606   531   535  0     1468   3248
 4146    606   515   531  0     1468   3104
 4147    114   142   197  0     1469   2105
 4148    114   234   142  0     1469   1848
 4149    197   234   114  0     1469   2237
 4150    197   142   234  0     1469   2308
 4151    405   507   411  0     1470   3198
 4152    411   507   468  0     1470   3481
 4153    551   532   494  0     1471   3822
 4154    494   520   551  0     1471   3842
 4155    540   637   643  0     1472   3562
 4156    643   653   540  0     1472   3758
 4157    461   418   348  0     1473   2578
 4158    461   388   418  0     1473   1686
 4159    348   388   461  1     1473     -1
 4160    348   418   388  0     1473   1986
 4161    505   415   368  0     1474   1751
 4162    368   415   427  0     1474   1475
 4163    269   380   285  0     1476   1908
 4164    269   405   380  0     1476   1941
 4165    188   271   226  0     1477   2583
 4166    188   332   271  0     1477   2362
 4167    226   332   188  0     1477   2498
 4168    226   271   332  0     1477   2361
 4169    502   555   410  0     1478   2085
 4170    502   564   555  0     1478   2735
 4171    410   564   502  0     1478   2831
 4172    247   280   185  0     1479   1812
 4173    185   148   247  0     1479   1788
 4174    185   280   148  0     1479   1599
 4175    157   215   250  0     1480   1556
 4176    157   213   215  0     1480   1581
 4177    209   298   267  0     1481   1500
 4178    382   432   363  0     1482   2347
 4179    382   492   432  0     1482   2388
 4180    415   498   505  0     1483   1490
 4181    505   482   415  0     1483   1750
 4182    378   271   322  0     1484   2546
 4183    378   332   271  0     1484   2598
 4184    322   332   378  0     1484   2112
 4185    322   271   332  0     1484   2203
 4186    157   250   160  0     1485   1693
 4187    247   160   250  0     1485   1735
 4188    325   291   394  0     1486   1513
 4189    299   325   347  0     1487   1502
 4190    299   244   265  0     1488   1514
 4191    265   325   299  0     1488   1502
 4192    250   354   312  0     1489   1522
 4193    250   342   354  0     1489   1559
 4194    477   498   505  0     1490   3745
 4195    417   323   418  0     1491   2523
 4196    417   377   323  0     1491   1991
 4197    418   377   417  0     1491   1997
 4198    418   323   377  0     1491   1847
 4199    800   779   713  0     1492   3221
 4200    713   819   800  0     1492   2607
 4201    355   473   410  0     1493   1521
 4202    410   441   355  0     1493   2380
 4203    410   473   441  0     1493   2830
 4204    614   640   722  0     1494   4473
 4205    614   719   640  0     1494   3182
 4206    722   640   719  0     1494   4548
 4207    552   672   619  0     1495   1698
 4208    552   600   672  0     1495   2861
 4209    619   600   552  0     1495   4451
 4210    619   672   600  0     1495   3629
 4211    476   416   528  0     1496   2790
 4212    476   438   416  0     1496   1497
 4213    528   416   438  0     1496   2819
 4214    358   416   476  0     1497   2385
 4215    498   556   482  0     1498   3471
 4216    498   492   556  0     1498   3538
 4217    482   556   492  0     1498   3491
 4218    652   556   644  0     1499   2932
 4219    652   578   556  0     1499   3552
 4220    644   578   652  0     1499   3549
 4221    644   556   578  0     1499   3451
 4222    376   298   267  0     1500   1536
 4223    227   299   244  0     1501   1519
 4224    187   244   299  0     1501   1514
 4225    265   325   347  0     1502   1517
 4226    741   672   609  0     1503   2742
 4227    741   695   672  0     1503   4356
 4228    609   695   741  0     1503   2864
 4229    609   672   695  0     1503   3781
 4230    262   308   268  0     1504   1690
 4231    262   352   308  0     1504   2208
 4232    268   308   352  0     1504   2359
 4233    121    70    41  0     1505   1738
 4234     10    41    70  1     1505     -1
 4235    267   215   250  0     1506   1558
 4236    250   203   267  0     1506   1510
 4237    250   215   203  0     1506   1556
 4238    163    26   104  0     1507   1549
 4239     48    26   163  0     1507   1577
 4240     48   104    26  1     1507     -1
 4241    197   185   193  0     1508   1603
 4242    250   312   267  0     1510   1522
 4243    454   443   423  0     1511   4042
 4244    423   443   347  0     1511   1512
 4245    384   291   394  0     1513   1520
 4246    353   267   354  0     1515   1527
 4247    312   354   267  0     1515   1522
 4248    346   347   325  0     1516   1517
 4249    324   291   384  0     1518   1520
 4250    384   291   346  0     1518   1533
 4251    394   324   291  0     1520   2290
 4252    324   473   410  0     1521   2165
 4253    250   354   267  0     1522   1558
 4254    268   291   324  0     1523   1607
 4255    477   354   427  0     1524   1525
 4256    342   477   354  0     1525   1528
 4257    394   354   477  0     1526   1528
 4258    163    94   157  0     1529   1584
 4259    163    14    94  0     1529   1582
 4260    157    14   163  0     1529   1578
 4261    157    94    14  0     1529   1555
 4262     79   178   193  0     1530   1867
 4263    153    29   122  0     1531   2224
 4264    155   122    29  0     1531   2248
 4265    376   267   375  0     1534   1536
 4266    375   267   429  0     1534   1535
 4267    375   267   299  0     1535   1537
 4268    298   267   375  0     1536   1537
 4269    138   120   187  0     1539   1564
 4270    138   196   120  0     1539   1562
 4271    187   120   196  0     1539   1567
 4272    150   138   120  0     1540   1562
 4273     18   120   138  0     1540   1563
 4274    200   203   261  0     1542   1545
 4275    261   203   312  0     1542   1543
 4276    261   203   209  0     1543   1544
 4277    261   203   147  0     1544   1545
 4278    213   168   215  0     1546   1561
 4279    285   380   284  0     1547   1936
 4280    284   411   285  0     1547   1624
 4281    284   380   411  0     1547   1903
 4282    163    26   147  0     1549   1554
 4283    308   369   410  0     1550   2270
 4284    308   432   369  0     1550   2108
 4285    410   432   308  0     1550   1669
 4286    223   208   177  0     1551   2316
 4287    223   156   208  0     1551   1580
 4288    177   156   223  0     1551   2167
 4289    177   208   156  0     1551   2315
 4290    368   297   255  0     1553   1723
 4291    368   250   297  0     1553   1622
 4292    255   297   250  0     1553   1722
 4293    203    26   147  0     1554   1572
 4294    203   163    26  0     1554   1569
 4295     14    83    94  1     1555     -1
 4296    157   215   203  0     1556   1557
 4297    157   163   203  0     1557   1569
 4298    157   215   163  0     1557   1584
 4299    250   354   215  0     1558   1559
 4300    117    83    21  0     1560   2232
 4301     12    83   117  0     1560   1645
 4302     12    21    83  1     1560     -1
 4303    168    84   213  0     1561   1596
 4304    138   103   120  0     1563   1564
 4305    187   244   120  0     1565   1567
 4306    168   120   244  0     1565   1566
 4307    244   215   120  0     1566   1568
 4308    196   244   120  0     1567   1568
 4309    163    26   157  0     1569   1578
 4310    157    26   203  0     1569   1570
 4311     95    26   203  0     1570   1571
 4312     95    26   121  0     1571   1573
 4313    121    26   203  0     1571   1572
 4314    121    10    26  0     1573   1574
 4315     95    26    10  1     1573     -1
 4316     10    26    62  1     1574     -1
 4317    405   383   420  0     1575   1674
 4318    405   341   383  0     1575   1878
 4319    420   341   405  0     1575   1769
 4320    420   383   341  1     1575     -1
 4321     12   117   185  0     1576   1608
 4322     26    14    48  1     1577     -1
 4323     26   163    14  0     1577   1578
 4324     48    14   163  0     1577   1582
 4325    107   160   178  0     1579   1825
 4326    107   148   160  0     1579   1802
 4327    178   148   107  0     1579   1616
 4328    178   160   148  0     1579   1683
 4329    234   208   223  0     1580   1681
 4330    234   156   208  0     1580   2310
 4331    223   156   234  0     1580   2125
 4332    213    94   157  0     1581   1601
 4333    157    94   215  0     1581   1584
 4334     14    94    48  1     1582     -1
 4335     48    94   163  0     1582   1583
 4336     48    94    84  1     1583     -1
 4337     84    94   163  0     1583   1585
 4338    215   163    94  0     1584   1587
 4339    163   120    94  0     1585   1587
 4340     84    94   120  0     1585   1586
 4341    120   215    94  0     1586   1587
 4342     12    42   178  0     1588   1605
 4343     12   107    42  1     1588     -1
 4344    178   107    12  0     1588   1635
 4345    197   117   185  0     1589   1603
 4346    197   262   117  0     1589   2303
 4347    130    75    67  1     1590     -1
 4348     67    51   130  0     1590   1943
 4349     67    75    51  1     1590     -1
 4350    177   208   142  0     1591   2083
 4351     11   208   177  0     1591   2315
 4352     11   142   208  0     1591   2243
 4353    284   285   238  0     1592   1787
 4354    178   285   284  0     1592   1873
 4355    178   238   285  0     1592   1737
 4356    113    11   177  0     1593   2194
 4357    113    54    11  0     1593   2241
 4358    177    11    54  0     1593   2260
 4359    483   585   488  1     1594     -1
 4360    488   517   483  0     1594   3293
 4361    488   585   517  0     1594   2623
 4362    127    11   113  0     1595   2194
 4363    127    98    11  0     1595   2164
 4364    113    98   127  0     1595   2259
 4365    168   139   213  0     1596   1634
 4366    168    84   139  0     1596   1631
 4367    213   139    84  0     1596   1649
 4368     59   114   142  0     1597   2284
 4369     21   114    59  0     1597   2183
 4370    281   382   363  0     1598   2286
 4371    281   280   382  0     1598   2011
 4372    363   280   281  0     1598   1665
 4373     34   114    21  0     1600   2183
 4374     34   129   114  0     1600   1652
 4375     21   129    34  0     1600   2043
 4376    213   139   157  0     1601   1612
 4377     95    10    70  1     1602     -1
 4378    139   213   262  0     1604   1642
 4379    268   262   213  0     1604   1661
 4380     79    12    42  1     1605     -1
 4381      5    25   133  0     1606   1971
 4382      5    51    25  1     1606     -1
 4383    133    51     5  0     1606   2070
 4384    133    25    51  0     1606   1985
 4385    268   352   324  0     1607   2359
 4386    268   291   352  0     1607   2281
 4387    324   352   291  0     1607   2290
 4388    117   148    12  0     1608   1645
 4389    193   133    79  0     1609   1867
 4390    193   129   133  0     1609   1976
 4391    320   229   279  0     1610   2539
 4392    303   229   320  0     1610   2356
 4393    303   279   229  0     1610   2564
 4394    558   560   492  0     1611   2877
 4395    558   556   560  0     1611   3425
 4396    492   556   558  0     1611   3491
 4397    492   560   556  0     1611   3542
 4398    213   148   157  0     1612   1629
 4399    213   139   148  0     1612   1642
 4400    522   627   491  1     1613     -1
 4401    522   510   627  0     1613   4455
 4402    491   510   522  0     1613   4305
 4403    491   627   510  0     1613   4457
 4404    463   416   302  0     1614   2427
 4405    302   393   463  0     1614   1988
 4406    302   416   393  0     1614   2005
 4407     87   188    90  0     1615   2036
 4408     87     2   188  0     1615   2095
 4409     90     2    87  1     1615     -1
 4410     90   188     2  0     1615   2065
 4411    178   185   107  0     1616   1635
 4412    178   148   185  0     1616   1683
 4413     22    42   131  0     1617   1833
 4414     87    45     6  1     1618     -1
 4415    115    45    87  0     1618   2066
 4416    115     6    45  0     1618   2269
 4417    112   133   178  0     1619   2020
 4418    112   233   133  0     1619   1994
 4419    178   233   112  0     1619   2009
 4420    178   133   233  0     1619   1869
 4421    114   234   170  0     1620   2240
 4422    114   229   234  0     1620   2202
 4423    170   229   114  0     1620   2313
 4424    432   502   394  0     1621   2401
 4425    432   498   502  0     1621   3579
 4426    394   498   432  0     1621   1641
 4427    394   502   498  0     1621   2267
 4428    368   330   297  0     1622   1676
 4429    250   330   368  0     1622   1701
 4430    250   297   330  0     1622   1648
 4431    121   174     9  0     1623   1705
 4432    121    41   174  0     1623   1819
 4433      9   174    41  0     1623   1775
 4434    411   285   321  0     1624   1627
 4435    321   285   284  0     1624   1787
 4436    472   395   434  1     1625     -1
 4437    472   467   395  0     1625   1761
 4438    434   395   467  0     1625   1746
 4439     83   139    30  0     1626   2265
 4440     30    94    83  1     1626     -1
 4441    411   335   321  0     1627   1755
 4442    411   285   335  0     1627   1740
 4443    157   160   121  0     1628   1693
 4444    157    70   160  0     1628   1647
 4445    121   160    70  0     1628   1738
 4446    247   213   148  0     1629   1644
 4447    162   274   205  0     1630   2110
 4448    162   279   274  0     1630   2582
 4449    205   279   162  0     1630   2542
 4450    205   274   279  0     1630   2191
 4451     30   139   168  0     1631   1632
 4452     30    84   139  0     1631   1649
 4453     30   139   100  0     1632   2268
 4454    100   139   168  0     1632   1656
 4455    210   274   241  0     1633   2538
 4456    210   205   274  0     1633   2565
 4457    241   205   210  0     1633   2178
 4458    241   274   205  0     1633   2494
 4459    168   139   177  0     1634   1655
 4460    219   252   192  0     1636   2452
 4461    219   153   252  0     1636   2446
 4462    192   153   219  0     1636   2326
 4463    192   252   153  0     1636   2445
 4464    148   139   117  0     1637   2324
 4465    117    83   148  0     1637   1645
 4466    117   139    83  0     1637   2263
 4467    363   330   262  0     1638   1718
 4468    262   280   363  0     1638   1665
 4469     55   139   142  0     1639   2309
 4470    177   139    55  0     1639   2264
 4471    177   142   139  0     1639   2083
 4472    415   432   394  0     1641   2349
 4473    139   148   262  0     1642   2323
 4474    213   262   148  0     1642   1644
 4475    342   262   247  0     1643   1717
 4476    342   213   262  0     1643   1662
 4477    247   262   213  0     1643   1644
 4478     83   148    12  0     1645   1646
 4479     83   107    12  1     1646     -1
 4480    148    70   160  0     1647   1802
 4481    250   297   247  0     1648   1735
 4482    247   297   330  0     1648   1810
 4483    293   274   336  0     1650   2497
 4484    293   379   274  0     1650   2295
 4485    336   379   293  0     1650   2491
 4486    184   219   223  0     1651   2294
 4487    184   127   219  0     1651   2278
 4488    223   219   127  0     1651   2175
 4489    170   129   114  0     1652   2272
 4490     34   129   170  0     1652   2068
 4491    170   114   115  0     1653   2313
 4492    703   700   771  0     1654   4239
 4493    703   667   700  0     1654   4053
 4494    771   667   703  0     1654   4277
 4495    771   700   667  0     1654   3738
 4496    177   119   139  0     1655   1657
 4497    168   139   119  0     1655   1656
 4498    119   100   139  0     1656   1657
 4499    100   139   177  0     1657   2264
 4500    153   219   302  0     1658   2446
 4501    153   122   219  0     1658   1666
 4502    302   219   122  0     1658   2327
 4503    129   117   142  0     1659   1884
 4504     21   142   117  0     1659   2003
 4505    394   262   415  0     1660   2351
 4506    394   342   262  0     1660   1664
 4507    415   262   342  0     1660   1719
 4508    268   262   291  0     1661   1663
 4509    291   262   213  0     1661   1662
 4510    291   262   342  0     1662   1664
 4511    394   291   268  0     1663   2281
 4512    394   262   291  0     1663   1664
 4513    122   219   127  0     1666   2333
 4514    226   245   228  0     1667   2529
 4515    226   129   245  0     1667   2028
 4516    228   129   226  0     1667   2099
 4517    228   245   129  0     1667   2031
 4518    490   402   398  1     1668     -1
 4519    490   397   402  0     1668   1736
 4520    398   397   490  0     1668   1713
 4521    398   402   397  0     1668   1918
 4522    352   308   410  0     1669   1692
 4523    352   432   308  0     1669   2297
 4524    410   432   352  0     1669   2399
 4525    579   680   659  0     1670   3600
 4526    579   663   680  0     1670   2844
 4527    659   680   663  0     1670   2856
 4528    258   257   319  0     1671   1794
 4529    258   201   257  0     1671   1816
 4530    319   201   258  0     1671   1704
 4531    319   257   201  1     1671     -1
 4532    343   397   383  0     1672   1901
 4533    343   483   397  0     1672   1772
 4534    383   483   343  1     1672     -1
 4535    383   397   483  0     1672   1900
 4536    515   507   411  0     1673   3330
 4537    411   380   515  0     1673   3272
 4538    411   507   380  0     1673   3198
 4539    405   383   481  0     1674   1909
 4540    481   383   420  0     1674   1904
 4541    165   236   258  0     1675   1843
 4542    258   206   165  0     1675   1774
 4543    258   236   206  0     1675   1840
 4544    297   401   330  0     1676   1757
 4545    330   401   368  0     1676   1727
 4546    966   893   901  0     1677   3823
 4547    966   889   893  0     1677   3204
 4548    901   889   966  0     1677   3876
 4549    901   893   889  0     1677   3839
 4550    485   405   338  0     1678   1714
 4551    151   111   242  0     1680   1726
 4552    151   189   111  0     1680   1828
 4553    242   189   151  0     1680   1912
 4554    242   111   189  1     1680     -1
 4555    208   223   308  0     1681   2354
 4556    425   382   284  0     1682   2013
 4557    148   185   160  0     1683   1804
 4558    178   160   185  0     1683   1724
 4559    382   323   417  0     1684   2292
 4560    382   465   323  0     1684   2015
 4561    417   465   382  0     1684   2395
 4562    417   323   465  0     1684   1991
 4563    417   300   391  0     1685   2602
 4564    332   300   417  0     1685   2041
 4565    332   391   300  0     1685   2597
 4566    461   487   418  0     1686   3121
 4567    388   487   461  1     1686     -1
 4568    461   466   449  0     1687   2540
 4569    449   496   461  0     1687   2544
 4570    449   466   496  0     1687   2410
 4571    393   386   441  0     1688   2493
 4572    393   303   386  0     1688   2554
 4573    441   386   303  0     1688   2352
 4574    262   208   308  0     1689   1690
 4575    281   208   262  0     1689   2302
 4576    208   308   268  0     1690   2354
 4577    887   999   972  0     1691   4077
 4578    939   999   887  0     1691   4178
 4579    939   972   999  1     1691     -1
 4580    355   308   410  0     1692   2317
 4581    355   352   308  0     1692   2357
 4582    121   250   160  0     1693   1733
 4583    629   553   683  0     1694   2784
 4584    629   631   553  0     1694   2737
 4585    683   631   629  0     1694   4352
 4586    683   553   631  0     1694   4274
 4587    492   558   425  0     1695   3540
 4588    492   465   558  0     1695   2877
 4589    425   465   492  0     1695   3610
 4590    425   558   465  0     1695   3343
 4591    452   478   386  0     1696   2096
 4592    452   391   478  0     1696   2405
 4593    386   391   452  0     1696   2571
 4594    386   478   391  0     1696   2543
 4595    534   496   417  0     1697   2117
 4596    534   470   496  0     1697   2476
 4597    417   470   534  0     1697   2394
 4598    417   496   470  0     1697   2570
 4599    552   672   622  0     1698   2409
 4600    622   619   552  0     1698   2813
 4601    622   672   619  0     1698   2805
 4602    644   558   652  0     1699   2932
 4603    644   616   558  0     1699   3582
 4604    652   616   644  0     1699   3523
 4605    652   558   616  0     1699   3547
 4606    465   531   377  0     1700   3279
 4607    465   418   531  0     1700   3235
 4608    377   418   465  0     1700   1997
 4609    321   185   280  0     1702   1813
 4610     81     7    22  1     1703     -1
 4611     81   131     7  0     1703   1851
 4612     22   131    81  0     1703   1829
 4613     22     7   131  0     1703   1849
 4614    222   201   258  0     1704   1789
 4615    121   174   105  0     1705   1823
 4616    105   174     9  0     1705   1797
 4617    258   174   222  0     1706   1789
 4618    258   238   174  0     1706   1807
 4619    222   174   238  0     1706   1806
 4620    596   517   654  0     1707   3295
 4621    596   545   517  0     1707   1712
 4622    654   545   596  0     1707   3287
 4623    654   517   545  0     1707   3264
 4624    505   401   482  0     1708   1750
 4625    482   494   505  0     1708   3590
 4626    484   507   405  0     1709   1938
 4627    484   481   507  0     1709   3271
 4628    405   481   484  0     1709   1909
 4629     68    85    46  1     1710     -1
 4630     46   110    68  0     1710   1889
 4631     46    85   110  0     1710   2040
 4632    335   258   319  0     1711   1785
 4633    319   357   335  0     1711   1763
 4634    545   517   488  0     1712   1760
 4635    488   596   545  1     1712     -1
 4636    488   517   596  0     1712   2623
 4637    397   370   398  0     1713   1946
 4638    397   490   370  0     1713   3298
 4639    398   370   490  1     1713     -1
 4640    485   481   338  0     1714   1748
 4641    492   468   482  0     1715   3580
 4642    492   411   468  0     1715   3481
 4643    482   468   411  0     1715   1752
 4644    467   485   357  0     1716   1764
 4645    467   401   485  0     1716   1902
 4646    342   262   330  0     1717   1719
 4647    415   330   262  0     1718   1719
 4648    262   363   415  0     1718   2350
 4649    481   572   507  0     1720   3473
 4650    468   572   481  0     1720   3488
 4651    468   507   572  0     1720   3551
 4652    644   788   677  0     1721   3603
 4653    644   736   788  0     1721   3325
 4654    677   736   644  0     1721   3524
 4655    677   788   736  0     1721   3514
 4656    255   297   222  0     1722   1725
 4657    357   297   255  0     1723   1725
 4658    185   238   160  0     1724   1804
 4659    178   160   238  0     1724   1826
 4660    151    15   242  0     1726   1895
 4661    242    15   111  1     1726     -1
 4662    330   401   415  0     1727   1728
 4663    415   401   368  0     1727   1751
 4664    482   401   415  0     1728   1750
 4665    482   330   401  0     1728   1756
 4666    368   401   444  0     1729   1730
 4667    444   494   401  0     1730   3388
 4668    297   335   401  0     1731   1758
 4669    401   468   485  0     1732   3200
 4670    335   468   401  0     1732   1754
 4671    222   160   121  0     1733   1805
 4672    786   654   648  0     1734   3509
 4673    648   723   786  0     1734   3254
 4674    648   654   723  0     1734   2404
 4675    397   515   490  0     1736   3292
 4676    490   515   402  0     1736   3277
 4677    178   131   285  0     1737   1815
 4678    178   238   131  0     1737   1826
 4679    285   131   238  0     1737   1814
 4680     41   121   160  0     1738   1819
 4681    525   472   587  0     1739   1929
 4682    525   485   472  0     1739   1778
 4683    587   485   525  0     1739   1770
 4684    335   405   285  0     1740   1767
 4685    222   238   160  0     1741   1806
 4686    174   131    41  0     1742   1835
 4687    174   160   131  0     1742   1827
 4688     41   160   174  0     1742   1819
 4689     41   131   160  0     1742   1830
 4690    204   240   276  1     1743     -1
 4691    204   226   240  0     1743   2061
 4692    276   226   204  0     1743   1989
 4693    276   240   226  0     1743   2021
 4694    397   380   377  0     1744   3260
 4695    313   380   397  0     1744   1959
 4696    335   285   258  0     1745   1768
 4697    434   395   319  1     1746     -1
 4698    319   395   467  0     1746   1765
 4699    550   557   466  0     1747   3228
 4700    550   604   557  0     1747   3238
 4701    466   604   550  0     1747   2619
 4702    466   557   604  1     1747     -1
 4703    420   338   485  0     1748   1790
 4704    485   481   420  0     1748   1779
 4705    257   360   329  1     1749     -1
 4706    257   338   360  0     1749   1792
 4707    329   338   257  0     1749   1845
 4708    329   360   338  0     1749   1776
 4709    505   401   415  0     1750   1751
 4710    468   411   401  0     1752   1754
 4711    482   401   411  0     1752   1753
 4712    482   401   321  0     1753   1756
 4713    321   401   411  0     1753   1755
 4714    411   401   335  0     1754   1755
 4715    321   401   335  0     1755   1758
 4716    321   330   401  0     1756   1757
 4717    321   297   401  0     1757   1758
 4718    330   297   321  0     1757   1811
 4719    842   802   714  0     1759   3441
 4720    775   802   842  0     1759   3433
 4721    545   517   490  0     1760   3290
 4722    490   488   545  1     1760     -1
 4723    490   517   488  0     1760   3297
 4724    472   485   395  0     1761   1795
 4725    467   485   472  0     1761   3408
 4726    467   395   485  0     1761   1764
 4727    485   395   357  0     1762   1764
 4728    357   395   335  0     1762   1763
 4729    357   395   319  0     1763   1765
 4730    467   395   357  0     1764   1765
 4731    690   679   728  0     1766   3253
 4732    728   621   690  1     1766     -1
 4733    728   679   621  0     1766   3384
 4734    335   338   285  0     1767   1768
 4735    335   338   258  0     1768   1785
 4736    258   338   285  0     1768   1786
 4737    341   338   420  0     1769   1777
 4738    587   485   481  0     1770   3489
 4739    525   481   485  0     1770   1779
 4740    581   517   606  0     1771   3289
 4741    581   654   517  0     1771   1880
 4742    606   654   581  0     1771   1975
 4743    606   517   654  0     1771   3264
 4744    483   397   356  0     1772   1948
 4745    356   343   483  1     1772     -1
 4746    356   397   343  0     1772   1964
 4747    685   772   701  0     1773   3322
 4748    685   687   772  1     1773     -1
 4749    701   687   685  0     1773   3283
 4750    701   772   687  1     1773     -1
 4751    165   257   206  1     1774     -1
 4752    258   257   165  0     1774   1817
 4753    258   206   257  0     1774   1840
 4754     41   165   174  0     1775   1835
 4755      9   165    41  0     1775   1808
 4756      9   174   165  0     1775   1818
 4757    329   360   420  1     1776     -1
 4758    420   338   329  0     1776   1777
 4759    420   360   338  0     1776   1790
 4760    341   329   420  1     1777     -1
 4761    341   338   329  0     1777   1882
 4762    485   420   525  0     1778   1779
 4763    485   472   420  0     1778   1796
 4764    525   420   472  1     1778     -1
 4765    525   481   420  0     1779   1780
 4766    475   420   525  1     1780     -1
 4767    475   481   420  0     1780   1904
 4768    525   481   475  0     1780   3237
 4769    284   377   425  0     1781   2014
 4770    284   411   377  0     1781   1903
 4771    159   151   220  0     1782   1893
 4772    159   242   151  0     1782   1885
 4773    220   242   159  0     1782   1839
 4774    220   151   242  0     1782   1894
 4775    242   294   151  0     1783   1952
 4776    242   269   294  0     1783   1944
 4777    151   269   242  0     1783   1912
 4778    151   294   269  0     1783   1945
 4779    750   723   811  0     1784   3245
 4780    750   759   723  0     1784   3258
 4781    811   759   750  0     1784   3207
 4782    811   723   759  0     1784   3251
 4783    319   338   258  0     1785   1793
 4784    258   338   236  0     1786   1841
 4785    185   238   247  0     1788   1812
 4786    185   148   238  0     1788   1804
 4787    247   238   148  0     1788   1803
 4788    258   174   201  0     1789   1816
 4789    201   174   222  0     1789   1820
 4790    338   485   360  0     1790   1791
 4791    420   360   485  0     1790   1796
 4792    485   360   395  0     1791   1795
 4793    257   258   360  0     1792   1794
 4794    338   258   257  0     1792   1841
 4795    338   360   258  0     1792   1793
 4796    319   360   258  0     1793   1794
 4797    319   360   257  1     1794     -1
 4798    395   472   360  1     1795     -1
 4799    485   360   472  0     1795   1796
 4800    472   420   360  1     1796     -1
 4801      9   201   174  0     1797   1818
 4802    105   201     9  1     1797     -1
 4803    105   174   201  0     1797   1809
 4804    165   174   201  0     1798   1818
 4805    165   257   174  0     1798   1817
 4806    201   257   165  1     1798     -1
 4807    201   174   257  0     1798   1816
 4808     15    46     7  1     1799     -1
 4809      7   111    15  1     1799     -1
 4810    105    41    49  1     1800     -1
 4811     49    41   121  0     1800   1801
 4812     49    41    62  1     1801     -1
 4813    238   148   160  0     1803   1804
 4814    160   174   222  0     1805   1806
 4815    160   121   174  0     1805   1819
 4816    222   174   121  0     1805   1820
 4817    238   160   174  0     1806   1827
 4818    174   131   238  0     1807   1827
 4819    174   258   131  0     1807   1842
 4820    165    41    81  0     1808   1836
 4821     81     9   165  1     1808     -1
 4822     81    41     9  1     1808     -1
 4823    201   144   174  0     1809   1824
 4824    105   144   201  1     1809     -1
 4825    105   174   144  0     1809   1823
 4826    297   330   238  0     1810   1811
 4827    247   238   330  0     1810   1821
 4828    330   238   321  0     1811   1822
 4829    280   238   247  0     1812   1821
 4830    280   185   238  0     1812   1813
 4831    321   238   280  0     1813   1822
 4832    285   131   236  0     1814   1815
 4833    131   236   178  0     1815   1870
 4834    257   258   174  0     1816   1817
 4835    258   174   165  0     1817   1843
 4836    165     9   201  1     1818     -1
 4837    121   201   174  0     1820   1824
 4838    330   280   238  0     1821   1822
 4839    121   174   144  0     1823   1824
 4840    107   131   178  0     1825   1862
 4841    107   160   131  0     1825   1830
 4842    178   131   160  0     1825   1826
 4843    238   131   160  0     1826   1827
 4844    189   111   131  0     1828   1853
 4845    131   111   151  0     1828   1857
 4846     81    41   131  0     1829   1836
 4847     22    41    81  1     1829     -1
 4848     22   131    41  0     1829   1831
 4849     41   131   107  0     1830   1831
 4850     22   107    41  1     1831     -1
 4851     22   131   107  0     1831   1833
 4852    110   112   214  0     1832   1837
 4853    178   112   110  0     1832   2009
 4854    178   214   112  0     1832   1863
 4855    107    22    42  1     1833     -1
 4856     43   102   132  0     1834   2087
 4857     29   102    43  1     1834     -1
 4858    165   131    41  0     1835   1836
 4859    165   174   131  0     1835   1844
 4860    165   131    81  0     1836   1856
 4861    112   214   151  0     1837   1871
 4862    151   110   112  0     1837   1858
 4863    283   294   370  0     1838   1933
 4864    283   398   294  0     1838   1956
 4865    370   398   283  1     1838     -1
 4866    370   294   398  0     1838   1946
 4867    159   237   242  0     1839   1885
 4868    159   220   237  1     1839     -1
 4869    242   237   220  0     1839   1967
 4870    206   257   236  0     1840   1846
 4871    258   236   257  0     1840   1841
 4872    338   236   257  0     1841   1845
 4873    131   174   236  0     1842   1844
 4874    258   236   174  0     1842   1843
 4875    165   236   174  0     1843   1844
 4876    338   236   329  0     1845   1905
 4877    329   236   257  0     1845   1846
 4878    329   206   257  1     1846     -1
 4879    329   236   206  0     1846   1915
 4880    323   245   418  0     1847   2511
 4881    323   377   245  0     1847   2034
 4882    418   245   377  0     1847   2024
 4883    234   142   156  0     1848   2310
 4884    156   114   234  0     1848   2202
 4885    156   142   114  0     1848   2284
 4886      7   131   111  0     1849   1851
 4887    612   723   606  0     1850   3244
 4888    612   721   723  0     1850   3247
 4889    131   111    81  0     1851   1856
 4890     81   111     7  1     1851     -1
 4891    206   111   236  0     1852   1854
 4892    206   189   111  1     1852     -1
 4893    236   189   206  0     1852   1913
 4894    236   111   189  0     1852   1853
 4895    236   111   131  0     1853   1854
 4896    206   111   131  0     1854   1855
 4897    206   111   165  1     1855     -1
 4898    165   111   131  0     1855   1856
 4899    165   111    81  1     1856     -1
 4900     46   151   110  0     1858   1889
 4901    193   233   245  0     1859   2038
 4902    284   245   233  0     1859   1977
 4903    233   245   418  0     1860   2024
 4904    233   226   245  0     1860   1864
 4905    418   226   233  0     1860   2062
 4906    418   245   226  0     1860   2536
 4907      2    97   146  0     1861   2093
 4908      2    66    97  1     1861     -1
 4909    146    66     2  0     1861   2081
 4910    146    97    66  1     1861     -1
 4911    178   112   131  0     1862   1863
 4912    178   214   131  0     1863   1870
 4913    131   214   112  0     1863   1871
 4914    133   245   233  0     1864   2038
 4915    133   226   245  0     1864   2028
 4916    233   226   133  0     1864   2023
 4917    133    25   146  0     1865   2079
 4918    133   130    25  0     1865   1985
 4919    146   130   133  0     1865   1974
 4920    146    25   130  0     1865   2076
 4921    110   133    51  0     1866   2017
 4922    112   133   110  0     1866   1994
 4923    112    51   133  0     1866   2071
 4924    193   133   178  0     1867   1869
 4925    178   133    79  0     1867   2020
 4926    313   283   214  0     1868   1953
 4927    313   202   283  0     1868   2057
 4928    214   202   313  0     1868   2032
 4929    193   133   233  0     1869   2038
 4930    131   236   214  0     1870   1872
 4931    131   214   151  0     1871   1872
 4932    151   236   214  0     1872   1911
 4933    178   214   284  0     1873   1875
 4934    284   214   285  0     1873   1874
 4935    285   313   214  0     1874   1881
 4936    284   313   285  0     1874   1936
 4937    284   214   313  0     1874   1875
 4938    178   313   284  0     1875   1981
 4939    178   214   313  0     1875   1987
 4940    159   237   202  1     1876     -1
 4941    214   237   159  0     1876   1886
 4942    214   202   237  0     1876   1940
 4943    449   496   391  0     1877   2525
 4944    417   496   449  0     1877   2111
 4945    417   391   496  0     1877   2570
 4946    405   269   383  0     1878   1899
 4947    341   383   269  0     1878   1879
 4948    269   343   383  0     1879   1901
 4949    341   343   269  0     1879   1883
 4950    341   383   343  1     1879     -1
 4951    517   584   654  0     1880   3301
 4952    517   581   584  0     1880   3282
 4953    654   584   581  0     1880   3300
 4954    313   269   285  0     1881   1908
 4955    313   214   269  0     1881   1954
 4956    329   269   338  0     1882   1905
 4957    329   341   269  0     1882   1916
 4958    242   343   269  0     1883   1944
 4959    341   343   242  1     1883     -1
 4960    117   142   197  0     1884   2303
 4961    197   142   129  0     1884   2105
 4962    242   151   237  0     1885   1952
 4963    159   237   151  0     1885   1886
 4964    151   214   237  0     1886   1927
 4965    484   397   383  0     1887   1900
 4966    484   405   397  0     1887   1930
 4967    383   405   484  0     1887   1909
 4968    383   397   405  0     1887   1899
 4969    159    68   151  0     1888   1892
 4970    151    68   110  0     1888   1889
 4971    151    68    46  0     1889   1890
 4972    151     1    46  0     1890   1891
 4973    151    68     1  0     1890   1892
 4974     46     1    68  1     1890     -1
 4975     46    15     1  1     1891     -1
 4976    151     1    15  0     1891   1895
 4977     68     1   159  1     1892     -1
 4978    159     1   151  0     1892   1893
 4979    159     1   220  1     1893     -1
 4980    220     1   151  0     1893   1894
 4981    220     1   242  1     1894     -1
 4982    242     1   151  0     1894   1895
 4983    242     1    15  1     1895     -1
 4984    166   133   110  0     1896   2048
 4985    166   233   133  0     1896   2042
 4986    110   233   166  0     1896   2026
 4987    110   133   233  0     1896   1994
 4988    755   766   862  0     1897   3381
 4989    755   821   766  0     1897   3332
 4990    862   821   755  0     1897   3256
 4991    862   766   821  0     1897   3358
 4992    474   503   399  0     1898   3762
 4993    474   480   503  0     1898   4063
 4994    399   503   480  0     1898   4065
 4995    269   397   405  0     1899   1941
 4996    269   383   397  0     1899   1901
 4997    483   484   397  0     1900   3268
 4998    383   484   483  0     1900   1921
 4999    343   397   269  0     1901   1932
 5000    401   485   520  0     1902   3200
 5001    420   475   383  1     1904     -1
 5002    481   383   475  0     1904   1923
 5003    329   269   236  0     1905   1915
 5004    189   269   151  0     1906   1912
 5005    189   236   269  0     1906   1913
 5006    151   269   236  0     1906   1911
 5007    311   233   276  0     1907   2063
 5008    276   240   311  1     1907     -1
 5009    276   233   240  0     1907   2021
 5010    313   380   285  0     1908   1936
 5011    313   269   380  0     1908   1961
 5012    481   484   383  0     1909   1923
 5013   1000   899  1006  0     1910   2995
 5014   1000   841   899  0     1910   2985
 5015   1006   841  1000  0     1910   2685
 5016   1006   899   841  0     1910   2827
 5017    151   269   214  0     1911   1945
 5018    189   206   269  0     1913   1914
 5019    236   269   206  0     1913   1915
 5020    206   269   341  0     1914   1916
 5021    341   189   206  1     1914     -1
 5022    329   269   206  0     1915   1916
 5023    329   341   206  1     1916     -1
 5024    587   572   594  0     1917   3497
 5025    481   572   587  0     1917   3489
 5026    481   594   572  0     1917   3473
 5027    684   734   746  0     1919   2954
 5028    684   727   734  0     1919   2692
 5029    746   727   684  0     1919   2089
 5030    746   734   727  1     1919     -1
 5031    283   237   294  0     1920   1933
 5032    202   237   283  1     1920     -1
 5033    202   294   237  0     1920   1940
 5034    483   475   484  0     1921   3285
 5035    383   475   483  1     1921     -1
 5036    383   484   475  0     1921   1923
 5037    388   276   311  1     1922     -1
 5038    388   418   276  0     1922   1986
 5039    311   276   418  0     1922   2063
 5040    481   484   475  0     1923   3265
 5041    402   377   418  0     1924   3276
 5042    311   377   402  0     1924   1931
 5043    311   418   377  0     1924   2064
 5044    843   862   962  0     1925   3339
 5045    843   821   862  0     1925   3256
 5046    962   821   843  1     1925     -1
 5047    962   862   821  0     1925   3316
 5048    606   531   648  0     1926   3104
 5049    580   531   606  0     1926   3242
 5050    580   648   531  0     1926   3548
 5051    237   294   214  0     1927   1940
 5052    237   151   294  0     1927   1952
 5053    214   294   151  0     1927   1945
 5054    129   245   197  0     1928   2031
 5055    129   193   245  0     1928   1976
 5056    197   245   193  0     1928   2030
 5057    525   608   587  0     1929   3201
 5058    525   472   608  1     1929     -1
 5059    405   380   484  0     1930   1938
 5060    405   397   380  0     1930   1941
 5061    484   380   397  0     1930   2563
 5062    397   294   343  0     1932   1964
 5063    397   269   294  0     1932   1960
 5064    343   294   269  0     1932   1944
 5065    237   294   370  0     1933   1957
 5066    370   283   237  1     1933     -1
 5067    766   808   862  0     1934   3381
 5068    766   881   808  0     1934   3320
 5069    862   881   766  0     1934   3157
 5070    862   808   881  0     1934   3164
 5071    839   808   843  1     1935     -1
 5072    839   862   808  0     1935   3158
 5073    843   862   839  0     1935   3327
 5074    843   808   862  0     1935   3315
 5075    798   736   799  0     1937   3560
 5076    798   744   736  0     1937   3525
 5077    799   744   798  0     1937   3426
 5078    799   736   744  0     1937   3558
 5079    405   380   507  0     1938   3198
 5080    696   725   665  0     1939   3461
 5081    665   635   696  0     1939   3802
 5082    665   725   635  0     1939   3832
 5083    269   397   380  0     1941   1960
 5084    363   369   281  0     1942   2286
 5085    363   308   369  0     1942   2108
 5086    130   110    51  0     1943   2017
 5087     67   110   130  0     1943   1998
 5088     67    51   110  0     1943   2039
 5089    343   294   242  0     1944   1958
 5090    214   294   269  0     1945   1954
 5091    370   294   397  0     1946   1963
 5092    397   294   398  0     1946   1955
 5093    130   226   204  0     1947   2060
 5094    130   146   226  0     1947   1974
 5095    204   146   130  1     1947     -1
 5096    488   483   397  0     1948   3293
 5097    356   483   488  1     1948     -1
 5098    218   278   132  0     1949   2488
 5099    218   169   278  0     1949   2463
 5100    132   169   218  0     1949   2196
 5101    110   166   159  0     1950   2029
 5102    110    85   166  0     1950   2022
 5103    159   166    85  1     1950     -1
 5104    563   470   560  0     1951   3605
 5105    556   470   563  0     1951   3576
 5106    556   560   470  0     1951   3542
 5107    242   294   237  0     1952   1967
 5108    313   294   214  0     1953   1954
 5109    313   283   294  0     1953   1956
 5110    313   294   269  0     1954   1961
 5111    397   294   313  0     1955   1959
 5112    313   294   398  0     1955   1956
 5113    237   294   351  0     1957   1968
 5114    351   370   237  1     1957     -1
 5115    351   294   370  0     1957   1962
 5116    351   294   242  0     1958   1966
 5117    351   343   294  0     1958   1965
 5118    242   343   351  1     1958     -1
 5119    313   380   294  0     1959   1961
 5120    397   294   380  0     1959   1960
 5121    380   269   294  0     1960   1961
 5122    351   294   356  0     1962   1965
 5123    356   370   351  1     1962     -1
 5124    356   294   370  0     1962   1963
 5125    356   294   397  0     1963   1964
 5126    356   294   343  0     1964   1965
 5127    356   351   343  1     1965     -1
 5128    220   294   242  0     1966   1967
 5129    220   351   294  0     1966   1968
 5130    242   351   220  1     1966     -1
 5131    220   294   237  0     1967   1968
 5132    220   351   237  1     1968     -1
 5133    418   515   490  0     1969   3277
 5134    490   535   418  0     1969   3150
 5135    490   515   535  0     1969   3143
 5136    581   517   484  0     1970   3282
 5137    581   515   517  0     1970   3289
 5138    484   517   515  0     1970   3291
 5139    133    90    25  0     1971   2078
 5140      5    90   133  0     1971   2067
 5141      5    25    90  1     1971     -1
 5142    890   897   868  0     1972   2927
 5143    890   763   897  0     1972   3119
 5144    868   763   890  0     1972   2862
 5145    361   300   386  0     1973   2596
 5146    361   303   300  0     1973   2566
 5147    386   303   361  0     1973   2554
 5148    386   300   303  0     1973   2107
 5149    226   133   146  0     1974   2079
 5150    226   130   133  0     1974   2023
 5151    648   581   606  0     1975   3263
 5152    648   654   581  0     1975   3465
 5153    606   654   648  0     1975   2404
 5154    129   133   245  0     1976   2028
 5155    193   245   133  0     1976   2038
 5156    284   245   377  0     1977   2034
 5157    377   233   284  0     1977   2033
 5158    377   245   233  0     1977   2024
 5159     66    25    75  1     1978     -1
 5160     66   130    25  0     1978   2076
 5161     75   130    66  1     1978     -1
 5162    850   900   859  0     1979   3139
 5163    850   998   900  0     1979   3140
 5164    859   998   850  0     1979   3166
 5165    859   900   998  0     1979   3159
 5166    323   300   228  0     1980   2411
 5167    323   281   300  0     1980   2053
 5168    228   281   323  0     1980   2051
 5169    228   300   281  0     1980   2567
 5170    313   233   178  0     1981   1987
 5171    313   284   233  0     1981   2033
 5172    302   344   307  0     1982   2376
 5173    302   416   344  0     1982   2427
 5174    307   344   416  0     1982   2428
 5175    768   833   684  0     1983   2156
 5176    768   789   833  0     1983   3026
 5177    684   789   768  0     1983   2979
 5178    684   833   789  0     1983   3025
 5179    336   462   379  0     1984   2534
 5180    336   371   462  1     1984     -1
 5181    130    51   133  0     1985   2017
 5182    418   276   348  0     1986   2580
 5183    348   276   388  1     1986     -1
 5184    214   313   233  0     1987   2032
 5185    393   463   315  0     1988   2155
 5186    302   315   463  0     1988   2169
 5187    276   264   204  1     1989     -1
 5188    276   226   264  0     1989   2574
 5189    664   616   594  0     1990   3515
 5190    664   572   616  0     1990   3528
 5191    594   572   664  0     1990   3497
 5192    594   616   572  0     1990   3194
 5193    465   377   323  0     1991   2016
 5194    417   377   465  0     1991   1997
 5195    188   271   231  0     1992   2552
 5196    188   274   271  0     1992   2353
 5197    231   274   188  0     1992   2402
 5198    231   271   274  0     1992   2311
 5199     32   205    89  0     1993   2170
 5200     32   162   205  0     1993   2147
 5201     89   162    32  0     1993   2122
 5202    110   112   233  0     1994   2009
 5203    369   386   410  0     1995   2270
 5204    369   470   386  0     1995   2604
 5205    410   386   470  0     1995   2383
 5206    303   386   308  0     1996   2379
 5207    308   386   369  0     1996   2270
 5208    417   418   465  0     1997   2412
 5209    110   166    67  0     1998   2022
 5210    110   130   166  0     1998   2048
 5211     67   166   130  1     1998     -1
 5212    308   355   303  0     1999   2379
 5213    223   355   308  0     1999   2358
 5214    223   303   355  0     1999   2444
 5215    741   672   712  0     2000   2780
 5216    741   663   672  0     2000   2742
 5217    712   663   741  0     2000   2801
 5218    442   538   439  1     2001     -1
 5219    442   544   538  0     2001   2762
 5220    439   544   442  0     2001   2746
 5221    439   538   544  0     2001   2613
 5222    192   320   172  0     2002   2391
 5223    192   218   320  0     2002   2205
 5224    117    55   142  0     2003   2309
 5225     21    55   117  0     2003   2232
 5226     45   101    63  1     2004     -1
 5227    145   101    45  0     2004   2082
 5228    145    63   101  1     2004     -1
 5229    355   393   302  0     2005   2425
 5230    229   303   223  0     2006   2289
 5231    229   234   303  0     2006   2548
 5232    223   234   229  0     2006   2125
 5233    378   449   406  0     2007   2424
 5234    378   464   449  0     2007   2581
 5235    406   464   378  0     2007   2116
 5236    406   449   464  0     2007   2611
 5237    361   300   279  0     2008   2566
 5238    361   378   300  0     2008   2595
 5239    279   378   361  0     2008   2256
 5240    279   300   378  0     2008   2556
 5241    280   323   382  0     2010   2011
 5242    280   284   323  0     2010   2012
 5243    382   323   284  0     2010   2013
 5244    280   323   281  0     2011   2012
 5245    382   323   425  0     2013   2015
 5246    425   323   284  0     2013   2014
 5247    284   377   323  0     2014   2034
 5248    425   323   377  0     2014   2016
 5249    425   465   323  0     2015   2016
 5250    382   465   425  0     2015   2396
 5251    425   465   377  0     2016   3280
 5252    130   110   133  0     2017   2048
 5253     34    90   129  0     2018   2068
 5254     34     5    90  1     2018     -1
 5255    129     5    34  0     2018   2043
 5256    129    90     5  0     2018   2067
 5257     34    90    87  1     2019     -1
 5258    170    90    34  0     2019   2068
 5259    170    87    90  0     2019   2036
 5260     79   112   133  0     2020   2071
 5261    240   226   233  0     2021   2061
 5262    276   233   226  0     2021   2062
 5263     67    85   166  1     2022     -1
 5264    110    85    67  0     2022   2039
 5265    130   233   226  0     2023   2060
 5266    130   133   233  0     2023   2042
 5267    418   233   377  0     2024   2064
 5268    193   245   281  0     2025   2030
 5269    281   245   323  0     2025   2051
 5270    110   233   202  0     2026   2035
 5271    202   166   110  0     2026   2029
 5272    202   233   166  0     2026   2027
 5273    202   240   166  1     2027     -1
 5274    226   129   133  0     2028   2104
 5275    159   202   166  1     2029     -1
 5276    281   197   245  0     2030   2050
 5277    228   245   197  0     2031   2050
 5278    197   129   228  0     2031   2273
 5279    214   202   233  0     2032   2035
 5280    313   233   202  0     2032   2057
 5281    170   188    90  0     2036   2047
 5282    170    87   188  0     2036   2097
 5283    210   205   124  0     2037   2179
 5284    124   145   210  1     2037     -1
 5285    110    85    51  0     2039   2040
 5286     67    51    85  1     2039     -1
 5287     85    51    46  1     2040     -1
 5288    323   300   417  0     2041   2602
 5289    417   332   323  0     2041   2523
 5290    130   133   166  0     2042   2048
 5291     21     5    34  1     2043     -1
 5292     21   129     5  0     2043   2054
 5293    369   300   234  0     2044   2547
 5294    234   300   386  0     2044   2107
 5295     90   188   226  0     2045   2103
 5296     90   146   188  0     2045   2065
 5297    226   146    90  0     2045   2077
 5298    226   188   146  0     2045   2075
 5299    115    45    89  0     2046   2186
 5300    115   162    45  0     2046   2066
 5301     89   162   115  0     2046   2139
 5302     89    45   162  0     2046   2122
 5303    170   188   129  0     2047   2098
 5304    129    90   170  0     2047   2068
 5305    129   188    90  0     2047   2102
 5306    337   317   241  0     2049   2516
 5307    337   288   317  1     2049     -1
 5308    241   288   337  0     2049   2509
 5309    241   317   288  0     2049   2513
 5310    228   281   197  0     2050   2299
 5311    228   245   281  0     2050   2051
 5312    228   245   323  0     2051   2411
 5313    374   449   322  0     2052   2496
 5314    374   332   449  0     2052   2106
 5315    322   332   374  0     2052   2568
 5316    322   449   332  0     2052   2112
 5317    369   300   323  0     2053   2569
 5318    369   281   300  0     2053   2547
 5319     79     5    21  1     2054     -1
 5320     46    51    42  1     2055     -1
 5321     42    51   112  0     2055   2072
 5322    311   283   233  0     2056   2058
 5323    202   283   311  1     2056     -1
 5324    202   233   283  0     2056   2057
 5325    313   233   283  0     2057   2058
 5326    204   233   130  0     2059   2060
 5327    204   240   233  0     2059   2061
 5328    130   240   204  1     2059     -1
 5329    204   233   226  0     2060   2061
 5330    276   233   418  0     2062   2063
 5331    418   226   276  0     2062   2579
 5332    311   233   418  0     2063   2064
 5333     90   146     2  0     2065   2080
 5334    129    90   133  0     2067   2102
 5335    127    44    52  0     2069   2091
 5336    127    40    44  0     2069   2288
 5337     52    44    40  1     2069     -1
 5338      5    79    51  1     2070     -1
 5339    133    51    79  0     2070   2071
 5340    112    51    79  0     2071   2072
 5341     42    51    79  1     2072     -1
 5342     32    43    89  1     2073     -1
 5343     32   136    43  0     2073   2145
 5344     89   136    32  0     2073   2170
 5345     89    43   136  0     2073   2161
 5346    246   231   145  1     2074     -1
 5347    188   231   246  0     2074   2552
 5348    188   145   231  0     2074   2094
 5349    246   226   188  0     2075   2498
 5350    146    66   130  1     2076     -1
 5351    146    25    66  0     2076   2081
 5352    146    25   226  0     2077   2079
 5353    146    90    25  0     2077   2080
 5354    226    25    90  0     2077   2078
 5355    226   133    90  0     2078   2103
 5356    226    25   133  0     2078   2079
 5357     90    25     2  1     2080     -1
 5358    146     2    25  0     2080   2081
 5359     25    66     2  1     2081     -1
 5360      2    45   145  0     2082   2114
 5361      2   101    45  1     2082     -1
 5362    139   208   142  0     2083   2262
 5363    177   208   139  0     2083   2307
 5364    600   553   528  0     2084   4334
 5365    528   473   600  0     2084   2670
 5366    528   553   473  0     2084   2860
 5367    470   555   410  0     2085   2730
 5368    470   502   555  0     2085   2735
 5369    218   315   256  0     2086   2219
 5370    218   155   315  0     2086   2447
 5371    256   155   218  0     2086   2143
 5372    256   315   155  0     2086   2437
 5373     89   132    43  0     2087   2161
 5374     89   102   132  0     2087   2184
 5375     43   102    89  1     2087     -1
 5376    241   205   172  0     2088   2136
 5377    241   136   205  0     2088   2178
 5378    727   840   746  1     2089     -1
 5379    746   840   684  0     2089   3036
 5380    182    78   161  1     2090     -1
 5381    113    44    52  0     2091   2204
 5382    113   127    44  0     2091   2259
 5383     52   127   113  0     2091   2144
 5384    169   116   132  0     2092   2174
 5385    169   155   116  0     2092   2209
 5386    132   155   169  0     2092   2196
 5387     97   146   145  1     2093     -1
 5388    145   162   188  0     2094   2101
 5389    188   162   231  0     2094   2402
 5390      2   188   162  0     2095   2101
 5391     87   162   188  0     2095   2097
 5392    441   386   452  0     2096   2378
 5393    170   162   188  0     2097   2584
 5394    170   188   228  0     2098   2560
 5395    228   129   170  0     2098   2272
 5396    228   188   129  0     2098   2099
 5397    129   226   188  0     2099   2104
 5398    228   188   226  0     2099   2583
 5399    292   315   344  0     2100   2467
 5400    292   235   315  0     2100   2465
 5401    344   315   235  0     2100   2421
 5402    145   162     2  0     2101   2114
 5403    129   188   133  0     2102   2104
 5404    133   188    90  0     2102   2103
 5405    133   188   226  0     2103   2104
 5406    197   114   129  0     2105   2273
 5407    461   449   374  0     2106   2540
 5408    461   332   449  0     2106   2544
 5409    374   332   461  0     2106   2577
 5410    234   300   303  0     2107   2548
 5411    432   369   363  0     2108   2347
 5412    363   308   432  0     2108   2297
 5413    504   552   554  0     2109   2752
 5414    554   619   504  0     2109   2749
 5415    554   552   619  0     2109   2813
 5416    205   231   274  0     2110   2565
 5417    162   274   231  0     2110   2402
 5418    417   496   332  0     2111   2549
 5419    332   496   449  0     2111   2544
 5420    332   378   449  0     2112   2594
 5421    322   449   378  0     2112   2424
 5422    229   279   170  0     2113   2407
 5423    229   162   279  0     2113   2150
 5424    170   162   229  0     2113   2291
 5425    170   279   162  0     2113   2510
 5426    317   428   392  1     2115     -1
 5427    317   337   428  0     2115   2451
 5428    392   337   317  1     2115     -1
 5429    392   428   337  0     2115   2522
 5430    464   371   406  0     2116   2675
 5431    464   378   371  0     2116   2456
 5432    406   371   378  0     2116   2338
 5433    417   465   496  0     2117   2412
 5434    534   465   417  0     2117   2394
 5435    534   496   465  0     2117   3212
 5436    413   452   400  0     2118   2455
 5437    413   464   452  0     2118   2618
 5438    400   464   413  0     2118   2526
 5439    400   452   464  0     2118   2506
 5440    136   132    89  0     2119   2161
 5441     89   132   172  0     2119   2210
 5442    460   452   393  0     2120   2512
 5443    393   400   460  0     2120   2477
 5444    393   452   400  0     2120   2559
 5445     45    32   162  0     2121   2122
 5446     45    63    32  1     2121     -1
 5447    162    32    63  0     2121   2127
 5448     89    45    32  1     2122     -1
 5449     74    43    88  1     2123     -1
 5450     74   136    43  0     2123   2149
 5451     88    43   136  0     2123   2145
 5452     98   156    11  0     2124   2164
 5453     98    59   156  0     2124   2300
 5454     11    59    98  1     2124     -1
 5455     11   156    59  0     2124   2293
 5456    156   229   223  0     2125   2257
 5457    156   234   229  0     2125   2202
 5458     32    88   136  0     2126   2145
 5459    162    32   145  0     2127   2129
 5460    145    32    63  0     2127   2128
 5461    145   124    63  1     2128     -1
 5462    145    32   124  0     2128   2129
 5463    162    32   124  0     2129   2147
 5464    113   127   194  0     2130   2255
 5465    113   232   127  0     2130   2226
 5466    194   127   232  0     2130   2328
 5467    207   136   175  0     2131   2132
 5468    207   198   136  0     2131   2134
 5469    175   198   207  1     2131     -1
 5470    175   136   198  0     2131   2177
 5471    207   136    74  0     2132   2168
 5472     74   175   207  1     2132     -1
 5473     74   136   175  0     2132   2151
 5474    559   590   565  0     2133   2734
 5475    559   514   590  0     2133   2276
 5476    565   514   559  0     2133   2732
 5477    565   590   514  0     2133   2640
 5478    198   136   241  0     2134   2176
 5479    241   207   198  0     2134   2507
 5480    241   136   207  0     2134   2158
 5481    320   315   367  0     2135   2472
 5482    320   275   315  0     2135   2138
 5483    322   371   231  1     2137     -1
 5484    322   274   371  0     2137   2363
 5485    231   274   322  0     2137   2311
 5486    231   371   274  0     2137   2499
 5487    320   218   315  0     2138   2223
 5488    162   115   172  0     2139   2189
 5489     89   172   115  0     2139   2187
 5490    302   260   155  0     2140   2471
 5491    302   122   260  0     2140   2327
 5492    374   466   406  1     2141     -1
 5493    374   449   466  0     2141   2540
 5494    406   449   374  0     2141   2496
 5495    406   466   449  0     2141   2530
 5496    136   132    57  0     2142   2215
 5497    136    43   132  0     2142   2161
 5498     57    43   136  0     2142   2149
 5499    218   169   155  0     2143   2196
 5500    218   256   169  0     2143   2463
 5501    155   169   256  0     2143   2198
 5502    113   122   127  0     2144   2206
 5503     52   122   113  0     2144   2216
 5504     88    43    32  1     2145     -1
 5505    256   315   367  0     2146   2152
 5506    256   407   315  0     2146   2469
 5507    367   407   256  0     2146   2439
 5508    367   315   407  0     2146   2157
 5509    613   625   684  0     2148   2698
 5510    678   625   613  0     2148   2673
 5511    678   684   625  0     2148   2693
 5512     57    43    74  1     2149     -1
 5513     74   136    57  0     2149   2168
 5514    162   279   172  0     2150   2542
 5515    172   279   229  0     2150   2375
 5516     74    28   175  1     2151     -1
 5517    256   315   278  0     2152   2219
 5518    554   544   622  0     2153   2743
 5519    622   590   554  0     2153   2728
 5520    622   544   590  0     2153   2753
 5521    241   337   207  0     2154   2509
 5522    241   275   337  0     2154   2252
 5523    207   275   241  0     2154   2490
 5524    207   337   275  0     2154   2481
 5525    407   315   393  0     2155   2157
 5526    393   463   407  0     2155   2355
 5527    833   827   768  0     2156   3008
 5528    768   827   684  0     2156   3042
 5529    367   393   407  0     2157   2478
 5530    367   315   393  0     2157   2472
 5531    241   132   207  0     2158   2490
 5532    207   132   136  0     2158   2213
 5533     29    36    69  1     2159     -1
 5534     29   155    36  0     2159   2171
 5535     69   155    29  0     2159   2248
 5536     69    36   155  0     2159   2200
 5537     16   153   115  0     2160   2277
 5538     16   172   153  0     2160   2236
 5539    115   172    16  0     2160   2187
 5540    407   460   367  0     2162   2478
 5541    367   442   407  0     2162   2441
 5542    367   460   442  0     2162   2479
 5543    153   156   115  0     2163   2166
 5544    153   192   156  0     2163   2326
 5545    115   156   192  0     2163   2251
 5546     11   127   156  0     2164   2218
 5547     98   156   127  0     2164   2301
 5548    410   352   473  0     2165   2414
 5549    153    65   115  0     2166   2277
 5550    223   127   156  0     2167   2175
 5551    177   156   127  0     2167   2218
 5552     57   207   136  0     2168   2214
 5553     74   207    57  1     2168     -1
 5554    302   344   463  0     2169   2427
 5555    302   315   344  0     2169   2420
 5556    161   122    99  0     2172   2188
 5557    161     3   122  0     2172   2254
 5558     99     3   161  1     2172     -1
 5559     99   122     3  0     2172   2225
 5560    155   235   161  0     2173   2197
 5561    260   235   155  0     2173   2470
 5562    260   161   235  0     2173   2222
 5563    207   116   132  0     2174   2213
 5564    207   169   116  1     2174     -1
 5565    223   219   156  0     2175   2321
 5566    249   136   241  0     2176   2181
 5567    249   198   136  0     2176   2177
 5568    241   198   249  0     2176   2504
 5569    249   198   175  1     2177     -1
 5570    205   210   136  0     2178   2179
 5571    241   136   210  0     2178   2181
 5572    210   136   124  0     2179   2180
 5573    249   210   136  0     2180   2181
 5574    124   210   249  1     2180     -1
 5575    241   249   210  0     2181   2538
 5576    367   337   413  0     2182   2484
 5577    413   337   275  0     2182   2252
 5578     34    59    21  1     2183     -1
 5579     34   114    59  0     2183   2261
 5580     89    16   132  0     2184   2210
 5581    102    16    89  1     2184     -1
 5582    102   132    16  0     2184   2185
 5583     16   172   132  0     2185   2210
 5584    102   172    16  0     2185   2236
 5585    102   132   172  0     2185   2246
 5586    115    16    89  0     2186   2187
 5587     89    16    45  1     2186     -1
 5588     89   172    16  0     2187   2210
 5589     73   122    99  0     2188   2250
 5590     73   161   122  0     2188   2220
 5591     99   161    73  1     2188     -1
 5592    115   192   162  0     2189   2258
 5593     43    36   116  0     2190   2212
 5594     57    36    43  1     2190     -1
 5595     57   116    36  1     2190     -1
 5596    205   274   293  0     2191   2494
 5597    293   274   279  0     2191   2295
 5598    442   445   501  1     2192     -1
 5599    442   413   445  0     2192   2464
 5600    501   413   442  0     2192   2480
 5601    501   445   413  0     2192   2485
 5602    113   127   184  0     2193   2226
 5603    113   177   127  0     2193   2194
 5604    177   127    11  0     2194   2218
 5605    218   132   172  0     2195   2487
 5606    218   155   132  0     2195   2196
 5607    172   155   218  0     2195   2239
 5608    172   132   155  0     2195   2244
 5609    235   161   169  1     2197     -1
 5610    169   155   235  0     2197   2198
 5611    169   161   155  0     2197   2233
 5612    155   235   256  0     2198   2437
 5613    256   235   169  1     2198     -1
 5614    470   579   534  0     2199   2853
 5615    534   478   470  0     2199   2476
 5616    534   579   478  0     2199   2373
 5617    155   169    36  0     2200   2209
 5618     69   169   155  0     2200   2233
 5619     69    36   169  1     2200     -1
 5620    153    40   102  0     2201   2207
 5621    102    16   153  0     2201   2236
 5622    102    40    16  1     2201     -1
 5623    156   114   229  0     2202   2314
 5624    246   332   322  0     2203   2568
 5625    246   271   332  0     2203   2362
 5626     93    44    52  1     2204     -1
 5627    320   252   218  0     2205   2223
 5628    320   192   252  0     2205   2230
 5629    218   252   192  0     2205   2445
 5630    122   127   140  0     2206   2333
 5631    140   113   122  0     2206   2216
 5632    140   127   113  0     2206   2255
 5633     29    40   102  1     2207     -1
 5634     29   153    40  0     2207   2224
 5635    363   352   308  0     2208   2297
 5636    262   352   363  0     2208   2350
 5637     36   116   169  1     2209     -1
 5638    460   544   439  0     2211   2746
 5639    439   544   407  0     2211   2781
 5640    132   136   116  0     2213   2215
 5641    207   116   136  0     2213   2214
 5642    207   116    57  1     2214     -1
 5643     57   116   136  0     2214   2215
 5644     52   122   140  0     2216   2249
 5645    493   504   435  0     2217   2633
 5646    435   433   493  0     2217   2433
 5647    435   504   433  0     2217   2418
 5648    177   156    11  0     2218   2315
 5649    256   218   278  0     2219   2463
 5650    140   122    73  0     2220   2249
 5651    100    55    54  1     2221     -1
 5652    100   177    55  0     2221   2264
 5653     54    55   177  0     2221   2260
 5654    260   161   292  0     2222   2227
 5655    235   292   161  1     2222     -1
 5656    315   252   218  0     2223   2447
 5657     40    29   122  0     2224   2235
 5658     29     3    99  1     2225     -1
 5659     29   122     3  0     2225   2247
 5660    232   127   184  0     2226   2278
 5661    182   292   260  0     2227   2228
 5662    182   161   292  1     2227     -1
 5663    182   292   309  1     2228     -1
 5664    393   303   252  0     2229   2453
 5665    320   303   393  0     2229   2341
 5666    320   252   303  0     2229   2230
 5667    192   252   303  0     2230   2435
 5668    303   320   192  0     2230   2356
 5669    219   252   302  0     2231   2446
 5670    219   355   252  0     2231   2454
 5671    302   355   219  0     2231   2342
 5672    302   252   355  0     2231   2425
 5673     83    55   117  0     2232   2263
 5674     83    21    55  1     2232     -1
 5675    169   161    69  1     2233     -1
 5676     69   161   155  0     2233   2253
 5677    566   478   579  0     2234   2629
 5678    547   478   566  0     2234   2482
 5679    547   579   478  0     2234   2600
 5680     52    40    29  1     2235     -1
 5681    172   153   102  0     2236   2246
 5682    197   234   228  0     2237   2299
 5683    228   114   197  0     2237   2273
 5684    228   234   114  0     2237   2240
 5685     65   156    59  0     2238   2300
 5686     59   156   114  0     2238   2284
 5687    155   153   172  0     2239   2244
 5688    170   114   228  0     2240   2272
 5689     54    11    44  1     2241     -1
 5690    438   355   414  0     2242   2369
 5691    208   156   142  0     2243   2310
 5692     11   156   208  0     2243   2315
 5693     11   142   156  0     2243   2293
 5694    172   132   153  0     2244   2246
 5695    155   153   132  0     2244   2245
 5696    132   102   153  0     2245   2246
 5697     29   122    69  0     2247   2248
 5698     69     3    29  1     2247     -1
 5699     69   122     3  0     2247   2254
 5700     69   155   122  0     2248   2253
 5701     73    52   122  0     2249   2250
 5702     99    73    52  1     2250     -1
 5703    156   229   115  0     2251   2314
 5704    156   192   229  0     2251   2257
 5705    115   229   192  0     2251   2258
 5706    413   337   241  0     2252   2515
 5707    241   275   413  0     2252   2442
 5708     69   161   122  0     2253   2254
 5709     69   161     3  1     2254     -1
 5710    140   127   194  0     2255   2332
 5711    192   229   223  0     2257   2289
 5712    223   156   192  0     2257   2321
 5713    115   229   162  0     2258   2291
 5714     44    98   127  0     2259   2287
 5715     54    55    11  1     2260     -1
 5716      6    59    34  1     2261     -1
 5717     34   114     6  0     2261   2266
 5718    208   142   262  0     2262   2305
 5719    262   142   139  0     2262   2323
 5720    117   139    55  0     2263   2309
 5721     83    55   139  0     2263   2265
 5722    139    55   100  0     2264   2268
 5723    139    30    55  0     2265   2268
 5724     83    55    30  1     2265     -1
 5725     87     6    34  1     2266     -1
 5726     30    55   100  1     2268     -1
 5727    115     6    65  0     2269   2279
 5728     45    65     6  1     2269     -1
 5729    308   386   410  0     2270   2317
 5730    410   352   502  0     2271   2399
 5731    414   352   410  0     2271   2414
 5732    228   129   114  0     2272   2273
 5733    293   320   400  0     2274   2319
 5734    414   352   384  0     2275   2280
 5735    613   590   559  0     2276   2457
 5736    613   514   590  0     2276   2725
 5737    559   514   613  0     2276   2723
 5738    232   219   184  0     2278   2294
 5739    232   127   219  0     2278   2328
 5740    394   291   352  0     2281   2290
 5741    883   826   969  0     2282   4610
 5742    863   826   883  0     2282   4298
 5743    863   969   826  0     2282   2945
 5744    702   686   672  0     2283   4326
 5745    702   760   686  0     2283   2795
 5746    672   760   702  0     2283   2944
 5747    672   686   760  0     2283   2609
 5748    156   142    59  0     2284   2293
 5749    127    65    40  0     2285   2288
 5750    363   369   382  0     2286   2347
 5751     98    65    44  1     2287     -1
 5752     98   127    65  0     2287   2301
 5753     44    65   127  0     2287   2288
 5754     44    65    40  1     2288     -1
 5755    192   303   223  0     2289   2435
 5756    192   229   303  0     2289   2356
 5757    115   229   170  0     2291   2313
 5758    323   417   369  0     2292   2601
 5759    382   369   417  0     2292   2387
 5760     11   142    59  0     2293   2304
 5761    223   232   219  0     2294   2346
 5762    441   552   555  0     2296   2501
 5763    547   552   441  0     2296   2816
 5764    547   555   552  0     2296   2628
 5765    363   352   432  0     2297   2348
 5766    563   632   564  0     2298   4312
 5767    564   502   563  0     2298   3591
 5768    564   632   502  0     2298   2384
 5769    281   234   228  0     2299   2567
 5770    281   197   234  0     2299   2306
 5771     98    65   156  0     2300   2301
 5772     59    65    98  1     2300     -1
 5773    197   208   262  0     2302   2305
 5774    197   281   208  0     2302   2306
 5775    197   262   142  0     2303   2305
 5776    117   142   262  0     2303   2325
 5777     11    55    59  1     2304     -1
 5778    208   142   197  0     2305   2308
 5779    234   208   197  0     2306   2308
 5780    177   208   268  0     2307   2316
 5781    234   208   142  0     2308   2310
 5782    139   142   117  0     2309   2324
 5783    274   322   271  0     2311   2546
 5784    695   647   680  0     2312   2852
 5785    680   729   695  0     2312   2888
 5786    680   647   729  0     2312   2834
 5787    115   229   114  0     2313   2314
 5788    223   208   268  0     2316   2354
 5789    355   386   410  0     2317   2380
 5790    355   308   386  0     2317   2379
 5791    332   300   226  0     2318   2361
 5792    226   245   332  0     2318   2536
 5793    226   300   245  0     2318   2529
 5794    293   361   400  0     2319   2551
 5795    293   320   361  0     2319   2555
 5796    400   361   320  0     2319   2562
 5797    232   219   307  0     2320   2335
 5798    232   327   219  0     2320   2344
 5799    307   219   327  0     2320   2343
 5800    156   192   219  0     2321   2326
 5801    223   219   192  0     2321   2452
 5802    622   673   712  0     2322   2671
 5803    622   590   673  0     2322   2753
 5804    712   590   622  0     2322   2669
 5805    148   142   139  0     2323   2324
 5806    148   262   142  0     2323   2325
 5807    148   142   117  0     2324   2325
 5808    302   219   260  0     2327   2329
 5809    260   219   122  0     2327   2331
 5810    194   219   232  0     2328   2335
 5811    194   127   219  0     2328   2332
 5812    302   219   307  0     2329   2342
 5813    307   260   302  0     2329   2376
 5814    307   219   260  0     2329   2334
 5815    194   219   140  0     2330   2332
 5816    194   260   219  0     2330   2334
 5817    140   219   260  0     2330   2331
 5818    140   219   122  0     2331   2333
 5819    140   127   219  0     2332   2333
 5820    307   219   194  0     2334   2335
 5821    505   641   578  0     2336   2934
 5822    578   570   505  0     2336   3703
 5823    578   641   570  0     2336   3577
 5824    514   554   547  0     2337   2690
 5825    514   613   554  0     2337   2725
 5826    547   613   514  0     2337   2722
 5827    547   554   613  0     2337   2672
 5828    378   322   371  0     2338   2363
 5829    406   322   378  0     2338   2424
 5830    406   371   322  1     2338     -1
 5831    439   278   367  0     2339   2364
 5832    439   381   278  1     2339     -1
 5833    324   355   223  0     2340   2358
 5834    223   355   327  0     2340   2345
 5835    303   393   361  0     2341   2554
 5836    320   361   393  0     2341   2562
 5837    307   355   219  0     2342   2343
 5838    219   327   355  0     2343   2344
 5839    219   232   355  0     2344   2346
 5840    327   355   232  0     2344   2345
 5841    223   355   232  0     2345   2346
 5842    223   355   219  0     2346   2454
 5843    432   415   352  0     2348   2349
 5844    363   352   415  0     2348   2350
 5845    415   352   394  0     2349   2351
 5846    394   352   432  0     2349   2401
 5847    262   352   415  0     2350   2351
 5848    355   386   303  0     2352   2379
 5849    355   441   386  0     2352   2380
 5850    162   271   188  0     2353   2584
 5851    162   274   271  0     2353   2582
 5852    188   274   162  0     2353   2402
 5853    223   308   268  0     2354   2360
 5854    407   393   460  0     2355   2478
 5855    463   460   393  0     2355   2512
 5856    229   320   192  0     2356   2539
 5857    352   308   324  0     2357   2359
 5858    324   308   355  0     2357   2358
 5859    324   308   223  0     2358   2360
 5860    268   308   324  0     2359   2360
 5861    332   300   271  0     2361   2597
 5862    226   271   300  0     2361   2500
 5863    246   188   332  0     2362   2498
 5864    246   271   188  0     2362   2552
 5865    274   371   378  0     2363   2505
 5866    378   322   274  0     2363   2546
 5867    442   278   367  0     2364   2492
 5868    442   439   278  1     2364     -1
 5869    367   439   442  0     2364   2441
 5870    684   590   561  0     2365   2659
 5871    684   565   590  0     2365   2734
 5872    561   565   684  0     2365   2535
 5873    878   905   840  1     2366     -1
 5874    878   827   905  0     2366   2689
 5875    840   827   878  0     2366   3032
 5876    840   905   827  0     2366   2662
 5877    400   460   413  0     2367   2710
 5878    367   460   400  0     2367   2477
 5879    367   413   460  0     2367   2479
 5880    609   672   622  0     2368   2652
 5881    622   554   609  0     2368   2632
 5882    622   672   554  0     2368   2409
 5883    438   473   414  0     2369   4293
 5884    438   355   473  0     2369   2372
 5885    854   870   785  0     2370   2851
 5886    854   829   870  0     2370   2858
 5887    785   829   854  0     2370   2902
 5888    806   711   785  0     2371   4269
 5889    800   711   806  0     2371   3627
 5890    800   785   711  0     2371   2836
 5891    438   416   473  0     2372   2817
 5892    534   579   496  0     2373   2779
 5893    496   478   534  0     2373   2476
 5894    496   579   478  0     2373   2382
 5895    718   760   712  0     2374   2950
 5896    712   809   718  0     2374   3010
 5897    712   760   809  0     2374   2898
 5898    229   192   279  0     2375   2539
 5899    172   279   192  0     2375   2391
 5900    307   260   344  0     2376   2422
 5901    302   344   260  0     2376   2420
 5902    575   542   471  0     2377   4374
 5903    575   443   542  0     2377   4376
 5904    471   542   443  0     2377   4368
 5905    452   361   386  0     2378   2571
 5906    452   441   361  0     2378   2524
 5907    386   361   441  0     2378   2493
 5908    410   441   386  0     2380   2383
 5909    300   279   271  0     2381   2556
 5910    229   279   300  0     2381   2564
 5911    229   271   279  0     2381   2407
 5912    478   550   579  0     2382   2629
 5913    496   550   478  0     2382   2599
 5914    496   579   550  0     2382   2779
 5915    470   441   386  0     2383   2841
 5916    410   441   470  0     2383   2730
 5917    632   553   564  0     2384   4273
 5918    564   553   502  0     2384   4256
 5919    513   540   477  0     2386   2970
 5920    369   417   470  0     2387   2603
 5921    382   470   417  0     2387   2395
 5922    492   470   382  0     2388   2398
 5923    492   432   470  0     2388   3296
 5924    432   563   498  0     2389   3579
 5925    432   556   563  0     2389   3576
 5926    498   556   432  0     2389   3538
 5927    498   563   556  0     2389   2804
 5928    452   378   379  0     2390   2403
 5929    452   464   378  0     2390   2545
 5930    379   464   452  0     2390   2506
 5931    379   378   464  0     2390   2456
 5932    192   320   279  0     2391   2539
 5933    172   279   320  0     2391   2541
 5934    644   725   788  0     2392   3603
 5935    644   696   725  0     2392   3512
 5936    788   696   644  0     2392   3726
 5937    785   741   829  0     2393   2942
 5938    800   741   785  0     2393   2836
 5939    800   829   741  0     2393   2794
 5940    465   470   534  0     2394   3522
 5941    465   417   470  0     2394   2395
 5942    382   470   465  0     2395   2396
 5943    382   470   425  0     2396   2398
 5944    425   470   465  0     2396   3609
 5945    652   670   647  0     2397   3183
 5946    652   556   670  0     2397   3552
 5947    647   556   652  0     2397   2876
 5948    647   670   556  0     2397   3568
 5949    425   492   470  0     2398   3611
 5950    432   352   502  0     2399   2401
 5951    550   630   604  0     2400   3238
 5952    550   634   630  0     2400   3224
 5953    604   634   550  0     2400   2557
 5954    604   630   634  0     2400   3222
 5955    452   378   400  0     2403   2553
 5956    400   379   452  0     2403   2506
 5957    606   723   648  0     2404   3120
 5958    378   478   452  0     2405   2545
 5959    378   391   478  0     2405   2590
 5960    496   630   550  0     2406   2626
 5961    496   534   630  0     2406   2502
 5962    550   534   496  0     2406   2779
 5963    550   630   534  0     2406   2625
 5964    170   271   279  0     2407   2510
 5965    634   597   550  0     2408   2557
 5966    634   708   597  0     2408   2653
 5967    550   708   634  0     2408   3224
 5968    550   597   708  0     2408   2533
 5969    622   552   554  0     2409   2813
 5970    496   550   466  0     2410   3228
 5971    449   550   496  0     2410   2599
 5972    449   466   550  0     2410   2528
 5973    228   245   300  0     2411   2529
 5974    418   496   417  0     2412   2549
 5975    516   537   462  1     2413     -1
 5976    516   559   537  0     2413   2684
 5977    462   559   516  0     2413   2651
 5978    462   537   559  0     2413   2680
 5979    854   870   887  0     2415   2833
 5980    854   806   870  0     2415   2851
 5981    887   806   854  0     2415   4289
 5982    887   870   806  0     2415   3503
 5983    860   945   899  0     2416   2992
 5984    895   945   860  0     2416   2974
 5985    895   899   945  0     2416   2993
 5986    870   894   800  0     2417   3624
 5987    870   868   894  0     2417   2900
 5988    800   868   870  0     2417   2800
 5989    800   894   868  0     2417   2896
 5990    433   407   504  0     2418   2474
 5991    435   407   433  0     2418   2438
 5992    435   504   407  0     2418   2760
 5993    684   590   613  0     2419   2457
 5994    684   673   590  0     2419   2747
 5995    302   315   260  0     2420   2471
 5996    260   315   344  0     2420   2421
 5997    260   315   235  0     2421   2470
 5998    362   344   307  0     2422   2428
 5999    322   449   406  0     2424   2496
 6000    355   393   252  0     2425   2453
 6001    416   344   435  0     2426   2429
 6002    416   463   344  0     2426   2427
 6003    435   463   416  0     2426   3772
 6004    435   344   463  0     2426   2440
 6005    362   344   416  0     2428   2429
 6006    292   433   390  1     2430     -1
 6007    390   433   344  0     2430   2432
 6008    502   553   414  0     2431   4098
 6009    502   471   553  0     2431   2668
 6010    414   553   471  0     2431   2915
 6011    344   435   433  0     2432   2438
 6012    390   433   435  0     2432   2433
 6013    390   433   493  1     2433     -1
 6014    493   435   390  0     2433   4452
 6015    618   544   501  0     2434   2729
 6016    618   590   544  0     2434   2663
 6017    501   590   618  0     2434   2757
 6018    192   252   223  0     2435   2452
 6019    223   252   303  0     2435   2444
 6020    433   439   407  0     2436   2474
 6021    381   439   433  1     2436     -1
 6022    155   235   315  0     2437   2470
 6023    256   315   235  0     2437   2465
 6024    435   407   344  0     2438   2440
 6025    256   381   407  0     2439   2469
 6026    435   407   463  0     2440   2760
 6027    619   624   576  0     2443   4093
 6028    619   533   624  0     2443   3870
 6029    576   533   619  0     2443   4516
 6030    576   624   533  0     2443   4231
 6031    223   252   355  0     2444   2454
 6032    355   252   303  0     2444   2453
 6033    153   252   302  0     2446   2448
 6034    315   252   155  0     2447   2449
 6035    155   252   302  0     2448   2449
 6036    155   315   302  0     2449   2471
 6037    391   478   470  0     2450   2543
 6038    391   496   478  0     2450   2525
 6039    470   496   391  0     2450   2570
 6040    470   478   496  0     2450   2476
 6041    336   428   317  1     2451     -1
 6042    317   337   336  0     2451   2516
 6043    223   219   252  0     2452   2454
 6044    413   514   400  0     2455   2710
 6045    413   452   514  0     2455   2618
 6046    378   371   379  0     2456   2505
 6047    559   684   590  0     2457   2734
 6048    613   684   559  0     2457   2698
 6049    538   504   544  0     2458   2613
 6050    538   576   504  0     2458   2785
 6051    828   795   835  0     2459   3601
 6052    828   884   795  0     2459   3691
 6053    835   884   828  0     2459   3517
 6054    489   565   561  0     2460   2694
 6055    489   445   565  0     2460   2614
 6056    561   445   489  1     2460     -1
 6057    561   565   445  0     2460   2700
 6058    887   720   743  0     2461   4226
 6059    887   865   720  0     2461   4237
 6060    743   865   887  0     2461   4268
 6061    743   720   865  0     2461   4240
 6062    689   752   678  0     2462   3097
 6063    678   794   689  0     2462   3034
 6064    678   752   794  0     2462   3078
 6065    256   169   278  1     2463     -1
 6066    367   413   445  0     2464   2484
 6067    442   413   367  0     2464   2479
 6068    256   292   235  1     2465     -1
 6069    256   315   292  0     2465   2468
 6070    344   315   381  0     2466   2467
 6071    381   315   407  0     2466   2469
 6072    381   292   315  0     2467   2468
 6073    256   381   292  1     2468     -1
 6074    256   315   381  0     2468   2469
 6075    260   315   155  0     2470   2471
 6076    883   954   914  0     2473   2951
 6077    883  1000   954  0     2473   2988
 6078    914  1000   883  0     2473   2960
 6079    914   954  1000  1     2473     -1
 6080    439   504   433  0     2474   2761
 6081    439   407   504  0     2474   2781
 6082    336   274   249  0     2475   2537
 6083    249   210   336  1     2475     -1
 6084    249   274   210  0     2475   2538
 6085    367   460   393  0     2477   2478
 6086    460   442   413  0     2479   2480
 6087    501   413   460  0     2480   2519
 6088    207   278   275  0     2481   2489
 6089    207   337   278  1     2481     -1
 6090    547   478   464  0     2482   2518
 6091    400   379   293  0     2483   2551
 6092    400   413   379  0     2483   2526
 6093    337   413   445  0     2484   2521
 6094    501   445   561  1     2485     -1
 6095    561   413   501  0     2485   2697
 6096    561   445   413  0     2485   2700
 6097    794   853   793  0     2486   2922
 6098    794   878   853  0     2486   3081
 6099    793   878   794  0     2486   3083
 6100    793   853   878  1     2486     -1
 6101    218   132   275  0     2487   2488
 6102    278   132   275  0     2488   2489
 6103    132   275   207  0     2489   2490
 6104    241   336   379  0     2491   2495
 6105    293   336   241  0     2491   2497
 6106    442   278   337  1     2492     -1
 6107    386   361   393  0     2493   2554
 6108    393   361   441  0     2493   2524
 6109    241   274   293  0     2494   2497
 6110    241   336   413  0     2495   2515
 6111    374   406   322  1     2496     -1
 6112    241   274   336  0     2497   2537
 6113    226   332   246  0     2498   2573
 6114    231   371   210  1     2499     -1
 6115    210   274   231  0     2499   2565
 6116    226   271   228  0     2500   2583
 6117    228   300   226  0     2500   2529
 6118    228   271   300  0     2500   2585
 6119    564   552   555  0     2501   2610
 6120    441   552   564  0     2501   2832
 6121    534   580   496  0     2502   3212
 6122    534   630   580  0     2502   3193
 6123    496   580   630  0     2502   2608
 6124    348   332   374  0     2503   2577
 6125    348   264   332  0     2503   2575
 6126    374   264   348  1     2503     -1
 6127    374   332   264  0     2503   2572
 6128    241   288   249  0     2504   2514
 6129    241   198   288  0     2504   2507
 6130    249   288   198  1     2504     -1
 6131    400   379   464  0     2506   2526
 6132    207   288   241  0     2507   2509
 6133    207   198   288  1     2507     -1
 6134    622   718   673  0     2508   2671
 6135    622   668   718  0     2508   2776
 6136    207   288   337  1     2509     -1
 6137    279   162   271  0     2510   2582
 6138    170   271   162  0     2510   2584
 6139    323   332   418  0     2511   2523
 6140    418   332   245  0     2511   2536
 6141    463   452   393  0     2512   2739
 6142    317   336   241  0     2513   2516
 6143    317   288   336  1     2513     -1
 6144    241   336   288  0     2513   2514
 6145    241   336   249  0     2514   2537
 6146    249   336   288  1     2514     -1
 6147    241   336   337  0     2515   2516
 6148    449   478   550  0     2517   2599
 6149    449   464   478  0     2517   2581
 6150    550   464   449  0     2517   2612
 6151    464   452   478  0     2518   2545
 6152    460   544   413  0     2519   2766
 6153    648   616   710  0     2520   3529
 6154    648   650   616  0     2520   3546
 6155    710   650   648  0     2520   3232
 6156    710   616   650  0     2520   3531
 6157    413   445   428  0     2521   2701
 6158    337   428   445  0     2521   2522
 6159    337   392   445  1     2522     -1
 6160    417   332   418  0     2523   2549
 6161    393   452   441  0     2524   2741
 6162    393   361   452  0     2524   2559
 6163    496   478   449  0     2525   2599
 6164    449   478   391  0     2525   2590
 6165    413   379   464  0     2526   2721
 6166    597   516   497  1     2527     -1
 6167    597   566   516  0     2527   2644
 6168    497   566   597  0     2527   2643
 6169    497   516   566  0     2527   2641
 6170    497   466   550  0     2528   2619
 6171    497   449   466  0     2528   2530
 6172    550   449   497  0     2528   2612
 6173    406   497   449  0     2530   2611
 6174    406   466   497  1     2530     -1
 6175    836  1011   867  0     2531   3370
 6176    836   815  1011  0     2531   3615
 6177    867   815   836  0     2531   3644
 6178    867  1011   815  0     2531   3613
 6179    428   462   413  0     2532   2703
 6180    428   379   462  0     2532   2534
 6181    413   462   379  0     2532   2667
 6182    708   566   597  0     2533   2642
 6183    550   566   708  0     2533   2657
 6184    550   597   566  0     2533   2643
 6185    336   462   428  1     2534     -1
 6186    684   591   565  0     2535   2707
 6187    561   591   684  0     2535   2711
 6188    561   565   591  0     2535   2694
 6189    418   332   226  0     2536   2579
 6190    241   274   249  0     2537   2538
 6191    461   466   374  1     2540     -1
 6192    293   279   320  0     2541   2555
 6193    386   470   391  0     2543   2604
 6194    386   478   470  0     2543   2840
 6195    332   496   461  0     2544   2558
 6196    464   378   478  0     2545   2581
 6197    378   271   274  0     2546   2586
 6198    281   300   234  0     2547   2567
 6199    303   229   300  0     2548   2564
 6200    234   300   229  0     2548   2587
 6201    332   418   496  0     2549   2558
 6202    228   300   170  0     2550   2585
 6203    228   229   300  0     2550   2587
 6204    452   361   400  0     2553   2559
 6205    279   271   378  0     2556   2586
 6206    378   271   300  0     2556   2593
 6207    604   597   550  0     2557   2592
 6208    604   634   597  1     2557     -1
 6209    418   496   461  0     2558   3211
 6210    461   332   418  0     2558   2578
 6211    393   361   400  0     2559   2562
 6212    170   271   228  0     2560   2585
 6213    170   188   271  0     2560   2584
 6214    228   271   188  0     2560   2583
 6215    753   655   729  0     2561   2576
 6216    753   659   655  0     2561   3215
 6217    729   659   753  0     2561   3105
 6218    729   655   659  0     2561   3532
 6219    484   515   397  0     2563   3291
 6220    397   515   380  0     2563   3260
 6221    279   300   303  0     2564   2566
 6222    228   300   234  0     2567   2587
 6223    374   246   332  0     2568   2572
 6224    322   246   374  1     2568     -1
 6225    300   323   391  0     2569   2602
 6226    369   391   323  0     2569   2601
 6227    417   391   470  0     2570   2603
 6228    386   391   361  0     2571   2596
 6229    264   246   332  0     2572   2573
 6230    374   246   264  1     2572     -1
 6231    226   332   264  0     2573   2574
 6232    276   332   264  0     2574   2575
 6233    276   226   332  0     2574   2579
 6234    276   348   264  1     2575     -1
 6235    276   332   348  0     2575   2580
 6236    729   778   655  0     2576   2859
 6237    753   778   729  0     2576   3657
 6238    753   655   778  0     2576   2627
 6239    348   461   374  1     2577     -1
 6240    348   332   461  0     2577   2578
 6241    348   332   418  0     2578   2580
 6242    418   332   276  0     2579   2580
 6243    449   378   478  0     2581   2590
 6244    279   274   271  0     2582   2586
 6245    718   758   668  0     2588   2959
 6246    668   803   718  0     2588   2949
 6247    895   988   945  0     2589   2962
 6248    895  1002   988  0     2589   2606
 6249    945  1002   895  0     2589   2993
 6250    945   988  1002  1     2589     -1
 6251    449   378   391  0     2590   2594
 6252    819   897   729  0     2591   3125
 6253    729   763   819  0     2591   2713
 6254    729   897   763  0     2591   3115
 6255    497   597   550  0     2592   2643
 6256    497   604   597  1     2592     -1
 6257    550   604   497  0     2592   2619
 6258    378   391   300  0     2593   2595
 6259    378   271   391  0     2593   2598
 6260    300   391   271  0     2593   2597
 6261    378   391   332  0     2594   2598
 6262    361   391   300  0     2595   2596
 6263    271   332   391  0     2597   2598
 6264    547   579   555  0     2600   2812
 6265    369   391   417  0     2601   2603
 6266    417   391   323  0     2601   2602
 6267    369   391   470  0     2603   2604
 6268    569   479   529  0     2605   2806
 6269    436   529   479  0     2605   4501
 6270   1006   988   895  0     2606   2972
 6271   1006  1002   988  1     2606     -1
 6272    895  1002  1006  0     2606   2969
 6273    800   695   819  0     2607   2908
 6274    713   695   800  0     2607   2849
 6275    713   819   695  0     2607   2884
 6276    580   630   549  0     2608   2918
 6277    496   549   630  0     2608   3123
 6278    760   785   686  0     2609   2795
 6279    672   785   760  0     2609   2846
 6280    672   686   785  0     2609   4331
 6281    552   555   609  0     2610   2628
 6282    609   564   552  0     2610   2828
 6283    609   555   564  0     2610   2799
 6284    449   464   497  0     2611   2612
 6285    406   497   464  0     2611   2615
 6286    464   497   550  0     2612   2655
 6287    439   504   544  0     2613   2781
 6288    439   538   504  0     2613   2761
 6289    428   565   489  1     2614     -1
 6290    428   445   565  0     2614   2701
 6291    497   516   406  1     2615     -1
 6292    497   464   516  0     2615   2641
 6293    406   516   464  0     2615   2675
 6294    868   763   741  0     2616   2906
 6295    868   829   763  0     2616   2862
 6296    741   829   868  0     2616   2794
 6297    741   763   829  0     2616   2899
 6298    660   612   535  1     2617     -1
 6299    452   514   464  0     2618   2718
 6300    464   514   413  0     2618   2721
 6301    497   466   604  1     2619     -1
 6302    547   554   609  0     2620   2814
 6303    547   663   554  0     2620   2672
 6304    609   663   547  0     2620   2855
 6305    609   554   663  0     2620   2632
 6306    943   827   864  0     2621   3039
 6307    943   895   827  0     2621   3056
 6308    864   895   943  0     2621   2768
 6309    864   827   895  0     2621   3046
 6310    572   485   520  0     2622   3231
 6311    468   485   572  0     2622   3488
 6312    468   520   485  0     2622   3200
 6313    517   596   585  0     2623   3294
 6314    488   585   596  1     2623     -1
 6315    671   549   612  1     2624     -1
 6316    671   630   549  0     2624   3240
 6317    612   630   671  0     2624   3184
 6318    612   549   630  0     2624   3218
 6319    550   659   534  0     2625   2630
 6320    550   630   659  0     2625   3223
 6321    496   557   550  0     2626   3228
 6322    496   630   557  0     2626   3123
 6323    550   557   630  0     2626   3238
 6324    778   630   655  0     2627   3225
 6325    753   630   778  0     2627   3226
 6326    753   655   630  0     2627   3215
 6327    547   555   609  0     2628   2812
 6328    609   552   547  0     2628   2814
 6329    550   579   566  0     2629   2802
 6330    550   579   534  0     2630   2779
 6331    550   659   579  0     2630   2802
 6332    534   579   659  0     2630   3180
 6333    695   555   647  0     2631   2852
 6334    564   555   695  0     2631   2799
 6335    564   647   555  0     2631   2848
 6336    622   663   609  0     2632   2652
 6337    622   554   663  0     2632   2726
 6338    493   576   435  0     2633   3947
 6339    493   504   576  0     2633   2785
 6340    435   576   504  0     2633   4488
 6341    753   778   859  0     2634   2926
 6342    753   850   778  0     2634   3655
 6343    859   850   753  0     2634   2892
 6344    859   778   850  0     2634   3139
 6345   1005   882   884  0     2635   3411
 6346   1005   920   882  0     2635   3686
 6347    884   920  1005  0     2635   3690
 6348    884   882   920  0     2635   3631
 6349    853   919   859  0     2636   2893
 6350    853   825   919  1     2636     -1
 6351    859   825   853  0     2636   3068
 6352    859   919   825  0     2636   3089
 6353    724   778   814  0     2637   3129
 6354    859   778   724  0     2637   2926
 6355    859   814   778  0     2637   3196
 6356    692   684   678  0     2638   2693
 6357    692   727   684  0     2638   2691
 6358    678   727   692  0     2638   3087
 6359    678   684   727  0     2638   3038
 6360    749   768   895  0     2639   3018
 6361    749   841   768  0     2639   2980
 6362    895   841   749  0     2639   2965
 6363    895   768   841  0     2639   2648
 6364    413   514   565  0     2640   2731
 6365    413   590   514  0     2640   2765
 6366    566   464   516  0     2641   2660
 6367    497   464   566  0     2641   2655
 6368    566   597   678  0     2642   2664
 6369    678   708   566  0     2642   2658
 6370    497   566   550  0     2643   2655
 6371    559   516   597  0     2644   2677
 6372    559   566   516  0     2644   2660
 6373    597   566   559  0     2644   2664
 6374    718   803   760  0     2645   2943
 6375    718   841   803  0     2645   2688
 6376    765   840   833  0     2646   2705
 6377    765   684   840  0     2646   3036
 6378    833   684   765  0     2646   2793
 6379    798   836   857  0     2647   3534
 6380    798   736   836  0     2647   2929
 6381    857   736   798  0     2647   3560
 6382    857   836   736  0     2647   3246
 6383    895   768   864  0     2648   3046
 6384    864   841   895  0     2648   2696
 6385    864   768   841  0     2648   2687
 6386    650   707   655  0     2649   2845
 6387    650   633   707  0     2649   3505
 6388    655   633   650  0     2649   3572
 6389    655   707   633  0     2649   2874
 6390    724   708   689  0     2650   3106
 6391    724   634   708  0     2650   3227
 6392    689   634   724  1     2650     -1
 6393    689   708   634  0     2650   2653
 6394    464   516   462  0     2651   2674
 6395    464   559   516  0     2651   2660
 6396    462   559   464  0     2651   2666
 6397    609   672   663  0     2652   2742
 6398    689   597   634  1     2653     -1
 6399    678   625   689  0     2654   3097
 6400    678   597   625  0     2654   2683
 6401    689   625   597  1     2654     -1
 6402    663   566   708  0     2656   2658
 6403    708   659   663  0     2656   2856
 6404    708   566   659  0     2656   2657
 6405    550   659   708  0     2657   3223
 6406    550   566   659  0     2657   2802
 6407    678   708   663  0     2658   3075
 6408    639   590   561  0     2659   2758
 6409    639   684   590  0     2659   2747
 6410    561   684   639  0     2659   2711
 6411    566   464   559  0     2660   2717
 6412    554   552   463  0     2661   2752
 6413    554   441   552  0     2661   2816
 6414    463   441   554  0     2661   2740
 6415    840   905   992  1     2662     -1
 6416    992   827   840  0     2662   3045
 6417    992   905   827  0     2662   3000
 6418    590   544   673  0     2663   2753
 6419    597   678   559  0     2664   2683
 6420    566   559   678  0     2664   2665
 6421    566   559   613  0     2665   2723
 6422    613   559   678  0     2665   2673
 6423    464   379   559  0     2666   2720
 6424    462   559   379  0     2666   2667
 6425    462   559   413  0     2667   2680
 6426    413   559   379  0     2667   2719
 6427    471   542   502  0     2668   4373
 6428    471   553   542  0     2668   2915
 6429    613   590   622  0     2669   2728
 6430    622   712   613  0     2669   2695
 6431    473   552   528  0     2670   2818
 6432    473   600   552  0     2670   2829
 6433    528   552   600  0     2670   4472
 6434    712   718   673  0     2671   2750
 6435    622   718   712  0     2671   2843
 6436    613   663   554  0     2672   2726
 6437    559   625   613  0     2673   2698
 6438    559   678   625  0     2673   2683
 6439    371   516   462  1     2674     -1
 6440    371   464   516  0     2674   2675
 6441    406   516   371  1     2675     -1
 6442    675   639   684  0     2676   2712
 6443    675   734   639  1     2676     -1
 6444    684   734   675  0     2676   2692
 6445    684   639   734  0     2676   2977
 6446    516   625   559  0     2677   2684
 6447    516   597   625  1     2677     -1
 6448    559   625   597  0     2677   2683
 6449    692   675   625  1     2678     -1
 6450    692   684   675  0     2678   2691
 6451    625   684   692  0     2678   2693
 6452    625   675   684  0     2678   2706
 6453    803   760   785  0     2679   2966
 6454    803   702   760  0     2679   2943
 6455    785   702   803  0     2679   4416
 6456    785   760   702  0     2679   2795
 6457    559   413   537  0     2680   2733
 6458    462   537   413  0     2680   2702
 6459    895   833   872  0     2681   3016
 6460    895   933   833  0     2681   3057
 6461    872   933   895  0     2681   3023
 6462    872   833   933  1     2681     -1
 6463    749   899   803  0     2682   2968
 6464    749   841   899  0     2682   2965
 6465    803   841   749  0     2682   2688
 6466    803   899   841  0     2682   2996
 6467    537   625   559  0     2684   2708
 6468    537   516   625  1     2684     -1
 6469   1006   841   890  0     2685   3001
 6470    890  1000  1006  0     2685   3065
 6471    890   841  1000  0     2685   2994
 6472    759   661   778  0     2686   2850
 6473    759   750   661  0     2686   3258
 6474    778   750   759  0     2686   3207
 6475    778   661   750  0     2686   3220
 6476    768   790   864  0     2687   3061
 6477    768   841   790  0     2687   3027
 6478    864   790   841  0     2687   3079
 6479    718   841   749  0     2688   3009
 6480    878   956   905  0     2689   3058
 6481    827   956   878  0     2689   3007
 6482    827   905   956  0     2689   2986
 6483    452   547   514  0     2690   2724
 6484    452   554   547  0     2690   2727
 6485    727   675   692  1     2691     -1
 6486    727   684   675  0     2691   2692
 6487    734   675   727  1     2692     -1
 6488    678   692   625  0     2693   3098
 6489    489   591   561  1     2694     -1
 6490    489   565   591  1     2694     -1
 6491    622   663   613  0     2695   2726
 6492    864   841  1006  0     2696   3001
 6493   1006   895   864  0     2696   2768
 6494   1006   841   895  0     2696   2827
 6495    561   590   501  0     2697   2757
 6496    559   625   684  0     2698   2709
 6497    601   668   691  1     2699     -1
 6498    576   691   668  0     2699   2808
 6499    413   565   445  0     2700   2701
 6500    413   565   428  0     2701   2703
 6501    537   565   462  1     2702     -1
 6502    537   413   565  0     2702   2731
 6503    462   565   413  0     2702   2703
 6504    462   565   428  1     2703     -1
 6505    473   552   441  0     2704   2832
 6506    473   416   552  0     2704   2817
 6507   1014   840   833  0     2705   2975
 6508   1014   765   840  1     2705     -1
 6509    833   765  1014  1     2705     -1
 6510    625   565   684  0     2706   2709
 6511    625   675   565  1     2706     -1
 6512    684   565   675  0     2706   2707
 6513    675   591   565  1     2707     -1
 6514    684   591   675  0     2707   2712
 6515    537   565   559  0     2708   2732
 6516    537   625   565  1     2708     -1
 6517    559   565   625  0     2708   2709
 6518    559   565   684  0     2709   2734
 6519    460   413   514  0     2710   2766
 6520    561   591   639  1     2711     -1
 6521    684   639   591  0     2711   2712
 6522    591   675   639  1     2712     -1
 6523    729   763   695  0     2713   2888
 6524    695   819   729  0     2713   2884
 6525    695   763   819  0     2713   2908
 6526    826   898   911  0     2714   4578
 6527    987   898   826  0     2714   4606
 6528    987   911   898  0     2714   4595
 6529    868   890   829  0     2715   2862
 6530    868   870   890  0     2715   2895
 6531    829   870   868  0     2715   2800
 6532    588   569   508  0     2716   4521
 6533    588   582   569  0     2716   4517
 6534    508   582   588  0     2716   4510
 6535    508   569   582  0     2716   4524
 6536    464   514   566  0     2717   2718
 6537    464   559   514  0     2717   2720
 6538    566   514   559  0     2717   2723
 6539    566   452   514  0     2718   2724
 6540    413   514   379  0     2719   2721
 6541    413   559   514  0     2719   2733
 6542    379   514   559  0     2719   2720
 6543    379   514   464  0     2720   2721
 6544    547   566   514  0     2722   2724
 6545    613   514   566  0     2722   2723
 6546    613   554   590  0     2725   2728
 6547    622   554   613  0     2726   2728
 6548    441   554   547  0     2727   2816
 6549    441   452   554  0     2727   2741
 6550    618   538   501  1     2729     -1
 6551    501   538   544  0     2729   2762
 6552    441   470   555  0     2730   2841
 6553    413   514   537  0     2731   2733
 6554    537   514   565  0     2731   2732
 6555    537   514   559  0     2732   2733
 6556    564   555   470  0     2735   3435
 6557    470   502   564  0     2735   3591
 6558    588   656   722  0     2736   4558
 6559    588   640   656  0     2736   3617
 6560    722   640   588  0     2736   4473
 6561    722   656   640  0     2736   4469
 6562    631   553   620  0     2737   4324
 6563    620   629   631  0     2737   4352
 6564    620   553   629  0     2737   4302
 6565    653   667   575  0     2738   4232
 6566    452   393   554  0     2739   2741
 6567    463   554   393  0     2739   2740
 6568    441   554   393  0     2740   2741
 6569    609   741   663  0     2742   2857
 6570    554   504   622  0     2743   2749
 6571    554   544   504  0     2743   2745
 6572    554   504   460  0     2744   2745
 6573    554   463   504  0     2744   2752
 6574    554   544   460  0     2745   2764
 6575    684   673   639  0     2747   2973
 6576    619   672   718  0     2748   2805
 6577    619   702   672  0     2748   4326
 6578    718   702   619  0     2748   2807
 6579    718   672   702  0     2748   2944
 6580    554   619   622  0     2749   2813
 6581    749   673   712  0     2750   2982
 6582    712   718   749  0     2750   3009
 6583    991   850   925  0     2751   3153
 6584    991   897   850  0     2751   3169
 6585    925   897   991  0     2751   3679
 6586    925   850   897  0     2751   3658
 6587    463   504   552  0     2752   4515
 6588    757   776   738  0     2754   4531
 6589    757   617   776  1     2754     -1
 6590    738   617   757  0     2754   4476
 6591    738   776   617  0     2754   4462
 6592    875   837   783  0     2755   4566
 6593    875   898   837  0     2755   4618
 6594    783   898   875  0     2755   4592
 6595    783   837   898  0     2755   4656
 6596    476   624   528  0     2756   2787
 6597    476   533   624  0     2756   2823
 6598    528   533   476  0     2756   2790
 6599    528   624   533  0     2756   4508
 6600    561   618   501  1     2757     -1
 6601    561   590   618  0     2757   2758
 6602    639   618   561  1     2758     -1
 6603    632   631   713  0     2759   3773
 6604    632   647   631  0     2759   3737
 6605    713   647   632  0     2759   4342
 6606    713   631   647  0     2759   3771
 6607    435   504   463  0     2760   4435
 6608    439   538   433  1     2761     -1
 6609    501   538   442  1     2762     -1
 6610    620   595   629  0     2763   4363
 6611    620   542   595  0     2763   4359
 6612    629   542   620  0     2763   4302
 6613    514   544   460  0     2764   2766
 6614    413   544   514  0     2765   2766
 6615    742   629   683  0     2767   4128
 6616    720   629   742  0     2767   4320
 6617   1006   895   943  0     2768   2972
 6618    576   718   619  0     2769   2810
 6619    622   718   576  0     2769   2776
 6620    622   619   718  0     2769   2805
 6621    994   955   890  0     2770   3066
 6622    994   868   955  0     2770   2939
 6623    890   868   994  0     2770   2927
 6624    890   955   868  0     2770   2895
 6625    866  1009   926  0     2771   3112
 6626    866   810  1009  0     2771   3114
 6627    926   810   866  0     2771   3138
 6628    819   989   868  0     2772   2940
 6629    819   894   989  0     2772   3625
 6630    868   894   819  0     2772   2896
 6631    868   989   894  0     2772   2921
 6632    618   749   668  0     2773   2955
 6633    673   749   618  0     2773   2815
 6634    743   667   620  0     2774   3978
 6635    743   643   667  0     2774   4286
 6636    620   643   743  0     2774   4350
 6637    620   667   643  0     2774   4284
 6638    622   576   668  0     2775   2776
 6639    718   576   668  0     2776   2810
 6640    952  1009   864  0     2777   3094
 6641    952   926  1009  1     2777     -1
 6642    864   926   952  0     2777   2924
 6643   1002   899   954  0     2778   2984
 6644   1002   942   899  0     2778   2903
 6645    954   942  1002  1     2778     -1
 6646    954   899   942  0     2778   4600
 6647    672   760   741  0     2780   2846
 6648    672   712   760  0     2780   2950
 6649    741   760   712  0     2780   2898
 6650    696   641   784  0     2782   3704
 6651    696   717   641  0     2782   3742
 6652    784   641   717  0     2782   3810
 6653    829   890   763  0     2783   2862
 6654    829   809   890  0     2783   3003
 6655    763   809   829  0     2783   2899
 6656    763   890   809  0     2783   3134
 6657    629   553   528  0     2784   4310
 6658    528   553   683  0     2784   4334
 6659    538   576   493  0     2785   2786
 6660    493   601   576  0     2786   4533
 6661    538   601   493  1     2786     -1
 6662    528   548   624  0     2787   4464
 6663    476   548   528  0     2787   3774
 6664    850   810   753  0     2788   2892
 6665    850   897   810  0     2788   3103
 6666    753   897   850  0     2788   3124
 6667    753   810   897  0     2788   3118
 6668    803   738   691  0     2789   4584
 6669    803   702   738  0     2789   4559
 6670    691   702   803  0     2789   2897
 6671    691   738   702  0     2789   2821
 6672    476   416   533  0     2790   4441
 6673    528   533   416  0     2790   4022
 6674    747   719   823  0     2791   4543
 6675    747   773   719  0     2791   4496
 6676    823   719   773  0     2791   4511
 6677    548   569   456  0     2792   4445
 6678    548   509   569  0     2792   4387
 6679    456   509   548  0     2792   3770
 6680    456   569   509  0     2792   4527
 6681    684   765   746  0     2793   3036
 6682    746   833   684  0     2793   2954
 6683    746   765   833  1     2793     -1
 6684    800   868   741  0     2794   2906
 6685    800   829   868  0     2794   2800
 6686    785   686   702  0     2795   4570
 6687    761   812   699  0     2796   4173
 6688    761   873   812  0     2796   4653
 6689    699   873   761  0     2796   4660
 6690    699   812   873  0     2796   4623
 6691    500   510   491  0     2797   4131
 6692    500   598   510  0     2797   4389
 6693    491   598   500  1     2797     -1
 6694    491   510   598  0     2797   4457
 6695    414   542   450  0     2798   4303
 6696    414   471   542  0     2798   2915
 6697    450   542   471  0     2798   3676
 6698    555   695   609  0     2799   2866
 6699    609   695   564  0     2799   3765
 6700    829   870   800  0     2800   2842
 6701    741   712   809  0     2801   2898
 6702    663   809   712  0     2801   2909
 6703    883   969   954  0     2803   4248
 6704    954   899   883  0     2803   2988
 6705    954   969   899  0     2803   4600
 6706    556   578   563  0     2804   3176
 6707    498   578   556  0     2804   3471
 6708    622   672   718  0     2805   2843
 6709    569   521   529  0     2806   4534
 6710    479   529   521  1     2806     -1
 6711    702   619   691  0     2807   2821
 6712    691   718   702  0     2807   2897
 6713    691   619   718  0     2807   2809
 6714    576   619   668  0     2808   2810
 6715    576   691   619  0     2808   4535
 6716    668   619   691  0     2808   2809
 6717    668   718   691  0     2809   2949
 6718    668   619   718  0     2809   2810
 6719    829   914   854  0     2811   2941
 6720    829   965   914  0     2811   2891
 6721    854   965   829  0     2811   2858
 6722    547   579   609  0     2812   2837
 6723    547   554   552  0     2814   2816
 6724    618   758   749  0     2815   2955
 6725    618   673   758  0     2815   3021
 6726    749   758   673  0     2815   3019
 6727    438   552   473  0     2817   2818
 6728    438   416   552  0     2817   2819
 6729    438   528   473  0     2818   2860
 6730    438   552   528  0     2818   2819
 6731    528   416   552  0     2819   4022
 6732    569   624   576  0     2820   4231
 6733    569   529   624  0     2820   4512
 6734    576   529   569  0     2820   4529
 6735    576   624   529  0     2820   4465
 6736    702   619   738  0     2821   2913
 6737    691   738   619  0     2821   4535
 6738    548   640   629  0     2822   4204
 6739    548   651   640  0     2822   4471
 6740    629   651   548  0     2822   4251
 6741    629   640   651  0     2822   4463
 6742    569   533   624  0     2823   4231
 6743    476   533   569  0     2823   4491
 6744    730   761   699  0     2824   4173
 6745    730   645   761  1     2824     -1
 6746    699   761   645  0     2824   4565
 6747    838   826   782  0     2825   4241
 6748    838   783   826  0     2825   4612
 6749    782   783   838  0     2825   4332
 6750    800   695   711  0     2826   2849
 6751    800   741   695  0     2826   2907
 6752    711   741   800  0     2826   2836
 6753    711   695   741  0     2826   3780
 6754   1006   899   895  0     2827   2969
 6755    895   899   841  0     2827   2965
 6756    552   600   564  0     2828   2829
 6757    609   600   552  0     2828   2861
 6758    473   564   552  0     2829   2832
 6759    410   473   564  0     2830   2831
 6760    441   564   473  0     2830   2832
 6761    502   473   564  0     2831   4256
 6762    870   930   854  0     2833   2912
 6763    854   930   887  0     2833   2948
 6764    680   633   729  0     2834   3537
 6765    680   647   633  0     2834   3597
 6766    729   633   647  0     2834   2854
 6767    571   539   448  0     2835   4362
 6768    711   741   785  0     2836   4290
 6769    547   680   609  0     2837   2855
 6770    547   579   680  0     2837   2844
 6771    784   735   831  0     2838   3570
 6772    784   795   735  0     2838   3706
 6773    831   795   784  0     2838   3389
 6774    831   735   795  0     2838   3421
 6775    651   686   624  0     2839   4279
 6776    702   624   686  0     2839   4329
 6777    386   555   470  0     2840   2841
 6778    806   870   800  0     2842   3623
 6779    718   712   672  0     2843   2950
 6780    663   680   547  0     2844   2855
 6781    778   707   655  0     2845   2859
 6782    778   650   707  0     2845   3567
 6783    655   650   778  0     2845   2871
 6784    741   785   760  0     2846   2942
 6785    672   785   741  0     2846   4331
 6786    866   853   859  0     2847   3086
 6787    866   794   853  0     2847   3081
 6788    859   794   866  0     2847   2920
 6789    859   853   794  0     2847   3068
 6790    564   563   555  0     2848   3435
 6791    564   647   563  0     2848   4312
 6792    555   563   647  0     2848   3414
 6793    711   713   695  0     2849   3779
 6794    800   713   711  0     2849   3628
 6795    778   655   661  0     2850   3225
 6796    759   655   778  0     2850   2871
 6797    759   661   655  0     2850   3401
 6798    854   806   785  0     2851   4318
 6799    555   647   680  0     2852   3597
 6800    680   695   555  0     2852   2866
 6801    470   560   534  0     2853   3522
 6802    470   579   560  0     2853   2869
 6803    534   560   579  0     2853   3598
 6804    729   707   647  0     2854   2878
 6805    729   633   707  0     2854   2874
 6806    647   707   633  0     2854   3618
 6807    609   663   680  0     2855   2857
 6808    663   708   680  0     2856   2887
 6809    659   680   708  0     2856   2865
 6810    741   680   609  0     2857   2864
 6811    870   854   965  0     2858   2912
 6812    655   729   707  0     2859   2874
 6813    778   707   729  0     2859   2886
 6814    528   553   438  0     2860   4087
 6815    438   553   473  0     2860   4293
 6816    600   672   609  0     2861   3778
 6817    600   631   553  0     2863   4274
 6818    564   553   631  0     2863   4273
 6819    609   695   680  0     2864   2866
 6820    659   763   708  0     2865   3084
 6821    659   680   763  0     2865   3109
 6822    708   763   680  0     2865   2887
 6823    657   700   774  0     2867   4228
 6824    657   676   700  0     2867   4379
 6825    774   676   657  1     2867     -1
 6826    774   700   676  0     2867   4391
 6827    741   631   711  0     2868   3780
 6828    741   686   631  0     2868   4357
 6829    711   686   741  0     2868   4290
 6830    711   631   686  0     2868   3764
 6831    555   560   470  0     2869   3605
 6832    555   579   560  0     2869   3350
 6833    507   558   572  0     2870   3551
 6834    507   616   558  0     2870   3273
 6835    572   616   507  0     2870   3194
 6836    572   558   616  0     2870   3582
 6837    759   650   778  0     2871   3567
 6838    759   655   650  0     2871   3401
 6839    995   960   916  1     2872     -1
 6840    995   862   960  0     2872   3363
 6841    916   862   995  0     2872   3323
 6842    759   815   778  0     2873   3396
 6843    759   707   815  0     2873   3648
 6844    778   707   759  0     2873   3567
 6845    778   815   707  0     2873   2886
 6846    729   633   655  0     2874   3532
 6847    650   707   756  0     2875   3565
 6848    650   710   707  0     2875   2935
 6849    756   710   650  0     2875   3486
 6850    647   560   652  0     2876   3619
 6851    465   560   492  0     2877   3610
 6852    465   558   560  0     2877   3608
 6853    729   707   713  0     2878   2885
 6854    713   707   647  0     2878   3594
 6855    558   560   650  0     2879   3425
 6856    558   580   560  0     2879   3606
 6857    650   560   580  0     2879   3543
 6858    655   560   534  0     2880   3216
 6859    655   580   560  0     2880   3543
 6860    534   580   655  0     2880   3193
 6861    534   560   580  0     2880   3544
 6862    447   423   539  0     2881   4345
 6863    448   539   423  0     2881   3858
 6864    653   667   771  0     2882   4276
 6865    771   667   751  0     2882   4230
 6866    873  1003   820  0     2883   4442
 6867    873   823  1003  0     2883   4662
 6868    820   823   873  0     2883   4614
 6869    820  1003   823  0     2883   4636
 6870    713   779   707  0     2885   2933
 6871    707   729   815  0     2886   3620
 6872    778   815   729  0     2886   3657
 6873    708   763   663  0     2887   3070
 6874    729   763   680  0     2888   3102
 6875    958   979   993  1     2889     -1
 6876    958   871   979  0     2889   3645
 6877    993   871   958  0     2889   3326
 6878    993   979   871  0     2889   3596
 6879    964   882   879  0     2890   3898
 6880    831   879   882  0     2890   3697
 6881    890   914   829  0     2891   2961
 6882    850   810   859  0     2892   3103
 6883    859   810   753  0     2892   3117
 6884    923   919   859  0     2893   3051
 6885    923   853   919  1     2893     -1
 6886    791   884   894  0     2894   3680
 6887    894   887   791  0     2894   3156
 6888    894   884   887  0     2894   3688
 6889    870   955   868  0     2895   2900
 6890    800   819   868  0     2896   2905
 6891    702   803   718  0     2897   2943
 6892    718   803   691  0     2897   2949
 6893    741   760   809  0     2898   2956
 6894    741   809   829  0     2899   2956
 6895    868   894   955  0     2900   2921
 6896    870   955   894  0     2900   4146
 6897    894   920   906  0     2901   3681
 6898    894   989   920  0     2901   4244
 6899    906   989   894  0     2901   3625
 6900    906   920   989  1     2901     -1
 6901    785   883   854  0     2902   4299
 6902    785   829   883  0     2902   2946
 6903    854   883   829  0     2902   2941
 6904    942   899   945  0     2903   2992
 6905    945  1002   942  1     2903     -1
 6906    945   899  1002  0     2903   2993
 6907    981   865   986  0     2904   4215
 6908    981   971   865  0     2904   4288
 6909    986   971   981  1     2904     -1
 6910    986   865   971  0     2904   4275
 6911    819   763   800  0     2905   2908
 6912    800   763   868  0     2905   2906
 6913    800   763   741  0     2906   2907
 6914    800   763   695  0     2907   2908
 6915    712   763   809  0     2909   3073
 6916    663   763   712  0     2909   3071
 6917    719   640   629  0     2910   4463
 6918    719   666   640  0     2910   3182
 6919    629   666   719  0     2910   4528
 6920    629   640   666  0     2910   4460
 6921    991   897   989  0     2911   3679
 6922    868   897   991  0     2911   2938
 6923    868   989   897  0     2911   2940
 6924    854   965   930  0     2912   4252
 6925    870   930   965  0     2912   4245
 6926    619   624   702  0     2913   4329
 6927    619   738   624  0     2913   4093
 6928    759   811   867  0     2914   2917
 6929    759   786   811  0     2914   3251
 6930    867   786   759  0     2914   3653
 6931    867   811   786  0     2914   3321
 6932    553   542   414  0     2915   4303
 6933    480   523   469  0     2916   4026
 6934    480   421   523  0     2916   3957
 6935    900   759   811  0     2917   3191
 6936    867   759   900  0     2917   3127
 6937    630   661   580  0     2918   3229
 6938    630   549   661  0     2918   3218
 6939    708   810   859  0     2919   3117
 6940    708   794   810  0     2919   3131
 6941    859   794   708  0     2919   3107
 6942    859   810   794  0     2919   2920
 6943    794   866   810  0     2920   3101
 6944    859   810   866  0     2920   3114
 6945    894   955   989  0     2921   4140
 6946    794   752   793  0     2922   3078
 6947    794   853   752  0     2922   2967
 6948    793   752   853  1     2922     -1
 6949    904   994   897  0     2923   3077
 6950    904   991   994  1     2923     -1
 6951    897   991   904  0     2923   3170
 6952    897   994   991  0     2923   2937
 6953    926   866   864  0     2924   3138
 6954    864   866   952  0     2924   3047
 6955    935   907   918  1     2925     -1
 6956    935   881   907  0     2925   3368
 6957    918   881   935  0     2925   3340
 6958    918   907   881  0     2925   3385
 6959    724   753   778  0     2926   3226
 6960    859   753   724  0     2926   3099
 6961    897   994   890  0     2927   3063
 6962    897   868   994  0     2927   2939
 6963    904   919   859  0     2928   3147
 6964    904  1009   919  1     2928     -1
 6965    859   919  1009  0     2928   3051
 6966    858   836   798  0     2929   3634
 6967    858   736   836  0     2929   3521
 6968    925   989   819  0     2930   3671
 6969    819   815   925  0     2930   3660
 6970    819   989   815  0     2930   3678
 6971    858   717   784  0     2931   3719
 6972    779   717   858  0     2931   3397
 6973    558   556   644  0     2932   3451
 6974    558   652   556  0     2932   3539
 6975    713   670   707  0     2933   3594
 6976    578   602   641  0     2934   3788
 6977    505   602   578  0     2934   3763
 6978    505   641   602  0     2934   3844
 6979    710   707   759  0     2935   3648
 6980    759   650   710  0     2935   3554
 6981    759   707   650  0     2935   3567
 6982    756   779   815  0     2936   3636
 6983    707   815   779  0     2936   3652
 6984    897   955   991  0     2937   2938
 6985    897   994   955  0     2937   2939
 6986    991   955   994  1     2937     -1
 6987    897   955   868  0     2938   2939
 6988    819   989   897  0     2940   3671
 6989    829   914   883  0     2941   2961
 6990    741   829   760  0     2942   2956
 6991    785   760   829  0     2942   2946
 6992    702   760   718  0     2943   2944
 6993    718   672   760  0     2944   2950
 6994    863   987   826  0     2945   3011
 6995    863   969   987  0     2945   4550
 6996    826   987   969  0     2945   4610
 6997    829   883   760  0     2946   3005
 6998    785   760   883  0     2946   2966
 6999    629   548   527  0     2947   4307
 7000    574   548   629  0     2947   4204
 7001    574   527   548  0     2947   3520
 7002    887   928   930  0     2948   4262
 7003    854   928   887  0     2948   4285
 7004    854   930   928  0     2948   4253
 7005    965   954   914  1     2951     -1
 7006    965   883   954  0     2951   3692
 7007    942   899  1012  0     2952   4599
 7008    942   860   899  0     2952   2992
 7009   1012   860   942  1     2952     -1
 7010   1012   899   860  0     2952   2964
 7011    955  1000   890  0     2953   3067
 7012    955   914  1000  1     2953     -1
 7013    890  1000   914  0     2953   2960
 7014    734   833   684  0     2954   3025
 7015    734   746   833  1     2954     -1
 7016    749   668   758  0     2955   2959
 7017    618   758   668  1     2955     -1
 7018    809   829   760  0     2956   3004
 7019    888   981   880  0     2957   4300
 7020    888   997   981  0     2957   4254
 7021    880   981   997  0     2957   3730
 7022    844   774   845  0     2958   4308
 7023    844   834   774  1     2958     -1
 7024    845   834   844  0     2958   3188
 7025    845   774   834  0     2958   4190
 7026    890   883   914  0     2960   2961
 7027    890  1000   883  0     2960   2994
 7028    890   883   829  0     2961   3006
 7029   1001   988   945  1     2962     -1
 7030   1001   895   988  0     2962   2989
 7031    945   895  1001  0     2962   2974
 7032    860   872  1001  1     2963     -1
 7033    860   895   872  0     2963   3014
 7034   1001   895   860  0     2963   2974
 7035   1001   872   895  0     2963   2989
 7036    860   803   899  0     2964   2968
 7037   1012   803   860  0     2964   2999
 7038   1012   899   803  0     2964   2983
 7039    785   803   883  0     2966   4246
 7040    752   777   853  1     2967     -1
 7041    853   777   794  0     2967   3082
 7042    749   860   803  0     2968   2971
 7043    895  1002   899  0     2969   2993
 7044   1006   899  1002  0     2969   2995
 7045    477   458   540  0     2970   3756
 7046    860   758   749  0     2971   3015
 7047    860   803   758  0     2971   2990
 7048    895   943   988  0     2972   3024
 7049   1006   988   943  1     2972     -1
 7050    684   768   639  0     2973   2979
 7051    684   673   768  0     2973   2981
 7052    639   768   673  0     2973   2991
 7053   1001   945   860  1     2974     -1
 7054    833   992   840  0     2975   3045
 7055   1014   992   833  0     2975   2987
 7056   1014   840   992  1     2975     -1
 7057    712   768   678  0     2976   3044
 7058    712   684   768  0     2976   2981
 7059    678   768   684  0     2976   3042
 7060    684   789   734  0     2977   3025
 7061    684   639   789  0     2977   2979
 7062    734   789   639  1     2977     -1
 7063    871   857   786  0     2978   3400
 7064    871   799   857  0     2978   3378
 7065    786   857   799  0     2978   3559
 7066    639   789   768  0     2979   2991
 7067    712   768   749  0     2980   2982
 7068    712   841   768  0     2980   3027
 7069    749   841   712  0     2980   3009
 7070    712   673   768  0     2981   2982
 7071    749   673   768  0     2982   3020
 7072    883   899   803  0     2983   2996
 7073   1000   899   954  0     2984   2988
 7074   1000  1002   899  0     2984   2995
 7075    954  1002  1000  1     2984     -1
 7076    883   899  1000  0     2985   2988
 7077    883   841   899  0     2985   2996
 7078   1000   841   883  0     2985   2994
 7079    827   905   943  0     2986   3000
 7080    943   956   827  0     2986   2998
 7081    943   905   956  1     2986     -1
 7082    992   833   933  0     2987   3054
 7083    933  1014   992  1     2987     -1
 7084    933   833  1014  1     2987     -1
 7085    895   988   872  0     2989   3023
 7086    691   860   803  0     2990   4573
 7087    691   758   860  1     2990     -1
 7088    639   789   673  0     2991   3022
 7089    673   789   768  0     2991   3020
 7090    942   860   945  1     2992     -1
 7091    890   841   883  0     2994   3006
 7092   1000  1002  1006  1     2995     -1
 7093    898   874   826  0     2997   4606
 7094    898   783   874  0     2997   4592
 7095    826   783   898  0     2997   4612
 7096    826   874   783  0     2997   4626
 7097    956   866   943  0     2998   3029
 7098    956   827   866  0     2998   3007
 7099    943   866   827  0     2998   3039
 7100    803   860   863  0     2999   4449
 7101    863   860  1012  1     2999     -1
 7102    992   905   943  1     3000     -1
 7103    943   827   992  0     3000   3055
 7104    864   890  1006  0     3001   3035
 7105    864   841   890  0     3001   3002
 7106    890   809   841  0     3002   3003
 7107    864   809   890  0     3002   3135
 7108    864   841   809  0     3002   3079
 7109    890   829   841  0     3003   3006
 7110    809   841   829  0     3003   3004
 7111    829   760   841  0     3004   3005
 7112    883   841   829  0     3005   3006
 7113    956   878   866  0     3007   3031
 7114    833   827   895  0     3008   3057
 7115    895   768   833  0     3008   3016
 7116    895   827   768  0     3008   3046
 7117    718   841   712  0     3009   3010
 7118    712   809   841  0     3010   3080
 7119    863   874   826  0     3011   4625
 7120    863   987   874  0     3011   4550
 7121    826   874   987  0     3011   4606
 7122    789   872   758  1     3012     -1
 7123    789   749   872  0     3012   3013
 7124    758   749   789  0     3012   3019
 7125    758   872   749  0     3012   3015
 7126    789   768   872  0     3013   3026
 7127    749   768   789  0     3013   3020
 7128    749   872   768  0     3013   3018
 7129    895   872   749  0     3014   3018
 7130    749   872   860  0     3014   3015
 7131    860   758   872  1     3015     -1
 7132    872   768   833  0     3016   3026
 7133    895   768   872  0     3016   3018
 7134    827   790   768  0     3017   3061
 7135    827   712   790  0     3017   3050
 7136    768   712   827  0     3017   3044
 7137    768   790   712  0     3017   3027
 7138    758   673   789  0     3019   3021
 7139    749   789   673  0     3019   3020
 7140    758   618   789  1     3021     -1
 7141    673   789   618  0     3021   3022
 7142    639   789   618  1     3022     -1
 7143    895   988   933  0     3023   3024
 7144    943   933   895  0     3024   3056
 7145    943   988   933  1     3024     -1
 7146    734   833   789  1     3025     -1
 7147    872   789   833  1     3026     -1
 7148    841   790   712  0     3027   3080
 7149    727   827   678  0     3028   3038
 7150    727   793   827  0     3028   3048
 7151    678   793   727  0     3028   3037
 7152    678   827   793  0     3028   3096
 7153    864   866   943  0     3029   3039
 7154    864   956   866  0     3029   3047
 7155    943   956   864  0     3029   3040
 7156    724   777   859  0     3030   3108
 7157    724   825   777  1     3030     -1
 7158    859   777   825  0     3030   3049
 7159    923   878   866  0     3031   3069
 7160    956   878   923  0     3031   3062
 7161    793   878   840  1     3032     -1
 7162    840   827   793  0     3032   3048
 7163    941   993   900  0     3033   3151
 7164    941   947   993  1     3033     -1
 7165    900   947   941  0     3033   3154
 7166    900   993   947  0     3033   3313
 7167    689   708   794  0     3034   3059
 7168    678   794   708  0     3034   3043
 7169    864   890   952  0     3035   3064
 7170   1006   952   890  0     3035   3065
 7171    746   840   765  1     3036     -1
 7172    793   752   678  0     3037   3078
 7173    793   727   752  1     3037     -1
 7174    678   752   727  0     3037   3087
 7175    678   684   827  0     3038   3042
 7176    864   866   827  0     3039   3052
 7177    943   956   952  1     3040     -1
 7178    864   952   956  0     3040   3047
 7179    671   630   778  0     3041   3217
 7180    671   724   630  0     3041   3149
 7181    778   724   671  0     3041   3129
 7182    778   630   724  0     3041   3226
 7183    768   827   678  0     3042   3044
 7184    708   790   794  0     3043   3131
 7185    678   790   708  0     3043   3075
 7186    678   794   790  0     3043   3095
 7187    712   827   678  0     3044   3050
 7188    992   827   833  0     3045   3054
 7189    864   827   768  0     3046   3061
 7190    727   793   840  1     3048     -1
 7191    825   794   777  0     3049   3082
 7192    859   794   825  0     3049   3068
 7193    859   777   794  0     3049   3107
 7194    827   678   790  0     3050   3095
 7195    712   790   678  0     3050   3074
 7196   1009   923   919  1     3051     -1
 7197    827   790   866  0     3052   3091
 7198    864   790   827  0     3052   3061
 7199    864   866   790  0     3052   3100
 7200    998   900   944  0     3053   3206
 7201    998   941   900  0     3053   3151
 7202    944   941   998  1     3053     -1
 7203    944   900   941  0     3053   3190
 7204    833   933   827  0     3054   3057
 7205    992   827   933  0     3054   3055
 7206    943   933   992  1     3055     -1
 7207    943   827   933  0     3055   3056
 7208    895   827   933  0     3056   3057
 7209    956   905   959  1     3058     -1
 7210    959   878   956  0     3058   3062
 7211    959   905   878  1     3058     -1
 7212    794   777   708  0     3059   3107
 7213    708   777   689  0     3059   3106
 7214    926  1009   859  0     3060   3112
 7215    926   853  1009  0     3060   3072
 7216    859   853   926  0     3060   3086
 7217    878   923   959  1     3062     -1
 7218    959   923   956  1     3062     -1
 7219    994   952   897  0     3063   3092
 7220    994   890   952  0     3063   3066
 7221    897   952   890  0     3063   3064
 7222    897   952   864  0     3064   3094
 7223    890  1000   952  0     3065   3067
 7224   1006   952  1000  1     3065     -1
 7225    994   955   952  1     3066     -1
 7226    890   952   955  0     3066   3067
 7227    955  1000   952  1     3067     -1
 7228    853   794   825  0     3068   3082
 7229    866   853   878  0     3069   3081
 7230    866   923   853  0     3069   3088
 7231    878   853   923  1     3069     -1
 7232    708   790   663  0     3070   3075
 7233    708   763   790  0     3070   3130
 7234    663   790   763  0     3070   3071
 7235    763   712   790  0     3071   3073
 7236    663   790   712  0     3071   3074
 7237    923   926   853  0     3072   3088
 7238    923  1009   926  1     3072     -1
 7239    763   809   790  0     3073   3133
 7240    712   790   809  0     3073   3080
 7241    663   790   678  0     3074   3075
 7242    897  1009   904  0     3076   3077
 7243    897   810  1009  0     3076   3113
 7244    904   810   897  0     3076   3093
 7245    994  1009   904  1     3077     -1
 7246    994   897  1009  0     3077   3092
 7247    678   793   794  0     3078   3096
 7248    841   809   790  0     3079   3080
 7249    864   790   809  0     3079   3132
 7250    866   794   878  0     3081   3083
 7251    853   777   825  1     3082     -1
 7252    866   794   793  0     3083   3090
 7253    659   753   708  0     3084   3233
 7254    659   763   753  0     3084   3109
 7255    708   753   763  0     3084   3116
 7256    811   851   824  0     3085   3209
 7257    900   851   811  0     3085   3337
 7258    926   866   853  0     3086   3088
 7259    859   866   926  0     3086   3112
 7260    678   752   692  0     3087   3098
 7261    692   752   727  1     3087     -1
 7262    919   944   859  0     3089   3148
 7263    919   825   944  1     3089     -1
 7264    859   944   825  0     3089   3187
 7265    827   794   793  0     3090   3096
 7266    827   866   794  0     3090   3091
 7267    790   794   827  0     3091   3095
 7268    790   866   794  0     3091   3101
 7269    952  1009   994  1     3092     -1
 7270    952   897  1009  0     3092   3094
 7271    897   859   810  0     3093   3103
 7272    897  1009   864  0     3094   3113
 7273    678   794   827  0     3095   3096
 7274    678   625   752  0     3097   3098
 7275    689   752   625  1     3097     -1
 7276    692   625   752  1     3098     -1
 7277    724   708   753  0     3099   3234
 7278    859   708   724  0     3099   3108
 7279    859   753   708  0     3099   3117
 7280    866   810   864  0     3100   3138
 7281    866   790   810  0     3100   3101
 7282    864   810   790  0     3100   3132
 7283    794   790   810  0     3101   3131
 7284    763   753   729  0     3102   3115
 7285    763   680   753  0     3102   3109
 7286    729   753   680  0     3102   3105
 7287    531   648   515  0     3104   3475
 7288    606   515   648  0     3104   3263
 7289    659   680   729  0     3105   3537
 7290    659   753   680  0     3105   3109
 7291    708   777   724  0     3106   3108
 7292    724   777   689  1     3106     -1
 7293    859   777   708  0     3107   3108
 7294    490   545   606  0     3110   3261
 7295    490   515   545  0     3110   3290
 7296    606   515   490  0     3110   3143
 7297    606   545   515  0     3110   3179
 7298    839   755   772  1     3111     -1
 7299    839   862   755  0     3111   3327
 7300    772   862   839  0     3111   3158
 7301    772   755   862  0     3111   3383
 7302    859   866  1009  0     3112   3114
 7303    897   753   729  0     3115   3124
 7304    897   763   753  0     3115   3118
 7305    708   810   763  0     3116   3130
 7306    708   753   810  0     3116   3117
 7307    763   810   753  0     3116   3118
 7308    763   810   897  0     3118   3119
 7309    763   810   890  0     3119   3134
 7310    648   661   723  0     3120   3252
 7311    606   723   661  0     3120   3244
 7312    487   549   461  1     3121     -1
 7313    487   418   549  0     3121   3214
 7314    461   549   418  0     3121   3211
 7315    710   836   815  0     3122   3650
 7316    756   836   710  0     3122   3638
 7317    756   815   836  0     3122   3626
 7318    549   557   496  0     3123   3144
 7319    549   630   557  0     3123   3240
 7320    753   729   850  0     3124   3656
 7321    897   850   729  0     3124   3125
 7322    897   850   819  0     3125   3659
 7323    819   850   729  0     3125   3651
 7324    660   596   685  1     3126     -1
 7325    660   654   596  0     3126   3288
 7326    685   654   660  0     3126   3353
 7327    685   596   654  0     3126   3284
 7328    900   778   759  0     3127   3191
 7329    867   778   900  0     3127   3171
 7330    867   759   778  0     3127   3396
 7331    606   580   612  0     3128   3185
 7332    606   549   580  0     3128   3213
 7333    778   814   671  0     3129   3186
 7334    724   671   814  1     3129     -1
 7335    763   790   810  0     3130   3133
 7336    708   810   790  0     3130   3131
 7337    864   810   809  0     3132   3135
 7338    809   810   790  0     3132   3133
 7339    809   810   763  0     3133   3134
 7340    890   809   810  0     3134   3135
 7341    685   642   701  0     3136   3283
 7342    685   596   642  1     3136     -1
 7343    701   596   685  0     3136   3284
 7344    701   642   596  0     3136   3307
 7345    900   912   867  0     3137   3161
 7346    900   950   912  0     3137   3146
 7347    867   912   950  0     3137   3172
 7348    850   900   778  0     3139   3171
 7349    859   778   900  0     3139   3196
 7350    900   985   998  0     3140   3142
 7351    900   850   985  0     3140   3162
 7352    998   985   850  0     3140   3166
 7353    802   892   744  0     3141   3427
 7354    802   775   892  0     3141   3433
 7355    744   892   775  0     3141   3420
 7356    900   912   998  0     3142   3163
 7357    900   985   912  0     3142   3162
 7358    998   912   985  1     3142     -1
 7359    606   535   490  0     3143   3261
 7360    461   549   557  1     3144     -1
 7361    496   549   461  0     3144   3211
 7362    814   750   824  1     3145     -1
 7363    814   778   750  0     3145   3186
 7364    824   750   778  0     3145   3208
 7365    950   912   993  1     3146     -1
 7366    993   912   900  0     3146   3163
 7367    904   998   859  0     3147   3165
 7368    904   919   998  1     3147     -1
 7369    859   998   919  0     3147   3148
 7370    919   944   998  1     3148     -1
 7371    859   998   944  0     3148   3205
 7372    671   604   630  0     3149   3239
 7373    724   604   671  1     3149     -1
 7374    724   630   604  0     3149   3222
 7375    418   487   535  0     3150   3249
 7376    490   535   487  1     3150     -1
 7377    900   998   993  0     3151   3163
 7378    941   993   998  1     3151     -1
 7379    798   664   744  0     3152   3525
 7380    798   714   664  0     3152   3306
 7381    744   714   798  0     3152   3445
 7382    744   664   714  0     3152   3317
 7383    991   985   925  1     3153     -1
 7384    991   850   985  0     3153   3169
 7385    925   985   850  0     3153   3173
 7386    900   947   851  0     3154   3334
 7387    941   851   947  1     3154     -1
 7388    648   616   507  0     3155   3273
 7389    648   594   616  0     3155   3515
 7390    507   594   648  0     3155   3487
 7391    507   616   594  0     3155   3194
 7392    887   791   870  0     3156   3503
 7393    870   894   887  0     3156   3541
 7394    870   791   894  0     3156   3624
 7395    862   881   871  0     3157   3303
 7396    871   766   862  0     3157   3358
 7397    871   881   766  0     3157   3202
 7398    862   808   772  0     3158   3383
 7399    772   808   839  1     3158     -1
 7400    900   824   859  0     3159   3178
 7401    900   998   824  0     3159   3206
 7402    859   824   998  0     3159   3205
 7403    962   960   903  1     3160     -1
 7404    903   862   962  0     3160   3316
 7405    903   960   862  0     3160   3348
 7406    850   912   867  0     3161   3174
 7407    850   900   912  0     3161   3162
 7408    867   900   850  0     3161   3171
 7409    985   912   850  0     3162   3173
 7410    993   912   998  1     3163     -1
 7411    862   995   881  0     3164   3363
 7412    862   808   995  0     3164   3323
 7413    904   985   859  0     3165   3167
 7414    904   998   985  1     3165     -1
 7415    859   985   998  0     3165   3166
 7416    859   985   850  0     3166   3167
 7417    904   985   850  0     3167   3168
 7418    904   985   897  0     3168   3170
 7419    897   985   850  0     3168   3169
 7420    897   985   991  0     3169   3170
 7421    904   985   991  1     3170     -1
 7422    867   778   850  0     3171   3395
 7423    867   912   925  0     3172   3174
 7424    925   950   867  0     3172   3507
 7425    925   912   950  1     3172     -1
 7426    985   912   925  1     3173     -1
 7427    925   912   850  0     3173   3174
 7428    967   934   970  1     3175     -1
 7429    967   891   934  0     3175   4193
 7430    970   891   967  0     3175   3718
 7431    970   934   891  0     3175   4081
 7432    578   670   556  0     3176   3552
 7433    556   670   563  0     3176   3568
 7434    858   882   976  0     3177   3685
 7435    858   920   882  0     3177   3631
 7436    976   920   858  0     3177   3682
 7437    976   882   920  0     3177   3686
 7438    900   814   859  0     3178   3196
 7439    859   814   824  0     3178   3197
 7440    606   517   515  0     3179   3289
 7441    606   545   517  0     3179   3264
 7442    515   517   545  0     3179   3290
 7443    579   655   534  0     3180   3578
 7444    579   659   655  0     3180   3599
 7445    775   869   788  0     3181   3346
 7446    801   869   775  0     3181   3784
 7447    666   640   614  0     3182   4422
 7448    707   670   647  0     3183   3594
 7449    647   652   707  0     3183   3619
 7450    612   661   671  0     3184   3219
 7451    612   630   661  0     3184   3218
 7452    671   661   630  0     3184   3217
 7453    606   661   612  0     3185   3244
 7454    750   671   778  0     3186   3220
 7455    750   814   671  1     3186     -1
 7456    944   814   859  0     3187   3197
 7457    944   825   814  1     3187     -1
 7458    845   834   937  0     3188   4206
 7459    549   487   535  1     3189     -1
 7460    606   487   549  0     3189   3213
 7461    606   535   487  0     3189   3248
 7462    944   824   941  1     3190     -1
 7463    944   900   824  0     3190   3206
 7464    759   811   778  0     3191   3207
 7465    867   993   871  0     3192   3596
 7466    900   871   993  0     3192   3313
 7467    655   630   580  0     3193   3229
 7468    507   572   594  0     3194   3473
 7469    851   871   811  0     3195   3337
 7470    851   821   871  0     3195   3336
 7471    811   871   821  0     3195   3357
 7472    944   824   859  0     3197   3205
 7473    944   814   824  1     3197     -1
 7474    858   948   892  0     3199   3312
 7475    858   836   948  0     3199   3347
 7476    892   836   858  0     3199   3634
 7477    892   948   836  0     3199   3661
 7478    525   646   587  0     3201   3443
 7479    525   608   646  1     3201     -1
 7480    766   799   881  0     3202   3374
 7481    871   881   799  0     3202   3378
 7482    665   662   733  0     3203   3895
 7483    665   593   662  0     3203   3873
 7484    733   593   665  0     3203   3843
 7485    733   662   593  0     3203   3831
 7486    968   893   966  0     3204   3836
 7487    968   889   893  1     3204     -1
 7488    966   889   968  0     3204   3879
 7489    944   824   998  0     3205   3206
 7490    778   750   811  0     3207   3208
 7491    811   824   750  0     3208   3209
 7492    824   750   851  1     3209     -1
 7493    851   750   811  0     3209   3210
 7494    851   750   721  1     3210     -1
 7495    721   750   811  0     3210   3245
 7496    534   580   465  0     3212   3544
 7497    580   487   549  0     3213   3214
 7498    606   487   580  0     3213   3242
 7499    487   418   580  0     3214   3241
 7500    659   630   753  0     3215   3233
 7501    655   633   534  0     3216   3578
 7502    655   560   633  0     3216   3572
 7503    534   633   560  0     3216   3598
 7504    671   661   778  0     3217   3220
 7505    778   661   630  0     3217   3225
 7506    612   661   721  0     3219   3247
 7507    721   671   612  1     3219     -1
 7508    721   661   671  0     3219   3236
 7509    750   671   661  0     3220   3236
 7510    800   791   713  0     3221   3628
 7511    800   779   791  0     3221   3230
 7512    634   724   630  0     3222   3227
 7513    604   724   634  1     3222     -1
 7514    659   708   630  0     3223   3233
 7515    550   630   708  0     3223   3224
 7516    708   634   630  0     3224   3227
 7517    655   661   630  0     3225   3229
 7518    753   630   724  0     3226   3234
 7519    708   724   630  0     3227   3234
 7520    661   580   655  0     3229   3418
 7521    894   791   800  0     3230   3624
 7522    894   779   791  0     3230   3635
 7523    587   572   485  0     3231   3489
 7524    587   520   572  0     3231   3766
 7525    710   650   661  0     3232   3554
 7526    661   648   710  0     3232   3516
 7527    661   650   648  0     3232   3417
 7528    708   630   753  0     3233   3234
 7529    580   531   465  0     3235   3607
 7530    580   418   531  0     3235   3241
 7531    721   661   750  0     3236   3259
 7532    750   671   721  1     3236     -1
 7533    481   573   525  0     3237   3459
 7534    481   475   573  0     3237   3265
 7535    525   573   475  1     3237     -1
 7536    630   604   557  0     3238   3239
 7537    630   671   557  0     3239   3240
 7538    604   557   671  1     3239     -1
 7539    549   671   557  1     3240     -1
 7540    580   487   531  0     3241   3242
 7541    418   531   487  0     3241   3249
 7542    487   531   606  0     3242   3248
 7543    664   677   775  0     3243   3274
 7544    775   798   664  0     3243   3306
 7545    775   677   798  0     3243   3477
 7546    612   723   661  0     3244   3247
 7547    721   750   723  0     3245   3259
 7548    857   836   786  0     3246   3561
 7549    786   736   857  0     3246   3559
 7550    786   836   736  0     3246   3351
 7551    661   721   723  0     3247   3259
 7552    487   531   535  0     3248   3249
 7553    857   979   867  0     3250   3612
 7554    857   836   979  0     3250   3663
 7555    867   836   857  0     3250   3561
 7556    867   979   836  0     3250   3370
 7557    811   723   786  0     3251   3318
 7558    786   723   759  0     3251   3519
 7559    661   723   759  0     3252   3258
 7560    759   648   661  0     3252   3516
 7561    759   723   648  0     3252   3483
 7562    744   679   728  0     3253   3463
 7563    744   690   679  0     3253   3464
 7564    728   690   744  0     3253   3457
 7565    648   710   786  0     3254   3484
 7566    648   723   710  0     3254   3483
 7567    786   710   723  0     3254   3519
 7568    531   558   425  0     3255   3343
 7569    531   507   558  0     3255   3575
 7570    425   507   531  0     3255   3474
 7571    425   558   507  0     3255   3540
 7572    821   755   843  1     3256     -1
 7573    843   755   862  0     3256   3327
 7574    585   584   589  1     3257     -1
 7575    589   517   585  0     3257   3294
 7576    589   584   517  0     3257   3304
 7577    661   723   750  0     3258   3259
 7578    377   515   380  0     3260   3275
 7579    535   490   545  1     3261     -1
 7580    652   707   650  0     3262   3565
 7581    652   560   707  0     3262   3619
 7582    650   707   560  0     3262   3505
 7583    606   515   581  0     3263   3289
 7584    606   545   654  0     3264   3287
 7585    484   573   481  0     3265   3500
 7586    484   475   573  0     3265   3377
 7587    764   766   723  0     3266   3360
 7588    764   755   766  0     3266   3332
 7589    723   755   764  0     3266   3328
 7590    723   766   755  0     3266   3355
 7591    679   736   799  0     3267   3558
 7592    679   710   736  0     3267   3555
 7593    799   710   679  0     3267   3550
 7594    484   517   483  0     3268   3281
 7595    484   397   517  0     3268   3291
 7596    483   517   397  0     3268   3293
 7597    603   594   587  0     3269   3478
 7598    603   646   594  0     3269   3361
 7599    587   646   603  0     3269   3443
 7600    587   594   646  0     3269   3498
 7601    481   603   594  0     3270   3496
 7602    525   603   481  0     3270   3459
 7603    525   594   603  0     3270   3478
 7604    481   594   484  0     3271   3500
 7605    481   507   594  0     3271   3473
 7606    484   594   507  0     3271   3485
 7607    425   515   411  0     3272   3330
 7608    425   380   515  0     3272   3275
 7609    616   558   648  0     3273   3546
 7610    648   558   507  0     3273   3575
 7611    714   677   775  0     3274   3867
 7612    714   664   677  0     3274   3511
 7613    775   664   714  0     3274   3306
 7614    425   377   515  0     3275   3280
 7615    418   402   515  0     3276   3277
 7616    425   515   465  0     3278   3280
 7617    425   531   515  0     3278   3474
 7618    465   531   425  0     3278   3343
 7619    465   515   531  0     3278   3279
 7620    465   515   377  0     3279   3280
 7621    484   584   483  0     3281   3285
 7622    484   517   584  0     3281   3282
 7623    701   687   642  1     3283     -1
 7624    685   642   687  1     3283     -1
 7625    701   596   654  0     3284   3295
 7626    484   584   475  0     3285   3377
 7627    475   584   483  1     3285     -1
 7628    660   596   606  0     3286   3288
 7629    660   545   596  1     3286     -1
 7630    606   596   545  0     3286   3287
 7631    606   596   654  0     3287   3288
 7632    515   517   490  0     3290   3292
 7633    397   517   515  0     3291   3292
 7634    397   517   490  0     3292   3298
 7635    488   517   397  0     3293   3299
 7636    589   596   585  1     3294     -1
 7637    517   596   589  0     3294   3304
 7638    596   517   701  0     3295   3305
 7639    701   517   654  0     3295   3301
 7640    432   556   492  0     3296   3538
 7641    432   470   556  0     3296   3576
 7642    492   556   470  0     3296   3542
 7643    488   370   517  0     3297   3299
 7644    490   370   488  1     3297     -1
 7645    490   517   370  0     3297   3298
 7646    370   397   517  0     3298   3299
 7647    654   584   621  0     3300   3302
 7648    621   581   654  0     3300   3410
 7649    621   584   581  0     3300   3458
 7650    517   584   701  0     3301   3305
 7651    701   584   654  0     3301   3302
 7652    701   584   621  1     3302     -1
 7653    621   654   701  0     3302   3373
 7654    862   960   871  0     3303   3348
 7655    862   881   960  0     3303   3363
 7656    871   960   881  0     3303   3309
 7657    589   584   596  0     3304   3308
 7658    596   584   517  0     3304   3305
 7659    596   584   701  0     3305   3307
 7660    775   798   714  0     3306   3445
 7661    596   584   642  0     3307   3308
 7662    701   642   584  1     3307     -1
 7663    589   642   596  1     3308     -1
 7664    589   584   642  1     3308     -1
 7665    881   958   960  0     3309   3362
 7666    871   958   881  0     3309   3393
 7667    871   960   958  0     3309   3326
 7668    744   799   802  0     3310   3427
 7669    818   799   744  0     3310   3371
 7670    818   802   799  0     3310   3341
 7671    732   669   697  1     3311     -1
 7672    858   948   974  0     3312   3668
 7673    974   892   858  0     3312   3647
 7674    974   948   892  0     3312   3593
 7675    993   947   871  0     3313   3364
 7676    900   871   947  0     3313   3334
 7677   1007   862   916  0     3314   3324
 7678   1007   962   862  0     3314   3339
 7679    916   962  1007  1     3314     -1
 7680    843   808   916  1     3315     -1
 7681    916   862   843  0     3315   3324
 7682    916   808   862  0     3315   3323
 7683    821   903   862  0     3316   3329
 7684    962   903   821  1     3316     -1
 7685    714   679   664  0     3317   3405
 7686    744   664   679  0     3317   3557
 7687    723   766   811  0     3318   3360
 7688    811   766   786  0     3318   3335
 7689    797   808   728  1     3319     -1
 7690    797   766   808  0     3319   3320
 7691    728   766   797  0     3319   3375
 7692    728   808   766  0     3319   3379
 7693    766   881   797  0     3320   3374
 7694    867   871   786  0     3321   3400
 7695    786   871   811  0     3321   3335
 7696    685   755   701  0     3322   3342
 7697    685   772   755  1     3322     -1
 7698    701   755   772  0     3322   3382
 7699    916   808   995  1     3323     -1
 7700   1007   843   916  1     3324     -1
 7701   1007   862   843  0     3324   3339
 7702    736   788   717  0     3325   3640
 7703    717   788   644  0     3325   3726
 7704    871   960   993  0     3326   3364
 7705    993   960   958  1     3326     -1
 7706    843   755   839  1     3327     -1
 7707    723   755   660  0     3328   3355
 7708    660   764   723  0     3328   3333
 7709    660   755   764  1     3328     -1
 7710    903   871   821  0     3329   3338
 7711    903   862   871  0     3329   3348
 7712    821   871   862  0     3329   3358
 7713    425   515   507  0     3330   3474
 7714    881   958   918  0     3331   3385
 7715    995   958   881  0     3331   3362
 7716    995   918   958  1     3331     -1
 7717    821   764   755  1     3332     -1
 7718    821   766   764  0     3332   3359
 7719    660   764   721  1     3333     -1
 7720    947   851   871  0     3334   3336
 7721    900   871   851  0     3334   3337
 7722    811   766   871  0     3335   3357
 7723    947   821   871  0     3336   3338
 7724    851   821   947  1     3336     -1
 7725    903   947   821  1     3338     -1
 7726    903   871   947  0     3338   3365
 7727   1007   962   843  1     3339     -1
 7728    818   918   881  0     3340   3376
 7729    818   935   918  1     3340     -1
 7730    799   881   802  0     3341   3430
 7731    685   755   766  0     3342   3356
 7732    701   766   755  0     3342   3380
 7733    465   531   558  0     3343   3608
 7734    805   855   902  0     3344   3890
 7735    805   813   855  0     3344   3825
 7736    902   813   805  1     3344     -1
 7737    902   855   813  0     3344   3885
 7738    801   889   805  0     3345   3814
 7739    801   855   889  0     3345   3920
 7740    805   855   801  0     3345   3827
 7741    805   889   855  0     3345   3890
 7742    869   788   798  0     3346   3553
 7743    798   788   775  0     3346   3477
 7744   1011   948   858  0     3347   3677
 7745    858   836  1011  0     3347   3615
 7746    871   903   960  0     3348   3365
 7747    646   664   714  0     3349   3490
 7748    646   594   664  0     3349   3498
 7749    714   594   646  0     3349   3460
 7750    714   664   594  0     3349   3405
 7751    579   633   555  0     3350   3574
 7752    579   560   633  0     3350   3598
 7753    555   633   560  0     3350   3564
 7754    736   710   836  0     3351   3638
 7755    786   836   710  0     3351   3650
 7756    756   788   736  0     3352   3640
 7757    756   858   788  0     3352   3639
 7758    736   858   756  0     3352   3521
 7759    654   660   766  0     3353   3354
 7760    685   766   660  0     3353   3356
 7761    660   766   723  0     3354   3355
 7762    660   766   755  0     3355   3356
 7763    660   685   755  1     3356     -1
 7764    811   766   821  0     3357   3359
 7765    821   766   871  0     3357   3358
 7766    764   811   766  0     3359   3360
 7767    646   679   603  0     3361   3482
 7768    646   594   679  0     3361   3460
 7769    603   679   594  0     3361   3462
 7770    881   995   960  0     3362   3363
 7771    958   960   995  1     3362     -1
 7772    947   960   993  1     3364     -1
 7773    947   871   960  0     3364   3365
 7774    903   960   947  1     3365     -1
 7775    909   977   901  0     3366   3880
 7776    909   966   977  1     3366     -1
 7777    901   966   909  0     3366   3912
 7778    901   977   966  0     3366   3823
 7779    813   716   682  1     3367     -1
 7780    682   714   813  0     3367   3887
 7781    682   716   714  0     3367   3469
 7782    935   802   907  0     3368   3440
 7783    881   907   802  0     3368   3428
 7784    485   467   541  0     3369   3408
 7785    867   979  1011  0     3370   3643
 7786    818   797   744  0     3371   3456
 7787    744   797   799  0     3371   3372
 7788    799   728   797  0     3372   3375
 7789    744   728   799  0     3372   3463
 7790    744   797   728  0     3372   3457
 7791    621   679   701  0     3373   3384
 7792    621   654   679  0     3373   3410
 7793    701   679   654  0     3373   3493
 7794    799   797   766  0     3374   3375
 7795    918   797   818  1     3376     -1
 7796    584   475   573  1     3377     -1
 7797    881   857   871  0     3378   3393
 7798    881   799   857  0     3378   3432
 7799    728   808   701  1     3379     -1
 7800    701   766   728  0     3379   3446
 7801    701   808   766  0     3379   3380
 7802    701   808   755  0     3380   3382
 7803    755   808   766  0     3380   3381
 7804    755   808   862  0     3381   3383
 7805    701   808   772  1     3382     -1
 7806    772   808   755  0     3382   3383
 7807    701   728   679  0     3384   3446
 7808    621   728   701  1     3384     -1
 7809    918   907   958  1     3385     -1
 7810    756   710   736  0     3386   3638
 7811    652   710   756  0     3386   3486
 7812    652   736   710  0     3386   3422
 7813    775   855   801  0     3387   3784
 7814    775   754   855  0     3387   3753
 7815    801   754   775  0     3387   3413
 7816    801   855   754  0     3387   3827
 7817    831   795   884  0     3389   3691
 7818    884   795   784  0     3389   3614
 7819    467   520   635  0     3390   3584
 7820    587   635   520  0     3390   3766
 7821    963   977   879  0     3391   3859
 7822    963   964   977  1     3391     -1
 7823    879   964   963  0     3391   3670
 7824    879   977   964  0     3391   3701
 7825    771   848   845  0     3392   4099
 7826    771   834   848  0     3392   4181
 7827    845   834   771  0     3392   4190
 7828    845   848   834  0     3392   4206
 7829    958   857   871  0     3393   3645
 7830    907   857   892  0     3394   3429
 7831    984   857   907  0     3394   3642
 7832    984   892   857  0     3394   3662
 7833    867   778   815  0     3395   3396
 7834    850   815   778  0     3395   3655
 7835    867   759   815  0     3396   3653
 7836    717   858   756  0     3397   3639
 7837    756   858   779  0     3397   3636
 7838    976   906  1011  1     3398     -1
 7839    976   858   906  0     3398   3682
 7840   1011   858   976  0     3398   3677
 7841    983   892   932  0     3399   3424
 7842    902   892   983  0     3399   3881
 7843    902   932   892  0     3399   3436
 7844    867   857   786  0     3400   3561
 7845    867   871   857  0     3400   3612
 7846    661   650   759  0     3401   3554
 7847    661   655   650  0     3401   3418
 7848    879   940   869  0     3402   3905
 7849    879   882   940  0     3402   3898
 7850    869   882   879  0     3402   3697
 7851    869   940   882  0     3402   3877
 7852    882   940   976  0     3403   3409
 7853    882   964   940  0     3403   3898
 7854    976   940   964  1     3403     -1
 7855    572   635   587  0     3404   3766
 7856    572   677   635  0     3404   3818
 7857    587   677   572  0     3404   3407
 7858    587   635   677  0     3404   3602
 7859    679   664   594  0     3405   3406
 7860    594   714   679  0     3405   3460
 7861    648   664   594  0     3406   3515
 7862    648   679   664  0     3406   3556
 7863    594   679   648  0     3406   3467
 7864    572   664   677  0     3407   3535
 7865    587   664   572  0     3407   3497
 7866    587   677   664  0     3407   3511
 7867    974   940   976  1     3409     -1
 7868    974   882   940  0     3409   3877
 7869    976   882   974  0     3409   3685
 7870    581   679   621  0     3410   3450
 7871    581   654   679  0     3410   3465
 7872    884  1005   964  0     3411   3714
 7873    739   754   682  0     3412   3857
 7874    739   649   754  0     3412   3891
 7875    682   649   739  1     3412     -1
 7876    682   754   649  0     3412   3868
 7877    775   725   754  0     3413   3416
 7878    801   754   725  0     3413   3871
 7879    555   560   647  0     3414   3564
 7880    555   563   560  0     3414   3605
 7881    974   892   984  0     3415   3593
 7882    974   983   892  0     3415   3419
 7883    984   983   974  1     3415     -1
 7884    725   754   677  0     3416   3861
 7885    677   775   725  0     3416   3589
 7886    677   754   775  0     3416   3867
 7887    661   650   580  0     3417   3418
 7888    580   650   648  0     3417   3548
 7889    580   655   650  0     3418   3543
 7890    869   892   974  0     3419   3647
 7891    869   983   892  0     3419   3883
 7892    974   983   869  0     3419   3909
 7893    744   892   798  0     3420   3426
 7894    798   775   744  0     3420   3445
 7895    831   828   795  0     3421   3691
 7896    831   735   828  0     3421   3452
 7897    736   616   652  0     3422   3523
 7898    736   710   616  0     3422   3529
 7899    652   616   710  0     3422   3531
 7900    935   932   907  1     3423     -1
 7901    935   892   932  0     3423   3437
 7902    907   892   935  0     3423   3439
 7903    907   932   892  0     3423   3424
 7904    907   932   983  1     3424     -1
 7905    650   558   556  0     3425   3539
 7906    744   892   799  0     3426   3427
 7907    799   892   798  0     3426   3431
 7908    799   802   892  0     3427   3430
 7909    907   892   881  0     3428   3429
 7910    907   802   892  0     3428   3438
 7911    881   892   802  0     3428   3430
 7912    881   857   892  0     3429   3432
 7913    881   892   799  0     3430   3432
 7914    857   892   798  0     3431   3534
 7915    857   799   892  0     3431   3432
 7916    798   799   857  0     3431   3560
 7917    775   892   842  0     3433   3707
 7918    802   842   892  0     3433   3438
 7919    467   541   532  0     3434   3449
 7920    532   562   467  0     3434   3743
 7921    555   470   563  0     3435   3605
 7922    564   563   470  0     3435   3591
 7923    932   842   902  1     3436     -1
 7924    932   892   842  0     3436   3437
 7925    932   935   842  1     3437     -1
 7926    892   842   935  0     3437   3439
 7927    802   842   907  0     3438   3440
 7928    907   842   892  0     3438   3439
 7929    907   842   935  0     3439   3440
 7930    802   842   935  1     3440     -1
 7931    842   802   813  1     3441     -1
 7932    818   690   716  1     3442     -1
 7933    744   690   818  0     3442   3456
 7934    744   716   690  0     3442   3444
 7935    525   603   587  0     3443   3478
 7936    525   646   603  1     3443     -1
 7937    690   646   716  1     3444     -1
 7938    744   646   690  0     3444   3464
 7939    744   716   646  0     3444   3455
 7940    766   679   701  0     3446   3493
 7941    608   649   635  0     3447   3716
 7942    608   541   649  1     3447     -1
 7943    635   541   608  0     3447   3824
 7944    567   511   437  0     3448   4035
 7945    567   495   511  1     3448     -1
 7946    437   495   567  0     3448   3983
 7947    437   511   495  1     3448     -1
 7948    467   635   532  0     3449   3584
 7949    621   594   679  0     3450   3494
 7950    581   594   621  0     3450   3501
 7951    581   679   594  0     3450   3467
 7952    558   578   644  0     3451   3569
 7953    558   556   578  0     3451   3504
 7954    831   705   828  0     3452   3767
 7955    637   551   665  0     3453   3838
 7956    637   626   551  0     3453   3786
 7957    665   551   626  0     3453   3816
 7958    523   568   480  0     3454   3768
 7959    523   567   568  0     3454   3995
 7960    480   567   523  0     3454   4028
 7961    480   568   567  0     3454   4000
 7962    714   716   646  0     3455   3470
 7963    818   797   690  1     3456     -1
 7964    744   690   797  0     3456   3457
 7965    797   728   690  1     3457     -1
 7966    584   573   621  1     3458     -1
 7967    621   573   581  0     3458   3501
 7968    525   603   573  1     3459     -1
 7969    481   573   603  0     3459   3496
 7970    801   725   665  0     3461   3871
 7971    665   696   801  0     3461   3587
 7972    594   573   679  0     3462   3494
 7973    603   573   594  0     3462   3496
 7974    603   679   573  0     3462   3466
 7975    799   744   679  0     3463   3558
 7976    646   690   679  0     3464   3482
 7977    581   648   679  0     3465   3467
 7978    654   679   648  0     3465   3509
 7979    621   573   603  1     3466     -1
 7980    621   679   573  0     3466   3494
 7981    581   648   594  0     3467   3487
 7982    551   593   626  0     3468   3816
 7983    626   530   551  0     3468   3755
 7984    626   593   530  0     3468   4016
 7985    682   608   714  0     3469   3495
 7986    682   716   608  1     3469     -1
 7987    714   608   716  0     3469   3470
 7988    716   646   608  1     3470     -1
 7989    482   578   556  0     3471   3504
 7990    644   641   602  0     3472   3788
 7991    644   696   641  0     3472   3742
 7992    602   696   644  0     3472   3512
 7993    602   641   696  0     3472   3744
 7994    531   515   507  0     3474   3475
 7995    648   507   531  0     3475   3575
 7996    714   677   587  0     3476   3511
 7997    714   608   677  0     3476   3495
 7998    587   677   608  0     3476   3480
 7999    677   788   775  0     3477   3589
 8000    677   798   788  0     3477   3514
 8001    635   754   682  0     3479   3868
 8002    635   677   754  0     3479   3861
 8003    682   677   635  0     3479   3602
 8004    682   754   677  0     3479   3791
 8005    587   677   682  0     3480   3602
 8006    682   608   587  0     3480   3806
 8007    682   677   608  0     3480   3495
 8008    468   492   507  0     3481   3573
 8009    646   690   603  1     3482     -1
 8010    723   710   759  0     3483   3519
 8011    759   710   648  0     3483   3516
 8012    786   679   710  0     3484   3550
 8013    648   679   786  0     3484   3509
 8014    648   710   679  0     3484   3555
 8015    507   581   594  0     3485   3487
 8016    484   594   581  0     3485   3499
 8017    652   650   756  0     3486   3565
 8018    652   710   650  0     3486   3531
 8019    481   485   572  0     3488   3489
 8020    587   664   714  0     3490   3511
 8021    587   646   664  0     3490   3498
 8022    482   558   492  0     3491   3580
 8023    482   556   558  0     3491   3504
 8024    817   792   901  0     3492   3901
 8025    817   830   792  0     3492   3929
 8026    901   792   830  0     3492   3970
 8027    654   766   679  0     3493   3508
 8028    621   594   573  0     3494   3501
 8029    682   677   714  0     3495   3791
 8030    573   594   481  0     3496   3500
 8031    587   664   594  0     3497   3498
 8032    573   594   581  0     3499   3501
 8033    573   484   594  0     3499   3500
 8034    531   558   648  0     3502   3575
 8035    648   650   531  0     3502   3548
 8036    648   558   650  0     3502   3546
 8037    870   806   791  0     3503   3623
 8038    887   791   806  0     3503   4264
 8039    482   578   558  0     3504   3569
 8040    560   633   707  0     3505   3618
 8041    650   633   560  0     3505   3572
 8042    884   920   894  0     3506   3683
 8043    884   939   920  0     3506   3690
 8044    894   939   884  0     3506   3688
 8045    894   920   939  0     3506   3693
 8046    925  1011   867  0     3507   3613
 8047    925   950  1011  1     3507     -1
 8048    867  1011   950  0     3507   3643
 8049    766   679   786  0     3508   3510
 8050    786   679   654  0     3508   3509
 8051    799   679   786  0     3510   3550
 8052    713   791   698  0     3513   4260
 8053    698   670   713  0     3513   4338
 8054    648   664   616  0     3515   3533
 8055    759   710   661  0     3516   3554
 8056    835   927   828  0     3517   4171
 8057    884   927   835  0     3517   3725
 8058    884   828   927  0     3517   3739
 8059    578   670   641  0     3518   3577
 8060    717   670   578  0     3518   3571
 8061    717   641   670  0     3518   3810
 8062    786   710   759  0     3519   3654
 8063    574   527   457  0     3520   4301
 8064    457   548   574  0     3520   4394
 8065    457   527   548  0     3520   4311
 8066    736   836   756  0     3521   3638
 8067    756   836   858  0     3521   3626
 8068    465   560   534  0     3522   3544
 8069    465   470   560  0     3522   3609
 8070    736   616   644  0     3523   3527
 8071    644   664   736  0     3524   3527
 8072    677   664   644  0     3524   3535
 8073    664   744   736  0     3525   3557
 8074    482   602   572  0     3526   3604
 8075    572   578   482  0     3526   3586
 8076    572   602   578  0     3526   3592
 8077    736   616   664  0     3527   3533
 8078    664   616   644  0     3527   3528
 8079    644   572   616  0     3528   3582
 8080    664   572   644  0     3528   3535
 8081    648   736   710  0     3529   3555
 8082    648   616   736  0     3529   3533
 8083    644   670   717  0     3530   3571
 8084    644   652   670  0     3530   3549
 8085    652   616   650  0     3531   3547
 8086    655   659   633  0     3532   3599
 8087    729   633   659  0     3532   3537
 8088    664   736   648  0     3533   3556
 8089    857   892   836  0     3534   3661
 8090    798   836   892  0     3534   3634
 8091    677   572   644  0     3535   3818
 8092    698   735   670  0     3536   3757
 8093    698   784   735  0     3536   3706
 8094    670   735   784  0     3536   3809
 8095    659   680   633  0     3537   3600
 8096    650   558   652  0     3539   3547
 8097    492   558   507  0     3540   3573
 8098    870   894   999  0     3541   4146
 8099    887   999   894  0     3541   4178
 8100    492   560   470  0     3542   3611
 8101    650   560   655  0     3543   3572
 8102    580   465   560  0     3544   3607
 8103    513   443   577  0     3545   4225
 8104    575   577   443  0     3545   4376
 8105    650   616   558  0     3546   3547
 8106    578   670   644  0     3549   3571
 8107    578   652   670  0     3549   3552
 8108    468   558   572  0     3551   3581
 8109    468   507   558  0     3551   3573
 8110    869   858   798  0     3553   3649
 8111    869   788   858  0     3553   3684
 8112    648   736   679  0     3555   3556
 8113    679   664   736  0     3556   3557
 8114    744   736   679  0     3557   3558
 8115    799   736   857  0     3559   3560
 8116    867   836   786  0     3561   3644
 8117    637   641   540  0     3562   3849
 8118    637   643   641  0     3562   3807
 8119    540   641   643  0     3562   3793
 8120    432   563   470  0     3563   3576
 8121    432   502   563  0     3563   3579
 8122    470   563   502  0     3563   3591
 8123    555   633   647  0     3564   3597
 8124    647   633   560  0     3564   3618
 8125    652   707   756  0     3565   3621
 8126    767   681   636  1     3566     -1
 8127    674   681   767  0     3566   3931
 8128    674   636   681  0     3566   3932
 8129    647   670   563  0     3568   4343
 8130    482   578   644  0     3569   3586
 8131    644   558   482  0     3569   3583
 8132    831   696   735  0     3570   3808
 8133    784   696   831  0     3570   3752
 8134    784   735   696  0     3570   3704
 8135    492   558   468  0     3573   3580
 8136    555   680   633  0     3574   3597
 8137    579   633   680  0     3574   3600
 8138    579   633   534  0     3578   3598
 8139    579   655   633  0     3578   3599
 8140    482   558   468  0     3580   3581
 8141    482   558   572  0     3581   3583
 8142    572   558   644  0     3582   3583
 8143    482   644   572  0     3583   3586
 8144    635   532   520  0     3584   3789
 8145    520   602   482  0     3585   3604
 8146    520   494   602  0     3585   3842
 8147    572   578   644  0     3586   3592
 8148    801   745   696  0     3587   3699
 8149    665   745   801  0     3587   3820
 8150    665   696   745  0     3587   3804
 8151    408   551   444  0     3588   3834
 8152    408   494   551  0     3588   3853
 8153    444   551   494  0     3588   3822
 8154    677   788   725  0     3589   3603
 8155    505   578   494  0     3590   3763
 8156    572   602   644  0     3592   3817
 8157    644   602   578  0     3592   3788
 8158    974   948   984  1     3593     -1
 8159    984   948   892  0     3593   3662
 8160    713   670   647  0     3594   4342
 8161    950   979   867  0     3595   3643
 8162    950   993   979  1     3595     -1
 8163    867   979   993  0     3595   3596
 8164    867   979   871  0     3596   3612
 8165    659   633   579  0     3599   3600
 8166    743   835   828  0     3601   4123
 8167    743   795   835  0     3601   4265
 8168    587   635   682  0     3602   3806
 8169    644   725   677  0     3603   3749
 8170    572   520   602  0     3604   3792
 8171    558   531   560  0     3606   3608
 8172    580   560   531  0     3606   3607
 8173    465   560   531  0     3607   3608
 8174    425   560   465  0     3609   3610
 8175    425   470   560  0     3609   3611
 8176    425   560   492  0     3610   3611
 8177    871   857   979  0     3612   3645
 8178    884   791   784  0     3614   3731
 8179    836   815   858  0     3615   3626
 8180    819   779   858  0     3616   3637
 8181    894   858   779  0     3616   3635
 8182    640   656   569  0     3617   4421
 8183    569   588   640  0     3617   4424
 8184    569   656   588  0     3617   4517
 8185    647   707   560  0     3618   3619
 8186    729   815   819  0     3620   3651
 8187    819   815   707  0     3620   3652
 8188    869   882   974  0     3622   3877
 8189    869   858   882  0     3622   3684
 8190    974   858   869  0     3622   3647
 8191    974   882   858  0     3622   3685
 8192    806   791   800  0     3623   3627
 8193    800   791   870  0     3623   3624
 8194    819   906   989  0     3625   3678
 8195    756   815   858  0     3626   3636
 8196    800   711   791  0     3627   3628
 8197    806   791   711  0     3627   3666
 8198    619   686   600  0     3629   4325
 8199    619   672   686  0     3629   4326
 8200    600   686   672  0     3629   3782
 8201    620   553   632  0     3630   4324
 8202    620   542   553  0     3630   4302
 8203    884   882   858  0     3631   3720
 8204    858   920   884  0     3631   3683
 8205    431   522   440  0     3632   4500
 8206    431   491   522  0     3632   4305
 8207    440   522   491  1     3632     -1
 8208    551   532   593  0     3633   3841
 8209    469   593   532  0     3633   4009
 8210    798   858   892  0     3634   3649
 8211    894   858   791  0     3635   3680
 8212    779   815   858  0     3636   3637
 8213    779   815   819  0     3637   3652
 8214    717   788   756  0     3639   3640
 8215    717   858   788  0     3639   3719
 8216    907   979   958  1     3641     -1
 8217    907   857   979  0     3641   3642
 8218    958   979   857  0     3641   3645
 8219    857   979   984  0     3642   3664
 8220    984   979   907  1     3642     -1
 8221    950   979  1011  1     3643     -1
 8222    867   815   786  0     3644   3653
 8223    786   815   836  0     3644   3650
 8224    963   927   964  1     3646     -1
 8225    963   884   927  0     3646   3739
 8226    964   884   963  0     3646   3670
 8227    964   927   884  0     3646   3715
 8228    869   892   858  0     3647   3649
 8229    710   815   759  0     3648   3654
 8230    786   815   710  0     3650   3654
 8231    850   815   819  0     3651   3659
 8232    850   729   815  0     3651   3656
 8233    759   815   786  0     3653   3654
 8234    778   753   815  0     3655   3657
 8235    850   815   753  0     3655   3656
 8236    729   815   753  0     3656   3657
 8237    925   815   897  0     3658   3660
 8238    897   815   850  0     3658   3659
 8239    897   815   819  0     3659   3660
 8240    925   819   897  0     3660   3671
 8241    836   857   948  0     3661   3663
 8242    892   948   857  0     3661   3662
 8243    984   948   857  0     3662   3664
 8244    979   857   948  0     3663   3664
 8245    984   948   979  1     3664     -1
 8246    858   784   788  0     3665   3719
 8247    858   882   784  0     3665   3720
 8248    788   882   858  0     3665   3684
 8249    806   769   711  0     3666   4238
 8250    806   791   769  0     3666   4264
 8251    922   893   901  0     3667   3812
 8252    922   977   893  0     3667   3922
 8253    901   977   922  0     3667   3886
 8254    901   893   977  0     3667   3823
 8255    858   976   974  0     3668   3685
 8256    858   948   976  0     3668   3677
 8257    974   976   948  1     3668     -1
 8258    611   700   667  0     3669   4053
 8259    611   615   700  0     3669   4397
 8260    667   615   611  0     3669   4364
 8261    667   700   615  0     3669   4393
 8262    884   963   879  0     3670   3740
 8263    897   925   989  0     3671   3679
 8264    963   977   917  1     3672     -1
 8265    901   977   963  0     3672   3859
 8266    901   917   977  0     3672   3886
 8267    986   937   845  0     3673   4668
 8268    986   880   937  0     3673   3903
 8269    845   880   986  0     3673   4183
 8270    845   937   880  0     3673   3721
 8271    588   510   509  0     3674   4485
 8272    614   510   588  0     3674   4456
 8273    614   509   510  0     3674   4406
 8274    697   787   706  0     3675   4177
 8275    697   658   787  0     3675   4152
 8276    706   658   697  0     3675   3959
 8277    706   787   658  0     3675   3977
 8278    471   454   542  0     3676   4368
 8279    450   542   454  0     3676   4353
 8280    948   976  1011  1     3677     -1
 8281    925   989   991  1     3679     -1
 8282    858   884   894  0     3680   3683
 8283    858   791   884  0     3680   3731
 8284    894   920   858  0     3681   3683
 8285    858   920   906  0     3681   3682
 8286    906   976   920  1     3682     -1
 8287    976  1005   920  1     3686     -1
 8288    997   972  1008  1     3687     -1
 8289    997   888   972  0     3687   4254
 8290   1008   888   997  0     3687   3723
 8291   1008   972   888  0     3687   4255
 8292    894   939   887  0     3688   4178
 8293    887   939   884  0     3688   3694
 8294    884   828   831  0     3689   3691
 8295    884   879   828  0     3689   3740
 8296    831   828   879  0     3689   3783
 8297    939  1005   884  0     3690   3710
 8298    939   920  1005  1     3690     -1
 8299    954   996   883  0     3692   4248
 8300    954   965   996  1     3692     -1
 8301    883   996   965  0     3692   4208
 8302    894   999   939  0     3693   4178
 8303    894   920   999  0     3693   4244
 8304    939   999   920  1     3693     -1
 8305    939   884  1008  0     3694   3710
 8306    887  1008   884  0     3694   3712
 8307    844   896   915  1     3695     -1
 8308    915   896   937  0     3695   4216
 8309    978   936   846  0     3696   3955
 8310    978   929   936  1     3696     -1
 8311    846   929   978  1     3696     -1
 8312    846   936   929  0     3696   3962
 8313    831   879   869  0     3697   3708
 8314    915   934   834  0     3698   3990
 8315    915   937   934  1     3698     -1
 8316    745   696   831  0     3699   3808
 8317    831   801   745  0     3699   3795
 8318    831   696   801  0     3699   3747
 8319    471   570   575  0     3700   4374
 8320    471   477   570  0     3700   3702
 8321    964   909   977  1     3701     -1
 8322    879   909   964  0     3701   3866
 8323    879   977   909  0     3701   3880
 8324    498   477   570  0     3702   3745
 8325    498   570   505  0     3703   3745
 8326    641   784   735  0     3704   3809
 8327    480   503   419  0     3705   4065
 8328    480   403   503  0     3705   4080
 8329    419   503   403  0     3705   4014
 8330    795   735   698  0     3706   3776
 8331    842   775   855  0     3707   3878
 8332    892   855   775  0     3707   3882
 8333    831   879   801  0     3708   3734
 8334    801   879   869  0     3708   3907
 8335    888   848   743  0     3709   4129
 8336    888   835   848  0     3709   4172
 8337    743   835   888  0     3709   3717
 8338   1005  1008   939  1     3710     -1
 8339   1005   884  1008  0     3710   3714
 8340    888   835   887  0     3711   3717
 8341    888  1008   835  0     3711   3724
 8342    887  1008   888  0     3711   4255
 8343    887   835  1008  0     3711   3712
 8344   1008   884   835  0     3712   3725
 8345    626   637   653  0     3713   4070
 8346    653   705   626  0     3713   4118
 8347    964  1008  1005  1     3714     -1
 8348    964   884  1008  0     3714   3715
 8349    884  1008   927  0     3715   3725
 8350    964   927  1008  1     3715     -1
 8351    635   682   649  0     3716   3868
 8352    608   682   635  0     3716   3806
 8353    608   649   682  1     3716     -1
 8354    743   835   887  0     3717   4258
 8355    887   888   743  0     3717   4268
 8356    891   967   927  0     3718   4050
 8357    927   967   970  1     3718     -1
 8358    884   784   858  0     3720   3731
 8359    845   937   848  0     3721   4206
 8360    963   891   927  0     3722   4050
 8361    963   828   891  0     3722   4147
 8362    927   828   963  0     3722   3739
 8363    927   891   828  0     3722   4171
 8364   1008   970   997  1     3723     -1
 8365    888   997   970  0     3723   4100
 8366    927   835   888  0     3724   4169
 8367    927  1008   835  0     3724   3725
 8368    717   696   644  0     3726   3742
 8369    792   804   706  0     3727   4047
 8370    674   804   792  0     3727   3992
 8371    530   592   474  0     3729   3754
 8372    474   592   571  0     3729   4114
 8373    997   986   981  1     3730     -1
 8374    880   986   997  0     3730   3903
 8375    880   981   986  0     3730   4215
 8376    743   705   653  0     3732   4150
 8377    743   643   705  0     3732   3775
 8378    653   643   743  0     3732   4286
 8379    743   848   771  0     3733   4291
 8380    771   751   743  0     3733   4230
 8381    771   848   751  0     3733   4180
 8382    879   817   831  0     3734   3801
 8383    879   801   817  0     3734   3796
 8384    831   817   801  0     3734   3795
 8385    745   817   879  0     3735   3801
 8386    745   830   817  0     3735   3798
 8387    879   830   745  0     3735   3902
 8388    801   817   745  0     3736   3795
 8389    801   733   817  0     3736   3750
 8390    745   733   801  0     3736   3820
 8391    745   817   733  0     3736   3798
 8392    632   564   631  0     3737   4273
 8393    647   564   632  0     3737   4312
 8394    667   747   700  0     3738   4393
 8395    771   747   667  0     3738   4388
 8396    771   700   747  0     3738   4282
 8397    884   828   963  0     3739   3740
 8398    963   879   828  0     3740   4147
 8399    486   562   434  1     3741     -1
 8400    486   532   562  0     3741   3865
 8401    434   562   532  0     3741   3743
 8402    467   532   434  0     3743   3856
 8403    602   641   665  0     3744   3837
 8404    665   696   602  0     3744   3802
 8405    698   735   743  0     3746   3776
 8406    743   643   698  0     3746   4351
 8407    743   735   643  0     3746   3775
 8408    788   831   696  0     3747   3752
 8409    828   715   705  0     3748   4059
 8410    828   745   715  0     3748   4157
 8411    705   745   828  0     3748   3767
 8412    705   715   745  0     3748   4040
 8413    677   635   725  0     3749   3861
 8414    644   635   677  0     3749   3818
 8415    801   754   817  0     3750   3799
 8416    733   754   801  0     3750   3893
 8417    733   817   754  0     3750   3800
 8418    804   973   847  0     3751   4189
 8419    949   973   804  0     3751   3968
 8420    949   847   973  0     3751   3917
 8421    813   855   775  0     3753   3878
 8422    813   754   855  0     3753   3825
 8423    775   754   813  0     3753   3888
 8424    513   592   474  0     3754   4115
 8425    474   530   513  0     3754   3815
 8426    626   540   551  0     3755   3786
 8427    458   540   505  0     3756   3761
 8428    670   641   735  0     3757   3809
 8429    787   891   852  0     3759   4199
 8430    787   751   891  0     3759   4049
 8431    852   751   787  0     3759   3985
 8432    852   891   751  0     3759   4072
 8433    469   551   421  0     3760   3833
 8434    505   427   540  0     3761   3847
 8435    458   540   427  0     3761   3851
 8436    474   503   376  0     3762   4085
 8437    376   503   399  0     3762   4094
 8438    505   602   494  0     3763   3845
 8439    711   683   686  0     3764   3953
 8440    609   695   631  0     3765   3781
 8441    520   572   635  0     3766   3792
 8442    831   745   828  0     3767   3783
 8443    523   568   530  0     3768   4005
 8444    530   568   480  0     3768   4032
 8445    518   571   503  0     3769   4019
 8446    459   503   571  0     3769   3965
 8447    548   457   509  0     3770   4394
 8448    456   457   548  0     3770   4311
 8449    456   509   457  0     3770   4436
 8450    713   631   695  0     3771   3779
 8451    463   533   435  0     3772   4435
 8452    463   416   533  0     3772   4487
 8453    435   533   416  0     3772   4441
 8454    711   631   713  0     3773   3779
 8455    713   632   711  0     3773   4340
 8456    450   548   528  0     3774   4213
 8457    450   476   548  0     3774   4354
 8458    643   705   735  0     3775   3811
 8459    848   747   888  0     3777   4411
 8460    848   720   747  0     3777   4134
 8461    888   720   848  0     3777   4129
 8462    888   747   720  0     3777   4105
 8463    600   672   631  0     3778   3782
 8464    609   631   672  0     3778   3781
 8465    711   631   695  0     3779   3780
 8466    741   631   695  0     3780   4356
 8467    672   695   631  0     3781   4356
 8468    672   631   686  0     3782   4357
 8469    828   879   745  0     3783   3902
 8470    831   745   879  0     3783   3801
 8471    869   855   801  0     3784   3910
 8472    869   775   855  0     3784   3882
 8473    426   551   458  0     3785   3855
 8474    637   540   551  0     3786   3849
 8475    626   540   637  0     3786   4109
 8476    570   643   641  0     3787   3793
 8477    698   643   570  0     3787   4336
 8478    520   635   602  0     3789   3792
 8479    426   530   474  0     3790   3815
 8480    474   530   421  0     3790   3981
 8481    682   754   714  0     3791   3887
 8482    714   754   677  0     3791   3867
 8483    572   635   602  0     3792   3817
 8484    754   817   739  0     3794   3800
 8485    754   805   817  0     3794   3799
 8486    739   805   754  0     3794   3857
 8487    739   817   805  0     3794   3934
 8488    831   817   745  0     3795   3801
 8489    801   817   901  0     3796   3919
 8490    901   879   801  0     3796   3908
 8491    889   817   901  0     3797   3839
 8492    889   855   817  0     3797   3920
 8493    901   855   889  0     3797   3876
 8494    901   817   855  0     3797   3919
 8495    830   817   733  0     3798   3929
 8496    733   745   830  0     3798   4044
 8497    805   817   801  0     3799   3814
 8498    801   754   805  0     3799   3827
 8499    733   739   754  0     3800   3896
 8500    733   817   739  0     3800   3933
 8501    665   635   602  0     3802   3835
 8502    845   823   880  0     3803   4142
 8503    845   747   823  0     3803   4412
 8504    745   637   696  0     3804   3805
 8505    587   635   608  0     3806   3824
 8506    643   735   637  0     3807   3811
 8507    670   641   784  0     3809   3810
 8508    922   792   901  0     3812   3974
 8509    922   893   792  0     3812   3923
 8510    901   792   893  0     3812   3901
 8511    748   709   674  0     3813   3829
 8512    748   792   709  0     3813   3986
 8513    674   792   748  0     3813   3992
 8514    674   709   792  0     3813   3988
 8515    801   889   817  0     3814   3920
 8516    805   817   889  0     3814   3926
 8517    665   593   626  0     3816   3843
 8518    665   551   593  0     3816   3841
 8519    572   635   644  0     3817   3818
 8520    626   733   665  0     3819   3843
 8521    626   745   733  0     3819   4024
 8522    665   733   745  0     3819   3820
 8523    665   733   801  0     3820   3893
 8524    983   966   902  0     3821   3828
 8525    983  1004   966  1     3821     -1
 8526    902   966  1004  0     3821   3875
 8527    966   893   977  0     3823   3897
 8528    754   855   805  0     3825   3827
 8529    805   813   754  0     3825   3862
 8530    674   636   567  0     3826   4018
 8531    674   586   636  0     3826   3932
 8532    567   586   674  0     3826   4001
 8533    567   636   586  0     3826   4038
 8534    983   855   902  0     3828   3881
 8535    983   966   855  0     3828   3913
 8536    748   567   674  0     3829   3860
 8537    748   709   567  1     3829     -1
 8538    674   567   709  0     3829   3945
 8539    733   628   674  0     3830   3940
 8540    733   593   628  0     3830   3831
 8541    674   628   593  0     3830   3938
 8542    733   662   628  0     3831   3989
 8543    725   754   665  0     3832   3871
 8544    725   635   754  0     3832   3861
 8545    665   754   635  0     3832   3894
 8546    444   551   421  0     3833   3834
 8547    665   551   602  0     3835   3837
 8548    968   990   966  1     3836     -1
 8549    968   893   990  1     3836     -1
 8550    966   990   893  0     3836   3897
 8551    602   641   551  0     3837   3844
 8552    665   551   641  0     3837   3838
 8553    641   637   551  0     3838   3849
 8554    889   817   893  0     3839   3926
 8555    901   893   817  0     3839   3901
 8556    658   715   706  0     3840   3977
 8557    658   599   715  0     3840   4051
 8558    706   599   658  0     3840   3959
 8559    706   715   599  0     3840   4062
 8560    665   532   593  0     3841   3873
 8561    494   602   551  0     3842   3845
 8562    626   733   593  0     3843   4008
 8563    641   551   505  0     3844   3848
 8564    505   551   602  0     3844   3845
 8565    505   551   494  0     3845   3846
 8566    494   427   551  0     3846   3853
 8567    505   551   427  0     3846   3847
 8568    427   540   551  0     3847   3851
 8569    505   551   540  0     3847   3848
 8570    540   641   551  0     3848   3849
 8571    847   936   861  1     3850     -1
 8572    846   936   847  0     3850   3951
 8573    846   861   936  0     3850   3962
 8574    458   551   427  0     3851   3852
 8575    458   551   408  0     3852   3855
 8576    408   551   427  0     3852   3853
 8577    434   532   444  0     3854   3856
 8578    805   754   682  0     3857   3862
 8579    682   739   805  1     3857     -1
 8580    423   506   539  0     3858   4111
 8581    448   506   423  0     3858   4007
 8582    448   539   506  0     3858   4110
 8583    901   977   879  0     3859   3880
 8584    681   567   674  0     3860   4001
 8585    681   748   567  1     3860     -1
 8586    674   748   681  0     3860   3931
 8587    813   754   682  0     3862   3887
 8588    682   805   813  1     3862     -1
 8589    605   649   562  1     3863     -1
 8590    605   532   649  0     3863   3869
 8591    562   532   605  0     3863   3865
 8592    532   662   649  0     3864   3869
 8593    635   662   532  0     3864   3874
 8594    635   649   662  0     3864   3892
 8595    532   605   486  0     3865   4012
 8596    486   605   562  1     3865     -1
 8597    964   940   909  1     3866     -1
 8598    879   940   964  0     3866   3898
 8599    879   909   940  0     3866   3905
 8600    714   754   775  0     3867   3888
 8601    635   754   649  0     3868   3892
 8602    662   649   605  1     3869     -1
 8603    605   532   662  0     3869   3872
 8604    651   624   619  0     3870   4279
 8605    651   533   624  0     3870   4508
 8606    801   754   665  0     3871   3893
 8607    532   593   605  0     3872   4011
 8608    532   662   593  0     3872   3873
 8609    532   662   665  0     3873   3874
 8610    635   662   665  0     3874   3894
 8611   1004   889   966  0     3875   3879
 8612    902   889  1004  1     3875     -1
 8613    855   966   901  0     3876   3912
 8614    869   940   974  0     3877   3906
 8615    813   855   842  0     3878   3885
 8616    966  1004   968  1     3879     -1
 8617    889   968  1004  1     3879     -1
 8618    879   901   909  0     3880   3908
 8619    892   983   855  0     3881   3883
 8620    892   855   869  0     3882   3883
 8621    983   855   869  0     3883   3914
 8622    459   424   503  0     3884   4006
 8623    446   503   424  0     3884   3918
 8624    902   842   813  1     3885     -1
 8625    901   917   922  0     3886   3975
 8626    922   917   977  1     3886     -1
 8627    714   813   754  0     3887   3888
 8628    990   975   922  1     3889     -1
 8629    990   893   975  1     3889     -1
 8630    922   893   990  0     3889   3922
 8631    922   975   893  0     3889   3899
 8632    805   889   902  1     3890     -1
 8633    662   754   739  0     3891   3896
 8634    662   649   754  0     3891   3892
 8635    739   649   662  1     3891     -1
 8636    635   754   662  0     3892   3894
 8637    665   733   754  0     3893   3895
 8638    665   754   662  0     3894   3895
 8639    733   754   662  0     3895   3896
 8640    733   739   662  0     3896   3999
 8641    966   990   977  1     3897     -1
 8642    977   990   893  0     3897   3922
 8643    975   910   922  1     3899     -1
 8644    975   893   910  1     3899     -1
 8645    922   910   893  0     3899   3923
 8646    822   910   792  0     3900   3943
 8647    822   846   910  1     3900     -1
 8648    792   846   822  0     3900   3994
 8649    893   817   792  0     3901   3925
 8650    745   828   830  0     3902   4156
 8651    879   830   828  0     3902   3949
 8652    937   986   997  1     3903     -1
 8653    804   767   732  0     3904   3958
 8654    674   767   804  0     3904   3996
 8655    879   909   869  0     3905   3907
 8656    869   909   940  0     3905   3906
 8657    869   909   974  0     3906   3909
 8658    974   909   940  1     3906     -1
 8659    801   909   869  0     3907   3910
 8660    801   879   909  0     3907   3908
 8661    901   909   801  0     3908   3911
 8662    974   983   909  1     3909     -1
 8663    869   909   983  0     3909   3914
 8664    855   909   869  0     3910   3914
 8665    855   801   909  0     3910   3911
 8666    901   855   801  0     3911   3919
 8667    901   909   855  0     3911   3912
 8668    855   966   909  0     3912   3913
 8669    966   909   983  1     3913     -1
 8670    983   909   855  0     3913   3914
 8671    804   787   816  0     3915   4175
 8672    804   852   787  0     3915   4122
 8673    816   852   804  0     3915   4159
 8674    816   787   852  0     3915   4186
 8675    978   949   922  1     3916     -1
 8676    978   846   949  0     3916   3955
 8677    922   949   846  0     3916   3948
 8678    847   913   949  0     3917   3954
 8679    847   973   913  0     3917   4102
 8680    949   913   973  1     3917     -1
 8681    424   518   503  0     3918   4043
 8682    446   518   424  1     3918     -1
 8683    801   817   855  0     3919   3920
 8684    745   706   626  0     3921   4073
 8685    745   610   706  0     3921   3937
 8686    626   610   745  0     3921   4024
 8687    626   706   610  0     3921   4045
 8688    977   990   922  1     3922     -1
 8689    893   792   910  0     3923   3943
 8690    938   957   898  0     3924   4644
 8691    938  1010   957  1     3924     -1
 8692    898   957  1010  0     3924   4649
 8693    822   792   893  0     3925   3943
 8694    822   817   792  0     3925   3927
 8695    893   817   822  0     3925   3935
 8696    817   893   805  0     3926   3935
 8697    805   893   889  1     3926     -1
 8698    817   792   733  0     3927   3929
 8699    733   822   817  0     3927   3933
 8700    733   792   822  0     3927   3939
 8701    676   774   693  1     3928     -1
 8702    676   703   774  0     3928   4391
 8703    693   703   676  0     3928   4112
 8704    830   792   733  0     3929   4048
 8705    614   510   524  0     3930   4410
 8706    524   598   614  0     3930   4283
 8707    524   510   598  0     3930   4389
 8708    674   748   767  0     3931   3996
 8709    681   586   636  1     3932     -1
 8710    674   586   681  0     3932   4001
 8711    733   822   739  0     3933   3939
 8712    739   822   817  0     3933   3934
 8713    739   822   805  1     3934     -1
 8714    805   822   817  0     3934   3935
 8715    805   822   893  1     3935     -1
 8716    437   636   511  1     3936     -1
 8717    437   568   636  0     3936   3942
 8718    511   568   437  0     3936   4035
 8719    511   636   568  0     3936   3966
 8720    733   706   745  0     3937   4044
 8721    733   610   706  0     3937   4031
 8722    745   610   733  0     3937   4024
 8723    674   523   593  0     3938   3956
 8724    822   739   792  0     3939   3963
 8725    733   792   739  0     3939   3998
 8726    733   709   674  0     3940   3988
 8727    733   628   709  0     3940   3989
 8728    674   709   628  0     3940   3945
 8729    697   787   731  0     3941   4152
 8730    697   807   787  0     3941   3969
 8731    731   807   697  1     3941     -1
 8732    512   636   437  1     3942     -1
 8733    437   568   512  0     3942   3979
 8734    822   910   893  1     3943     -1
 8735    852   886   973  0     3944   4182
 8736    852   967   886  0     3944   4197
 8737    973   967   852  0     3944   4036
 8738    973   886   967  0     3944   4076
 8739    674   567   628  0     3945   3991
 8740    628   567   709  1     3945     -1
 8741    804   715   852  0     3946   4122
 8742    830   715   804  0     3946   4068
 8743    830   852   715  0     3946   4155
 8744    493   533   435  0     3947   4437
 8745    435   533   576  0     3947   4488
 8746    922   949   792  0     3948   3973
 8747    792   949   846  0     3948   3971
 8748    879   852   828  0     3949   4170
 8749    879   830   852  0     3949   4164
 8750    828   852   830  0     3949   4156
 8751    693   787   703  0     3950   4067
 8752    846   936   949  0     3951   3955
 8753    949   936   847  0     3951   3954
 8754    891   848   828  0     3952   3964
 8755    891   751   848  0     3952   4049
 8756    828   751   891  0     3952   4072
 8757    828   848   751  0     3952   3960
 8758    785   686   711  0     3953   4290
 8759    785   683   686  0     3953   4330
 8760    711   683   785  0     3953   4269
 8761    913   936   847  1     3954     -1
 8762    913   949   936  1     3954     -1
 8763    949   978   936  1     3955     -1
 8764    523   593   610  0     3956   4017
 8765    474   421   523  0     3957   3981
 8766    847   732   804  0     3958   4054
 8767    847   767   732  1     3958     -1
 8768    804   767   847  0     3958   3987
 8769    828   835   751  0     3960   4123
 8770    828   848   835  0     3960   3964
 8771    530   568   610  0     3961   4005
 8772    599   568   530  0     3961   4034
 8773    599   610   568  0     3961   4030
 8774    846   861   929  1     3962     -1
 8775    929   861   936  1     3962     -1
 8776    792   709   739  0     3963   3998
 8777    792   822   709  0     3963   3986
 8778    739   709   822  1     3963     -1
 8779    891   848   835  0     3964   4172
 8780    835   828   891  0     3964   4171
 8781    459   503   474  0     3965   4085
 8782    474   571   459  0     3965   4114
 8783    474   503   571  0     3965   4020
 8784    568   586   636  0     3966   4038
 8785    511   586   568  0     3966   4037
 8786    511   636   586  1     3966     -1
 8787    636   669   732  1     3967     -1
 8788    674   669   636  0     3967   4055
 8789    917   949   973  1     3968     -1
 8790    917   804   949  0     3968   3976
 8791    816   787   697  0     3969   4175
 8792    816   807   787  0     3969   4187
 8793    697   807   816  1     3969     -1
 8794    901   804   830  0     3970   3972
 8795    901   792   804  0     3970   3974
 8796    830   804   792  0     3970   4047
 8797    949   804   792  0     3971   3973
 8798    792   804   846  0     3971   3993
 8799    901   804   917  0     3972   3975
 8800    949   804   922  0     3973   3976
 8801    922   804   792  0     3973   3974
 8802    922   804   901  0     3974   3975
 8803    922   804   917  0     3975   3976
 8804    922   949   917  1     3976     -1
 8805    658   715   787  0     3977   4158
 8806    706   787   715  0     3977   4176
 8807    743   720   620  0     3978   4280
 8808    743   667   720  0     3978   4088
 8809    620   720   667  0     3978   4360
 8810    437   568   480  0     3979   4000
 8811    480   512   437  0     3979   4021
 8812    767   748   846  0     3980   3997
 8813    846   781   767  0     3980   3984
 8814    846   748   781  1     3980     -1
 8815    469   523   453  0     3982   4026
 8816    453   546   469  0     3982   4002
 8817    453   523   546  0     3982   4025
 8818    430   495   567  1     3983     -1
 8819    847   767   846  0     3984   3987
 8820    847   781   767  1     3984     -1
 8821    787   715   751  0     3985   4158
 8822    852   715   787  0     3985   4122
 8823    852   751   715  0     3985   4166
 8824    748   822   709  1     3986     -1
 8825    792   822   748  0     3986   3994
 8826    804   767   846  0     3987   3997
 8827    733   709   792  0     3988   3998
 8828    662   709   733  0     3989   3999
 8829    662   628   709  1     3989     -1
 8830    834   946   934  0     3990   4194
 8831    915   946   834  1     3990     -1
 8832    915   934   946  1     3990     -1
 8833    628   546   567  1     3991     -1
 8834    674   567   546  0     3991   4004
 8835    674   804   748  0     3992   3996
 8836    792   748   804  0     3992   3993
 8837    804   846   748  0     3993   3997
 8838    792   748   846  0     3993   3994
 8839    846   822   748  1     3994     -1
 8840    567   568   674  0     3995   4018
 8841    674   523   567  0     3995   4004
 8842    767   804   748  0     3996   3997
 8843    733   709   739  0     3998   3999
 8844    662   709   739  1     3999     -1
 8845    437   568   567  0     4000   4035
 8846    681   567   586  1     4001     -1
 8847    469   486   546  0     4002   4013
 8848    453   546   486  1     4002     -1
 8849    856   865   854  0     4003   4267
 8850    856   928   865  0     4003   4296
 8851    854   865   928  0     4003   4285
 8852    567   546   523  0     4004   4025
 8853    523   610   530  0     4005   4017
 8854    459   376   503  0     4006   4085
 8855    448   506   429  0     4007   4384
 8856    733   610   626  0     4008   4024
 8857    626   610   593  0     4008   4016
 8858    469   546   532  0     4009   4013
 8859    532   546   593  0     4009   4011
 8860    628   605   546  1     4010     -1
 8861    593   546   605  0     4010   4011
 8862    532   546   605  0     4011   4012
 8863    605   486   546  1     4012     -1
 8864    532   546   486  0     4012   4013
 8865    403   512   503  0     4014   4080
 8866    419   512   403  1     4014     -1
 8867    419   503   512  0     4014   4015
 8868    518   503   512  0     4015   4069
 8869    518   419   503  0     4015   4043
 8870    512   419   518  1     4015     -1
 8871    593   530   610  0     4016   4017
 8872    567   568   636  0     4018   4038
 8873    674   636   568  0     4018   4055
 8874    571   503   599  0     4019   4020
 8875    599   518   571  0     4019   4090
 8876    599   503   518  0     4019   4069
 8877    474   503   599  0     4020   4064
 8878    403   512   437  1     4021     -1
 8879    403   480   512  0     4021   4080
 8880    416   552   533  0     4022   4487
 8881    528   533   552  0     4022   4472
 8882    774   700   845  0     4023   4420
 8883    774   703   700  0     4023   4391
 8884    845   700   703  0     4023   4239
 8885    453   567   546  1     4025     -1
 8886    453   523   567  0     4025   4027
 8887    480   523   453  0     4026   4029
 8888    453   523   430  0     4027   4029
 8889    430   567   453  1     4027     -1
 8890    430   523   567  0     4027   4028
 8891    430   523   480  0     4028   4029
 8892    610   706   599  0     4030   4062
 8893    474   568   480  0     4032   4063
 8894    474   530   568  0     4032   4034
 8895    446   519   518  1     4033     -1
 8896    599   568   474  0     4034   4064
 8897    567   511   568  0     4035   4037
 8898    973   967   917  1     4036     -1
 8899    586   568   567  0     4037   4038
 8900    567   511   586  1     4037     -1
 8901    599   669   512  0     4039   4079
 8902    512   568   599  0     4039   4061
 8903    705   715   626  0     4040   4117
 8904    626   715   745  0     4040   4073
 8905    658   751   703  0     4041   4163
 8906    658   787   751  0     4041   4158
 8907    703   787   658  0     4041   4067
 8908    703   751   787  0     4041   4052
 8909    454   506   423  0     4042   4162
 8910    454   443   506  0     4042   4361
 8911    424   518   419  1     4043     -1
 8912    830   706   745  0     4044   4046
 8913    830   733   706  0     4044   4048
 8914    706   715   626  0     4045   4073
 8915    706   610   715  0     4045   4062
 8916    626   715   610  0     4045   4071
 8917    706   715   830  0     4046   4068
 8918    706   745   715  0     4046   4073
 8919    830   715   745  0     4046   4155
 8920    830   706   792  0     4047   4048
 8921    830   804   706  0     4047   4068
 8922    891   787   848  0     4049   4149
 8923    751   848   787  0     4049   4180
 8924    963   967   927  1     4050     -1
 8925    963   891   967  0     4050   4160
 8926    599   715   626  0     4051   4071
 8927    626   658   599  0     4051   4084
 8928    626   715   658  0     4051   4107
 8929    771   751   787  0     4052   4180
 8930    611   703   667  0     4053   4277
 8931    611   700   703  0     4053   4295
 8932    816   732   804  0     4054   4057
 8933    816   847   732  1     4054     -1
 8934    804   847   816  0     4054   4188
 8935    674   669   568  0     4055   4056
 8936    816   697   804  0     4057   4175
 8937    816   732   697  1     4057     -1
 8938    592   611   653  0     4058   4097
 8939    592   577   611  0     4058   4398
 8940    653   577   592  0     4058   4104
 8941    828   751   705  0     4059   4151
 8942    828   715   751  0     4059   4166
 8943    705   751   715  0     4059   4161
 8944    599   518   512  0     4060   4069
 8945    599   607   518  0     4060   4090
 8946    512   607   599  0     4060   4079
 8947    512   518   607  1     4060     -1
 8948    568   599   503  0     4061   4064
 8949    512   503   599  0     4061   4069
 8950    610   715   599  0     4062   4071
 8951    474   568   503  0     4063   4064
 8952    399   503   419  0     4065   4095
 8953    883   826   854  0     4066   4299
 8954    883   856   826  0     4066   4591
 8955    854   856   883  0     4066   4250
 8956    854   826   856  0     4066   4486
 8957    693   787   658  0     4067   4154
 8958    804   706   715  0     4068   4176
 8959    637   592   626  0     4070   4109
 8960    626   592   653  0     4070   4118
 8961    852   891   828  0     4072   4170
 8962    828   751   852  0     4072   4166
 8963    519   583   607  1     4074     -1
 8964    607   571   519  0     4074   4089
 8965    607   583   571  0     4074   4125
 8966    571   607   599  0     4075   4090
 8967    571   658   607  0     4075   4126
 8968    599   658   571  0     4075   4084
 8969    967   961   886  0     4076   4196
 8970    973   961   967  1     4076     -1
 8971    973   886   961  0     4076   4108
 8972    930   972   887  0     4077   4262
 8973    930   999   972  1     4077     -1
 8974    934   848   891  0     4078   4081
 8975    891   834   934  0     4078   4201
 8976    891   848   834  0     4078   4149
 8977    669   512   607  1     4079     -1
 8978    970   848   891  0     4081   4174
 8979    970   934   848  0     4081   4207
 8980    448   577   459  0     4082   4380
 8981    574   506   524  0     4083   4233
 8982    574   457   506  0     4083   4382
 8983    524   506   457  0     4083   4378
 8984    626   571   599  0     4084   4086
 8985    414   553   438  0     4087   4293
 8986    414   528   553  0     4087   4323
 8987    771   720   743  0     4088   4291
 8988    771   667   720  0     4088   4388
 8989    743   667   771  0     4088   4230
 8990    518   519   607  1     4089     -1
 8991    607   571   518  0     4089   4090
 8992    499   536   455  1     4091     -1
 8993    455   522   499  0     4091   4433
 8994    455   536   522  1     4091     -1
 8995    588   699   614  0     4092   4446
 8996    614   722   588  0     4092   4473
 8997    614   699   722  0     4092   4648
 8998    576   738   624  0     4093   4242
 8999    619   738   576  0     4093   4535
 9000    376   503   318  0     4094   4096
 9001    318   503   399  0     4094   4095
 9002    318   503   419  0     4095   4096
 9003    658   653   592  0     4097   4148
 9004    414   473   553  0     4098   4293
 9005    502   553   473  0     4098   4256
 9006    771   747   845  0     4099   4282
 9007    771   848   747  0     4099   4134
 9008    970   888   848  0     4100   4174
 9009    700   740   845  0     4101   4420
 9010    845   726   700  0     4101   4409
 9011    845   740   726  0     4101   4395
 9012    973   886   847  0     4102   4189
 9013    973   913   886  0     4102   4179
 9014    847   886   913  1     4102     -1
 9015    653   592   513  0     4103   4104
 9016    773   720   888  0     4105   4145
 9017    773   747   720  0     4105   4222
 9018    524   500   510  0     4106   4389
 9019    715   592   626  0     4107   4117
 9020    715   658   592  0     4107   4153
 9021    973   886   908  0     4108   4179
 9022    908   961   973  1     4108     -1
 9023    908   886   961  1     4108     -1
 9024    448   539   577  0     4110   4380
 9025    577   506   448  0     4110   4384
 9026    577   539   506  0     4110   4377
 9027    506   539   524  0     4111   4121
 9028    524   423   506  0     4111   4367
 9029    524   539   423  0     4111   4345
 9030    693   607   676  1     4112     -1
 9031    703   676   607  0     4112   4135
 9032    731   693   658  0     4113   4154
 9033    731   607   693  1     4113     -1
 9034    571   459   592  0     4114   4401
 9035    474   592   459  0     4114   4115
 9036    653   592   705  0     4116   4118
 9037    653   715   592  0     4116   4143
 9038    705   715   653  0     4116   4161
 9039    705   592   715  0     4116   4117
 9040    705   592   626  0     4117   4118
 9041    576   738   691  0     4119   4535
 9042    576   617   738  0     4119   4242
 9043    691   738   617  0     4119   4462
 9044    506   539   611  0     4120   4377
 9045    506   615   539  0     4120   4121
 9046    611   615   506  0     4120   4383
 9047    611   539   615  0     4120   4397
 9048    615   539   524  0     4121   4404
 9049    524   506   615  0     4121   4233
 9050    715   787   804  0     4122   4176
 9051    743   751   828  0     4123   4151
 9052    611   676   583  0     4124   4366
 9053    611   607   676  0     4124   4135
 9054    583   607   611  0     4124   4125
 9055    583   676   607  1     4124     -1
 9056    607   611   571  0     4125   4126
 9057    657   700   539  0     4127   4392
 9058    539   615   657  0     4127   4404
 9059    539   700   615  0     4127   4397
 9060    651   683   742  0     4128   4321
 9061    742   629   651  0     4128   4539
 9062    888   720   743  0     4129   4240
 9063    743   720   848  0     4129   4291
 9064    845   740   844  0     4130   4308
 9065    845   896   740  0     4130   4419
 9066    844   740   896  1     4130     -1
 9067    422   491   500  1     4131     -1
 9068    422   510   491  0     4131   4133
 9069    524   598   526  0     4132   4431
 9070    524   657   598  0     4132   4418
 9071    526   657   524  0     4132   4405
 9072    526   598   657  1     4132     -1
 9073    431   510   491  0     4133   4305
 9074    771   720   747  0     4134   4388
 9075    848   720   771  0     4134   4291
 9076    703   676   611  0     4135   4295
 9077    409   457   510  0     4136   4407
 9078    524   457   409  0     4136   4378
 9079    574   666   524  0     4137   4203
 9080    574   615   666  0     4137   4428
 9081    524   615   574  0     4137   4233
 9082    524   666   615  0     4137   4281
 9083    595   506   574  0     4138   4322
 9084    595   527   506  0     4138   4234
 9085    574   506   527  0     4138   4358
 9086    454   506   457  0     4139   4382
 9087    454   409   506  0     4139   4162
 9088    457   506   409  0     4139   4378
 9089    989   999   955  1     4140     -1
 9090    989   894   999  0     4140   4244
 9091    955   999   894  0     4140   4146
 9092    832   877   812  0     4141   4613
 9093    832   796   877  1     4141     -1
 9094    812   796   832  0     4141   4681
 9095    812   877   796  1     4141     -1
 9096    845   823   921  0     4142   4635
 9097    921   880   845  0     4142   4183
 9098    921   823   880  0     4142   4542
 9099    715   751   653  0     4143   4161
 9100    715   592   751  0     4143   4153
 9101    653   751   592  0     4143   4148
 9102    615   747   667  0     4144   4393
 9103    615   720   747  0     4144   4426
 9104    667   720   615  0     4144   4390
 9105    667   747   720  0     4144   4388
 9106    888   865   720  0     4145   4240
 9107    773   865   888  0     4145   4249
 9108    773   720   865  0     4145   4227
 9109    828   891   879  0     4147   4170
 9110    879   891   963  0     4147   4168
 9111    658   751   592  0     4148   4153
 9112    787   834   891  0     4149   4201
 9113    787   848   834  0     4149   4181
 9114    743   705   751  0     4150   4151
 9115    653   751   705  0     4150   4161
 9116    658   787   731  0     4152   4154
 9117    658   751   715  0     4153   4158
 9118    715   745   852  0     4155   4157
 9119    830   852   745  0     4155   4156
 9120    828   852   745  0     4156   4157
 9121    828   852   715  0     4157   4166
 9122    816   886   804  0     4159   4188
 9123    816   852   886  0     4159   4186
 9124    804   886   852  0     4159   4182
 9125    852   891   967  0     4160   4193
 9126    963   891   852  0     4160   4168
 9127    409   506   423  0     4162   4367
 9128    611   751   703  0     4163   4167
 9129    879   917   852  0     4164   4165
 9130    963   852   879  0     4165   4168
 9131    879   891   852  0     4168   4170
 9132    927   835   891  0     4169   4171
 9133    888   891   835  0     4169   4172
 9134    888   891   848  0     4172   4174
 9135    730   812   699  0     4173   4683
 9136    730   761   812  1     4173     -1
 9137    804   787   697  0     4175   4177
 9138    706   787   804  0     4176   4177
 9139    913   908   973  1     4179     -1
 9140    913   886   908  1     4179     -1
 9141    771   848   787  0     4180   4181
 9142    804   886   973  0     4182   4189
 9143    880   986   921  0     4183   4243
 9144    921   986   845  0     4183   4643
 9145    787   886   852  0     4184   4186
 9146    787   849   886  0     4184   4185
 9147    852   849   787  0     4184   4200
 9148    852   886   849  0     4184   4198
 9149    849   886   807  1     4185     -1
 9150    807   886   787  0     4185   4187
 9151    816   787   886  0     4186   4187
 9152    807   886   816  1     4187     -1
 9153    816   886   847  1     4188     -1
 9154    847   886   804  0     4188   4189
 9155    834   771   774  0     4190   4191
 9156    886   934   849  0     4192   4198
 9157    886   946   934  0     4192   4195
 9158    849   946   886  1     4192     -1
 9159    849   934   946  0     4192   4194
 9160    967   852   934  0     4193   4197
 9161    891   934   852  0     4193   4199
 9162    849   934   834  0     4194   4202
 9163    834   946   849  1     4194     -1
 9164    961   934   886  0     4195   4196
 9165    961   946   934  1     4195     -1
 9166    886   946   961  1     4195     -1
 9167    886   967   934  0     4196   4197
 9168    961   934   967  1     4196     -1
 9169    886   852   934  0     4197   4198
 9170    852   934   849  0     4198   4200
 9171    891   934   787  0     4199   4201
 9172    787   934   852  0     4199   4200
 9173    787   934   849  0     4200   4202
 9174    834   934   787  0     4201   4202
 9175    614   666   524  0     4203   4281
 9176    614   574   666  0     4203   4422
 9177    524   574   614  0     4203   4410
 9178    574   640   629  0     4204   4460
 9179    574   548   640  0     4204   4520
 9180    688   782   651  0     4205   4438
 9181    688   738   782  0     4205   4560
 9182    651   738   688  0     4205   4549
 9183    651   782   738  0     4205   4477
 9184    934   937   970  1     4207     -1
 9185    854   996   965  0     4208   4252
 9186    854   883   996  0     4208   4250
 9187    791   769   698  0     4209   4260
 9188    791   795   769  0     4209   4266
 9189    928   856   971  0     4210   4296
 9190    971   996   928  1     4210     -1
 9191    971   856   996  0     4210   4597
 9192    645   699   588  0     4211   4483
 9193    645   694   699  0     4211   4565
 9194    553   542   629  0     4212   4302
 9195    553   527   542  0     4212   4370
 9196    629   527   553  0     4212   4310
 9197    450   527   528  0     4213   4369
 9198    450   548   527  0     4213   4304
 9199    528   527   548  0     4213   4307
 9200    726   780   823  0     4214   4638
 9201    726   719   780  0     4214   4646
 9202    823   719   726  0     4214   4543
 9203    823   780   719  0     4214   4620
 9204    880   865   986  0     4215   4275
 9205    880   981   865  0     4215   4300
 9206    896   953   915  1     4216     -1
 9207    896   937   953  0     4216   4221
 9208    915   953   937  1     4216     -1
 9209    820   876   953  1     4217     -1
 9210    820  1003   876  0     4217   4442
 9211    953  1003   820  0     4217   4666
 9212    953   876  1003  0     4217   4540
 9213    476   569   435  0     4218   4491
 9214    476   436   569  0     4218   4506
 9215    522   508   499  0     4219   4459
 9216    522   588   508  0     4219   4484
 9217    499   508   588  0     4219   4478
 9218    623   762   627  1     4220     -1
 9219    623   699   762  0     4220   4670
 9220    627   699   623  0     4220   4480
 9221    627   762   699  0     4220   4671
 9222    896   845   953  0     4221   4664
 9223    937   953   845  0     4221   4667
 9224    773   666   720  0     4222   4365
 9225    773   747   666  0     4222   4496
 9226    720   666   747  0     4222   4426
 9227    513   577   506  0     4223   4225
 9228    429   506   577  0     4223   4384
 9229    443   506   577  0     4224   4225
 9230    443   542   506  0     4224   4361
 9231    577   542   443  0     4224   4376
 9232    577   506   542  0     4224   4229
 9233    769   887   720  0     4226   4236
 9234    743   887   769  0     4226   4258
 9235    865   806   720  0     4227   4237
 9236    773   806   865  0     4227   4313
 9237    773   720   806  0     4227   4327
 9238    657   740   774  1     4228     -1
 9239    774   740   700  0     4228   4420
 9240    542   595   506  0     4229   4333
 9241    577   506   595  0     4229   4259
 9242    576   569   533  0     4231   4529
 9243    620   653   667  0     4232   4284
 9244    574   506   615  0     4233   4322
 9245    527   506   454  0     4234   4358
 9246    454   506   595  0     4234   4333
 9247    627   699   588  0     4235   4446
 9248    627   522   699  0     4235   4480
 9249    588   522   627  0     4235   4455
 9250    588   699   522  0     4235   4481
 9251    887   720   806  0     4236   4237
 9252    806   769   887  0     4236   4264
 9253    806   720   769  0     4236   4238
 9254    887   865   806  0     4237   4289
 9255    845   700   771  0     4239   4282
 9256    888   865   743  0     4240   4268
 9257    838   826   856  0     4241   4536
 9258    856   782   838  0     4241   4541
 9259    856   826   782  0     4241   4486
 9260    617   624   576  0     4242   4465
 9261    617   738   624  0     4242   4547
 9262    986   971   880  0     4243   4275
 9263    986   921   971  1     4243     -1
 9264    989   920   999  1     4244     -1
 9265    930   965   999  1     4245     -1
 9266    785   826   883  0     4246   4299
 9267    785   803   826  0     4246   4416
 9268    883   826   803  0     4246   4298
 9269    888   972   887  0     4247   4255
 9270    888   981   972  0     4247   4254
 9271    887   981   888  0     4247   4287
 9272    887   972   981  0     4247   4261
 9273    954   996   969  1     4248     -1
 9274    883   969   996  0     4248   4608
 9275    880   865   888  0     4249   4300
 9276    880   773   865  0     4249   4297
 9277    883   996   856  0     4250   4591
 9278    651   548   528  0     4251   4464
 9279    528   548   629  0     4251   4307
 9280    854   996   930  0     4252   4253
 9281    965   930   996  1     4252     -1
 9282    928   996   930  1     4253     -1
 9283    997   981   972  1     4254     -1
 9284    743   769   620  0     4257   4347
 9285    620   711   743  0     4257   4280
 9286    620   769   711  0     4257   4335
 9287    835   769   743  0     4258   4265
 9288    835   887   769  0     4258   4263
 9289    595   615   506  0     4259   4322
 9290    577   506   615  0     4259   4383
 9291    713   769   698  0     4260   4339
 9292    981   928   972  1     4261     -1
 9293    887   972   928  0     4261   4262
 9294    928   930   972  1     4262     -1
 9295    835   791   769  0     4263   4266
 9296    887   769   791  0     4263   4264
 9297    835   769   795  0     4265   4266
 9298    806   865   854  0     4267   4289
 9299    806   856   865  0     4267   4315
 9300    854   856   806  0     4267   4317
 9301    888   865   887  0     4268   4287
 9302    806   683   785  0     4269   4278
 9303    528   683   600  0     4270   4334
 9304    600   651   528  0     4270   4461
 9305    600   683   651  0     4270   4316
 9306    569   656   521  0     4271   4556
 9307    569   582   656  0     4271   4517
 9308    521   582   569  0     4271   4523
 9309    521   656   582  1     4271     -1
 9310    738   776   863  0     4272   4531
 9311    738   826   776  0     4272   4579
 9312    863   826   738  0     4272   4625
 9313    863   776   826  0     4272   4586
 9314    632   553   631  0     4273   4324
 9315    683   553   600  0     4274   4334
 9316    880   865   971  0     4275   4580
 9317    611   667   771  0     4276   4277
 9318    785   742   683  0     4278   4330
 9319    806   742   785  0     4278   4318
 9320    686   624   619  0     4279   4329
 9321    619   651   686  0     4279   4325
 9322    614   615   524  0     4281   4283
 9323    614   666   615  0     4281   4381
 9324    845   700   747  0     4282   4409
 9325    524   598   615  0     4283   4418
 9326    653   667   643  0     4284   4286
 9327    854   865   887  0     4285   4289
 9328    888   865   981  0     4287   4300
 9329    928   971   865  0     4288   4296
 9330    981   971   928  1     4288     -1
 9331    741   785   686  0     4290   4331
 9332    624   688   569  0     4292   4545
 9333    624   640   688  0     4292   4518
 9334    569   640   624  0     4292   4466
 9335    569   688   640  0     4292   4421
 9336    726   666   747  0     4294   4544
 9337    726   700   666  0     4294   4396
 9338    747   700   726  0     4294   4409
 9339    747   666   700  0     4294   4415
 9340    676   700   703  0     4295   4391
 9341    676   611   700  0     4295   4379
 9342    856   971   865  0     4296   4505
 9343    823   865   880  0     4297   4309
 9344    823   773   865  0     4297   4585
 9345    863   826   803  0     4298   4586
 9346    785   826   854  0     4299   4571
 9347    574   454   457  0     4301   4382
 9348    574   527   454  0     4301   4358
 9349    450   553   542  0     4303   4371
 9350    414   553   450  0     4303   4323
 9351    456   527   450  0     4304   4306
 9352    456   548   527  0     4304   4311
 9353    450   548   456  0     4304   4354
 9354    510   522   431  0     4305   4497
 9355    456   527   457  0     4306   4311
 9356    528   527   629  0     4307   4310
 9357    844   774   740  1     4308     -1
 9358    845   740   774  0     4308   4420
 9359    823   838   880  0     4309   4542
 9360    823   865   838  0     4309   4585
 9361    880   838   865  0     4309   4580
 9362    528   527   553  0     4310   4370
 9363    647   563   632  0     4312   4343
 9364    806   742   773  0     4313   4327
 9365    806   865   742  0     4313   4315
 9366    773   742   865  0     4313   4314
 9367    865   856   742  0     4314   4315
 9368    773   856   865  0     4314   4562
 9369    773   742   856  0     4314   4522
 9370    856   742   806  0     4315   4317
 9371    683   651   686  0     4316   4321
 9372    600   686   651  0     4316   4325
 9373    854   742   806  0     4317   4318
 9374    854   856   742  0     4317   4474
 9375    854   742   785  0     4318   4571
 9376    722   838   719  0     4319   4639
 9377    722   782   838  0     4319   4332
 9378    719   782   722  0     4319   4564
 9379    719   838   782  0     4319   4572
 9380    629   742   773  0     4320   4467
 9381    773   720   629  0     4320   4365
 9382    773   742   720  0     4320   4327
 9383    683   742   686  0     4321   4330
 9384    651   686   742  0     4321   4567
 9385    574   595   615  0     4322   4428
 9386    528   553   450  0     4323   4371
 9387    702   686   619  0     4326   4329
 9388    704   762   699  0     4328   4670
 9389    704   730   762  1     4328     -1
 9390    699   762   730  0     4328   4684
 9391    742   686   785  0     4330   4594
 9392    672   686   741  0     4331   4357
 9393    783   838   722  0     4332   4629
 9394    722   782   783  0     4332   4413
 9395    454   506   542  0     4333   4361
 9396    769   632   620  0     4335   4347
 9397    769   711   632  0     4335   4340
 9398    643   632   698  0     4336   4351
 9399    643   570   632  0     4336   4348
 9400    698   632   570  0     4336   4337
 9401    570   670   632  0     4337   4341
 9402    698   632   670  0     4337   4338
 9403    698   632   713  0     4338   4339
 9404    713   632   670  0     4338   4342
 9405    713   769   632  0     4339   4340
 9406    698   632   769  0     4339   4346
 9407    670   632   563  0     4341   4343
 9408    647   632   670  0     4342   4343
 9409    667   611   595  0     4344   4364
 9410    769   743   632  0     4346   4347
 9411    698   632   743  0     4346   4351
 9412    743   632   620  0     4347   4350
 9413    575   632   643  0     4348   4349
 9414    575   570   632  0     4348   4375
 9415    643   620   632  0     4349   4350
 9416    643   743   632  0     4350   4351
 9417    450   542   527  0     4353   4369
 9418    476   548   456  0     4354   4445
 9419    620   595   575  0     4355   4359
 9420    741   631   672  0     4356   4357
 9421    574   506   454  0     4358   4382
 9422    720   595   620  0     4360   4363
 9423    720   667   595  0     4360   4390
 9424    443   542   454  0     4361   4368
 9425    459   539   448  0     4362   4380
 9426    459   571   539  0     4362   4401
 9427    720   595   629  0     4363   4430
 9428    667   615   595  0     4364   4390
 9429    629   666   720  0     4365   4430
 9430    629   773   666  0     4365   4528
 9431    611   676   539  0     4366   4408
 9432    583   539   676  0     4366   4403
 9433    409   506   524  0     4367   4378
 9434    450   542   528  0     4369   4371
 9435    528   542   527  0     4369   4370
 9436    528   542   553  0     4370   4371
 9437    502   542   570  0     4372   4373
 9438    570   542   632  0     4372   4375
 9439    570   471   542  0     4373   4374
 9440    575   542   570  0     4374   4375
 9441    577   611   506  0     4377   4383
 9442    577   539   611  0     4377   4398
 9443    657   611   700  0     4379   4392
 9444    676   611   657  0     4379   4408
 9445    459   539   577  0     4380   4399
 9446    615   726   666  0     4381   4396
 9447    614   666   726  0     4381   4651
 9448    447   500   526  1     4385     -1
 9449    524   526   500  0     4385   4431
 9450    447   526   583  1     4386     -1
 9451    583   526   539  0     4386   4402
 9452    569   640   509  0     4387   4424
 9453    569   548   640  0     4387   4466
 9454    509   640   548  0     4387   4520
 9455    524   500   598  0     4389   4431
 9456    720   615   595  0     4390   4429
 9457    611   700   539  0     4392   4397
 9458    539   657   611  0     4392   4408
 9459    747   700   615  0     4393   4415
 9460    574   509   548  0     4394   4520
 9461    845   740   820  0     4395   4419
 9462    820   740   726  0     4395   4448
 9463    700   666   615  0     4396   4415
 9464    611   592   539  0     4398   4400
 9465    577   539   592  0     4398   4399
 9466    459   539   592  0     4399   4401
 9467    592   539   571  0     4400   4401
 9468    526   657   583  1     4402     -1
 9469    526   539   657  0     4402   4405
 9470    583   657   539  0     4402   4403
 9471    583   657   676  1     4403     -1
 9472    676   657   539  0     4403   4408
 9473    615   657   524  0     4404   4418
 9474    524   657   539  0     4404   4405
 9475    614   509   574  0     4406   4423
 9476    574   510   614  0     4406   4410
 9477    845   726   747  0     4409   4412
 9478    747   823   726  0     4412   4543
 9479    722   782   688  0     4413   4564
 9480    688   783   722  0     4413   4583
 9481    688   782   783  0     4413   4560
 9482    404   385   508  0     4414   4482
 9483    747   666   615  0     4415   4426
 9484    702   826   785  0     4416   4570
 9485    702   803   826  0     4416   4559
 9486    740   657   598  1     4417     -1
 9487    820   896   740  1     4419     -1
 9488    845   896   820  0     4419   4665
 9489    569   688   656  0     4421   4495
 9490    640   656   688  0     4421   4469
 9491    574   640   614  0     4422   4423
 9492    574   666   640  0     4422   4460
 9493    574   640   509  0     4423   4520
 9494    509   569   588  0     4424   4521
 9495    885   873   898  0     4425   4475
 9496    885   938   873  0     4425   4616
 9497    898   938   885  0     4425   4631
 9498    898   873   938  0     4425   4644
 9499    720   666   615  0     4426   4429
 9500    629   666   574  0     4427   4460
 9501    629   595   666  0     4427   4430
 9502    574   666   595  0     4427   4428
 9503    595   615   666  0     4428   4429
 9504    720   666   595  0     4429   4430
 9505    526   500   598  1     4431     -1
 9506    457   509   404  0     4432   4436
 9507    404   509   431  0     4432   4499
 9508    499   389   522  0     4433   4453
 9509    455   522   389  1     4433     -1
 9510    451   543   499  1     4434     -1
 9511    435   504   533  0     4435   4488
 9512    463   533   504  0     4435   4515
 9513    456   509   404  0     4436   4489
 9514    493   529   435  0     4437   4452
 9515    435   529   533  0     4437   4530
 9516    742   782   651  0     4438   4567
 9517    742   688   782  0     4438   4443
 9518    651   688   742  0     4438   4561
 9519    499   645   536  1     4440     -1
 9520    588   645   499  0     4440   4478
 9521    435   533   476  0     4441   4491
 9522    873   876   820  0     4442   4674
 9523    873  1003   876  0     4442   4669
 9524    719   782   742  0     4443   4546
 9525    719   688   782  0     4443   4564
 9526    742   688   719  0     4443   4561
 9527    623   704   699  0     4444   4670
 9528    623   645   704  1     4444     -1
 9529    699   645   623  0     4444   4483
 9530    476   569   456  0     4445   4506
 9531    588   627   614  0     4446   4456
 9532    601   529   576  0     4447   4533
 9533    601   617   529  1     4447     -1
 9534    576   529   617  0     4447   4465
 9535    740   638   820  1     4448     -1
 9536    820   638   726  0     4448   4678
 9537    803   776   863  0     4449   4586
 9538    803   860   776  0     4449   4573
 9539    863   776   860  1     4449     -1
 9540    924   877   885  0     4450   4688
 9541    924   832   877  1     4450     -1
 9542    885   832   924  0     4450   4685
 9543    885   877   832  0     4450   4613
 9544    552   533   600  0     4451   4472
 9545    435   390   529  0     4452   4507
 9546    493   529   390  1     4452     -1
 9547    440   522   499  0     4453   4459
 9548    440   389   522  1     4453     -1
 9549    499   389   440  0     4453   4494
 9550    614   627   510  0     4454   4456
 9551    510   627   638  0     4454   4458
 9552    510   627   588  0     4455   4456
 9553    588   522   510  0     4455   4484
 9554    491   627   598  1     4457     -1
 9555    598   627   510  0     4457   4458
 9556    598   627   638  1     4458     -1
 9557    440   508   499  0     4459   4494
 9558    440   522   508  0     4459   4500
 9559    651   528   533  0     4461   4508
 9560    600   533   528  0     4461   4472
 9561    738   776   691  0     4462   4584
 9562    691   776   617  1     4462     -1
 9563    651   719   640  0     4463   4553
 9564    629   719   651  0     4463   4539
 9565    651   624   528  0     4464   4508
 9566    651   548   624  0     4464   4471
 9567    529   617   624  0     4465   4512
 9568    624   548   640  0     4466   4471
 9569    629   719   773  0     4467   4528
 9570    629   742   719  0     4467   4539
 9571    773   719   742  0     4467   4546
 9572    688   656   738  0     4468   4569
 9573    688   617   656  0     4468   4495
 9574    738   617   688  0     4468   4547
 9575    738   656   617  0     4468   4476
 9576    722   688   640  0     4469   4548
 9577    722   656   688  0     4469   4557
 9578    782   826   854  0     4470   4486
 9579    782   742   826  0     4470   4593
 9580    854   742   782  0     4470   4474
 9581    854   826   742  0     4470   4571
 9582    651   640   624  0     4471   4518
 9583    856   782   854  0     4474   4486
 9584    856   742   782  0     4474   4522
 9585    837   873   898  0     4475   4656
 9586    837   885   873  0     4475   4622
 9587    898   885   837  0     4475   4631
 9588    656   757   738  0     4476   4569
 9589    656   617   757  1     4476     -1
 9590    651   782   686  0     4477   4567
 9591    686   782   738  0     4477   4587
 9592    588   645   508  0     4478   4510
 9593    522   623   588  0     4479   4481
 9594    522   536   623  1     4479     -1
 9595    522   623   627  1     4480     -1
 9596    522   699   623  0     4480   4481
 9597    588   699   623  0     4481   4483
 9598    499   508   404  0     4482   4493
 9599    588   508   510  0     4484   4485
 9600    510   508   522  0     4484   4497
 9601    510   509   508  0     4485   4498
 9602    588   508   509  0     4485   4521
 9603    463   552   533  0     4487   4515
 9604    576   504   533  0     4488   4516
 9605    456   508   404  0     4489   4490
 9606    456   509   508  0     4489   4527
 9607    404   508   509  0     4489   4499
 9608    456   508   436  0     4490   4526
 9609    435   533   569  0     4491   4530
 9610    440   508   404  0     4492   4504
 9611    440   389   508  0     4492   4494
 9612    404   508   389  0     4492   4493
 9613    499   508   389  0     4493   4494
 9614    617   656   569  0     4495   4556
 9615    569   688   617  0     4495   4545
 9616    666   719   747  0     4496   4544
 9617    666   773   719  0     4496   4528
 9618    510   508   431  0     4497   4498
 9619    431   508   522  0     4497   4500
 9620    431   509   508  0     4498   4499
 9621    404   508   431  0     4499   4502
 9622    431   508   440  0     4500   4503
 9623    435   529   479  0     4501   4507
 9624    404   508   366  0     4502   4504
 9625    366   508   431  0     4502   4503
 9626    366   508   440  0     4503   4504
 9627    971   838   856  0     4505   4519
 9628    971   865   838  0     4505   4580
 9629    856   838   865  0     4505   4562
 9630    436   569   456  0     4506   4526
 9631    479   390   529  1     4507     -1
 9632    645   582   508  0     4509   4510
 9633    645   543   582  1     4509     -1
 9634    508   582   543  0     4509   4524
 9635    823   838   773  0     4511   4585
 9636    823   719   838  0     4511   4620
 9637    773   838   719  0     4511   4572
 9638    617   624   569  0     4512   4545
 9639    569   529   617  0     4512   4534
 9640    479   521   451  1     4513     -1
 9641    451   521   436  0     4513   4514
 9642    651   688   624  0     4518   4549
 9643    651   640   688  0     4518   4553
 9644    971   911   856  0     4519   4597
 9645    971   838   911  0     4519   4563
 9646    856   911   838  0     4519   4536
 9647    509   569   508  0     4521   4527
 9648    773   782   856  0     4522   4541
 9649    773   742   782  0     4522   4546
 9650    521   543   569  0     4523   4525
 9651    582   543   521  1     4523     -1
 9652    582   569   543  0     4523   4524
 9653    508   569   543  0     4524   4525
 9654    456   508   569  0     4526   4527
 9655    533   529   569  0     4529   4530
 9656    757   776   863  1     4531     -1
 9657    863   738   757  0     4531   4628
 9658    770   762   873  0     4532   4598
 9659    770   780   762  0     4532   4680
 9660    873   780   770  0     4532   4673
 9661    873   762   780  0     4532   4679
 9662    601   529   493  1     4533     -1
 9663    617   521   529  1     4534     -1
 9664    569   521   617  0     4534   4556
 9665    826   911   838  0     4536   4578
 9666    780   873   838  0     4537   4652
 9667    780   898   873  0     4537   4658
 9668    838   898   780  0     4537   4619
 9669    838   873   898  0     4537   4538
 9670    873  1003   838  0     4538   4662
 9671    873   898  1003  0     4538   4632
 9672    838  1003   898  0     4538   4637
 9673    651   742   719  0     4539   4561
 9674    876   982   953  1     4540     -1
 9675    876  1003   982  0     4540   4633
 9676    953   982  1003  1     4540     -1
 9677    773   838   856  0     4541   4562
 9678    773   782   838  0     4541   4572
 9679    823   838   921  0     4542   4663
 9680    747   719   726  0     4543   4544
 9681    726   666   719  0     4544   4646
 9682    617   624   688  0     4545   4547
 9683    719   782   773  0     4546   4572
 9684    624   688   738  0     4547   4549
 9685    640   719   688  0     4548   4553
 9686    722   688   719  0     4548   4564
 9687    969   874   863  0     4550   4576
 9688    969   987   874  0     4550   4588
 9689    656   737   694  1     4551     -1
 9690    694   688   656  0     4551   4557
 9691    694   737   688  0     4551   4555
 9692    686   826   702  0     4552   4570
 9693    686   782   826  0     4552   4593
 9694    702   782   686  0     4552   4587
 9695    702   826   782  0     4552   4574
 9696    719   688   651  0     4553   4561
 9697    694   783   722  0     4554   4624
 9698    694   737   783  0     4554   4630
 9699    722   737   694  0     4554   4555
 9700    722   783   737  0     4554   4583
 9701    722   688   694  0     4555   4557
 9702    722   737   688  0     4555   4583
 9703    521   617   656  1     4556     -1
 9704    722   656   694  0     4557   4558
 9705    702   738   826  0     4559   4574
 9706    803   826   738  0     4559   4579
 9707    688   738   783  0     4560   4581
 9708    865   773   838  0     4562   4585
 9709    838  1010   971  0     4563   4605
 9710    838   911  1010  0     4563   4617
 9711    971  1010   911  1     4563     -1
 9712    699   761   694  0     4565   4604
 9713    694   761   645  1     4565     -1
 9714    875   837   737  1     4566     -1
 9715    737   783   875  0     4566   4621
 9716    737   837   783  0     4566   4640
 9717    686   742   782  0     4567   4593
 9718    980   874   931  1     4568     -1
 9719    980   969   874  0     4568   4588
 9720    931   969   980  1     4568     -1
 9721    931   874   969  0     4568   4576
 9722    688   757   738  0     4569   4581
 9723    785   686   826  0     4570   4594
 9724    785   826   742  0     4571   4594
 9725    860   776   691  1     4573     -1
 9726    691   776   803  0     4573   4584
 9727    702   738   782  0     4574   4587
 9728    957   924   876  0     4575   4634
 9729    957   982   924  1     4575     -1
 9730    876   982   957  0     4575   4633
 9731    876   924   982  1     4575     -1
 9732    931   874   863  1     4576     -1
 9733    987   996   911  1     4577     -1
 9734    856   996   987  0     4577   4607
 9735    856   911   996  0     4577   4597
 9736    838   898   911  0     4578   4617
 9737    826   898   838  0     4578   4612
 9738    826   776   803  0     4579   4586
 9739    803   776   738  0     4579   4584
 9740    688   757   783  0     4581   4582
 9741    738   783   757  0     4581   4627
 9742    737   783   688  0     4582   4583
 9743    737   757   783  0     4582   4621
 9744    980   987   874  0     4588   4589
 9745    969   987   980  1     4588     -1
 9746    987   874  1010  0     4589   4603
 9747   1010   980   987  1     4589     -1
 9748   1010   874   980  0     4589   4590
 9749    980   898   874  0     4590   4596
 9750   1010   874   898  0     4590   4603
 9751    996   826   883  0     4591   4609
 9752    996   856   826  0     4591   4607
 9753    875   874   898  0     4592   4596
 9754    875   783   874  0     4592   4602
 9755    742   826   686  0     4593   4594
 9756    911  1010   987  1     4595     -1
 9757    911   898  1010  0     4595   4617
 9758    987  1010   898  0     4595   4603
 9759    980   875   874  1     4596     -1
 9760    898   875   980  0     4596   4611
 9761    971   911   996  1     4597     -1
 9762    762   832   770  1     4598     -1
 9763    762   873   832  0     4598   4659
 9764    942   969  1012  1     4599     -1
 9765    942   899   969  0     4599   4600
 9766    954   969   942  1     4600     -1
 9767    898  1003   921  0     4601   4637
 9768    898   957  1003  0     4601   4632
 9769    921   957   898  0     4601   4642
 9770    921  1003   957  1     4601     -1
 9771    783   874   757  0     4602   4627
 9772    757   875   783  0     4602   4621
 9773    757   874   875  1     4602     -1
 9774    987   874   898  0     4603   4606
 9775    722   761   694  0     4604   4624
 9776    722   699   761  0     4604   4660
 9777    971   898  1010  0     4605   4649
 9778    838  1010   898  0     4605   4617
 9779    996   987   826  0     4607   4609
 9780    883   987   996  0     4608   4609
 9781    883   969   987  0     4608   4610
 9782    996   987   969  1     4608     -1
 9783    883   987   826  0     4609   4610
 9784    980   938   875  1     4611     -1
 9785    875   938   898  0     4611   4618
 9786    783   898   838  0     4612   4619
 9787    885   877   812  1     4613     -1
 9788    812   832   885  0     4613   4682
 9789    780   873   820  0     4614   4673
 9790    780   823   873  0     4614   4652
 9791    820   823   780  0     4614   4638
 9792    938   951   873  0     4615   4616
 9793    938   957   951  1     4615     -1
 9794    873   957   938  0     4615   4644
 9795    873   951   957  0     4615   4689
 9796    873   885   951  0     4616   4690
 9797    938   951   885  1     4616     -1
 9798    875   938   837  1     4618     -1
 9799    898   837   938  0     4618   4631
 9800    898   780   783  0     4619   4658
 9801    783   780   838  0     4619   4629
 9802    838   780   719  0     4620   4639
 9803    838   823   780  0     4620   4652
 9804    757   875   737  1     4621     -1
 9805    885   812   837  1     4622     -1
 9806    885   873   812  0     4622   4682
 9807    837   812   873  0     4622   4653
 9808    699   832   873  0     4623   4659
 9809    699   812   832  0     4623   4683
 9810    873   832   812  0     4623   4682
 9811    694   783   761  0     4624   4630
 9812    722   761   783  0     4624   4641
 9813    863   874   738  0     4625   4628
 9814    738   874   826  0     4625   4626
 9815    738   874   783  0     4626   4627
 9816    738   874   757  0     4627   4628
 9817    863   874   757  1     4628     -1
 9818    783   780   722  0     4629   4657
 9819    722   780   838  0     4629   4639
 9820    737   761   694  1     4630     -1
 9821    737   783   761  0     4630   4640
 9822    938   885   837  1     4631     -1
 9823    873   957  1003  0     4632   4669
 9824    898   957   873  0     4632   4644
 9825   1003   982   957  1     4633     -1
 9826    957   876  1003  0     4633   4669
 9827    876   873   924  0     4634   4686
 9828    957   873   876  0     4634   4669
 9829    957   924   873  0     4634   4689
 9830    845  1003   921  0     4635   4643
 9831    845   823  1003  0     4635   4636
 9832    921  1003   823  0     4635   4663
 9833    820  1003   845  0     4636   4665
 9834    838  1003   921  0     4637   4663
 9835    726   780   820  0     4638   4675
 9836    722   780   719  0     4639   4645
 9837    783   761   837  0     4640   4641
 9838    737   837   761  1     4640     -1
 9839    722   837   783  0     4641   4655
 9840    722   761   837  0     4641   4661
 9841    921   957   971  1     4642     -1
 9842    971   957   898  0     4642   4649
 9843    986  1003   921  1     4643     -1
 9844    986   845  1003  0     4643   4668
 9845    719   666   780  0     4645   4646
 9846    722   780   666  0     4645   4650
 9847    666   780   726  0     4646   4651
 9848    726   780   614  0     4647   4651
 9849    726   699   780  0     4647   4676
 9850    614   780   699  0     4647   4648
 9851    699   722   780  0     4648   4654
 9852    614   780   722  0     4648   4650
 9853    971   957  1010  1     4649     -1
 9854    614   780   666  0     4650   4651
 9855    823   873   838  0     4652   4662
 9856    837   761   873  0     4653   4661
 9857    837   812   761  1     4653     -1
 9858    722   873   699  0     4654   4660
 9859    722   780   873  0     4654   4657
 9860    699   873   780  0     4654   4679
 9861    722   873   783  0     4655   4657
 9862    722   837   873  0     4655   4661
 9863    783   873   837  0     4655   4656
 9864    783   873   898  0     4656   4658
 9865    783   780   873  0     4657   4658
 9866    762   699   832  0     4659   4684
 9867    873   699   762  0     4659   4679
 9868    722   873   761  0     4660   4661
 9869    823  1003   838  0     4662   4663
 9870    953  1003   845  0     4664   4667
 9871    953   896  1003  0     4664   4666
 9872    845  1003   896  0     4664   4665
 9873    820  1003   896  0     4665   4666
 9874    820   953   896  1     4666     -1
 9875    953  1003   937  1     4667     -1
 9876    937  1003   845  0     4667   4668
 9877    937  1003   986  1     4668     -1
 9878    704   762   623  1     4670     -1
 9879    699   770   762  0     4671   4680
 9880    627   770   699  0     4671   4672
 9881    627   762   770  1     4671     -1
 9882    627   770   726  0     4672   4677
 9883    726   770   699  0     4672   4676
 9884    780   770   820  0     4673   4675
 9885    820   770   873  0     4673   4674
 9886    820   770   876  1     4674     -1
 9887    726   770   820  0     4675   4678
 9888    726   780   770  0     4675   4676
 9889    699   780   770  0     4676   4680
 9890    627   770   638  1     4677     -1
 9891    638   770   726  0     4677   4678
 9892    638   770   820  1     4678     -1
 9893    699   762   780  0     4679   4680
 9894    796   832   730  1     4681     -1
 9895    730   812   796  1     4681     -1
 9896    730   832   812  0     4681   4683
 9897    873   832   885  0     4682   4685
 9898    730   832   699  0     4683   4684
 9899    730   832   762  1     4684     -1
 9900    873   924   885  0     4685   4690
 9901    873   832   924  0     4685   4686
 9902    924   876   832  1     4686     -1
 9903   1013   951   924  1     4687     -1
 9904   1013   877   951  1     4687     -1
 9905    924   877  1013  1     4687     -1
 9906    924   951   877  0     4687   4688
 9907    924   951   885  0     4688   4690
 9908    885   951   877  1     4688     -1
 9909    924   951   957  1     4689     -1
 9910    924   873   951  0     4689   4690
# Generated by c:\dev\polylla3D\tetgen\build\tetgen.exe -fzenn c:\dev\polylla3D\data\1000poisson.node 
