3687  1
    0    381   184   148  0        0    447
    1    381   384   184  0        0    213
    2    148   384   381  0        0    444
    3    148   184   384  0        0    446
    4    212    82   227  0        1    641
    5    212   228    82  0        1    639
    6    227   228   212  0        1    586
    7    227    82   228  0        1   1379
    8    402   409    34  0        2    996
    9    402    96   409  0        2    990
   10     34    96   402  0        2   1006
   11     34   409    96  0        2   1039
   12    406   179    76  0        3    401
   13    406   405   179  0        3    567
   14     76   405   406  0        3    279
   15     76   179   405  0        3    580
   16    296   324   399  0        4    408
   17    296   278   324  0        4     23
   18    399   278   296  0        4    158
   19    399   324   278  0        4   1489
   20    170   408   216  0        5     60
   21    170    31   408  0        5    215
   22    216    31   170  0        5    188
   23    216   408    31  0        5    236
   24    253   120   399  0        6    404
   25    253   324   120  0        6    346
   26    399   324   253  0        6    408
   27    399   120   324  0        6    409
   28    370   150   230  0        7   1439
   29    370   383   150  0        7    189
   30    230   383   370  0        7   1417
   31    230   150   383  0        7   1354
   32     75    43   130  0        8    342
   33     75   127    43  0        8   1615
   34    130   127    75  0        8    264
   35    130    43   127  0        8     82
   36    344   380   179  0        9    661
   37    344   271   380  0        9    681
   38    179   271   344  0        9    646
   39    179   380   271  0        9    659
   40    212   362   269  0       10    590
   41    212   165   362  0       10   1342
   42    269   165   212  0       10    569
   43    269   362   165  0       10    739
   44     64   117   220  1       11     -1
   45     64   323   117  0       11    776
   46    220   323    64  0       11    851
   47    220   117   323  0       11    854
   48    233   322   180  0       12    865
   49    233    41   322  0       12    778
   50    180    41   233  0       12    753
   51    180   322    41  0       12    867
   52     17   258   127  0       13    271
   53     17    73   258  0       13   1068
   54    127    73    17  0       13    900
   55    127   258    73  0       13    782
   56    184   120    76  0       14    335
   57    184   381   120  0       14    414
   58     76   381   184  0       14    213
   59     76   120   381  0       14    441
   60    297   292   141  0       15    998
   61    297   264   292  0       15    985
   62    141   264   297  0       15    989
   63    141   292   264  0       15   1032
   64    383   300   280  0       16   1275
   65    383   143   300  0       16    120
   66    280   143   383  0       16   1381
   67    280   300   143  0       16   1531
   68     36   201   211  0       17    843
   69     36   133   201  1       17     -1
   70    211   133    36  0       17    378
   71    211   201   133  0       17    104
   72    331   147   190  0       18    597
   73    331    93   147  0       18    859
   74    190    93   331  0       18    550
   75    190   147    93  0       18    861
   76    266   236   128  0       19    667
   77    266   229   236  0       19    629
   78    128   229   266  0       19    312
   79    128   236   229  1       19     -1
   80    190   319   152  0       20    117
   81    190   390   319  0       20    298
   82    152   390   190  0       20    462
   83    152   319   390  0       20    468
   84     25   295   287  0       21    581
   85     25   274   295  0       21   1044
   86    287   274    25  0       21    948
   87    287   295   274  0       21    823
   88    253   324   296  0       22    408
   89    253   224   324  0       22    475
   90    296   224   253  0       22    426
   91    296   324   224  0       22     23
   92    224   278   324  0       23    106
   93    296   278   224  0       23    139
   94    193   200    16  0       24    432
   95    193   335   200  0       24    364
   96     16   335   193  0       24    287
   97     16   200   335  1       24     -1
   98    205    39   376  0       25    101
   99    205   327    39  0       25    418
  100    376   327   205  0       25    353
  101    376    39   327  0       25    512
  102    301   335   330  0       26    337
  103    301    16   335  1       26     -1
  104    330    16   301  0       26    330
  105    330   335    16  0       26    191
  106    330    16   376  0       27    191
  107    330   193    16  1       27     -1
  108    376   193   330  0       27     30
  109    376    16   193  0       27    287
  110    213   104   214  0       28   1144
  111    213   195   104  0       28   1129
  112    214   195   213  0       28   1136
  113    214   104   195  0       28   1139
  114     95   208   358  0       29   1570
  115     95    71   208  0       29   1057
  116    358    71    95  0       29   1103
  117    358   208    71  0       29   1096
  118    376   131   330  0       30    170
  119    376   193   131  0       30    391
  120    330   131   193  1       30     -1
  121    378   158   209  1       31     -1
  122    378   324   158  0       31    488
  123    209   324   378  0       31   1478
  124    209   158   324  0       31    463
  125    185     1   102  1       32     -1
  126    185   119     1  0       32   1668
  127    102   119   185  0       32   1707
  128    102     1   119  1       32     -1
  129     50    71   135  0       33    137
  130     50   358    71  0       33    135
  131    135   358    50  0       33    177
  132    135    71   358  0       33   1102
  133    146   389   194  0       34   1000
  134    146   397   389  0       34    994
  135    194   397   146  0       34    951
  136    194   389   397  0       34   1004
  137    107   136   410  0       35   1306
  138    107   362   136  0       35   1312
  139    410   362   107  0       35    593
  140    410   136   362  0       35    146
  141    109    84   397  0       36   1013
  142    109   389    84  0       36   1352
  143    397   389   109  0       36   1209
  144    397    84   389  0       36   1202
  145    334    88   303  0       37    515
  146    334   390    88  0       37    294
  147    303   390   334  0       37    466
  148    303    88   390  0       37    542
  149    372    20   379  0       38    835
  150    372   133    20  0       38    841
  151    379   133   372  0       38    691
  152    379    20   133  0       38    916
  153    343   374   207  0       39    763
  154    343   391   374  0       39     68
  155    207   391   343  0       39    749
  156    207   374   391  0       39    775
  157    319   340    30  0       40   1302
  158    319    88   340  0       40   1376
  159     30    88   319  0       40    470
  160     30   340    88  0       40   1276
  161     95    81    19  0       41   1327
  162     95    57    81  0       41   1198
  163     19    57    95  0       41   1592
  164     19    81    57  0       41    744
  165    124   233   168  0       42    420
  166    124   388   233  0       42    688
  167    168   388   124  0       42    676
  168    168   233   388  0       42    684
  169     62   202   327  0       43    325
  170     62    65   202  0       43    322
  171    327    65    62  0       43    320
  172    327   202    65  0       43    321
  173     30   290   386  0       44   1456
  174     30   312   290  0       44   1516
  175    386   312    30  0       44   1488
  176    386   290   312  0       44    132
  177    212   107   168  0       45    607
  178    212   362   107  0       45   1312
  179    168   362   212  0       45    590
  180    168   107   362  0       45    417
  181    178   123   109  0       46   1350
  182    178   103   123  0       46   1283
  183    109   103   178  0       46   1304
  184    109   123   103  0       46   1353
  185      0   114   275  1       47     -1
  186      0   247   114  1       47     -1
  187    275   247     0  0       47    196
  188    275   114   247  0       47    257
  189      8   137   173  0       48   1583
  190      8   178   137  0       48   1553
  191    173   178     8  0       48   1085
  192    173   137   178  0       48   1569
  193    110   241   108  0       49   1650
  194    110   175   241  0       49   1618
  195    108   175   110  0       49    283
  196    108   241   175  1       49     -1
  197     74   146   194  0       50    909
  198     74   166   146  0       50   1184
  199    194   166    74  0       50   1164
  200    194   146   166  0       50    951
  201     77   225    94  0       51   1250
  202     77   217   225  0       51   1326
  203     94   217    77  0       51   1219
  204     94   225   217  0       51   1363
  205     58   202   115  0       52     53
  206     58   275   202  0       52     92
  207    115   275    58  1       52     -1
  208    115   202   275  0       52    360
  209    115   330   202  0       53    357
  210     58   330   115  1       53     -1
  211     58   202   330  0       53     67
  212     58   202   110  0       54    222
  213     58   205   202  0       54     67
  214    110   205    58  0       54    275
  215    110   202   205  0       54    327
  216     65   202   187  0       55    286
  217     65   170   202  0       55    322
  218    187   170    65  0       55    343
  219    187   202   170  0       55    354
  220    266   344   406  0       56    405
  221    266    42   344  0       56    451
  222    406    42   266  0       56    557
  223    406   344    42  0       56    212
  224     63   200   376  0       57    186
  225     63   335   200  1       57     -1
  226    376   335    63  0       57    362
  227    376   200   335  0       57    364
  228    218   353   134  0       58   1207
  229    218   109   353  0       58   1221
  230    134   109   218  0       58   1188
  231    134   353   109  0       58   1148
  232    376   364   205  0       59    101
  233    376   131   364  0       59    391
  234    205   131   376  0       59    170
  235    205   364   131  0       59    123
  236    170   118   216  0       60    112
  237    170   408   118  0       60    226
  238    216   118   408  0       60    159
  239     47   192   189  0       61    152
  240     47   235   192  0       61   1683
  241    189   235    47  0       61   1675
  242    189   192   235  0       61   1101
  243    409   295   274  0       62    944
  244    409   304   295  0       62    925
  245    274   304   409  0       62   1018
  246    274   295   304  0       62    823
  247     43   152   140  0       63   1600
  248     43   263   152  0       63     65
  249    140   263    43  0       63   1637
  250    140   152   263  0       63    173
  251     96    35   237  0       64     70
  252     96   281    35  0       64   1211
  253    237   281    96  0       64     80
  254    237    35   281  0       64   1212
  255    263   152   110  0       65    144
  256    110    43   263  0       65   1648
  257    110   152    43  0       65    331
  258    237   164   281  0       66   1220
  259    237   218   164  0       66   1223
  260    281   218   237  0       66   1212
  261    281   164   218  0       66   1199
  262    330   205   202  0       67    351
  263     58   205   330  0       67    261
  264    391   198   343  0       68    116
  265    391   374   198  0       68    311
  266    343   198   374  0       68    779
  267    199   218   397  0       69   1156
  268    199    37   218  0       69    164
  269    397    37   199  0       69   1153
  270    397   218    37  0       69   1151
  271    153    35   237  0       70    205
  272    153    96    35  0       70   1213
  273    237    96   153  0       70    498
  274    267   321   398  0       71    830
  275    267   320   321  0       71    313
  276    398   320   267  0       71    814
  277    398   321   320  0       71    838
  278    288   308    38  0       72   1022
  279    288   197   308  0       72    876
  280     38   197   288  1       72     -1
  281     38   308   197  0       72    959
  282    295   298   346  0       73   1049
  283    295    34   298  0       73   1034
  284    346    34   295  0       73    931
  285    346   298    34  0       73   1064
  286    344    90   266  0       74    665
  287    344   236    90  0       74    666
  288    266   236   344  0       74    405
  289    266    90   236  0       74    667
  290    371   352   387  0       75    705
  291    371   309   352  0       75    732
  292    387   309   371  0       75    734
  293    387   352   309  0       75    718
  294    379    32   248  0       76    806
  295    379   345    32  0       76    787
  296    248   345   379  0       76    293
  297    248    32   345  0       76    809
  298    168   309   403  0       77    610
  299    168   388   309  0       77    652
  300    403   388   168  0       77    674
  301    403   309   388  0       77    714
  302    406   380   236  0       78    632
  303    406   270   380  0       78    660
  304    236   270   406  0       78    647
  305    236   380   270  1       78     -1
  306    183    59   276  0       79   1714
  307    183   368    59  0       79   1562
  308    276   368   183  0       79   1505
  309    276    59   368  0       79    737
  310    281    96   138  0       80    793
  311    138   237   281  0       80   1220
  312    138    96   237  0       80    885
  313    329    97   234  0       81   1582
  314    329   244    97  0       81   1542
  315    234   244   329  0       81   1080
  316    234    97   244  0       81   1559
  317    130   101   127  0       82    828
  318    130    43   101  0       82    235
  319    127   101    43  0       82   1678
  320     64   248   379  0       83    293
  321     64   118   248  0       83     90
  322    379   118    64  0       83    169
  323    379   248   118  0       83    220
  324    372   133   220  0       84    562
  325    372    45   133  0       84    841
  326    220    45   372  1       84     -1
  327    220   133    45  0       84    842
  328    406   266   184  0       85    557
  329    406   229   266  0       85    629
  330    184   229   406  0       85    465
  331    184   266   229  0       85    585
  332    321   201   267  0       86    911
  333    321   133   201  0       86    104
  334    267   133   321  0       86    808
  335    267   201   133  1       86     -1
  336    158   228     9  0       87   1263
  337    158   128   228  0       87    560
  338      9   128   158  1       87     -1
  339      9   228   128  0       87    601
  340    275   187   167  0       88    361
  341    275   247   187  0       88    257
  342    167   247   275  0       88    196
  343    167   187   247  0       88    194
  344    229   105   227  0       89    480
  345    229   184   105  0       89    209
  346    227   184   229  0       89    585
  347    227   105   184  0       89    400
  348     62   248    64  0       90    201
  349     62   118   248  0       90     91
  350     64   118    62  1       90     -1
  351    170   248    62  0       91    332
  352    170   118   248  0       91    226
  353     62   118   170  0       91    218
  354    187   202    58  0       92    222
  355    187   275   202  0       92    361
  356     58   275   187  0       92    251
  357    111   369   326  1       93     -1
  358    111   388   369  0       93    773
  359    326   388   111  0       93    563
  360    326   369   388  0       93    758
  361    403   309   362  0       94    610
  362    403   410   309  0       94    725
  363    362   410   403  0       94    593
  364    362   309   410  0       94    719
  365    339   159   101  0       95    783
  366    339   135   159  0       95    894
  367    101   135   339  0       95   1090
  368    101   159   135  0       95   1002
  369    182   161   387  0       96    746
  370    182   309   161  0       96    707
  371    387   309   182  0       96    738
  372    387   161   309  0       96    734
  373    246   328   108  0       97   1108
  374    246   250   328  0       97   1655
  375    108   250   246  0       97   1659
  376    108   328   250  0       97   1388
  377    260   235   328  0       98   1602
  378    260   250   235  0       98   1666
  379    328   250   260  0       98    263
  380    328   235   250  0       98   1613
  381    145   375   192  0       99   1700
  382    145   215   375  0       99   1681
  383    192   215   145  0       99   1670
  384    192   375   215  0       99   1088
  385    194    33   213  0      100   1127
  386    194   366    33  0      100   1077
  387    213   366   194  0      100   1165
  388    213    33   366  0      100   1177
  389    364    39   376  0      101    436
  390    364   205    39  0      101    536
  391     88   393   303  0      102    515
  392     88   356   393  0      102    577
  393    303   356    88  0      102    467
  394    303   393   356  0      102    281
  395    281   194   365  0      103    233
  396    281   394   194  0      103    694
  397    365   394   281  0      103   1056
  398    365   194   394  0      103   1167
  399    211   321   133  0      104    794
  400    211   201   321  0      104    923
  401    408    75    31  0      105    270
  402    408   187    75  0      105    340
  403     31   187   408  0      105    215
  404     31    75   187  0      105    126
  405    224   209   324  0      106    214
  406    278   209   224  0      106    407
  407    278   324   209  0      106   1485
  408    353    68   134  0      107   1150
  409    353    48    68  0      107   1242
  410    134    48   353  0      107   1148
  411    134    68    48  1      107     -1
  412    101    19   135  0      108   1090
  413    101   196    19  0      108   1520
  414    135   196   101  0      108   1037
  415    135    19   196  0      108   1105
  416     28   215    83  0      109   1109
  417     28   342   215  0      109   1692
  418     83   342    28  1      109     -1
  419     83   215   342  0      109   1662
  420    127   260    52  0      110   1674
  421    127   250   260  0      110   1666
  422     52   250   127  0      110   1612
  423     52   260   250  0      110   1040
  424     77    29   149  0      111   1295
  425     77   239    29  0      111   1334
  426    149   239    77  0      111   1319
  427    149    29   239  0      111   1259
  428    216   116   118  0      112    252
  429    170   116   216  0      112    188
  430    170   118   116  0      112    218
  431    226   124   180  0      113    748
  432    226   289   124  1      113     -1
  433    180   289   226  0      113    416
  434    180   124   289  0      113    654
  435    402   409   365  0      114    990
  436    402   261   409  0      114   1028
  437    365   261   402  0      114   1007
  438    365   409   261  0      114    933
  439     59   113   183  0      115   1370
  440     59   222   113  0      115   1535
  441    183   222    59  0      115   1715
  442    183   113   222  0      115    443
  443    343   177   198  1      116     -1
  444    391   177   343  0      116    566
  445    391   198   177  0      116    311
  446    190   319   101  0      117    229
  447    101   152   190  0      117    211
  448    101   319   152  0      117   1217
  449     94    26    55  0      118   1171
  450     94    80    26  0      118   1200
  451     55    80    94  0      118   1434
  452     55    26    80  1      118     -1
  453    410   136   310  0      119   1306
  454    410    56   136  0      119    474
  455    310    56   410  0      119   1281
  456    310   136    56  0      119   1147
  457    230   300   383  0      120   1477
  458    230   143   300  0      120   1532
  459    383   143   230  0      120   1528
  460    150    10    67  0      121   1279
  461    150    66    10  0      121   1261
  462     67    66   150  0      121   1246
  463     67    10    66  1      121     -1
  464    334   120   399  0      122    409
  465    334   268   120  0      122    397
  466    399   268   334  0      122    381
  467    399   120   268  0      122    404
  468    131   263   364  0      123    365
  469    205   263   131  0      123    133
  470    205   364   263  0      123    536
  471     58   172   110  0      124    178
  472     58   187   172  0      124    251
  473    110   187    58  0      124    222
  474    110   172   187  0      124    273
  475    258   189   127  0      125    271
  476    258   196   189  0      125    250
  477    127   196   258  0      125   1035
  478    127   189   196  0      125    289
  479     31    75   181  0      126    260
  480    181   187    31  0      126    255
  481    181    75   187  0      126    272
  482    272   245    17  1      127     -1
  483    272   298   245  0      127    928
  484     17   298   272  0      127   1067
  485     17   245   298  0      127   1050
  486    352    11   371  0      128   1201
  487    352   311    11  0      128   1001
  488    371   311   352  0      128    705
  489    371    11   311  1      128     -1
  490    309   391   168  0      129    652
  491    309   182   391  0      129    707
  492    168   182   309  0      129    742
  493    168   391   182  0      129    578
  494    315    13    93  0      130    445
  495    315   254    13  1      130     -1
  496     93   254   315  0      130    435
  497     93    13   254  0      130    555
  498    165    50   237  0      131    285
  499    165   182    50  0      131    889
  500    237   182   165  0      131   1336
  501    237    50   182  0      131    967
  502    386   290   259  0      132    266
  503    259   312   386  0      132   1487
  504    259   290   312  0      132    157
  505    263   131   175  0      133    365
  506    175   205   263  0      133    277
  507    175   131   205  0      133    259
  508    110   250   108  0      134   1630
  509    110    43   250  0      134   1574
  510    108    43   110  0      134   1651
  511    108   250    43  0      134   1631
  512    358    71    96  0      135    858
  513     96    50   358  0      135    136
  514     96    71    50  0      135    568
  515     50   358   153  0      136    171
  516    153    96    50  0      136    498
  517    153   358    96  0      136   1213
  518     34    71   135  0      137   1086
  519     34    50    71  0      137    568
  520    135    50    34  0      137    693
  521     46    83   294  1      138     -1
  522     46   195    83  0      138   1051
  523    294   195    46  0      138    241
  524    294    83   195  0      138   1690
  525    278    70   296  1      139     -1
  526    278   224    70  0      139    407
  527    296    70   224  0      139    426
  528     91   322   226  0      140    770
  529     91   207   322  0      140    309
  530    226   207    91  1      140     -1
  531    226   322   207  0      140    862
  532     88   212   227  0      141    641
  533     88   393   212  0      141    577
  534    227   393    88  0      141    516
  535    227   212   393  0      141    622
  536    148    22   406  0      142    484
  537    148   236    22  1      142     -1
  538    406   236   148  0      142    499
  539    406    22   236  0      142    647
  540     74   194    46  0      143    909
  541     74   264   194  0      143   1048
  542     46   264    74  1      143     -1
  543     46   194   264  0      143   1117
  544    205   152   110  0      144    145
  545    205   263   152  0      144    535
  546    110   263   205  0      144    277
  547    205    65   110  0      145    327
  548    205   152    65  0      145    174
  549    110    65   152  0      145    331
  550    136    29   410  0      146    602
  551    136   362    29  0      146   1339
  552    410    29   362  0      146   1257
  553    130   152   331  0      147    328
  554    130   101   152  0      147    235
  555    331   101   130  0      147    795
  556    331   152   101  0      147    211
  557    403    90   344  0      148    665
  558    403   380    90  0      148    673
  559    344   380   403  0      148    683
  560    344    90   380  0      148    666
  561    367   341   174  0      149   1476
  562    367   363   341  0      149   1503
  563    174   363   367  0      149   1452
  564    174   341   363  0      149   1480
  565    268   106   253  0      150    439
  566    268   399   106  0      150    423
  567    253   399   268  0      150    404
  568    253   106   399  0      150    403
  569      2   338   286  0      151    509
  570      2   265   338  1      151     -1
  571    286   265     2  0      151   1110
  572    286   338   265  0      151   1362
  573    189   215   192  0      152   1670
  574     47   215   189  0      152   1377
  575     47   192   215  0      152   1605
  576    387   121   311  0      153   1240
  577    387   163   121  0      153    460
  578    311   163   387  0      153    745
  579    311   121   163  1      153     -1
  580    399   278   259  0      154   1490
  581    399    99   278  0      154    158
  582    259    99   399  0      154    300
  583    259   278    99  1      154     -1
  584    122   156   328  0      155   1720
  585    122   192   156  0      155   1621
  586    328   192   122  0      155    247
  587    328   156   192  0      155   1669
  588    282   341   174  0      156   1480
  589    282   302   341  0      156   1497
  590    174   302   282  0      156   1494
  591    174   341   302  0      156   1476
  592    312   282   290  0      157   1493
  593    259   282   312  0      157   1481
  594    259   290   282  0      157   1525
  595    296    99   278  1      158     -1
  596    399    99   296  0      158    424
  597    216   118   379  0      159    833
  598    379   408   216  0      159    206
  599    379   118   408  0      159    220
  600    275   172   187  0      160    251
  601    275   114   172  1      160     -1
  602    187   114   275  0      160    257
  603    187   172   114  0      160    244
  604    248   345   407  0      161    553
  605    248   299   345  0      161    810
  606    407   299   248  0      161    197
  607    407   345   299  0      161    526
  608    227   277    82  0      162   1379
  609    227   340   277  0      162   1418
  610     82   340   227  0      162   1396
  611     82   277   340  0      162   1429
  612    217   225   353  0      163   1248
  613    217   149   225  0      163   1325
  614    353   149   217  0      163   1239
  615    353   225   149  0      163    314
  616     37   139   199  1      164     -1
  617     37   218   139  0      164    716
  618    199   139   218  0      164   1206
  619    355   307   140  0      165   1609
  620    355   319   307  0      165    504
  621    140   319   355  0      165   1389
  622    140   307   319  0      165   1393
  623    383   302   262  0      166   1511
  624    383   367   302  0      166   1499
  625    262   367   383  0      166   1459
  626    262   302   367  1      166     -1
  627     67    66   103  1      167     -1
  628     67   256    66  0      167   1246
  629    103   256    67  0      167   1365
  630    103    66   256  0      167    276
  631    351   340   188  0      168   1069
  632    351   355   340  0      168   1416
  633    188   355   351  0      168    510
  634    188   340   355  0      168   1390
  635    379   372    64  0      169    863
  636    379   118   372  0      169    835
  637     64   372   118  1      169     -1
  638    330   205   131  0      170    261
  639    376   205   330  0      170    351
  640    165   358   153  0      171   1303
  641    165    50   358  0      171   1079
  642    153    50   165  0      171    285
  643    297   366   213  0      172   1165
  644    297   292   366  0      172    985
  645    213   292   297  0      172   1026
  646    213   366   292  0      172   1120
  647    152   390   140  0      173    468
  648    152   263   390  0      173    529
  649    140   390   263  0      173    375
  650    205   327    65  0      174    321
  651    152   327   205  0      174    418
  652    152    65   327  0      174    329
  653    154    57   178  0      175    564
  654    154   123    57  0      175   1383
  655    178   123   154  0      175   1291
  656    178    57   123  0      175   1401
  657    304    87   321  0      176    955
  658    304   346    87  0      176    483
  659    321   346   304  0      176    202
  660    321    87   346  0      176    249
  661     50    19   358  0      177   1079
  662    135    19    50  0      177    413
  663    135   358    19  0      177   1102
  664    110   108   172  0      178   1630
  665     58   108   110  0      178    283
  666     58   172   108  1      178     -1
  667    331   339   101  0      179    795
  668    331   190   339  0      179    597
  669    101   190   331  0      179    211
  670    101   339   190  0      179   1091
  671    303   242    63  0      180    532
  672    303   315   242  0      180    317
  673     63   315   303  0      180    540
  674     63   242   315  1      180     -1
  675     62   116   167  1      181     -1
  676     62   170   116  0      181    218
  677    167   170    62  0      181    355
  678    167   116   170  0      181    187
  679    170   116   247  0      182    187
  680    170    31   116  0      182    188
  681    247    31   170  0      182    195
  682    247   116    31  1      182     -1
  683    248   327   407  0      183    197
  684    248   331   327  0      183    319
  685    407   331   248  0      183    553
  686    407   327   331  0      183    548
  687     34   258   159  0      184   1065
  688     34   135   258  0      184   1086
  689    159   135    34  0      184    242
  690    159   258   135  0      184   1002
  691     88   356   190  0      185    467
  692     88   351   356  0      185    579
  693    190   351    88  0      185    295
  694    190   356   351  0      185    438
  695     63   268   376  0      186    538
  696     63   200   268  0      186    531
  697    376   268   200  0      186    334
  698    167   247   170  0      187    194
  699    167   116   247  0      187    207
  700     31   116   216  1      188     -1
  701    383   150   262  0      189   1078
  702    262   370   383  0      189   1510
  703    262   150   370  0      189   1323
  704    348   364   131  0      190    377
  705    348   175   364  0      190    374
  706    131   175   348  1      190     -1
  707    131   364   175  0      190    365
  708    330   335   376  0      191    337
  709    376   335    16  0      191    287
  710     91   322   357  0      192    796
  711     91   323   322  0      192    853
  712    357   323    91  0      192    868
  713    357   322   323  0      192    827
  714    275     0   167  0      193    196
  715    275   115     0  1      193     -1
  716    167   115   275  0      193    360
  717    167     0   115  1      193     -1
  718    247   170   187  0      194    195
  719    167   187   170  0      194    354
  720    170   187    31  0      195    215
  721     31   187   247  0      195    256
  722      0   167   247  0      196    207
  723    327   299   248  0      197    278
  724    327   407   299  0      197    524
  725    147   339   190  0      198    597
  726    147   125   339  0      198    766
  727    190   125   147  0      198    861
  728    190   339   125  0      198   1092
  729    298   258   272  0      199   1067
  730    298   346   258  0      199   1064
  731    272   346   298  0      199    928
  732    272   258   346  0      199    899
  733    233   207   124  0      200    706
  734    233   226   207  0      200    862
  735    124   226   233  0      200    748
  736    124   207   226  1      200     -1
  737     62   299    64  1      201     -1
  738     62   248   299  0      201    278
  739     64   299   248  0      201    810
  740    151   304   321  0      202    950
  741    151   346   304  0      202    935
  742    321   346   151  0      202    924
  743    320   220   357  0      203    584
  744    320   321   220  0      203    839
  745    357   321   320  0      203    820
  746    357   220   321  0      203    836
  747    257    85   183  0      204    237
  748    257   276    85  0      204   1446
  749    183   276   257  0      204   1709
  750    183    85   276  0      204   1454
  751    237   149    35  0      205    687
  752    153   149   237  0      205    561
  753    153    35   149  0      205   1328
  754    379   251   216  0      206    883
  755    379   408   251  0      206    852
  756    216   251   408  0      206    236
  757    247     0   116  1      207     -1
  758    167   116     0  1      207     -1
  759    386    99   285  0      208    388
  760    386   364    99  0      208    376
  761    285   364   386  0      208    393
  762    285    99   364  0      208    385
  763    229   148   105  1      209     -1
  764    184   148   229  0      209    465
  765    184   105   148  0      209    478
  766     82   340   351  0      210   1069
  767     82    88   340  0      210   1396
  768    351    88    82  0      210    640
  769    351   340    88  0      210   1376
  770    152   190   331  0      211    545
  771     42   405   344  0      212    500
  772    406   405    42  0      212    615
  773    406   344   405  0      212    567
  774    384    76   381  1      213     -1
  775    384   184    76  0      213    457
  776    209   105   224  1      214     -1
  777    209   324   105  0      214    463
  778    224   105   324  0      214    475
  779    187   408   170  0      215    343
  780     31    75    53  0      216    269
  781     31    52    75  0      216    260
  782     53    52    31  1      216     -1
  783     53    75    52  0      216    265
  784    165    50   269  0      217    889
  785    165   125    50  0      217    450
  786    269   125   165  0      217    569
  787    269    50   125  0      217    800
  788     62   118   116  1      218     -1
  789    327    63   376  0      219    512
  790    327   301    63  0      219    324
  791    376   301   327  0      219    352
  792    376    63   301  0      219    362
  793    379   248   408  0      220    806
  794    408   248   118  0      220    226
  795    280   244   169  0      221    366
  796    280   290   244  0      221   1470
  797    169   290   280  0      221   1475
  798    169   244   290  0      221   1455
  799    187   202   110  0      222    286
  800    147   162    41  0      223    856
  801    147   322   162  0      223    870
  802     41   322   147  0      223    867
  803     41   162   322  0      223    849
  804    180   322   226  0      224    865
  805    180   147   322  0      224    867
  806    226   147   180  0      224    875
  807    226   322   147  0      224    411
  808    110    65   187  0      225    286
  809    110    75    65  0      225    341
  810    187    75   110  0      225    273
  811    187    65    75  0      225    340
  812    408   248   170  0      226    345
  813    364    99   193  0      227    380
  814    364   268    99  0      227    387
  815    193   268   364  0      227    301
  816    193    99   268  0      227    406
  817    159    73   211  0      228    888
  818    159    32    73  0      228    821
  819    211    32   159  0      228    906
  820    211    73    32  0      228    921
  821    190    19   101  0      229   1091
  822    190   319    19  0      229    232
  823    101    19   319  0      229   1566
  824    130   339   331  0      230    795
  825    130    32   339  0      230    583
  826    331    32   130  0      230    878
  827    331   339    32  0      230    873
  828    401   412   411  1      231     -1
  829    401   320   412  0      231    662
  830    411   320   401  0      231    815
  831    411   412   320  0      231    234
  832    351    19   190  0      232   1093
  833    351   319    19  0      232   1375
  834    190   319   351  0      232    295
  835    281    33   365  0      233   1116
  836    281   194    33  0      233   1145
  837    365    33   194  0      233   1127
  838    320   317   412  0      234    799
  839    411   317   320  0      234    786
  840    411   412   317  1      234     -1
  841    101   152    43  0      235   1255
  842     43   152   130  0      235    338
  843    408    31   251  0      236    270
  844    216   251    31  1      236     -1
  845     54    85   183  0      237    291
  846     54   257    85  0      237   1620
  847    183   257    54  0      237   1345
  848    135    19   125  0      238    288
  849    135   165    19  0      238    413
  850    125   165   135  0      238    450
  851    125    19   165  0      238    897
  852     47   235   196  0      239   1675
  853     47    81   235  0      239   1640
  854    196    81    47  0      239   1317
  855    196   235    81  0      239   1680
  856    138   402   261  0      240   1007
  857    138   349   402  0      240    986
  858    261   349   138  1      240     -1
  859    261   402   349  0      240   1028
  860    195   297   294  0      241   1135
  861    195    46   297  0      241   1060
  862    294   297    46  0      241   1036
  863    135    34   162  0      242    693
  864    162   159   135  0      242    894
  865    162    34   159  0      242    992
  866    127    52    17  0      243    937
  867    127    53    52  0      243    265
  868     17    53   127  0      243    900
  869     17    52    53  1      243     -1
  870    187   172   181  0      244    272
  871    181   114   187  0      244    255
  872    181   172   114  0      244   1661
  873    235   156   257  0      245   1710
  874    235   192   156  0      245   1669
  875    257   192   235  0      245   1683
  876    257   156   192  0      245   1691
  877    195   215   283  0      246   1686
  878    195   189   215  0      246   1377
  879    283   189   195  0      246   1584
  880    283   215   189  0      246    489
  881    192   122   260  0      247    896
  882    260   328   192  0      247   1602
  883    260   122   328  0      247   1556
  884    268    60   193  0      248    349
  885    268   200    60  0      248    429
  886    193   200   268  0      248    334
  887    193    60   200  0      248    432
  888    346   201    87  0      249    903
  889    321   201   346  0      249    923
  890    321    87   201  0      249    911
  891    196   189   298  0      250    254
  892    298   258   196  0      250   1025
  893    298   189   258  0      250   1656
  894    275   172    58  1      251     -1
  895    116    20   216  1      252     -1
  896    116   118    20  1      252     -1
  897    216    20   118  0      252    833
  898    163    18   177  1      253     -1
  899    163   249    18  0      253    415
  900    177   249   163  0      253    932
  901    177    18   249  0      253    963
  902    279   189   298  0      254   1539
  903    279   196   189  0      254   1558
  904    298   196   279  0      254   1025
  905    181   114    31  1      255     -1
  906     31   114   187  0      255    256
  907    187   247   114  0      256    257
  908     31   114   247  1      256     -1
  909    363    27   280  0      258   1523
  910    363   341    27  0      258    304
  911    280   341   363  0      258   1501
  912    280    27   341  0      258   1343
  913    175   131    58  1      259     -1
  914     58   205   175  0      259    275
  915     58   131   205  0      259    261
  916    181    52    75  0      260   1632
  917     31    52   181  1      260     -1
  918     58   131   330  1      261     -1
  919    364    39   334  0      262    459
  920    364   268    39  0      262    436
  921    334   268   364  0      262    387
  922    334    39   268  0      262    442
  923    328   219   260  0      263   1556
  924    250   219   328  0      263   1655
  925    250   260   219  0      263   1040
  926    130    53    75  0      264    267
  927    127    53   130  0      264    829
  928    127    75    53  0      264    265
  929    127    75    52  0      265   1612
  930    386   361   259  0      266   1482
  931    386   290   361  0      266   1486
  932    259   361   290  0      266   1524
  933     53    75   408  0      267    268
  934    408   130    53  0      267    756
  935    408    75   130  0      267    339
  936    408   251    75  0      268    270
  937     53   251   408  0      268    845
  938     53    75   251  0      268    269
  939    251    31    75  0      269    270
  940     53    31   251  1      269     -1
  941     17   189   127  0      271   1154
  942     17   258   189  0      271   1656
  943     75   172   181  0      272   1654
  944     75   187   172  0      272    273
  945    110   172    75  0      273   1653
  946    258    71   279  0      274    895
  947    258   196    71  0      274   1053
  948    279   196   258  0      274   1025
  949    279    71   196  0      274   1011
  950    110   175    58  0      275    283
  951    110   205   175  0      275    277
  952    256   154    66  0      276   1355
  953    103   154   256  0      276   1251
  954    103    66   154  0      276   1407
  955    110   263   175  0      277   1618
  956     62   327   299  0      278    308
  957    248   327    62  0      278    320
  958    184   405   406  0      279    615
  959    184    76   405  0      279    335
  960    406    76   184  0      279    457
  961     62   202   115  0      280    356
  962     62   301   202  0      280    325
  963    115   301    62  1      280     -1
  964    115   202   301  0      280    359
  965    393   405   303  0      281    373
  966    393   356   405  0      281    614
  967    303   405   356  0      281    522
  968    189   145   283  0      282    489
  969    189   350   145  0      282   1673
  970    283   350   189  0      282   1465
  971    283   145   350  1      282     -1
  972     58   108   175  1      283     -1
  973    280   392    92  0      284   1467
  974    280   143   392  0      284   1531
  975     92   143   280  0      284   1084
  976     92   392   143  1      284     -1
  977    153   237   165  0      285   1012
  978    153    50   237  0      285    498
  979    110    65   202  0      286    327
  980    376   335   193  0      287    364
  981    339    19   125  0      288   1092
  982    339   135    19  0      288   1090
  983    125   135   339  0      288    871
  984    127   235   196  0      289   1679
  985    127   189   235  0      289   1639
  986    196   235   189  0      289   1675
  987     52    21   181  1      290     -1
  988     52   250    21  0      290   1652
  989    181   250    52  0      290   1632
  990    181    21   250  0      290   1623
  991    183   329    85  0      291   1454
  992     54   329   183  0      291   1616
  993     54    85   329  0      291   1106
  994    277   238    79  0      292   1423
  995    277   158   238  0      292   1402
  996     79   158   277  0      292   1395
  997     79   238   158  1      292     -1
  998     64   345   379  0      293    575
  999     64   248   345  0      293    810
 1000    390    88    30  0      294    470
 1001     30   334   390  0      294    412
 1002     30    88   334  0      294    517
 1003    319   351    88  0      295   1376
 1004     88   190   319  0      295    298
 1005    125   147   180  0      296    383
 1006    125    93   147  0      296    861
 1007    180    93   125  0      296    556
 1008    180   147    93  0      296    881
 1009    120   242   303  0      297    363
 1010    120    76   242  0      297    530
 1011    303    76   120  0      297    454
 1012    303   242    76  0      297    528
 1013    390    88   190  0      298    543
 1014    390   319    88  0      298    470
 1015    369   391   233  0      299    685
 1016    369   388   391  0      299    772
 1017    233   388   369  0      299    688
 1018    233   391   388  0      299    684
 1019    399   285    99  0      300    388
 1020    259   285   399  0      300    384
 1021    259    99   285  1      300     -1
 1022    376   364   193  0      301    391
 1023    376   268   364  0      301    436
 1024    193   268   376  0      301    334
 1025    253    86   148  0      302    399
 1026    253   157    86  0      302    452
 1027    148   157   253  0      302    479
 1028    148    86   157  1      302     -1
 1029     32   339   147  0      303    873
 1030     32   162   339  0      303    740
 1031    147   162    32  0      303    692
 1032    147   339   162  0      303    766
 1033    290    27   363  0      304   1471
 1034    290   341    27  0      304   1343
 1035    363   341   290  0      304   1397
 1036    169   244    54  0      305    494
 1037    169   307   244  0      305   1455
 1038     54   307   169  0      305   1380
 1039     54   244   307  0      305   1573
 1040     93   405   303  0      306    522
 1041     93   254   405  0      306    307
 1042    303   254    93  0      306    435
 1043    303   405   254  0      306    449
 1044    405   289   254  0      307    310
 1045    405    93   289  0      307    370
 1046    254   289    93  0      307    555
 1047    299    63   327  0      308    437
 1048    299    62    63  1      308     -1
 1049    327    63    62  0      308    324
 1050     91   374   322  0      309    796
 1051    207   374    91  0      309    855
 1052    207   322   374  0      309    866
 1053    405   289    76  0      310    580
 1054     76   254   405  0      310    449
 1055     76   289   254  1      310     -1
 1056    177   374   198  0      311    690
 1057    391   374   177  0      311    979
 1058    128   227   266  0      312    419
 1059    229   227   128  0      312    480
 1060    229   266   227  0      312    585
 1061    411   321   267  0      313    957
 1062    411   320   321  0      313    786
 1063    267   320   411  0      313    814
 1064    353   225   109  0      314   1248
 1065    109   149   353  0      314   1221
 1066    109   225   149  0      314   1330
 1067     13   180    93  0      315    881
 1068     13   289   180  0      315    416
 1069     93   289    13  0      315    555
 1070     93   180   289  0      315    370
 1071    180   344   168  0      316    650
 1072    180    42   344  0      316    500
 1073    168    42   180  0      316    625
 1074    168   344    42  0      316    606
 1075    254   242   303  0      317    528
 1076    254   315   242  1      317     -1
 1077    303   315   254  0      317    435
 1078    331    65   130  0      318    328
 1079    331   248    65  0      318    319
 1080    130   248   331  0      318    878
 1081    130    65   248  0      318    344
 1082    327    65   331  0      319    329
 1083    327   248    65  0      319    320
 1084    248    65    62  0      320    332
 1085     65   205   202  0      321    327
 1086    327   202   205  0      321    353
 1087    170   202    62  0      322    355
 1088     62    65   170  0      322    332
 1089    290   244   307  0      323   1455
 1090    290   386   244  0      323   1486
 1091    307   386   290  0      323   1456
 1092    307   244   386  0      323   1611
 1093     62   301    63  1      324     -1
 1094    327   301    62  0      324    325
 1095    327   301   202  0      325    352
 1096    324   393   227  0      326    519
 1097    324   184   393  0      326    503
 1098    227   184   324  0      326    400
 1099    227   393   184  0      326    523
 1100    130   152    65  0      328    338
 1101    331    65   152  0      328    329
 1102    331   327   152  0      329    544
 1103    301   306    16  1      330     -1
 1104    301   330   306  0      330    358
 1105     16   306   330  1      330     -1
 1106    152    43    65  0      331    338
 1107    110    65    43  0      331    341
 1108    170   248    65  0      332    345
 1109     70   337   253  0      333    386
 1110     70   157   337  1      333     -1
 1111    253   157    70  0      333    402
 1112    253   337   157  0      333    427
 1113    193   200   376  0      334    364
 1114    120   405   184  0      335    496
 1115    120    76   405  0      335    454
 1116     44   370   230  0      336   1439
 1117     44   169   370  0      336   1042
 1118    230   169    44  0      336   1280
 1119    230   370   169  0      336   1417
 1120    376   301   335  0      337    362
 1121    330   301   376  0      337    350
 1122     43    65   130  0      338    342
 1123    408    65   130  0      339    344
 1124    408    75    65  0      339    340
 1125    130    65    75  0      339    342
 1126    187    65   408  0      340    343
 1127     43    75    65  0      341    342
 1128    110    75    43  0      341   1574
 1129    170    65   408  0      343    345
 1130    248   408    65  0      344    345
 1131    130   408   248  0      344    757
 1132    253   184   120  0      346    414
 1133    324   184   253  0      346    476
 1134    324   120   184  0      346    503
 1135    129    60   106  0      347    430
 1136    129   268    60  0      347    429
 1137    106   268   129  0      347    439
 1138    106    60   268  0      347    349
 1139    263   241   175  0      348   1618
 1140    263    15   241  0      348   1647
 1141    175    15   263  0      348   1546
 1142    175   241    15  1      348     -1
 1143    193   106    60  1      349     -1
 1144    268   106   193  0      349    406
 1145    330   202   376  0      350    351
 1146    330   301   202  0      350    358
 1147    376   202   301  0      350    352
 1148    376   205   202  0      351    353
 1149    376   202   327  0      352    353
 1150    187   202   167  0      354    361
 1151    167   202   170  0      354    355
 1152    167   202    62  0      355    356
 1153    167   115    62  1      356     -1
 1154    167   202   115  0      356    360
 1155    115   306   202  0      357    359
 1156    330   306   115  1      357     -1
 1157    330   202   306  0      357    358
 1158    306   301   202  0      358    359
 1159    115   306   301  1      359     -1
 1160    167   202   275  0      360    361
 1161    301   335    63  1      362     -1
 1162    120   242   268  0      363    534
 1163    268   303   120  0      363    397
 1164    268   242   303  0      363    532
 1165    263   364   175  0      365    374
 1166    280   300   169  0      366   1275
 1167    280   244   300  0      366   1540
 1168    169   300   244  0      366    494
 1169    356   125   351  0      367    438
 1170    356   212   125  0      367    624
 1171    351   212   356  0      367    579
 1172    351   125   212  0      367    482
 1173    235   350   127  0      368   1639
 1174    235   260   350  0      368   1606
 1175    127   260   235  0      368   1666
 1176    127   350   260  0      368   1674
 1177    173   113   132  0      369   1385
 1178    173    83   113  0      369   1577
 1179    132    83   173  0      369   1118
 1180    132   113    83  1      369     -1
 1181    289   405   180  0      370    655
 1182     93   180   405  0      370    559
 1183    364   390   386  0      371    372
 1184    364   334   390  0      371    459
 1185    386   334   364  0      371    376
 1186    386   390   334  0      371    412
 1187    140   390   386  0      372   1394
 1188    140   364   390  0      372    375
 1189    386   364   140  0      372    395
 1190    120   405   303  0      373    454
 1191    120   393   405  0      373    496
 1192    303   393   120  0      373    392
 1193    263   348   175  0      374   1546
 1194    263   364   348  0      374    394
 1195    263   364   390  0      375    514
 1196    140   364   263  0      375    394
 1197    364    99   334  0      376    387
 1198    334    99   386  0      376    382
 1199    348    99   131  1      377     -1
 1200    348   364    99  0      377    385
 1201    131    99   364  0      377    380
 1202    379    36   211  0      378    920
 1203    379   133    36  0      378    916
 1204    211   133   379  0      378    691
 1205    321   395   357  0      379    831
 1206    321   317   395  0      379    913
 1207    357   317   321  0      379    820
 1208    357   395   317  0      379    930
 1209    131    99   193  1      380     -1
 1210    193   364   131  0      380    391
 1211    268    99   399  0      381    423
 1212    268   334    99  0      381    387
 1213    399    99   334  0      381    382
 1214    399   386   334  0      382    491
 1215    399    99   386  0      382    388
 1216     41   147   180  0      383    867
 1217     41   125   147  0      383    856
 1218    180   125    41  0      383    571
 1219    259   386   399  0      384   1487
 1220    259   285   386  0      384   1482
 1221    399   386   285  0      384    388
 1222    285   348   364  0      385    393
 1223    285    99   348  1      385     -1
 1224    106   337   253  0      386    431
 1225    106    70   337  1      386     -1
 1226    253    70   106  0      386    425
 1227    103   171     8  1      389     -1
 1228    103   154   171  0      389   1407
 1229      8   154   103  0      389    789
 1230      8   171   154  0      389   1555
 1231    246   100   219  0      390   1579
 1232    246    21   100  1      390     -1
 1233    219    21   246  0      390   1658
 1234    219   100    21  1      390     -1
 1235    120   334   393  0      392    518
 1236    303   334   120  0      392    397
 1237    303   393   334  0      392    515
 1238    348   386   285  0      393   1322
 1239    348   364   386  0      393    395
 1240    140   348   263  0      394    717
 1241    140   364   348  0      394    395
 1242    140   386   348  0      395   1547
 1243    268   120   253  0      396    404
 1244    268   129   120  0      396    534
 1245    253   129   268  0      396    439
 1246    253   120   129  0      396    422
 1247    303   334   268  0      397    442
 1248    277   290   169  0      398   1415
 1249    277   307   290  0      398   1515
 1250    169   307   277  0      398    428
 1251    169   290   307  0      398   1455
 1252    148   381    86  0      399    444
 1253    253   381   148  0      399    447
 1254    253    86   381  0      399    448
 1255    227   105   324  0      400    469
 1256    324   105   184  0      400    476
 1257     76   384   179  1      401     -1
 1258    406   384    76  0      401    457
 1259    406   179   384  0      401    490
 1260    253   157   224  0      402    477
 1261    224    70   253  0      402    426
 1262    224   157    70  1      402     -1
 1263    253   106   296  0      403    425
 1264    296   399   253  0      403    408
 1265    296   106   399  0      403    424
 1266    236   344   406  0      405    632
 1267    406   266   236  0      405    629
 1268     99   106   193  1      406     -1
 1269     99   268   106  0      406    423
 1270    209    70   278  0      407    473
 1271    209   224    70  1      407     -1
 1272    334   324   399  0      409    492
 1273    334   120   324  0      409    518
 1274    214   195   279  0      410   1071
 1275    214   394   195  0      410   1161
 1276    279   394   214  0      410   1083
 1277    279   195   394  0      410   1119
 1278    226   322   117  0      411    770
 1279    117   147   226  0      411    874
 1280    117   322   147  0      411    573
 1281    386    30   334  0      412    491
 1282    386   390    30  0      412   1098
 1283    165    50   135  0      413    450
 1284    165    19    50  0      413   1079
 1285    381   120   253  0      414    422
 1286    253   184   381  0      414    447
 1287    249    18   237  0      415   1024
 1288    237   163   249  0      415    970
 1289    237    18   163  0      415   1215
 1290    289   226    13  1      416     -1
 1291     13   226   180  0      416    875
 1292    168   403   362  0      417    610
 1293    168   107   403  0      417    658
 1294    362   403   107  0      417    593
 1295    327    39   152  0      418    544
 1296    152    39   205  0      418    535
 1297    266   228   227  0      419    558
 1298    266   128   228  0      419    628
 1299    227   228   128  0      419    560
 1300    124   233   180  0      420    748
 1301    180   168   124  0      420    650
 1302    180   233   168  0      420    752
 1303    253   129   284  0      421    456
 1304    253   155   129  0      421    440
 1305    284   155   253  0      421    433
 1306    284   129   155  1      421     -1
 1307    129   381   120  0      422    441
 1308    253   381   129  0      422    448
 1309     99   399   106  0      423    424
 1310    296   106    99  1      424     -1
 1311    253    70   296  0      425    426
 1312    296    70   106  1      425     -1
 1313    253   337   284  0      427    433
 1314    284   157   253  0      427    452
 1315    284   337   157  1      427     -1
 1316    340   277   169  0      428   1398
 1317    340   307   277  0      428   1413
 1318    169   307   340  0      428   1252
 1319    200   129   268  0      429    533
 1320    200    60   129  1      429     -1
 1321    155    60   106  1      430     -1
 1322    155   129    60  1      430     -1
 1323    106   129   155  0      430    440
 1324    106   155   253  0      431    440
 1325    106   337   155  1      431     -1
 1326    253   155   337  0      431    433
 1327    193    60    16  1      432     -1
 1328     16    60   200  1      432     -1
 1329    284   155   337  0      433    434
 1330    337     3   155  1      434     -1
 1331    284     3   337  1      434     -1
 1332    284   155     3  1      434     -1
 1333    303   315    93  0      435    502
 1334    268    39   376  0      436    538
 1335     63   315   299  1      437     -1
 1336     63   327   315  0      437    539
 1337    299   315   327  0      437    524
 1338    356   125   190  0      438    596
 1339    190   125   351  0      438   1093
 1340    253   129   106  0      439    440
 1341     76   120   129  0      441    530
 1342    129   381    76  1      441     -1
 1343    334    39   303  0      442    466
 1344    303    39   268  0      442    537
 1345    183   113   137  0      443   1121
 1346    137   222   183  0      443   1387
 1347    137   113   222  0      443   1576
 1348    384    86   148  0      444    471
 1349    384   381    86  1      444     -1
 1350    407    13    93  0      445    880
 1351    407   315    13  0      445    464
 1352     93   315   407  0      445    502
 1353    148   184   406  0      446    465
 1354    406   384   148  0      446    484
 1355    406   184   384  0      446    457
 1356    253   184   148  0      447    478
 1357    381   129    86  1      448     -1
 1358    253    86   129  0      448    456
 1359    303   405    76  0      449    454
 1360     76   254   303  0      449    528
 1361    135   125    50  0      450    824
 1362    107   344   266  0      451    649
 1363    107    42   344  0      451    606
 1364    266    42   107  0      451    589
 1365    284    86   253  0      452    456
 1366    284   157    86  1      452     -1
 1367    212    82   165  0      453   1341
 1368    212   351    82  0      453    640
 1369    165   351   212  0      453    482
 1370    165    82   351  0      453   1314
 1371    256    44   230  0      455   1438
 1372    256   154    44  0      455   1406
 1373    230   154   256  0      455   1355
 1374    230    44   154  0      455   1358
 1375    284    86   129  1      456     -1
 1376    151   346   211  0      458    924
 1377    151   159   346  0      458    935
 1378    211   159   151  0      458    906
 1379    211   346   159  0      458    888
 1380    390    39   334  0      459    466
 1381    390   364    39  0      459    514
 1382    237   121   387  0      460   1180
 1383    237   163   121  0      460   1216
 1384    387   163   237  0      460    644
 1385    162   151   336  0      461    780
 1386    162   322   151  0      461    902
 1387    336   322   162  0      461    849
 1388    336   151   322  0      461    890
 1389    152    39   190  0      462    545
 1390    152   390    39  0      462    529
 1391    190    39   390  0      462    543
 1392    324   105   158  0      463    469
 1393    209   158   105  1      463     -1
 1394    299    13   407  0      464    689
 1395    299   315    13  1      464     -1
 1396    407   315   299  0      464    524
 1397    148   229   406  0      465    499
 1398    303   390    39  0      466    542
 1399    303   190    88  0      467    541
 1400    303   356   190  0      467    501
 1401    152   319   140  0      468   1601
 1402    140   319   390  0      468   1393
 1403    105   158   227  0      469    481
 1404    227   158   324  0      469    487
 1405    390   319    30  0      470   1371
 1406    384    22   148  0      471    484
 1407    384    86    22  1      471     -1
 1408    148    22    86  1      471     -1
 1409     82   313   377  0      472   1427
 1410     82   340   313  0      472   1429
 1411    377   340    82  0      472   1403
 1412    377   313   340  0      472   1404
 1413    209    23   278  0      473    617
 1414    209    70    23  1      473     -1
 1415    278    23    70  1      473     -1
 1416     56    77   410  0      474   1137
 1417     56   136    77  0      474    642
 1418    410    77   136  0      474    602
 1419    224   105   253  0      475    477
 1420    253   105   324  0      475    476
 1421    253   105   184  0      476    478
 1422    253   157   105  0      477    479
 1423    224   105   157  1      477     -1
 1424    253   105   148  0      478    479
 1425    148   157   105  1      479     -1
 1426    229   105   128  1      480     -1
 1427    227   128   105  0      480    481
 1428    105   158   128  1      481     -1
 1429    227   128   158  0      481    560
 1430    351   125   165  0      482    897
 1431    165   125   212  0      482    569
 1432     87   295   346  0      483   1062
 1433     87   304   295  0      483    822
 1434    346   295   304  0      483    931
 1435    406   384    22  0      484    490
 1436     56    77    80  0      485    642
 1437     56    26    77  0      485   1287
 1438     80    26    56  1      485     -1
 1439     80    77    26  0      485   1200
 1440    380    78   270  1      486     -1
 1441    380   271    78  0      486    680
 1442    270   271   380  0      486    659
 1443    270    78   271  1      486     -1
 1444    158    30   227  0      487    637
 1445    158   324    30  0      487    488
 1446    227    30   324  0      487    519
 1447    324    30   378  0      488   1479
 1448    378    30   158  0      488   1033
 1449    283   215   145  0      489   1594
 1450    189   145   215  0      489   1670
 1451    384    22   179  1      490     -1
 1452    406   179    22  0      490    633
 1453    386    30   399  0      491   1488
 1454    399    30   334  0      491    492
 1455    334   324    30  0      492    520
 1456    399    30   324  0      492   1484
 1457    277   290   312  0      493   1516
 1458    277   341   290  0      493   1415
 1459    312   341   277  0      493   1506
 1460    312   290   341  0      493   1493
 1461    169   300    54  0      494   1522
 1462     54   300   244  0      494   1544
 1463    209   243   378  1      495     -1
 1464    209   312   243  0      495   1472
 1465    378   312   209  0      495   1478
 1466    378   243   312  0      495   1422
 1467    393   405   184  0      496    620
 1468    184   120   393  0      496    503
 1469    299   117    64  1      497     -1
 1470    299   345   117  0      497    526
 1471     64   345   299  0      497    810
 1472     64   117   345  0      497    776
 1473    237    96    50  0      498    982
 1474    229   236   148  1      499     -1
 1475    229   406   236  0      499    629
 1476    405   180    42  0      500    605
 1477    405   344   180  0      500    655
 1478    303    93   190  0      501    549
 1479    303   356    93  0      501    522
 1480    190    93   356  0      501    596
 1481    303   315   407  0      502    546
 1482    407    93   303  0      502    552
 1483    120   393   324  0      503    518
 1484    307   340   319  0      504   1302
 1485    307   355   340  0      504   1289
 1486    319   340   355  0      504   1416
 1487    188   377    82  0      505   1403
 1488    188   165   377  0      505    609
 1489     82   165   188  0      505   1314
 1490     82   377   165  0      505   1338
 1491    387    29   362  0      506   1249
 1492    387   352    29  0      506   1333
 1493    362   352   387  0      506    718
 1494    362    29   352  0      506   1257
 1495    234   360   329  0      507   1622
 1496    234    85   360  0      507   1374
 1497    329    85   234  0      507   1106
 1498    329   360    85  0      507   1642
 1499     57    81    54  0      508   1357
 1500     57   257    81  0      508   1198
 1501     54   257    57  0      508   1593
 1502     54    81   257  0      508   1620
 1503    367   338   286  0      509   1362
 1504    367     2   338  1      509     -1
 1505    286     2   367  0      509   1463
 1506    188   355    19  0      510   1047
 1507     19   351   188  0      510    675
 1508     19   355   351  0      510   1375
 1509    134    68   199  0      511   1150
 1510    134    12    68  1      511     -1
 1511    199    12   134  0      511   1126
 1512    199    68    12  1      511     -1
 1513    327    63    39  0      512    539
 1514    376    39    63  0      512    538
 1515    311   231   352  0      513   1236
 1516    311    72   231  0      513   1189
 1517    352    72   311  0      513   1001
 1518    352   231    72  0      513   1190
 1519    390   263    39  0      514    529
 1520    364    39   263  0      514    536
 1521    334    88   393  0      515    517
 1522    227   393    30  0      516    519
 1523     30    88   227  0      516   1276
 1524     30   393    88  0      516    517
 1525     30   393   334  0      517    520
 1526    334   393   324  0      518    520
 1527     30   324   393  0      519    520
 1528    321   151   211  0      521    924
 1529    321   323   151  0      521    887
 1530    211   323   321  0      521    834
 1531    211   151   323  0      521    904
 1532    356    93   405  0      522    559
 1533    227   266   184  0      523    585
 1534    227   393   266  0      523    621
 1535    184   266   393  0      523    619
 1536    407   315   327  0      524    547
 1537    323   147   345  0      525    587
 1538    323   117   147  0      525    573
 1539    345   117   323  0      525    776
 1540    345   147   117  0      525    811
 1541    407   117   299  0      526    689
 1542    407   345   117  0      526    811
 1543    393    42   356  0      527    614
 1544    393   212    42  0      527    622
 1545    356   212   393  0      527    577
 1546    356    42   212  0      527    624
 1547     76   254   242  1      528     -1
 1548    263    39   152  0      529    535
 1549    120   129   242  0      530    534
 1550     76   242   129  1      530     -1
 1551    268   242   200  0      531    533
 1552    268    63   242  0      531    532
 1553    200   242    63  1      531     -1
 1554    303   268    63  0      532    537
 1555    200   129   242  1      533     -1
 1556    268   242   129  0      533    534
 1557    263    39   205  0      535    536
 1558    268    63    39  0      537    538
 1559    303    39    63  0      537    540
 1560    315    39   327  0      539    547
 1561    315    63    39  0      539    540
 1562    303    39   315  0      540    546
 1563    190    39   303  0      541    549
 1564    190    88    39  0      541    543
 1565    303    39    88  0      541    542
 1566     88   390    39  0      542    543
 1567    331    39   152  0      544    545
 1568    331   327    39  0      544    548
 1569    331    39   190  0      545    550
 1570    303    39   407  0      546    552
 1571    407    39   315  0      546    547
 1572    407    39   327  0      547    548
 1573    407    39   331  0      548    551
 1574     93    39   303  0      549    552
 1575     93   190    39  0      549    550
 1576    331    39    93  0      550    551
 1577     93   407    39  0      551    552
 1578    331   407    93  0      551    859
 1579    248   345   331  0      553    809
 1580    331   345   407  0      553    572
 1581    176   255   336  0      554    771
 1582    176   357   255  0      554    801
 1583    336   357   176  0      554    918
 1584    336   255   357  0      554    788
 1585    254   289    13  1      555     -1
 1586    180   356   125  0      556    623
 1587     93   356   180  0      556    559
 1588     93   125   356  0      556    596
 1589    406    42   184  0      557    615
 1590    184    42   266  0      557    619
 1591    227    42   228  0      558    586
 1592    266    42   227  0      558    621
 1593    266   228    42  0      558    589
 1594    405   356   180  0      559    605
 1595    227   228   158  0      560   1408
 1596    153    29   237  0      561   1012
 1597    153   149    29  0      561   1218
 1598    237    29   149  0      561   1210
 1599    220   211   133  0      562    794
 1600    372   211   220  0      562    850
 1601    372   133   211  0      562    691
 1602    388   382   326  0      563    678
 1603    388   111   382  0      563    751
 1604    326   382   111  0      563    677
 1605    137    57   178  0      564   1569
 1606    137   154    57  0      564   1386
 1607    178   154   137  0      564   1553
 1608    314   255    14  0      565    769
 1609    314   252   255  0      565    804
 1610     14   252   314  1      565     -1
 1611     14   255   252  1      565     -1
 1612    391   161   343  0      566    741
 1613    177   161   391  0      566    645
 1614    177   343   161  1      566     -1
 1615    405   179   344  0      567    656
 1616    406   344   179  0      567    661
 1617     96    71    34  0      568    882
 1618     34    50    96  0      568   1006
 1619    212   269   125  0      569    600
 1620    388   391   309  0      570    652
 1621    388   161   391  0      570    741
 1622    309   161   388  0      570    604
 1623    309   391   161  0      570    707
 1624    269   125    41  0      571    886
 1625    269   180   125  0      571    599
 1626     41   180   269  0      571    753
 1627    331   147   407  0      572    859
 1628    331   345   147  0      572    781
 1629    407   147   345  0      572    811
 1630    117   322   323  0      573    853
 1631    323   322   147  0      573    870
 1632    308   402   249  0      574    968
 1633    308   288   402  0      574   1022
 1634    249   288   308  0      574    941
 1635    249   402   288  0      574   1009
 1636    379   323   345  0      575    816
 1637     64   323   379  0      575    863
 1638     64   345   323  0      575    776
 1639     44   313    94  0      576   1247
 1640     44   370   313  0      576   1430
 1641     94   370    44  0      576   1443
 1642     94   313   370  0      576   1392
 1643    356   212    88  0      577    579
 1644    168   391   269  0      578    613
 1645    269   182   168  0      578    743
 1646    269   391   182  0      578    764
 1647    351   212    88  0      579    640
 1648    405   289   179  0      580    656
 1649     76   179   289  1      580     -1
 1650    287   144   295  0      581   1016
 1651     25   144   287  1      581     -1
 1652     25   295   144  0      581    983
 1653    186   359   371  1      582     -1
 1654    186   204   359  1      582     -1
 1655    371   204   186  0      582    708
 1656    371   359   204  0      582    631
 1657     32   339   101  0      583    783
 1658    101   130    32  0      583    754
 1659    101   339   130  0      583    795
 1660    325   220   357  0      584    869
 1661    325   320   220  1      584     -1
 1662    357   320   325  0      584    813
 1663    212    42   228  0      586    603
 1664    227    42   212  0      586    622
 1665    323    32   345  0      587    877
 1666    323   147    32  0      587    692
 1667    345    32   147  0      587    781
 1668    214    71   298  0      588    910
 1669    214    34    71  0      588    882
 1670    298    34   214  0      588   1034
 1671    298    71    34  0      588   1052
 1672     42   107   228  0      589    603
 1673    266   228   107  0      589    627
 1674    168   362   269  0      590    743
 1675    269   212   168  0      590    600
 1676    233   374    41  0      591    778
 1677    233   391   374  0      591    775
 1678     41   391   233  0      591    765
 1679     41   374   391  0      591    977
 1680    146    84    46  1      592     -1
 1681    146   389    84  0      592   1191
 1682     46   389   146  0      592   1000
 1683     46    84   389  0      592   1264
 1684    107   410   403  0      593    651
 1685    344   404   168  0      594    671
 1686    344   403   404  0      594    683
 1687    168   403   344  0      594    658
 1688    168   404   403  0      594    674
 1689    230    66   154  0      595   1355
 1690    230   171    66  0      595   1526
 1691    154   171   230  0      595   1368
 1692    154    66   171  0      595   1407
 1693     93   125   190  0      596    861
 1694    147   339   331  0      597    873
 1695    162   151   323  0      598    902
 1696    162    32   151  0      598    784
 1697    323    32   162  0      598    692
 1698    323   151    32  0      598    904
 1699    180   125   168  0      599    625
 1700    168   269   180  0      599    752
 1701    168   125   269  0      599    600
 1702    168   125   212  0      600    626
 1703    128   310   228  0      601    628
 1704      9   310   128  1      601     -1
 1705      9   228   310  0      601   1307
 1706    410    77    29  0      602   1290
 1707    136    29    77  0      602   1332
 1708    107   228   212  0      603    639
 1709    212    42   107  0      603    607
 1710    382   161   388  0      604    750
 1711    382   309   161  0      604    733
 1712    388   309   382  0      604    710
 1713    180    42   356  0      605    623
 1714    356    42   405  0      605    614
 1715    168   107    42  0      606    607
 1716    168   344   107  0      606    658
 1717    212    42   168  0      607    626
 1718    359    11   371  1      608     -1
 1719    359   291    11  1      608     -1
 1720    371   291   359  0      608    631
 1721    371    11   291  0      608   1201
 1722    165   377   153  0      609    825
 1723    153   188   165  0      609   1303
 1724    153   377   188  0      609    720
 1725    168   309   362  0      610    742
 1726    352   204   410  0      611    729
 1727    352   309   204  0      611    731
 1728    410   309   352  0      611    719
 1729    410   204   309  0      611    725
 1730    403    90   310  0      612    724
 1731    403   107    90  0      612    663
 1732    310   107   403  0      612    651
 1733    310    90   107  0      612    668
 1734    269   233   391  0      613    765
 1735    168   233   269  0      613    752
 1736    168   391   233  0      613    684
 1737    405   393    42  0      614    620
 1738    184   405    42  0      615    620
 1739    370   313    55  0      616   1392
 1740    370   238   313  0      616   1425
 1741     55   238   370  0      616   1419
 1742     55   313   238  0      616   1433
 1743    278   312    23  0      617   1414
 1744    209   312   278  0      617   1485
 1745    209    23   312  0      617   1472
 1746    397    35   281  0      618   1073
 1747    397   218    35  0      618   1170
 1748    281   218   397  0      618   1151
 1749    281    35   218  0      618   1212
 1750    184    42   393  0      619    620
 1751    393    42   266  0      619    621
 1752    393    42   227  0      621    622
 1753    356   125    42  0      623    624
 1754    180    42   125  0      623    625
 1755    212   125    42  0      624    626
 1756    168    42   125  0      625    626
 1757    107   310   228  0      627   1305
 1758    266   310   107  0      627    668
 1759    266   228   310  0      627    628
 1760    128   310   266  0      628    664
 1761     69   318     6  1      630     -1
 1762     69   160   318  0      630    653
 1763      6   160    69  1      630     -1
 1764      6   318   160  0      630   1243
 1765    359   204   291  1      631     -1
 1766    371   291   204  0      631    730
 1767    236   344   380  0      632    666
 1768    406   380   344  0      632    661
 1769    406   270    22  0      633    647
 1770    406   179   270  0      633    660
 1771     22   270   179  1      633     -1
 1772    316    67    48  1      634     -1
 1773    316   217    67  0      634   1208
 1774     48   217   316  0      634   1258
 1775     48    67   217  0      634   1366
 1776    225   256   109  0      635   1346
 1777    225   123   256  0      635   1410
 1778    109   123   225  0      635   1330
 1779    109   256   123  0      635   1353
 1780    140   234   355  0      636   1609
 1781    140    81   234  0      636   1466
 1782    355    81   140  0      636   1389
 1783    355   234    81  0      636   1634
 1784    158   277   227  0      637   1408
 1785    158    30   277  0      637   1033
 1786    227   277    30  0      637   1418
 1787     72    77   352  0      638   1292
 1788     72    56    77  0      638   1287
 1789    352    56    72  0      638   1187
 1790    352    77    56  0      638   1137
 1791    107    82   212  0      639   1313
 1792    107   228    82  0      639   1294
 1793    212    88    82  0      640    641
 1794     88    82   227  0      641   1396
 1795     80   136    77  0      642   1192
 1796     56   136    80  0      642   1285
 1797    217    77   239  0      643   1326
 1798    217    26    77  0      643   1219
 1799    239    26   217  0      643   1296
 1800    239    77    26  0      643   1233
 1801    237   182   163  0      644    970
 1802    387   182   237  0      644   1335
 1803    387   163   182  0      644    746
 1804    161   391   182  0      645    707
 1805    182   177   161  0      645    747
 1806    182   391   177  0      645    912
 1807    344   124   271  0      646    670
 1808    179   124   344  0      646    657
 1809    179   271   124  1      646     -1
 1810     22   236   270  1      647     -1
 1811    353   160   139  0      648   1159
 1812    353    68   160  0      648   1183
 1813    139    68   353  0      648   1196
 1814    139   160    68  1      648     -1
 1815    107   403   266  0      649    663
 1816    107   344   403  0      649    658
 1817    266   403   344  0      649    665
 1818    124   344   168  0      650    671
 1819    124   180   344  0      650    654
 1820    410   310   107  0      651   1306
 1821    410   403   310  0      651    721
 1822    388   391   168  0      652    684
 1823    239   318    69  0      653   1298
 1824    239   160   318  0      653   1266
 1825     69   160   239  0      653   1244
 1826    124   289   344  0      654    657
 1827    180   344   289  0      654    655
 1828    405   344   289  0      655    656
 1829    289   179   344  0      656    657
 1830    289   179   124  1      657     -1
 1831    179   270   271  1      659     -1
 1832    179   380   270  0      659    660
 1833    179   380   406  0      660    661
 1834    398   412   401  0      662    792
 1835    398   320   412  1      662     -1
 1836    401   320   398  0      662    815
 1837    107    90   266  0      663    668
 1838    266    90   403  0      663    665
 1839    128    90   266  0      664    667
 1840    128   310    90  1      664     -1
 1841    266    90   310  0      664    668
 1842    380   236    90  1      666     -1
 1843    128    90   236  1      667     -1
 1844    271   404    78  0      669    680
 1845    271   326   404  0      669    759
 1846     78   326   271  1      669     -1
 1847     78   404   326  0      669    702
 1848    271   404   124  0      670    760
 1849    271   344   404  0      670    681
 1850    124   404   344  0      670    671
 1851    124   404   168  0      671    676
 1852     94    26   217  0      672   1219
 1853     94   385    26  0      672   1274
 1854    217   385    94  0      672   1267
 1855    217    26   385  0      672   1297
 1856     90   240   380  1      673     -1
 1857     90   403   240  0      673    723
 1858    380   240   403  0      673    682
 1859    404   388   168  0      674    676
 1860    404   403   388  0      674    714
 1861     19   165   188  0      675   1282
 1862    351   165    19  0      675    897
 1863    351   188   165  0      675   1314
 1864    124   404   388  0      676    761
 1865    326     7   111  1      677     -1
 1866    326   382     7  0      677    695
 1867    111     7   382  1      677     -1
 1868    404   382   326  0      678    699
 1869    404   388   382  0      678    704
 1870    326   388   404  0      678    758
 1871    380   404   240  0      679    682
 1872    380    78   404  0      679    680
 1873    240    78   380  1      679     -1
 1874    240   404    78  0      679    703
 1875    271   404   380  0      680    681
 1876    380   344   404  0      681    683
 1877    380   404   403  0      682    683
 1878    403   404   240  0      682    697
 1879    369   391   207  0      685    749
 1880    207   233   369  0      685    706
 1881    207   391   233  0      685    775
 1882    395   288   176  0      686    974
 1883    395   197   288  0      686    876
 1884    176   197   395  0      686    798
 1885    176   288   197  1      686     -1
 1886    218    35   237  0      687   1212
 1887    218   149    35  0      687   1203
 1888    237   149   218  0      687   1223
 1889    233   124   369  0      688    706
 1890    388   369   124  0      688    761
 1891     13   117   299  1      689     -1
 1892     13   407   117  0      689    879
 1893    374   198   336  0      690    791
 1894    336   177   374  0      690    980
 1895    336   198   177  0      690    790
 1896    379   211   372  0      691    864
 1897    323   147   162  0      692    870
 1898    162    50    34  0      693    988
 1899    135    50   162  0      693    824
 1900    394   389   281  0      694   1204
 1901    394   194   389  0      694   1003
 1902    281   389   194  0      694   1004
 1903    382   354   326  0      695    698
 1904    382     7   354  1      695     -1
 1905    326   354     7  0      695    700
 1906    373   186   354  1      696     -1
 1907    373   382   186  0      696    712
 1908    354   382   373  0      696    698
 1909    354   186   382  1      696     -1
 1910    404   373   403  0      697    715
 1911    404   240   373  0      697    703
 1912    403   373   240  0      697    727
 1913    354   326   373  0      698    700
 1914    382   373   326  0      698    699
 1915    382   373   404  0      699    704
 1916    404   373   326  0      699    702
 1917    326   373     7  0      700    701
 1918      7   373   354  1      700     -1
 1919      7    78   373  1      701     -1
 1920    326    78     7  1      701     -1
 1921    326   373    78  0      701    702
 1922     78   404   373  0      702    703
 1923    240   373    78  1      703     -1
 1924    382   373   388  0      704    710
 1925    388   373   404  0      704    713
 1926    387   311   352  0      705   1237
 1927    371   311   387  0      705    728
 1928    207   124   369  1      706     -1
 1929    186   309   204  0      708    722
 1930    371   309   186  0      708    711
 1931    371   204   309  0      708    730
 1932    149   239   121  0      709   1238
 1933    149   139   239  0      709   1076
 1934    121   139   149  0      709   1227
 1935    121   239   139  0      709   1234
 1936    382   373   309  0      710    712
 1937    388   309   373  0      710    713
 1938    371   309   382  0      711    733
 1939    382   186   371  1      711     -1
 1940    382   309   186  0      711    712
 1941    186   373   309  0      712    722
 1942    373   404   309  0      713    715
 1943    388   309   404  0      713    714
 1944    403   309   404  0      714    715
 1945    403   309   373  0      715    726
 1946    218   164    37  0      716   1199
 1947    218   139   164  0      716   1228
 1948     37   164   139  1      716     -1
 1949    348    15   140  0      717   1547
 1950    348   263    15  0      717   1546
 1951    140    15   263  0      717   1646
 1952    362   309   387  0      718    738
 1953    362   352   309  0      718    719
 1954    362   352   410  0      719   1257
 1955    377   123   153  0      720   1315
 1956    377   188   123  0      720   1356
 1957    153   123   188  0      720   1301
 1958    403   204   410  0      721    725
 1959    403   310   204  0      721    724
 1960    410   204   310  0      721   1281
 1961    373   204   186  1      722     -1
 1962    373   309   204  0      722    726
 1963    240   204   403  0      723    727
 1964    240    90   204  1      723     -1
 1965    403   204    90  0      723    724
 1966    310   204    90  1      724     -1
 1967    403   204   309  0      725    726
 1968    403   204   373  0      726    727
 1969    373   240   204  1      727     -1
 1970    371   161   387  0      728    734
 1971    371   311   161  1      728     -1
 1972    387   161   311  0      728    745
 1973    352   291   410  0      729   1272
 1974    352   204   291  0      729    731
 1975    410   291   204  0      729   1293
 1976    371   291   309  0      730    732
 1977    309   291   204  0      730    731
 1978    309   291   352  0      731    732
 1979    371   291   352  0      732   1201
 1980    309   161   371  0      733    734
 1981    371   161   382  1      733     -1
 1982    111    14   369  1      735     -1
 1983    111   343    14  1      735     -1
 1984    369   343   111  0      735    773
 1985    369    14   343  0      735    768
 1986     85    49   329  0      736   1624
 1987     85   276    49  0      736   1641
 1988    329   276    85  0      736   1454
 1989    329    49   276  0      736   1626
 1990    102    59   368  1      737     -1
 1991    102   276    59  0      737   1010
 1992    368   276   102  0      737   1549
 1993    362   182   387  0      738   1249
 1994    362   309   182  0      738    742
 1995    362   182   269  0      739    743
 1996    362   165   182  0      739   1321
 1997    269   182   165  0      739    889
 1998    339   159   162  0      740    894
 1999    339    32   159  0      740    783
 2000    162   159    32  0      740    784
 2001    391   388   343  0      741    772
 2002    161   343   388  0      741    750
 2003    168   182   362  0      742    743
 2004     57   355    81  0      744   1357
 2005     19   355    57  0      744   1047
 2006     19    81   355  0      744   1568
 2007    387   161   163  0      745    746
 2008    311   163   161  1      745     -1
 2009    182   161   163  0      746    747
 2010    177   163   182  0      747    932
 2011    177   161   163  1      747     -1
 2012    226   233   180  0      748    865
 2013    391   343   369  0      749    772
 2014    369   343   207  0      749    768
 2015    161   343   382  1      750     -1
 2016    382   343   388  0      750    751
 2017    382   343   111  1      751     -1
 2018    111   343   388  0      751    773
 2019    180   233   269  0      752    753
 2020    269    41   233  0      753    765
 2021     32    73   130  0      754    898
 2022     32   101    73  0      754    821
 2023    130    73   101  0      754    828
 2024    314   374   207  0      755    855
 2025    314    14   374  0      755    769
 2026    207    14   314  1      755     -1
 2027    207   374    14  0      755    763
 2028    130    73   408  0      756    898
 2029    130    53    73  0      756    829
 2030    408    73    53  0      756    845
 2031    248    32   408  0      757    806
 2032    248   130    32  0      757    878
 2033    408    32   130  0      757    898
 2034    326   369   404  0      758    759
 2035    404   369   388  0      758    761
 2036    404   271   369  0      759    760
 2037    326   369   271  1      759     -1
 2038    271   369   124  1      760     -1
 2039    124   369   404  0      760    761
 2040    374   255   314  0      762    769
 2041    374   357   255  0      762    788
 2042    314   357   374  0      762    857
 2043    314   255   357  0      762    803
 2044    343    14   207  0      763    768
 2045    343   374    14  0      763    779
 2046    182    41   391  0      764    860
 2047    269    41   182  0      764    965
 2048    269   391    41  0      764    765
 2049    162   125   339  0      766    871
 2050    147   125   162  0      766    856
 2051    357    51   325  0      767    774
 2052    357   317    51  0      767    805
 2053    325   317   357  0      767    813
 2054    325    51   317  0      767    819
 2055    369    14   207  1      768     -1
 2056     14   374   255  0      769    785
 2057    117    91   322  0      770    853
 2058    226    91   117  1      770     -1
 2059    374   255   336  0      771    788
 2060    374   176   255  0      771    797
 2061    336   176   374  0      771    791
 2062    388   343   369  0      772    773
 2063    255    51   325  0      774    777
 2064    255   357    51  0      774    805
 2065    325   357   255  0      774    803
 2066    207   374   233  0      775    866
 2067    252    51   325  1      777     -1
 2068    252   255    51  1      777     -1
 2069    325   255   252  0      777    804
 2070    374   322   233  0      778    866
 2071    374    41   322  0      778    818
 2072    343   198    14  1      779     -1
 2073     14   198   374  0      779    785
 2074    162   308   336  0      780    905
 2075    162   151   308  0      780    993
 2076    336   308   151  0      780    893
 2077    345    32   331  0      781    809
 2078    331    32   147  0      781    873
 2079    127   258   101  0      782   1035
 2080    101    73   127  0      782    828
 2081    101   258    73  0      782   1021
 2082     32   159   101  0      783    821
 2083    159   151   162  0      784    993
 2084    159    32   151  0      784    906
 2085    198   255    14  1      785     -1
 2086    198   374   255  0      785    797
 2087    317   321   411  0      786    913
 2088    317   320   321  0      786    820
 2089    211    32   379  0      787    921
 2090    211   345    32  0      787    877
 2091    379   345   211  0      787    816
 2092    374   357   336  0      788    837
 2093    103   178   154  0      789   1251
 2094      8   178   103  0      789   1311
 2095      8   154   178  0      789   1553
 2096    336   176   177  0      790    929
 2097    336   198   176  0      790    791
 2098    177   176   198  1      790     -1
 2099    374   198   176  0      791    797
 2100    401     4   412  1      792     -1
 2101    398     4   401  1      792     -1
 2102    398   412     4  1      792     -1
 2103    365    96   138  0      793    938
 2104    365   281    96  0      793   1056
 2105    138   281   365  0      793   1116
 2106    321   220   211  0      794    834
 2107    321   133   220  0      794    842
 2108    374   357    91  0      796    857
 2109    374   322   357  0      796    837
 2110    176   255   198  1      797     -1
 2111    176   197   317  1      798     -1
 2112    317   395   176  0      798    930
 2113    317   197   395  0      798    914
 2114    317   412    51  1      799     -1
 2115     51   320   317  0      799    819
 2116     51   412   320  1      799     -1
 2117    125   162    50  0      800    824
 2118    269   162   125  0      800    886
 2119    269    50   162  0      800    872
 2120    255   317   357  0      801    805
 2121    255   176   317  1      801     -1
 2122    357   317   176  0      801    930
 2123    267   411   398  0      802    814
 2124    267   401   411  0      802    917
 2125    398   401   267  1      802     -1
 2126    398   411   401  0      802    815
 2127    314   325   357  0      803    848
 2128    314   255   325  0      803    804
 2129    314   252   325  1      804     -1
 2130    317    51   255  1      805     -1
 2131    379    32   408  0      806    847
 2132    287   293   304  0      807    940
 2133    287    87   293  1      807     -1
 2134    304    87   287  0      807    822
 2135    304   293    87  0      807    955
 2136    321    45   133  0      808    842
 2137    267    45   321  0      808    830
 2138    267   133    45  1      808     -1
 2139    248    32   331  0      809    878
 2140    407   147   117  0      811    879
 2141    197   308   304  0      812    959
 2142    197   395   308  0      812    876
 2143    304   395   197  0      812    972
 2144    304   308   395  0      812    962
 2145    317   320   325  0      813    819
 2146    317   357   320  0      813    820
 2147    398   320   411  0      814    815
 2148    211   323   345  0      816    877
 2149    379   323   211  0      816    864
 2150     53    73   251  0      817    845
 2151     53    36    73  0      817    892
 2152    251    36    53  1      817     -1
 2153    251    73    36  0      817    846
 2154     41   322   336  0      818    849
 2155    336   374    41  0      818    978
 2156    336   322   374  0      818    837
 2157     51   320   325  1      819     -1
 2158    159   101    73  0      821   1021
 2159    287   295    87  0      822   1061
 2160    287   304   295  0      822    823
 2161    287   304   274  0      823    940
 2162    125   162   135  0      824    871
 2163    165    29   153  0      825   1012
 2164    165   377    29  0      825   1338
 2165    153    29   377  0      825   1331
 2166     73   258   159  0      826   1021
 2167     73   346   258  0      826    899
 2168    159   346    73  0      826    888
 2169    159   258   346  0      826   1065
 2170    357   151   323  0      827    887
 2171    357   322   151  0      827    890
 2172    323   151   322  0      827    902
 2173    130    73   127  0      828    829
 2174     53    73   127  0      829    900
 2175    267    45   398  1      830     -1
 2176    398    45   321  0      830    838
 2177    357   151   395  0      831    949
 2178    321   151   357  0      831    887
 2179    321   395   151  0      831    950
 2180      5   366    74  1      832     -1
 2181      5   264   366  0      832   1075
 2182     74   264     5  1      832     -1
 2183     74   366   264  0      832   1038
 2184    216    20   379  0      833    915
 2185    379    20   118  0      833    835
 2186    220   323   321  0      834    836
 2187    220   211   323  0      834    850
 2188    118   372    20  1      835     -1
 2189    357   323   321  0      836    887
 2190    357   220   323  0      836    868
 2191    336   322   357  0      837    890
 2192    398    45   320  1      838     -1
 2193    320    45   321  0      838    839
 2194    321   220    45  0      839    842
 2195    320    45   220  1      839     -1
 2196    201   272    36  1      840     -1
 2197    201    73   272  0      840    844
 2198     36    73   201  0      840    843
 2199     36   272    73  0      840    901
 2200    133    20    45  1      841     -1
 2201     45    20   372  1      841     -1
 2202     36    73   211  0      843    920
 2203    211    73   201  0      843    922
 2204    346   272   201  0      844    903
 2205    346    73   272  0      844    899
 2206    201    73   346  0      844    922
 2207    251   408    73  0      845    846
 2208     36   408    73  0      846    919
 2209    251   408    36  0      846    852
 2210     32    73   379  0      847    921
 2211     32   408    73  0      847    898
 2212    379    73   408  0      847    919
 2213    325    91   314  1      848     -1
 2214    325   357    91  0      848    869
 2215    314    91   357  0      848    857
 2216     41   162   336  0      849    966
 2217    220   372   323  0      850    851
 2218    211   323   372  0      850    864
 2219    372   323    64  0      851    863
 2220     64   220   372  1      851     -1
 2221    408    36   379  0      852    919
 2222    379    36   251  0      852    883
 2223    323   117    91  0      853    854
 2224    220    91   323  0      854    868
 2225    220   117    91  1      854     -1
 2226    374    91   314  0      855    857
 2227    314    91   207  1      855     -1
 2228    125   162    41  0      856    886
 2229    394    71    96  0      858   1020
 2230    394   358    71  0      858   1096
 2231     96   358   394  0      858   1214
 2232    407    93   147  0      859    880
 2233     41   249   182  0      860    965
 2234     41   391   249  0      860    977
 2235    182   249   391  0      860    912
 2236    226   322   233  0      862    865
 2237    233   322   207  0      862    866
 2238    379   372   323  0      863    864
 2239    220    91   357  0      868    869
 2240    220    91   325  1      869     -1
 2241    322   162   323  0      870    902
 2242    339   162   135  0      871    894
 2243    269    50    41  0      872    926
 2244     41   162   269  0      872    886
 2245     41    50   162  0      872    964
 2246    117   147    13  0      874    879
 2247     13   226   117  1      874     -1
 2248     13   147   226  0      874    875
 2249     13   147   180  0      875    881
 2250    288   395   308  0      876    958
 2251    323    32   211  0      877    904
 2252    407   147    13  0      879    880
 2253     13    93   147  0      880    881
 2254    214    96    71  0      882   1020
 2255     34    96   214  0      882   1039
 2256    379    36   216  0      883    915
 2257    216    36   251  1      883     -1
 2258    274   197    38  1      884     -1
 2259    274   304   197  0      884    971
 2260     38   304   274  0      884   1018
 2261     38   197   304  0      884    959
 2262    138   402   237  0      885   1005
 2263    138    96   402  0      885    938
 2264    237   402    96  0      885    982
 2265    211   346    73  0      888    922
 2266    182    50   269  0      889    969
 2267    336   151   357  0      890    949
 2268     92    24   392  1      891     -1
 2269     92   221    24  1      891     -1
 2270    392   221    92  0      891   1467
 2271    392    24   221  0      891   1115
 2272     17    73    53  0      892    900
 2273     17    36    73  0      892    901
 2274     53    36    17  1      892     -1
 2275    151   395   308  0      893    962
 2276    336   395   151  0      893    949
 2277    336   308   395  0      893    958
 2278    298    71   279  0      895    910
 2279    298   258    71  0      895   1052
 2280    279   258   298  0      895   1025
 2281    192   122   350  0      896   1628
 2282    350   260   192  0      896   1606
 2283    350   122   260  1      896     -1
 2284    125    19   351  0      897   1093
 2285    272   258    73  0      899   1068
 2286     36   272    17  1      901     -1
 2287     17   272    73  0      901   1068
 2288    272    87   346  0      903   1063
 2289    272   201    87  1      903     -1
 2290    211   151    32  0      904    906
 2291    336   249   308  0      905    941
 2292    162   249   336  0      905    966
 2293    162   308   249  0      905    987
 2294    292   366   126  0      907   1120
 2295    292     5   366  0      907   1075
 2296    126     5   292  1      907     -1
 2297    126   366     5  1      907     -1
 2298     85   235   257  0      908   1710
 2299     85    81   235  0      908   1657
 2300    257    81    85  0      908   1620
 2301    257   235    81  0      908   1640
 2302     74   146    46  1      909     -1
 2303     46   146   194  0      909   1000
 2304    279   214    71  0      910   1083
 2305    298   214   279  0      910   1071
 2306    321    87   267  0      911    954
 2307    267    87   201  1      911     -1
 2308    182   249   177  0      912    932
 2309    177   249   391  0      912    979
 2310    321   411   395  0      913    961
 2311    317   395   411  0      913    914
 2312    317   197   411  1      914     -1
 2313    411   197   395  0      914    939
 2314    216    20    36  1      915     -1
 2315    379    36    20  0      915    916
 2316     20   133    36  1      916     -1
 2317    401    40   267  1      917     -1
 2318    401   411    40  1      917     -1
 2319    267    40   411  0      917    956
 2320    357   395   336  0      918    949
 2321    357   176   395  0      918    930
 2322    336   395   176  0      918    974
 2323    379    73    36  0      919    920
 2324    379    73   211  0      920    921
 2325    211   346   201  0      922    923
 2326    211   346   321  0      923    924
 2327    304   295    34  0      925    931
 2328     34   409   304  0      925   1015
 2329     34   295   409  0      925   1045
 2330    269   249    41  0      926    965
 2331    269    50   249  0      926    969
 2332     41   249    50  0      926    964
 2333    142   409    38  0      927   1027
 2334    142   261   409  0      927    933
 2335     38   261   142  1      927     -1
 2336     38   409   261  0      927   1029
 2337    346   245   272  0      928   1063
 2338    346   298   245  0      928   1049
 2339    336   249   177  0      929    980
 2340    336   176   249  0      929    973
 2341    177   249   176  0      929    981
 2342     34   304   346  0      931    934
 2343    163   182   249  0      932    970
 2344    365   142   261  0      933   1149
 2345    365   409   142  0      933    952
 2346     34   304   159  0      934    936
 2347    159   346    34  0      934   1065
 2348    159   304   346  0      934    935
 2349    159   304   151  0      935    936
 2350     34   151   159  0      936    991
 2351     34   304   151  0      936    943
 2352    127   350    17  0      937   1154
 2353    127    52   350  0      937   1674
 2354     17   350    52  1      937     -1
 2355    365   402   138  0      938   1007
 2356    365    96   402  0      938    990
 2357    411   197   293  0      939    947
 2358    293   395   411  0      939    961
 2359    293   197   395  0      939    972
 2360    304   274   293  0      940    971
 2361    287   293   274  0      940    953
 2362    336   288   308  0      941    958
 2363    249   288   336  0      941    973
 2364    308   402    34  0      942    996
 2365    308    50   402  0      942    968
 2366     34    50   308  0      942    988
 2367     34   402    50  0      942   1006
 2368    304   308    34  0      943   1015
 2369    304   151   308  0      943    962
 2370     34   308   151  0      943    991
 2371    142   295   274  0      944   1044
 2372    142   409   295  0      944   1043
 2373    274   409   142  0      944   1027
 2374     40   197   273  1      945     -1
 2375     40   293   197  0      945    947
 2376    273   293    40  1      945     -1
 2377    273   197   293  0      945    946
 2378    293   274   197  0      946    971
 2379    273   274   293  0      946    953
 2380    273   197   274  1      946     -1
 2381    411    40   293  0      947    956
 2382    411   197    40  1      947     -1
 2383    287   273    25  1      948     -1
 2384    287   274   273  0      948    953
 2385     25   273   274  1      948     -1
 2386    151   304   395  0      950    962
 2387    321   395   304  0      950    960
 2388    166   397   146  0      951   1169
 2389    194   397   166  0      951   1174
 2390    365   213   142  0      952   1152
 2391    365   409   213  0      952   1019
 2392    142   213   409  0      952   1043
 2393    287   293   273  1      953     -1
 2394    321   293   267  0      954    957
 2395    321    87   293  0      954    955
 2396    267   293    87  1      954     -1
 2397    304   293   321  0      955    960
 2398    267   293   411  0      956    957
 2399    267    40   293  1      956     -1
 2400    411   321   293  0      957    961
 2401    336   288   395  0      958    974
 2402     38   308   304  0      959   1017
 2403    293   395   304  0      960    972
 2404    293   321   395  0      960    961
 2405    177   288   249  0      963    981
 2406    177    18   288  1      963     -1
 2407    249   288    18  0      963   1009
 2408     41   249   162  0      964    966
 2409    162   249    50  0      964    987
 2410    182   269   249  0      965    969
 2411     41   249   336  0      966    978
 2412    237   249   182  0      967    970
 2413    237    50   249  0      967   1023
 2414    182   249    50  0      967    969
 2415     50   402   249  0      968   1023
 2416    249   308    50  0      968    987
 2417    304   197   293  0      971    972
 2418    249   288   176  0      973    981
 2419    176   288   336  0      973    974
 2420    288   402    18  0      975   1009
 2421    288   349   402  0      975   1008
 2422     18   349   288  1      975     -1
 2423     18   402   349  0      975    986
 2424    210    57   188  0      976   1575
 2425    210   355    57  0      976   1269
 2426    188   355   210  0      976   1390
 2427    188    57   355  0      976   1047
 2428     41   374   249  0      977    978
 2429    391   249   374  0      977    979
 2430    336   374   249  0      978    980
 2431    177   249   374  0      979    980
 2432    177   288   176  1      981     -1
 2433    237   402    50  0      982   1023
 2434     50   402    96  0      982   1006
 2435     25   295   142  0      983   1044
 2436    142   144    25  0      983   1070
 2437    142   295   144  0      983   1031
 2438     48    84   134  1      984     -1
 2439     48   109    84  0      984   1181
 2440    134   109    48  0      984   1148
 2441    134    84   109  0      984   1158
 2442    264   366   297  0      985   1038
 2443    264   292   366  0      985   1075
 2444    138    18   402  0      986   1005
 2445    349    18   138  1      986     -1
 2446    162   308    50  0      987    988
 2447    162   308    34  0      988    992
 2448    141   264   294  1      989     -1
 2449    294   297   141  0      989   1134
 2450    294   264   297  0      989   1036
 2451     96   409   365  0      990   1046
 2452    151   159   308  0      991    993
 2453     34   308   159  0      991    992
 2454    162   308   159  0      992    993
 2455    389   223   397  0      994   1202
 2456    389   146   223  0      994   1191
 2457    397   223   146  0      994   1155
 2458    136   377    94  0      995   1369
 2459    136    77   377  0      995   1332
 2460     94    77   136  0      995   1192
 2461     94   377    77  0      995   1250
 2462    402   409   308  0      996    999
 2463    308   409    34  0      996   1015
 2464    297   104   195  0      997   1129
 2465    297   191   104  0      997   1130
 2466    195   191   297  0      997   1135
 2467    195   104   191  0      997   1095
 2468    104   292   141  1      998     -1
 2469    104   297   292  0      998   1026
 2470    141   297   104  0      998   1130
 2471     38   409   308  0      999   1017
 2472     38   402   409  0      999   1030
 2473    308   402    38  0      999   1022
 2474     46   389   194  0     1000   1087
 2475    352    72    11  0     1001   1099
 2476    311    11    72  0     1001   1189
 2477    159   258   101  0     1002   1021
 2478    101   258   135  0     1002   1037
 2479    208   389   394  0     1003   1179
 2480    208   194   389  0     1003   1087
 2481    394   194   208  0     1003   1160
 2482    281   397   194  0     1004   1174
 2483    281   389   397  0     1004   1073
 2484     18   402   237  0     1005   1024
 2485    237   138    18  0     1005   1197
 2486    261   138   365  0     1007   1146
 2487     38   402   288  0     1008   1022
 2488     38   349   402  0     1008   1030
 2489    288   349    38  1     1008     -1
 2490    249   402    18  0     1009   1024
 2491     59   119   276  0     1010   1701
 2492     59   102   119  1     1010     -1
 2493    276   119   102  0     1010   1707
 2494    196    95    71  0     1011   1104
 2495    279    95   196  0     1011   1359
 2496    279    71    95  0     1011   1057
 2497    165    29   237  0     1012   1336
 2498    397   223    84  0     1013   1202
 2499    109   223   397  0     1013   1157
 2500    109    84   223  0     1013   1158
 2501     74   194   297  0     1014   1048
 2502     74   366   194  0     1014   1077
 2503    297   366    74  0     1014   1038
 2504    297   194   366  0     1014   1165
 2505    308   409   304  0     1015   1017
 2506    144   245   287  1     1016     -1
 2507    144   295   245  0     1016   1141
 2508    287   245   295  0     1016   1061
 2509     38   409   304  0     1017   1018
 2510     38   409   274  0     1018   1027
 2511    295   213   365  0     1019   1041
 2512    295   409   213  0     1019   1043
 2513    365   409   295  0     1019   1058
 2514    214   394    71  0     1020   1083
 2515     96   394   214  0     1020   1054
 2516    237   402   249  0     1023   1024
 2517    213   104   297  0     1026   1129
 2518    213   292   104  0     1026   1133
 2519     38   142   274  1     1027     -1
 2520    402   349   409  0     1028   1030
 2521    261   409   349  0     1028   1029
 2522     38   349   261  1     1029     -1
 2523     38   409   349  0     1029   1030
 2524    295   213   142  0     1031   1043
 2525    295   144   213  0     1031   1142
 2526    142   213   144  0     1031   1128
 2527    264     5   292  0     1032   1075
 2528    141     5   264  1     1032     -1
 2529    141   292     5  1     1032     -1
 2530    378   277   158  0     1033   1395
 2531    378    30   277  0     1033   1457
 2532    298   295   214  0     1034   1143
 2533     34   214   295  0     1034   1045
 2534    258   101   196  0     1035   1037
 2535    127   196   101  0     1035   1679
 2536    297    46   264  0     1036   1117
 2537    294   264    46  1     1036     -1
 2538    258   135   196  0     1037   1053
 2539    297   264    74  0     1038   1048
 2540    409   214    34  0     1039   1045
 2541    409    96   214  0     1039   1046
 2542     52   219   250  0     1040   1652
 2543     52   260   219  1     1040     -1
 2544    295   214   365  0     1041   1058
 2545    295   213   214  0     1041   1144
 2546    365   214   213  0     1041   1168
 2547    169   277    44  0     1042   1398
 2548    169   370   277  0     1042   1507
 2549     44   277   370  0     1042   1430
 2550     25   274   142  1     1044     -1
 2551    295   409   214  0     1045   1058
 2552     96   214   365  0     1046   1054
 2553    365   214   409  0     1046   1058
 2554    188    57    19  0     1047   1591
 2555    297   264   194  0     1048   1117
 2556    298   245   295  0     1049   1140
 2557    295   245   346  0     1049   1062
 2558    298   283   245  0     1050   1074
 2559     17   283   298  0     1050   1550
 2560     17   245   283  1     1050     -1
 2561    132    83    46  1     1051     -1
 2562    132   195    83  0     1051   1118
 2563     46   195   132  0     1051   1122
 2564    258    71    34  0     1052   1086
 2565     34   298   258  0     1052   1064
 2566    196    71   135  0     1053   1105
 2567    135    71   258  0     1053   1086
 2568     96   394   365  0     1054   1056
 2569    365   394   214  0     1054   1167
 2570    195   194    46  0     1055   1060
 2571    195   208   194  0     1055   1160
 2572     46   208   195  0     1055   1122
 2573     46   194   208  0     1055   1087
 2574    281    96   394  0     1056   1211
 2575    279   208    95  0     1057   1607
 2576    279    71   208  0     1057   1081
 2577    206   338   265  1     1059     -1
 2578    206   367   338  1     1059     -1
 2579    265   367   206  0     1059   1451
 2580    265   338   367  0     1059   1362
 2581     46   297   194  0     1060   1117
 2582    195   194   297  0     1060   1162
 2583    287   245    87  1     1061     -1
 2584     87   245   295  0     1061   1062
 2585     87   245   346  0     1062   1063
 2586     87   245   272  1     1063     -1
 2587    346   258    34  0     1064   1065
 2588    305    97   244  0     1066   1542
 2589    305   221    97  0     1066   1382
 2590    244   221   305  0     1066   1543
 2591    244    97   221  0     1066   1538
 2592    298   258    17  0     1067   1656
 2593     17   258   272  0     1067   1068
 2594     82   188   351  0     1069   1314
 2595     82   340   188  0     1069   1403
 2596    144   126   142  0     1070   1128
 2597    144    25   126  1     1070     -1
 2598    142   126    25  1     1070     -1
 2599    298   195   279  0     1071   1539
 2600    298   214   195  0     1071   1139
 2601    368    24   232  0     1072   1378
 2602    368   305    24  0     1072   1125
 2603    232   305   368  0     1072   1548
 2604    232    24   305  0     1072   1114
 2605    389    35   281  0     1073   1204
 2606    389   397    35  0     1073   1209
 2607    283   104   298  0     1074   1138
 2608    283   245   104  1     1074     -1
 2609    298   104   245  0     1074   1140
 2610    139   239   353  0     1076   1159
 2611    353   149   139  0     1076   1224
 2612    353   239   149  0     1076   1239
 2613    366    33    74  1     1077     -1
 2614     74    33   194  0     1077   1164
 2615    383   333   262  0     1078   1462
 2616    383   150   333  0     1078   1354
 2617    262   333   150  0     1078   1449
 2618     19   358   165  0     1079   1282
 2619    244   329    54  0     1080   1564
 2620     54   234   244  0     1080   1573
 2621     54   329   234  0     1080   1106
 2622    394   208   279  0     1081   1119
 2623    394    71   208  0     1081   1096
 2624    279    71   394  0     1081   1083
 2625    150    66   256  0     1082   1246
 2626    150   230    66  0     1082   1435
 2627    256   230   150  0     1082   1438
 2628    256    66   230  0     1082   1355
 2629     92   143   265  1     1084     -1
 2630    265   280    92  0     1084   1400
 2631    265   143   280  0     1084   1412
 2632    173   178   132  0     1085   1309
 2633    132     8   173  0     1085   1385
 2634    132   178     8  0     1085   1361
 2635     46   389   208  0     1087   1173
 2636    192   375   342  0     1088   1717
 2637    342   215   192  0     1088   1684
 2638    342   375   215  0     1088   1692
 2639    360   328    49  0     1089   1665
 2640    360    85   328  0     1089   1097
 2641     49    85   360  0     1089   1633
 2642     49   328    85  0     1089   1641
 2643    101    19   339  0     1090   1091
 2644    190    19   339  0     1091   1092
 2645    190    19   125  0     1092   1093
 2646    219   396   246  0     1094   1579
 2647    219   328   396  0     1094   1721
 2648    246   328   219  0     1094   1655
 2649    246   396   328  0     1094   1704
 2650    191   283   104  1     1095     -1
 2651    195   283   191  0     1095   1686
 2652    195   104   283  0     1095   1138
 2653    358   208   394  0     1096   1193
 2654     85   328    43  0     1097   1492
 2655     43   360    85  0     1097   1638
 2656     43   328   360  0     1097   1469
 2657    386   307    30  0     1098   1456
 2658    386   390   307  0     1098   1394
 2659     30   307   390  0     1098   1371
 2660     72    11   291  1     1099     -1
 2661    291   352    72  0     1099   1187
 2662    291    11   352  0     1099   1201
 2663    294   215    28  0     1100   1109
 2664    294   191   215  0     1100   1689
 2665     28   191   294  0     1100   1113
 2666     28   215   191  0     1100   1672
 2667    235   350   192  0     1101   1606
 2668    189   350   235  0     1101   1639
 2669    189   192   350  0     1101   1673
 2670    135    71    19  0     1102   1105
 2671     19    71   358  0     1102   1103
 2672     19    95   358  0     1103   1592
 2673     19    71    95  0     1103   1104
 2674     19   196    95  0     1104   1327
 2675     19    71   196  0     1104   1105
 2676     54    85   234  0     1106   1636
 2677    368   112   392  1     1107     -1
 2678    368   305   112  0     1107   1551
 2679    392   305   368  0     1107   1125
 2680    392   112   305  0     1107   1587
 2681    108    49   328  0     1108   1664
 2682    246    49   108  1     1108     -1
 2683    246   328    49  0     1108   1308
 2684    294    83    28  1     1109     -1
 2685    294   215    83  0     1109   1690
 2686    265     2    92  1     1110     -1
 2687     92   286   265  0     1110   1400
 2688     92     2   286  1     1110     -1
 2689    392   112   143  1     1111     -1
 2690    392   300   112  0     1111   1587
 2691    143   300   392  0     1111   1531
 2692    143   112   300  0     1111   1565
 2693     59   342    83  1     1112     -1
 2694     59   222   342  0     1112   1713
 2695     83   222    59  0     1112   1535
 2696     83   342   222  0     1112   1662
 2697     28   191   141  1     1113     -1
 2698    141   294    28  1     1113     -1
 2699    141   191   294  0     1113   1134
 2700    232    24   221  1     1114     -1
 2701    221   305   232  0     1114   1382
 2702    221    24   305  0     1114   1115
 2703    305   392    24  0     1115   1125
 2704    221   392   305  0     1115   1447
 2705    138    33   365  0     1116   1146
 2706    138   281    33  0     1116   1131
 2707    173   195    83  0     1118   1693
 2708    132   195   173  0     1118   1123
 2709    394   208   195  0     1119   1160
 2710    279   195   208  0     1119   1603
 2711    213   126   292  0     1120   1133
 2712    213   366   126  0     1120   1177
 2713    113   112   183  0     1121   1370
 2714    113   137   112  0     1121   1581
 2715    183   112   137  0     1121   1585
 2716    208   132    46  0     1122   1173
 2717    208   195   132  0     1122   1123
 2718    208   195   173  0     1123   1604
 2719    173   132   208  0     1123   1309
 2720    144   104   213  0     1124   1142
 2721    144   126   104  1     1124     -1
 2722    213   126   144  0     1124   1128
 2723    213   104   126  0     1124   1133
 2724    392    24   368  1     1125     -1
 2725    199   223   134  0     1126   1185
 2726    199    12   223  0     1126   1176
 2727    134   223    12  1     1126     -1
 2728    365    33   213  0     1127   1152
 2729    213   194   365  0     1127   1168
 2730    142   213   126  0     1128   1178
 2731    195   297   213  0     1129   1136
 2732    191   104   141  1     1130     -1
 2733    141   297   191  0     1130   1134
 2734    281    37   138  0     1131   1194
 2735    281    33    37  0     1131   1172
 2736    138    37    33  1     1131     -1
 2737    316   160    68  0     1132   1183
 2738    316     6   160  0     1132   1243
 2739     68     6   316  1     1132     -1
 2740     68   160     6  1     1132     -1
 2741    126   292   104  1     1133     -1
 2742    294   297   191  0     1134   1135
 2743    294   195   191  0     1135   1689
 2744    214   297   213  0     1136   1163
 2745    214   195   297  0     1136   1162
 2746    352    77   410  0     1137   1290
 2747    410    56   352  0     1137   1272
 2748    298   195   104  0     1138   1139
 2749    283   195   298  0     1138   1584
 2750    214   104   298  0     1139   1143
 2751    245   295   104  0     1140   1141
 2752    298   104   295  0     1140   1143
 2753    295   104   144  0     1141   1142
 2754    144   104   245  1     1141     -1
 2755    213   295   104  0     1142   1144
 2756    295   214   104  0     1143   1144
 2757    166    33   281  0     1145   1172
 2758    166   194    33  0     1145   1164
 2759    281   194   166  0     1145   1174
 2760    261    33   365  0     1146   1149
 2761    261   138    33  1     1146     -1
 2762    310   136     9  0     1147   1307
 2763      9    56   310  1     1147     -1
 2764      9   136    56  0     1147   1285
 2765     48   353   109  0     1148   1225
 2766    142    33   365  0     1149   1152
 2767    142   261    33  1     1149     -1
 2768    199   353    68  0     1150   1196
 2769    134   353   199  0     1150   1207
 2770     37   281   218  0     1151   1199
 2771    397   281    37  0     1151   1166
 2772    142    33   213  0     1152   1178
 2773     37   199   166  1     1153     -1
 2774    166   397    37  0     1153   1166
 2775    166   199   397  0     1153   1195
 2776     17   189   350  0     1154   1465
 2777    127   350   189  0     1154   1639
 2778    146    12   223  1     1155     -1
 2779    397    12   146  0     1155   1169
 2780    397   223    12  0     1155   1176
 2781    199   218   134  0     1156   1207
 2782    134   397   199  0     1156   1185
 2783    134   218   397  0     1156   1188
 2784    134   223   397  0     1157   1185
 2785    134   109   223  0     1157   1158
 2786    397   109   134  0     1157   1188
 2787    134    84   223  1     1158     -1
 2788    139   239   160  0     1159   1186
 2789    353   160   239  0     1159   1265
 2790    394   194   195  0     1160   1161
 2791    394   194   214  0     1161   1167
 2792    214   194   195  0     1161   1162
 2793    214   194   297  0     1162   1163
 2794    214   194   213  0     1163   1168
 2795    213   194   297  0     1163   1165
 2796     74    33   166  1     1164     -1
 2797    166   281    37  0     1166   1172
 2798    397   281   166  0     1166   1174
 2799    365   194   214  0     1167   1168
 2800    146   166    12  0     1169   1184
 2801    397    12   166  0     1169   1195
 2802    397   109    35  0     1170   1209
 2803    218   109   397  0     1170   1188
 2804    218    35   109  0     1170   1203
 2805     89    26    55  1     1171     -1
 2806     89    94    26  0     1171   1274
 2807     55    94    89  0     1171   1440
 2808     33    37   166  1     1172     -1
 2809     46   389   132  0     1173   1264
 2810    132   389   208  0     1173   1310
 2811    109   178   389  0     1175   1352
 2812    109    35   178  0     1175   1350
 2813    389    35   109  0     1175   1209
 2814    389   178    35  0     1175   1300
 2815    397   199    12  0     1176   1195
 2816    397   223   199  0     1176   1185
 2817    213    33   126  0     1177   1178
 2818    126    33   366  1     1177     -1
 2819    126   142    33  1     1178     -1
 2820    208    35   394  0     1179   1193
 2821    208   389    35  0     1179   1300
 2822    394    35   389  0     1179   1204
 2823    121   149   237  0     1180   1222
 2824    121   387   149  0     1180   1238
 2825    237   149   387  0     1180   1210
 2826    109   103    48  0     1181   1364
 2827    109    84   103  0     1181   1304
 2828     48   103    84  1     1181     -1
 2829    178   123   358  0     1182   1401
 2830    178    35   123  0     1182   1350
 2831    358    35   178  0     1182   1344
 2832    358   123    35  0     1182   1349
 2833    316   353    68  0     1183   1242
 2834    316   160   353  0     1183   1271
 2835    166    12    74  1     1184     -1
 2836     74    12   146  1     1184     -1
 2837    231   160   139  1     1186     -1
 2838    231   239   160  0     1186   1244
 2839    139   239   231  0     1186   1234
 2840    352    56   291  0     1187   1272
 2841    291    56    72  1     1187     -1
 2842     72   231    11  0     1189   1229
 2843    311    11   231  1     1189     -1
 2844    352   239    72  0     1190   1292
 2845    352   231   239  0     1190   1236
 2846     72   239   231  0     1190   1226
 2847    223    84   146  1     1191     -1
 2848    223   389    84  0     1191   1202
 2849     94    77    80  0     1192   1200
 2850     80   136    94  0     1192   1268
 2851    358    35   394  0     1193   1214
 2852    358   208    35  0     1193   1344
 2853     37   164   281  0     1194   1199
 2854     37   138   164  1     1194     -1
 2855    281   164   138  0     1194   1220
 2856    166   199    12  1     1195     -1
 2857    139    68   199  1     1196     -1
 2858    199   353   139  0     1196   1206
 2859    138   164   237  0     1197   1220
 2860    138    18   164  1     1197     -1
 2861    237   164    18  0     1197   1215
 2862    257    95    57  0     1198   1596
 2863    257    81    95  0     1198   1372
 2864     94    77    26  0     1200   1219
 2865    109   149    35  0     1203   1351
 2866    218   149   109  0     1203   1221
 2867    394    35   281  0     1204   1211
 2868    316   318    61  0     1205   1231
 2869    316   385   318  0     1205   1262
 2870     61   385   316  0     1205   1245
 2871     61   318   385  1     1205     -1
 2872    199   353   218  0     1206   1207
 2873    218   353   139  0     1206   1224
 2874    217    67    61  0     1208   1273
 2875     61   316   217  0     1208   1245
 2876     61    67   316  1     1208     -1
 2877    149   387    29  0     1210   1259
 2878    237    29   387  0     1210   1335
 2879     96   394    35  0     1211   1214
 2880    358    35   153  0     1213   1349
 2881    358    96    35  0     1213   1214
 2882    237   164   163  0     1215   1216
 2883    163   164    18  1     1215     -1
 2884    163   121   164  1     1216     -1
 2885    237   164   121  0     1216   1222
 2886    101    81   152  0     1217   1255
 2887    101   319    81  0     1217   1566
 2888    152    81   319  0     1217   1601
 2889    153   225    29  0     1218   1331
 2890    149   225   153  0     1218   1329
 2891    149    29   225  0     1218   1295
 2892    218   149   353  0     1221   1224
 2893    237   164   149  0     1222   1223
 2894    121   149   164  0     1222   1227
 2895    218   164   149  0     1223   1228
 2896    218   149   139  0     1224   1228
 2897    353   217    48  0     1225   1258
 2898    353   109   217  0     1225   1248
 2899     48   217   109  0     1225   1367
 2900    239    69    72  0     1226   1299
 2901    239   231    69  0     1226   1244
 2902     72    69   231  0     1226   1229
 2903    164   139   149  0     1227   1228
 2904    121   139   164  1     1227     -1
 2905     11    69   231  1     1229     -1
 2906     11    72    69  1     1229     -1
 2907    328   156   276  0     1230   1519
 2908    328    85   156  0     1230   1711
 2909    276    85   328  0     1230   1641
 2910    276   156    85  0     1230   1446
 2911     61     6   318  1     1231     -1
 2912    316     6    61  1     1231     -1
 2913    316   318     6  0     1231   1243
 2914    265   347   367  0     1232   1451
 2915    265   383   347  0     1232   1464
 2916    367   383   265  0     1232   1278
 2917    367   347   383  0     1232   1460
 2918     26    72    77  0     1233   1287
 2919    239    72    26  0     1233   1299
 2920    239    77    72  0     1233   1292
 2921    121   231   139  1     1234     -1
 2922    121   239   231  0     1234   1241
 2923    173    47    95  0     1235   1608
 2924    173   257    47  0     1235   1595
 2925     95   257   173  0     1235   1596
 2926     95    47   257  0     1235   1372
 2927    231   239   311  0     1236   1241
 2928    311   239   352  0     1236   1237
 2929    311   239   387  0     1237   1240
 2930    387   239   352  0     1237   1333
 2931    149   239   387  0     1238   1259
 2932    387   239   121  0     1238   1240
 2933    239   217   353  0     1239   1265
 2934    239   149   217  0     1239   1325
 2935    311   239   121  0     1240   1241
 2936    311   231   121  1     1241     -1
 2937    316    48    68  1     1242     -1
 2938    353    48   316  0     1242   1258
 2939    316   318   160  0     1243   1270
 2940     69   160   231  1     1244     -1
 2941    385   217    61  0     1245   1273
 2942    385   316   217  0     1245   1262
 2943     67   256   150  0     1246   1441
 2944    377   313    94  0     1247   1369
 2945    377    44   313  0     1247   1404
 2946     94    44   377  0     1247   1399
 2947    109   217   225  0     1248   1346
 2948    362   182    29  0     1249   1321
 2949    387    29   182  0     1249   1335
 2950     94   377   225  0     1250   1399
 2951     77   225   377  0     1250   1320
 2952    256   178   154  0     1251   1291
 2953    103   178   256  0     1251   1283
 2954    307   340   210  0     1252   1289
 2955    210   169   307  0     1252   1380
 2956    210   340   169  0     1252   1254
 2957    230   143   333  0     1253   1528
 2958    230    66   143  0     1253   1526
 2959    333    66   230  0     1253   1435
 2960    333   143    66  1     1253     -1
 2961    169    44   340  0     1254   1398
 2962    210    44   169  0     1254   1280
 2963    210   340    44  0     1254   1286
 2964    152    43    81  0     1255   1600
 2965    101    81    43  0     1255   1677
 2966     89    67   217  0     1256   1260
 2967     89    94    67  0     1256   1442
 2968    217    94    89  0     1256   1267
 2969    217    67    94  0     1256   1284
 2970    352   410    29  0     1257   1290
 2971    316   353   217  0     1258   1271
 2972    387    29   239  0     1259   1333
 2973     89    67   385  0     1260   1277
 2974    385   217    89  0     1260   1267
 2975    385    67   217  0     1260   1273
 2976     66    10   333  1     1261     -1
 2977    333   150    66  0     1261   1435
 2978    333    10   150  0     1261   1449
 2979    385   318   217  0     1262   1297
 2980    316   217   318  0     1262   1270
 2981    158   313     9  0     1263   1288
 2982    158   228   313  0     1263   1421
 2983      9   313   228  0     1263   1428
 2984     46    84   132  1     1264     -1
 2985    132    84   389  0     1264   1360
 2986    353   160   217  0     1265   1271
 2987    239   217   160  0     1265   1266
 2988    160   318   217  0     1266   1270
 2989    239   217   318  0     1266   1296
 2990     89   385    94  0     1267   1274
 2991     80   313    94  0     1268   1434
 2992     80   136   313  0     1268   1432
 2993     94   313   136  0     1268   1369
 2994    355    57    54  0     1269   1357
 2995     54   210   355  0     1269   1324
 2996     54    57   210  0     1269   1533
 2997    316   217   160  0     1270   1271
 2998    291   410    56  0     1272   1293
 2999    385    67    61  0     1273   1277
 3000    385    26    89  1     1274     -1
 3001    383   169   280  0     1275   1474
 3002    383   300   169  0     1275   1477
 3003     30   340   227  0     1276   1418
 3004    227   340    88  0     1276   1396
 3005     61    89    67  0     1277   1405
 3006    385    89    61  1     1277     -1
 3007    265   280   383  0     1278   1464
 3008    265   367   280  0     1278   1347
 3009    383   280   367  0     1278   1500
 3010    150    10    89  0     1279   1448
 3011     89    67   150  0     1279   1442
 3012     89    10    67  0     1279   1405
 3013    210    44   230  0     1280   1358
 3014    230   169   210  0     1280   1445
 3015    410   204    56  0     1281   1293
 3016    310    56   204  1     1281     -1
 3017    358   188    19  0     1282   1591
 3018    358   165   188  0     1282   1303
 3019    123   256   103  0     1283   1353
 3020    123   178   256  0     1283   1291
 3021     67   256   217  0     1284   1366
 3022     67    94   256  0     1284   1441
 3023    217   256    94  0     1284   1363
 3024      9   136    80  0     1285   1432
 3025     80    56     9  1     1285     -1
 3026    210   340   188  0     1286   1390
 3027    188    44   210  0     1286   1575
 3028    188   340    44  0     1286   1391
 3029     26    72    56  1     1287     -1
 3030      9   238   313  0     1288   1431
 3031    158   238     9  1     1288     -1
 3032    158   313   238  0     1288   1402
 3033    355   340   210  0     1289   1390
 3034    210   307   355  0     1289   1324
 3035     77    29   352  0     1290   1334
 3036    256   123   154  0     1291   1406
 3037    239    77   352  0     1292   1334
 3038    291   204    56  1     1293     -1
 3039     82   136   228  0     1294   1424
 3040     82   107   136  0     1294   1313
 3041    228   136   107  0     1294   1305
 3042    225    77    29  0     1295   1320
 3043    149    77   225  0     1295   1319
 3044    239    26   318  0     1296   1298
 3045    318    26   217  0     1296   1297
 3046    318    26   385  1     1297     -1
 3047    318    69    26  1     1298     -1
 3048    239    26    69  0     1298   1299
 3049     72    26    69  1     1299     -1
 3050    389   178   208  0     1300   1310
 3051    208   178    35  0     1300   1344
 3052    153   123   358  0     1301   1349
 3053    358   188   153  0     1301   1303
 3054    358   123   188  0     1301   1316
 3055     30   307   340  0     1302   1413
 3056    319   307    30  0     1302   1371
 3057     84   178   109  0     1304   1352
 3058     84   103   178  0     1304   1311
 3059    228   136   310  0     1305   1307
 3060    310   136   107  0     1305   1306
 3061      9   228   136  0     1307   1428
 3062    328   185   246  0     1308   1704
 3063    328    49   185  0     1308   1699
 3064    246   185    49  1     1308     -1
 3065    208   178   132  0     1309   1310
 3066    208   173   178  0     1309   1598
 3067    132   389   178  0     1310   1360
 3068      8    84   103  1     1311     -1
 3069      8   178    84  0     1311   1361
 3070    362   136   212  0     1312   1339
 3071    212   136   107  0     1312   1313
 3072    212   136    82  0     1313   1340
 3073    153   225   123  0     1315   1329
 3074    377   225   153  0     1315   1331
 3075    377   123   225  0     1315   1411
 3076    358    57   188  0     1316   1591
 3077    358   123    57  0     1316   1401
 3078    188    57   123  0     1316   1384
 3079     95    47   196  0     1317   1359
 3080     95    81    47  0     1317   1372
 3081    196    81    95  0     1317   1327
 3082    277   313   340  0     1318   1429
 3083    277    44   313  0     1318   1430
 3084    340    44   277  0     1318   1398
 3085    340   313    44  0     1318   1404
 3086    239   225   149  0     1319   1325
 3087    239    77   225  0     1319   1326
 3088    225   377    29  0     1320   1331
 3089     77    29   377  0     1320   1332
 3090    182    29   165  0     1321   1336
 3091    165    29   362  0     1321   1342
 3092    348    15   285  1     1322     -1
 3093    348   386    15  0     1322   1547
 3094    285    15   386  0     1322   1517
 3095    370    55   150  0     1323   1437
 3096    262    55   370  0     1323   1419
 3097    262   150    55  0     1323   1450
 3098    210   307    54  0     1324   1380
 3099     54   307   355  0     1324   1578
 3100    239   225   217  0     1325   1326
 3101    196    81    19  0     1327   1520
 3102    153   123   149  0     1328   1329
 3103    153    35   123  0     1328   1349
 3104    149   123    35  0     1328   1351
 3105    149   225   123  0     1329   1330
 3106    109   123   149  0     1330   1351
 3107    377   136    29  0     1332   1337
 3108    352    29   239  0     1333   1334
 3109    237    29   182  0     1335   1336
 3110    377    82    29  0     1337   1338
 3111    136    82   377  0     1337   1427
 3112    136    29    82  0     1337   1340
 3113     82    29   165  0     1338   1341
 3114    362    29   212  0     1339   1342
 3115    212    29   136  0     1339   1340
 3116    212    29    82  0     1340   1341
 3117    212    29   165  0     1341   1342
 3118    280   290   341  0     1343   1475
 3119    280    27   290  0     1343   1470
 3120    208   178   358  0     1344   1590
 3121     54   137   257  0     1345   1593
 3122    183   137    54  0     1345   1585
 3123    183   257   137  0     1345   1387
 3124    217   256   109  0     1346   1367
 3125    217   225   256  0     1346   1363
 3126    280   286   367  0     1347   1502
 3127    280   265   286  0     1347   1400
 3128    367   286   265  0     1347   1362
 3129    185   332   156  0     1348   1719
 3130    185   396   332  0     1348   1724
 3131    156   396   185  0     1348   1722
 3132    156   332   396  0     1348   1706
 3133     35   123   109  0     1350   1351
 3134    389    84   178  0     1352   1360
 3135    109   256   103  0     1353   1364
 3136    150   333   230  0     1354   1435
 3137    230   333   383  0     1354   1528
 3138    123    44   188  0     1356   1384
 3139    123   377    44  0     1356   1411
 3140    188    44   377  0     1356   1391
 3141    355    81    54  0     1357   1635
 3142    154   210    44  0     1358   1537
 3143    230   210   154  0     1358   1561
 3144    279    47   196  0     1359   1558
 3145    279    95    47  0     1359   1607
 3146    132    84   178  0     1360   1361
 3147    132    84     8  1     1361     -1
 3148     94   225   256  0     1363   1373
 3149    109   256    48  0     1364   1367
 3150     48   256   103  0     1364   1365
 3151     48    67   103  1     1365     -1
 3152     48   256    67  0     1365   1366
 3153     48   256   217  0     1366   1367
 3154    154   137   230  0     1368   1561
 3155    154   171   137  0     1368   1555
 3156    230   137   171  0     1368   1552
 3157    136   377   313  0     1369   1427
 3158     59   112   183  0     1370   1562
 3159     59   113   112  1     1370     -1
 3160    390   319   307  0     1371   1393
 3161    257    81    47  0     1372   1640
 3162    225    44    94  0     1373   1399
 3163    225   256    44  0     1373   1410
 3164     94    44   256  0     1373   1444
 3165     85   360    81  0     1374   1638
 3166     81   234    85  0     1374   1634
 3167     81   360   234  0     1374   1466
 3168     19   355   319  0     1375   1568
 3169    319   355   351  0     1375   1416
 3170    351   340   319  0     1376   1416
 3171     47   215   195  0     1377   1694
 3172    195   189    47  0     1377   1473
 3173    102    24   232  1     1378     -1
 3174    102   368    24  1     1378     -1
 3175    232   368   102  0     1378   1549
 3176     82   228   277  0     1379   1426
 3177    227   277   228  0     1379   1408
 3178    210   169    54  0     1380   1522
 3179    280   143   347  0     1381   1412
 3180    347   383   280  0     1381   1464
 3181    347   143   383  0     1381   1527
 3182    221    97   232  1     1382     -1
 3183    232    97   305  0     1382   1619
 3184    154    44    57  0     1383   1537
 3185    123    44   154  0     1383   1406
 3186    123    57    44  0     1383   1384
 3187    188    57    44  0     1384   1575
 3188    132     8   113  1     1385     -1
 3189    173   113     8  0     1385   1583
 3190    154    57   210  0     1386   1537
 3191    210   137   154  0     1386   1561
 3192    210    57   137  0     1386   1533
 3193    222   257   137  0     1387   1563
 3194    222   183   257  0     1387   1708
 3195    250   360   328  0     1388   1469
 3196    108   360   250  0     1388   1631
 3197    108   328   360  0     1388   1663
 3198    355    81   319  0     1389   1568
 3199    319    81   140  0     1389   1601
 3200     44   377   340  0     1391   1404
 3201    188   340   377  0     1391   1403
 3202     94   313    55  0     1392   1434
 3203     55   370    94  0     1392   1437
 3204    140   307   390  0     1393   1394
 3205    140   307   386  0     1394   1610
 3206    378    79   158  1     1395     -1
 3207    378   277    79  0     1395   1409
 3208    341   290   282  0     1397   1493
 3209    282   363   341  0     1397   1480
 3210    282   290   363  0     1397   1471
 3211    377   225    44  0     1399   1411
 3212     92   286   280  0     1400   1504
 3213    178    57   358  0     1401   1590
 3214    158   313   277  0     1402   1421
 3215    277   313   238  0     1402   1425
 3216     89    10    61  1     1405     -1
 3217     61    10    67  1     1405     -1
 3218    123    44   256  0     1406   1410
 3219    171   103    66  1     1407     -1
 3220    158   277   228  0     1408   1421
 3221    378   312    79  0     1409   1422
 3222    378   277   312  0     1409   1457
 3223     79   312   277  0     1409   1506
 3224    123    44   225  0     1410   1411
 3225    265   347   280  0     1412   1464
 3226    265   143   347  1     1412     -1
 3227    307   277    30  0     1413   1515
 3228     30   277   340  0     1413   1418
 3229    312    23   259  0     1414   1481
 3230    259   278   312  0     1414   1490
 3231    259    23   278  1     1414     -1
 3232    169   341   290  0     1415   1475
 3233    277   341   169  0     1415   1507
 3234    370   169   383  0     1417   1498
 3235    230   383   169  0     1417   1477
 3236     55   238   262  1     1419     -1
 3237    262   238   370  0     1419   1420
 3238    262   238    79  1     1420     -1
 3239     79   370   262  0     1420   1514
 3240     79   238   370  0     1420   1423
 3241    277   228   313  0     1421   1426
 3242    312    79   243  0     1422   1509
 3243    378   243    79  1     1422     -1
 3244    370   277   238  0     1423   1425
 3245     79   277   370  0     1423   1512
 3246     82   313   228  0     1424   1426
 3247     82   136   313  0     1424   1427
 3248    228   313   136  0     1424   1428
 3249    277   313   370  0     1425   1430
 3250     82   313   277  0     1426   1429
 3251      9   313   136  0     1428   1432
 3252     80   313     9  0     1431   1432
 3253     80   238   313  0     1431   1433
 3254      9   238    80  1     1431     -1
 3255     55   313    80  0     1433   1434
 3256     80   238    55  1     1433     -1
 3257    282   243    23  0     1436   1495
 3258    282   312   243  0     1436   1496
 3259     23   312   282  0     1436   1481
 3260     23   243   312  0     1436   1472
 3261     55   150    94  0     1437   1440
 3262     94   150   370  0     1437   1443
 3263    256    44   150  0     1438   1444
 3264    230   150    44  0     1438   1439
 3265     44   370   150  0     1439   1443
 3266     94    89   150  0     1440   1442
 3267     55   150    89  0     1440   1448
 3268     94   150    67  0     1441   1442
 3269     94   256   150  0     1441   1444
 3270     94   150    44  0     1443   1444
 3271    230   300   210  0     1445   1534
 3272    230   169   300  0     1445   1477
 3273    210   300   169  0     1445   1522
 3274    276   156   257  0     1446   1709
 3275    257   156    85  0     1446   1710
 3276    221   300   305  0     1447   1543
 3277    392   300   221  0     1447   1541
 3278    392   305   300  0     1447   1587
 3279    150    10    55  0     1448   1450
 3280     55    10    89  1     1448     -1
 3281    333    10   262  0     1449   1458
 3282    262    10   150  0     1449   1450
 3283    262    10    55  1     1450     -1
 3284    265   347   206  1     1451     -1
 3285    367   206   347  0     1451   1460
 3286    367   286   363  0     1452   1503
 3287    174   286   367  0     1452   1463
 3288    174   363   286  1     1452     -1
 3289    375   400   122  1     1453     -1
 3290    375   192   400  0     1453   1716
 3291    122   192   375  0     1453   1700
 3292    122   400   192  0     1453   1621
 3293    183   329   276  0     1454   1518
 3294     30   290   307  0     1456   1515
 3295     30   312   378  0     1457   1479
 3296     30   277   312  0     1457   1516
 3297     10   206   333  1     1458     -1
 3298     10   262   206  1     1458     -1
 3299    333   206   262  0     1458   1462
 3300    262   206   383  0     1459   1462
 3301    262   367   206  1     1459     -1
 3302    383   206   367  0     1459   1460
 3303    383   206   347  0     1460   1461
 3304    383   206   333  0     1461   1462
 3305    333   347   383  0     1461   1527
 3306    333   206   347  1     1461     -1
 3307    174     2   367  1     1463     -1
 3308    174   286     2  1     1463     -1
 3309    283   350    17  1     1465     -1
 3310     17   189   283  0     1465   1550
 3311     81   360   140  0     1466   1491
 3312    140   360   234  0     1466   1645
 3313    280   221    92  0     1467   1468
 3314    280   392   221  0     1467   1541
 3315     92    27   221  1     1468     -1
 3316    280    27    92  0     1468   1504
 3317    280   221    27  0     1468   1530
 3318     43   250   360  0     1469   1631
 3319     43   328   250  0     1469   1613
 3320    244    27   290  0     1470   1521
 3321    244   280    27  0     1470   1530
 3322    282    27   363  1     1471     -1
 3323    282   290    27  0     1471   1525
 3324     23   243   209  1     1472     -1
 3325    195   189   279  0     1473   1539
 3326    279    47   195  0     1473   1603
 3327    279   189    47  0     1473   1558
 3328    169   341   383  0     1474   1498
 3329    169   280   341  0     1474   1475
 3330    383   341   280  0     1474   1500
 3331    367   302   174  1     1476     -1
 3332    367   341   302  0     1476   1499
 3333    209   324   312  0     1478   1485
 3334    378   312   324  0     1478   1479
 3335    324    30   312  0     1479   1484
 3336    174   282   363  1     1480     -1
 3337     23   259   282  1     1481     -1
 3338    285   361   259  1     1482     -1
 3339    285   386   361  0     1482   1517
 3340    329   203    97  0     1483   1582
 3341    329    49   203  0     1483   1624
 3342     97    49   329  0     1483   1560
 3343     97   203    49  1     1483     -1
 3344     30   312   399  0     1484   1488
 3345    399   312   324  0     1484   1489
 3346    324   312   278  0     1485   1489
 3347    361   244   290  0     1486   1521
 3348    361   386   244  0     1486   1572
 3349    259   312   399  0     1487   1490
 3350    399   312   386  0     1487   1488
 3351    399   312   278  0     1489   1490
 3352     43   360   140  0     1491   1637
 3353     43    81   360  0     1491   1638
 3354    140    81    43  0     1491   1600
 3355     85   235    43  0     1492   1657
 3356     85   328   235  0     1492   1711
 3357     43   235   328  0     1492   1613
 3358    312   282   341  0     1493   1496
 3359    302   243   174  1     1494     -1
 3360    302   282   243  0     1494   1497
 3361    174   243   282  0     1494   1495
 3362    174    23   282  1     1495     -1
 3363    174   243    23  1     1495     -1
 3364    243   341   312  0     1496   1509
 3365    243   282   341  0     1496   1497
 3366    302   341   243  0     1497   1508
 3367    383   370   341  0     1498   1510
 3368    169   341   370  0     1498   1507
 3369    367   341   383  0     1499   1500
 3370    383   341   302  0     1499   1511
 3371    367   341   280  0     1500   1502
 3372    363   286   341  0     1501   1503
 3373    280   286   363  0     1501   1523
 3374    280   341   286  0     1501   1502
 3375    367   341   286  0     1502   1503
 3376     92   286    27  1     1504     -1
 3377    280    27   286  0     1504   1523
 3378    276   305   183  0     1505   1518
 3379    368   305   276  0     1505   1548
 3380    368   183   305  0     1505   1551
 3381     79   341   277  0     1506   1512
 3382     79   312   341  0     1506   1509
 3383    277   341   370  0     1507   1512
 3384    243    79   341  0     1508   1509
 3385    302    79   243  1     1508     -1
 3386    302   341    79  0     1508   1513
 3387    370   341   262  0     1510   1514
 3388    262   341   383  0     1510   1511
 3389    262   341   302  0     1511   1513
 3390     79   341   370  0     1512   1514
 3391    262   341    79  0     1513   1514
 3392     79   302   262  1     1513     -1
 3393     30   290   277  0     1515   1516
 3394    361    15   386  0     1517   1554
 3395    361   285    15  1     1517     -1
 3396    183   329   305  0     1518   1616
 3397    305   329   276  0     1518   1545
 3398    276   185   156  0     1519   1671
 3399    328   185   276  0     1519   1699
 3400    328   156   185  0     1519   1722
 3401    196    81   101  0     1520   1680
 3402    101    81    19  0     1520   1566
 3403    361    27   290  0     1521   1524
 3404    361   244    27  0     1521   1614
 3405    210   300    54  0     1522   1536
 3406    286   363    27  1     1523     -1
 3407    259    27   290  0     1524   1525
 3408    259   361    27  1     1524     -1
 3409    259    27   282  1     1525     -1
 3410    171   143   230  0     1526   1532
 3411    171    66   143  1     1526     -1
 3412    347   143   333  1     1527     -1
 3413    333   143   383  0     1527   1528
 3414    246   100   185  1     1529     -1
 3415    246   396   100  0     1529   1579
 3416    185   396   246  0     1529   1704
 3417    185   100   396  0     1529   1724
 3418     27   244   221  0     1530   1538
 3419    280   221   244  0     1530   1540
 3420    280   300   392  0     1531   1541
 3421    171   300   230  0     1532   1552
 3422    171   143   300  0     1532   1565
 3423     54   137   210  0     1533   1536
 3424     54    57   137  0     1533   1593
 3425    300   137   230  0     1534   1552
 3426    300   210   137  0     1534   1536
 3427    230   137   210  0     1534   1561
 3428    222   113    83  0     1535   1577
 3429     83   113    59  1     1535     -1
 3430     54   137   300  0     1536   1586
 3431    210    44    57  0     1537   1575
 3432    244    97    27  0     1538   1614
 3433     27    97   221  1     1538     -1
 3434    298   195   189  0     1539   1584
 3435    244   300   221  0     1540   1543
 3436    280   221   300  0     1540   1541
 3437    305   329   244  0     1542   1564
 3438    305    97   329  0     1542   1619
 3439    300   305   244  0     1543   1544
 3440    300   305    54  0     1544   1589
 3441     54   305   244  0     1544   1564
 3442    305   329   232  0     1545   1619
 3443    232   276   305  0     1545   1548
 3444    232   329   276  0     1545   1626
 3445    175    15   348  1     1546     -1
 3446    386    15   140  0     1547   1557
 3447    232   276   368  0     1548   1549
 3448    232   276   102  0     1549   1625
 3449     17   189   298  0     1550   1656
 3450    298   189   283  0     1550   1584
 3451    183   112   368  0     1551   1562
 3452    183   305   112  0     1551   1588
 3453    171   300   137  0     1552   1580
 3454    154   137     8  0     1553   1555
 3455    386   234    15  0     1554   1557
 3456    361   234   386  0     1554   1572
 3457    361    15   234  0     1554   1567
 3458      8   171   137  0     1555   1571
 3459    260   122   219  1     1556     -1
 3460    219   122   328  0     1556   1721
 3461    140   234    15  0     1557   1645
 3462    386   234   140  0     1557   1610
 3463     47   196   189  0     1558   1675
 3464    234    97   361  0     1559   1567
 3465    361   244   234  0     1559   1572
 3466    361    97   244  0     1559   1614
 3467     97    49   232  1     1560     -1
 3468    232   329    97  0     1560   1619
 3469    232    49   329  0     1560   1626
 3470    368    59   112  1     1562     -1
 3471    222   257   173  0     1563   1595
 3472    173   137   222  0     1563   1576
 3473    173   257   137  0     1563   1597
 3474    305   329    54  0     1564   1616
 3475    143   112   171  1     1565     -1
 3476    171   112   300  0     1565   1580
 3477    319    81    19  0     1566   1568
 3478     15    97   361  1     1567     -1
 3479     15   234    97  0     1567   1617
 3480    137    57   173  0     1569   1597
 3481    173    57   178  0     1569   1598
 3482     95    57   358  0     1570   1592
 3483     95   208    57  0     1570   1599
 3484    358    57   208  0     1570   1590
 3485    171   113     8  1     1571     -1
 3486    171   137   113  0     1571   1581
 3487      8   113   137  0     1571   1583
 3488    244   234   386  0     1572   1611
 3489    244   307   234  0     1573   1611
 3490     54   234   307  0     1573   1578
 3491     75   250   110  0     1574   1653
 3492     75    43   250  0     1574   1615
 3493    222   173   113  0     1576   1577
 3494    137   113   173  0     1576   1583
 3495    173    83   222  0     1577   1688
 3496    307   355   234  0     1578   1609
 3497     54   234   355  0     1578   1636
 3498    219   396   100  1     1579     -1
 3499    300   137   112  0     1580   1586
 3500    171   112   137  0     1580   1581
 3501    171   112   113  1     1581     -1
 3502     97   234   203  0     1582   1617
 3503    329   203   234  0     1582   1622
 3504    137    54   112  0     1585   1586
 3505    183   112    54  0     1585   1588
 3506     54   112   300  0     1586   1589
 3507    305   300   112  0     1587   1589
 3508    305    54   183  0     1588   1616
 3509    305   112    54  0     1588   1589
 3510    208   178    57  0     1590   1598
 3511    358    57    19  0     1591   1592
 3512    137   257    57  0     1593   1597
 3513    191   145   283  1     1594     -1
 3514    191   215   145  0     1594   1672
 3515    283   215   191  0     1594   1686
 3516    222    47   173  0     1595   1687
 3517    222   257    47  0     1595   1682
 3518     95    57   173  0     1596   1599
 3519    173    57   257  0     1596   1597
 3520    173    57   208  0     1598   1599
 3521     95   208   173  0     1599   1608
 3522    140    81   152  0     1600   1601
 3523    235   192   260  0     1602   1606
 3524    235   328   192  0     1602   1669
 3525    195   208    47  0     1603   1604
 3526    279    47   208  0     1603   1607
 3527    208    47   173  0     1604   1608
 3528    173    47   195  0     1604   1694
 3529     47   192   222  0     1605   1682
 3530    222   215    47  0     1605   1687
 3531    222   192   215  0     1605   1684
 3532     95    47   208  0     1607   1608
 3533    140   234   307  0     1609   1610
 3534    386   234   307  0     1610   1611
 3535    127    75   250  0     1612   1615
 3536     52   250    75  0     1612   1632
 3537     43   235   250  0     1613   1676
 3538     27   361    97  1     1614     -1
 3539     43   250   127  0     1615   1676
 3540    234   203    15  0     1617   1644
 3541     15   203    97  1     1617     -1
 3542    263   241   110  0     1618   1649
 3543     54    81    85  0     1620   1635
 3544    400   156   122  0     1621   1698
 3545    400   192   156  0     1621   1716
 3546    329   203   360  0     1622   1642
 3547    234   360   203  0     1622   1644
 3548    250   172    21  0     1623   1660
 3549    181   172   250  0     1623   1654
 3550    181    21   172  0     1623   1661
 3551     49   203    85  0     1624   1633
 3552     85   203   329  0     1624   1642
 3553    276    49   232  0     1625   1626
 3554    276   102    49  0     1625   1667
 3555    232    49   102  1     1625     -1
 3556    342    98    28  1     1627     -1
 3557    342   375    98  0     1627   1702
 3558     28   375   342  0     1627   1692
 3559     28    98   375  1     1627     -1
 3560    122   145   192  0     1628   1700
 3561    122   350   145  1     1628     -1
 3562    192   145   350  0     1628   1673
 3563    241   360   108  0     1629   1650
 3564    241   203   360  0     1629   1643
 3565    108   203   241  1     1629     -1
 3566    108   360   203  0     1629   1663
 3567    108   172   250  0     1630   1660
 3568    110   250   172  0     1630   1653
 3569     43   108   360  0     1631   1651
 3570    181   250    75  0     1632   1654
 3571    203   360    49  0     1633   1665
 3572    203    85   360  0     1633   1642
 3573    355    85    81  0     1634   1635
 3574    355   234    85  0     1634   1636
 3575    355    85    54  0     1635   1636
 3576    263   360   140  0     1637   1646
 3577    263    43   360  0     1637   1648
 3578     43    81    85  0     1638   1657
 3579    257   235    47  0     1640   1683
 3580     49   328   276  0     1641   1699
 3581     15   360   241  0     1643   1647
 3582     15   203   360  0     1643   1644
 3583    241   203    15  1     1643     -1
 3584    234   360    15  0     1644   1645
 3585     15   140   360  0     1645   1646
 3586    263   360    15  0     1646   1647
 3587    263   360   241  0     1647   1649
 3588     43   360   110  0     1648   1651
 3589    110   360   263  0     1648   1649
 3590    110   360   241  0     1649   1650
 3591    110   360   108  0     1650   1651
 3592    219    21    52  1     1652     -1
 3593    219   250    21  0     1652   1658
 3594    172    75   250  0     1653   1654
 3595    250   219   246  0     1655   1658
 3596     81   235    43  0     1657   1677
 3597    250    21   246  0     1658   1659
 3598    108    21   246  1     1659     -1
 3599    108   250    21  0     1659   1660
 3600    172    21   108  1     1660     -1
 3601    181    21   114  1     1661     -1
 3602    114    21   172  1     1661     -1
 3603    342   222   215  0     1662   1684
 3604     83   215   222  0     1662   1688
 3605    360   203   328  0     1663   1665
 3606    108   328   203  0     1663   1664
 3607     49   203   108  1     1664     -1
 3608     49   328   203  0     1664   1665
 3609    250   235   127  0     1666   1676
 3610     49   185   102  1     1667     -1
 3611     49   276   185  0     1667   1699
 3612    102   185   276  0     1667   1707
 3613    119   332   185  0     1668   1719
 3614    119     1   332  0     1668   1685
 3615    185   332     1  0     1668   1723
 3616    328   156   235  0     1669   1711
 3617    189   145   192  0     1670   1673
 3618    185   119   276  0     1671   1707
 3619    185   156   119  0     1671   1719
 3620    276   119   156  0     1671   1701
 3621     28   145   191  1     1672     -1
 3622     28   215   145  0     1672   1681
 3623    260    52   350  1     1674     -1
 3624     43   235   127  0     1676   1678
 3625     81   235   101  0     1677   1680
 3626    101   235    43  0     1677   1678
 3627    101   235   127  0     1678   1679
 3628    101   235   196  0     1679   1680
 3629    215   375    28  0     1681   1692
 3630     28   375   145  1     1681     -1
 3631     47   192   257  0     1682   1683
 3632    257   192   222  0     1682   1691
 3633    222   192   342  0     1684   1712
 3634     98   332   119  0     1685   1703
 3635     98     1   332  1     1685     -1
 3636    119     1    98  1     1685     -1
 3637    195   215   191  0     1686   1689
 3638     47   173   215  0     1687   1694
 3639    222   215   173  0     1687   1688
 3640     83   215   173  0     1688   1693
 3641    195   215   294  0     1689   1690
 3642    195   215    83  0     1690   1693
 3643    192   222   156  0     1691   1712
 3644    257   156   222  0     1691   1708
 3645    195   215   173  0     1693   1694
 3646     59   119   342  1     1695     -1
 3647     59   156   119  0     1695   1701
 3648    342   156    59  0     1695   1713
 3649    342   119   156  0     1695   1705
 3650    119   332   400  0     1696   1703
 3651    119   156   332  0     1696   1719
 3652    400   156   119  0     1696   1705
 3653    400   332   156  0     1696   1698
 3654    400   119   342  0     1697   1705
 3655    400    98   119  0     1697   1703
 3656    342    98   400  0     1697   1702
 3657    342   119    98  1     1697     -1
 3658    400   332   122  1     1698     -1
 3659    122   332   156  0     1698   1706
 3660    145   375   122  1     1700     -1
 3661     59   156   276  0     1701   1714
 3662    400   375    98  1     1702     -1
 3663    342   375   400  0     1702   1718
 3664     98   332   400  1     1703     -1
 3665    328   185   396  0     1704   1722
 3666    400   156   342  0     1705   1718
 3667    122   396   156  0     1706   1720
 3668    122   332   396  1     1706     -1
 3669    183   156   222  0     1708   1715
 3670    183   257   156  0     1708   1709
 3671    276   156   183  0     1709   1714
 3672     85   235   156  0     1710   1711
 3673    192   342   156  0     1712   1717
 3674    222   156   342  0     1712   1713
 3675    222   156    59  0     1713   1715
 3676    183    59   156  0     1714   1715
 3677    400   375   156  0     1716   1718
 3678    192   156   375  0     1716   1717
 3679    342   156   375  0     1717   1718
 3680    156   328   396  0     1720   1722
 3681    122   396   328  0     1720   1721
 3682    122   396   219  1     1721     -1
 3683    185   100     1  1     1723     -1
 3684    185   332   100  0     1723   1724
 3685      1   100   332  1     1723     -1
 3686    396   332   100  1     1724     -1
# Generated by c:\dev\polylla3D\tetgen\build\tetgen.exe -fzenn c:\dev\polylla3D\data\1000semiuniform.node 
