9234  1
    0    574   585   474  0        0   3263
    1    574   584   585  0        0   3332
    2    474   584   574  0        0   1603
    3    474   585   584  0        0   3215
    4    882   883   772  0        1   1746
    5    882   782   883  0        1   1777
    6    772   782   882  0        1   1753
    7    772   883   782  0        1   1763
    8     34   144    33  0        2    886
    9     34   134   144  0        2    492
   10     33   134    34  0        2    856
   11     33   144   134  0        2    879
   12    287   277   288  0        3     96
   13    287   388   277  0        3   3193
   14    288   388   287  0        3   3629
   15    288   277   388  0        3   3266
   16    804   805   704  1        4     -1
   17    804   815   805  0        4   2360
   18    704   815   804  0        4   2536
   19    704   805   815  0        4   2517
   20    424   324   313  0        5    667
   21    424   323   324  0        5    924
   22    313   323   424  0        5    724
   23    313   324   323  0        5    790
   24    516   617   627  0        6   2719
   25    516   616   617  0        6   2710
   26    627   616   516  0        6   2524
   27    627   617   616  0        6   2774
   28    570   571   470  0        7   1648
   29    570   581   571  0        7   1675
   30    470   581   570  0        7   1529
   31    470   571   581  0        7   1511
   32    670   770   660  1        8     -1
   33    670   771   770  0        8     16
   34    660   771   670  0        8    254
   35    660   770   771  0        8   1786
   36    787   686   786  0        9   3277
   37    787   797   686  0        9   1517
   38    786   797   787  0        9   3207
   39    786   686   797  0        9    177
   40    368   479   468  0       10    397
   41    368   469   479  0       10    463
   42    468   469   368  0       10   3240
   43    468   479   469  0       10   3265
   44    481   591   581  0       11   1351
   45    481   592   591  0       11    213
   46    581   592   481  0       11   1617
   47    581   591   592  0       11   1681
   48    864   975   965  0       12   1789
   49    864   865   975  0       12   3054
   50    965   865   864  0       12   2630
   51    965   975   865  0       12   3014
   52    579   479   468  0       13   3265
   53    579   478   479  0       13    382
   54    468   478   579  0       13   3526
   55    468   479   478  0       13    397
   56    452   563   552  0       14   1528
   57    452   553   563  0       14    395
   58    552   553   452  0       14   1542
   59    552   563   553  0       14   1549
   60    451   562   452  0       15   1336
   61    451   462   562  0       15    242
   62    452   462   451  0       15     87
   63    452   562   462  0       15   1552
   64    781   770   670  0       16   1667
   65    781   771   770  0       16    250
   66    670   771   781  0       16   1658
   67    676   666   777  0       17   3033
   68    676   776   666  0       17    375
   69    777   776   676  0       17   3318
   70    777   666   776  0       17   1350
   71    863   752   862  0       18   1896
   72    863   762   752  0       18   1855
   73    862   762   863  0       18   1879
   74    862   752   762  0       18   1903
   75    471   460   470  0       19   1649
   76    471   360   460  0       19   1462
   77    470   360   471  0       19   1043
   78    470   460   360  1       19     -1
   79    680   781   670  0       20   1701
   80    680   681   781  0       20    191
   81    670   681   680  0       20   1673
   82    670   781   681  0       20   1672
   83    463   573   473  0       21   1551
   84    463   462   573  0       21    390
   85    473   462   463  0       21   1465
   86    473   573   462  0       21   1524
   87    143   154    43  0       22    895
   88    143   153   154  0       22   1059
   89     43   153   143  0       22    111
   90     43   154   153  0       22    102
   91    661   651   551  0       23    184
   92    661   662   651  0       23   1892
   93    551   662   661  0       23   1445
   94    551   651   662  0       23    285
   95    299   189   289  1       24     -1
   96    299   188   189  0       24   3658
   97    289   188   299  0       24   3620
   98    289   189   188  0       24   1177
   99    470   580   581  0       25   1529
  100    470   480   580  1       25     -1
  101    581   480   470  0       25     56
  102    581   580   480  0       25   1580
  103    433   432   322  0       26    524
  104    433   422   432  0       26   2257
  105    322   422   433  0       26    853
  106    322   432   422  0       26    200
  107    850   840   951  0       27   1950
  108    850   950   840  1       27     -1
  109    951   950   850  0       27   1941
  110    951   840   950  0       27    238
  111    288   298   399  0       28   3591
  112    288   299   298  0       28   3687
  113    399   299   288  0       28   3623
  114    399   298   299  1       28     -1
  115    808   909   919  0       29   2752
  116    808   908   909  1       29     -1
  117    919   908   808  0       29   2816
  118    919   909   908  1       29     -1
  119    971   860   870  0       30   1924
  120    971   871   860  0       30   1933
  121    870   871   971  0       30   1747
  122    870   860   871  0       30   1923
  123    661   651   650  0       31   1895
  124    661   550   651  0       31    184
  125    650   550   661  0       31   1501
  126    650   651   550  0       31    699
  127    854   753   864  0       32    377
  128    854   754   753  0       32   1844
  129    864   754   854  0       32    366
  130    864   753   754  0       32   1873
  131    901   911   912  1       33     -1
  132    901   801   911  0       33   2067
  133    912   801   901  0       33   2066
  134    912   911   801  0       33   2064
  135    424   314   414  0       34    770
  136    424   313   314  0       34    667
  137    414   313   424  0       34    759
  138    414   314   313  0       34    631
  139     31   131    20  0       35    616
  140     31    21   131  0       35    845
  141     20    21    31  1       35     -1
  142     20   131    21  0       35    872
  143    124   125    24  0       36    525
  144    124   135   125  0       36    821
  145     24   135   124  0       36   4053
  146     24   125   135  0       36   2644
  147    924   824   813  0       37    331
  148    924   823   824  0       37   2347
  149    813   823   924  0       37   2404
  150    813   824   823  0       37   2339
  151    387   277   276  0       38   1313
  152    387   287   277  0       38   3193
  153    276   287   387  0       38   3560
  154    276   277   287  0       38   3769
  155    995   894   884  0       39   3060
  156    995   994   894  1       39     -1
  157    884   994   995  0       39   1796
  158    884   894   994  0       39   1709
  159    544   545   645  0       40   3196
  160    544   534   545  0       40   2486
  161    645   534   544  0       40    696
  162    645   545   534  0       40    226
  163    868   979   969  0       41   3136
  164    868   869   979  0       41   3166
  165    969   869   868  0       41   2961
  166    969   979   869  1       41     -1
  167    153   163   152  0       42   1149
  168    153   263   163  0       42   1027
  169    152   263   153  0       42    144
  170    152   163   263  0       42    984
  171    420   410   310  1       43     -1
  172    420   421   410  0       43    569
  173    310   421   420  0       43     50
  174    310   410   421  0       43    666
  175    113   123    13  0       44    833
  176    113    12   123  0       44    708
  177     13    12   113  0       44    789
  178     13   123    12  0       44    824
  179     11   121    10  0       45    568
  180     11   111   121  0       45    106
  181     10   111    11  0       45    584
  182     10   121   111  0       45    599
  183     42   153    52  0       46    888
  184     42   152   153  0       46    101
  185     52   152    42  0       46   1049
  186     52   153   152  0       46   1149
  187    746   636   635  0       47   2633
  188    746   646   636  0       47   2367
  189    635   646   746  0       47    288
  190    635   636   646  0       47   2656
  191    576   565   676  0       48   3342
  192    576   575   565  0       48   3470
  193    676   575   576  0       48   3102
  194    676   565   575  0       48   3024
  195    564   575   464  0       49   3346
  196    564   574   575  0       49   1710
  197    464   574   564  0       49   1565
  198    464   575   574  0       49   3278
  199    320   420   310  1       50     -1
  200    320   421   420  0       50    890
  201    310   421   320  0       50    661
  202    410   510   400  1       51     -1
  203    410   511   510  0       51   2128
  204    400   511   410  0       51    687
  205    400   510   511  0       51    665
  206    105   205   206  1       52     -1
  207    105   216   205  0       52   4146
  208    206   216   105  0       52   1176
  209    206   205   216  0       52   4212
  210     71    70    60  1       53     -1
  211     71   171    70  0       53   1241
  212     60   171    71  0       53   1245
  213     60    70   171  0       53   1219
  214    480   481   380  0       54    158
  215    480   491   481  0       54   1644
  216    380   491   480  0       54   1355
  217    380   481   491  0       54   1344
  218    122    21    11  0       55    563
  219    122   121    21  0       55   1024
  220     11   121   122  0       55    106
  221     11    21   121  0       55    568
  222    581   481   470  0       56    163
  223    581   480   481  0       56   1351
  224    470   481   480  0       56   1323
  225    179   168   178  0       57   3858
  226    179    68   168  0       57   3872
  227    178    68   179  0       57   3875
  228    178   168    68  0       57   3860
  229    492   593   482  0       58   1572
  230    492   493   593  1       58     -1
  231    482   493   492  0       58   1357
  232    482   593   493  0       58    941
  233     15   115   116  0       59   4157
  234     15   126   115  0       59   4150
  235    116   126    15  0       59   4160
  236    116   115   126  0       59   4166
  237    311   300   200  0       60    639
  238    311   301   300  0       60    691
  239    200   301   311  0       60    645
  240    200   300   301  1       60     -1
  241    842   832   943  0       61   2414
  242    842   942   832  0       61   1976
  243    943   942   842  0       61   1083
  244    943   832   942  0       61    304
  245    224   225   235  0       62   3937
  246    224   335   225  0       62   4108
  247    235   335   224  0       62   4046
  248    235   225   335  0       62   4118
  249    442   331   332  0       63    746
  250    442   432   331  0       63    611
  251    332   432   442  0       63    942
  252    332   331   432  0       63    130
  253    111   211   101  0       64    648
  254    111   212   211  0       64    641
  255    101   212   111  0       64    606
  256    101   211   212  0       64    640
  257    122   132   121  0       65   1024
  258    122   232   132  0       65   1006
  259    121   232   122  0       65   1003
  260    121   132   232  0       65    105
  261    164   163    63  0       66   1143
  262    164    53   163  0       66   1131
  263     63    53   164  0       66   1096
  264     63   163    53  0       66    441
  265    517   617   516  0       67   2719
  266    517   506   617  0       67    328
  267    516   506   517  0       67   2615
  268    516   617   506  0       67   2710
  269    331   341   330  0       68    989
  270    331   441   341  0       68    728
  271    330   441   331  0       68    278
  272    330   341   441  0       68    948
  273    784   783   683  0       69   1790
  274    784   673   783  0       69   1811
  275    683   673   784  0       69   1358
  276    683   783   673  0       69   1715
  277    555   566   455  0       70    155
  278    555   565   566  0       70   2480
  279    455   565   555  0       70   3276
  280    455   566   565  0       70   3367
  281    236   226   337  0       71   4080
  282    236   336   226  0       71    589
  283    337   336   236  0       71   4104
  284    337   226   336  0       71   4129
  285    132   142   242  0       72   1030
  286    132   243   142  0       72    981
  287    242   243   132  0       72   1004
  288    242   142   243  0       72   1125
  289    114   125    14  0       73   4161
  290    114   124   125  0       73   3968
  291     14   124   114  0       73    835
  292     14   125   124  0       73    525
  293    145    35    34  0       74   3919
  294    145    45    35  0       74   4109
  295     34    45   145  0       74   4086
  296     34    35    45  1       74     -1
  297    155   145   144  0       75   3912
  298    155    44   145  0       75   3865
  299    144    44   155  0       75   3774
  300    144   145    44  0       75   4087
  301    533   633   634  0       76   2264
  302    533   644   633  0       76   2222
  303    634   644   533  0       76   2233
  304    634   633   644  0       76    234
  305    156   145   256  0       77   3888
  306    156   155   145  0       77    513
  307    256   155   156  0       77   1122
  308    256   145   155  0       77   3535
  309    534   523   423  0       78   2045
  310    534   524   523  0       78    420
  311    423   524   534  0       78   2283
  312    423   523   524  0       78   2083
  313    145    35   146  0       79   4109
  314    145   135    35  0       79   3919
  315    146   135   145  0       79   4114
  316    146    35   135  0       79   3810
  317    191    90    80  0       80   1220
  318    191   190    90  1       80     -1
  319     80   190   191  0       80   1211
  320     80    90   190  1       80     -1
  321    253   363   353  0       81   1435
  322    253   364   363  0       81   1035
  323    353   364   253  0       81   1418
  324    353   363   364  0       81   1101
  325    752   742   753  0       82   1562
  326    752   853   742  0       82   1866
  327    753   853   752  0       82   1912
  328    753   742   853  0       82   1836
  329    244   245   355  0       83   4064
  330    244   345   245  0       83   4029
  331    355   345   244  0       83   4041
  332    355   245   345  0       83   3812
  333    321   432   421  0       84    953
  334    321   422   432  0       84    200
  335    421   422   321  0       84    593
  336    421   432   422  0       84    864
  337    134   135    24  0       85   4053
  338    134    34   135  0       85   3797
  339     24    34   134  0       85    855
  340     24   135    34  0       85   4110
  341     60   171   160  0       86   1258
  342     60   161   171  0       86   1244
  343    160   161    60  0       86   1071
  344    160   171   161  0       86   1231
  345    351   451   452  0       87   1488
  346    351   462   451  0       87   1487
  347    452   462   351  0       87   1335
  348    170   280   270  1       88     -1
  349    170   281   280  0       88    162
  350    270   281   170  0       88   1280
  351    270   280   281  0       88   1315
  352    384   394   284  0       89    403
  353    384   283   394  0       89    164
  354    284   283   384  0       89   1190
  355    284   394   283  0       89    192
  356    151    51    41  0       90   1115
  357    151    40    51  0       90   1047
  358     41    40   151  0       90   1042
  359     41    51    40  1       90     -1
  360    164   154   153  0       91    478
  361    164    53   154  0       91    883
  362    153    53   164  0       91   1131
  363    153   154    53  0       91    102
  364    211   312   212  0       92    715
  365    211   322   312  0       92    607
  366    212   322   211  0       92    680
  367    212   312   322  0       92    737
  368     22   122    11  0       93    563
  369     22    12   122  0       93    820
  370     11    12    22  1       93     -1
  371     11   122    12  0       93    555
  372    663   652   662  0       94   1620
  373    663   552   652  0       94   1535
  374    662   552   663  0       94    143
  375    662   652   552  0       94   1526
  376    829   828   728  0       95   2005
  377    829   718   828  0       95   2863
  378    728   718   829  0       95   2833
  379    728   828   718  0       95   2848
  380    287   177   288  0       96   1102
  381    287   277   177  0       96   3758
  382    288   177   277  0       96    495
  383     21    20    10  1       97     -1
  384     21   121    20  0       97    872
  385     10   121    21  0       97    568
  386     10    20   121  0       97    483
  387    237   127   238  0       98   3886
  388    237   227   127  0       98   4307
  389    238   227   237  0       98   3950
  390    238   127   227  0       98   4165
  391    214   103   104  0       99    100
  392    214   204   103  0       99    808
  393    104   204   214  0       99   4171
  394    104   103   204  1       99     -1
  395    104   114   103  0      100    731
  396    214   114   104  0      100   4172
  397    214   103   114  0      100    716
  398    152   153   142  0      101   1126
  399    142    42   152  0      101    592
  400    142   153    42  0      101   1103
  401     53    43   154  0      102    365
  402    153    43    53  0      102    750
  403    111   122   112  0      103    623
  404    111    11   122  0      103    106
  405    112    11   111  0      103    573
  406    112   122    11  0      103    555
  407     31    41    30  1      104     -1
  408     31   141    41  0      104   1034
  409     30   141    31  0      104   1031
  410     30    41   141  0      104    543
  411    232   131   132  0      105    934
  412    121   131   232  0      105    955
  413    121   132   131  0      105   1023
  414    122   111   121  0      106    619
  415    101   201   202  1      107     -1
  416    101   212   201  0      107    640
  417    202   212   101  0      107    636
  418    202   201   212  0      107    711
  419    381   492   481  0      108    181
  420    381   482   492  0      108    215
  421    481   482   381  0      108   1367
  422    481   492   482  0      108   1629
  423    856   866   967  0      109   3029
  424    856   867   866  0      109    374
  425    967   867   856  0      109   1841
  426    967   866   867  0      109   3161
  427    652   541   551  0      110   1956
  428    652   552   541  0      110    244
  429    551   552   652  0      110   1526
  430    551   541   552  0      110   2187
  431     42   153   143  0      111   1103
  432     42    43   153  0      111    750
  433    143    43    42  0      111   1011
  434    282   292   182  0      112    153
  435    282   181   292  0      112   1223
  436    182   181   282  0      112   1233
  437    182   292   181  0      112   1202
  438    747   748   737  0      113   2927
  439    747   637   748  0      113   2872
  440    737   637   747  0      113   2846
  441    737   748   637  0      113    306
  442    116     5   105  0      114   4039
  443    116   115     5  0      114   4157
  444    105   115   116  0      114    256
  445    105     5   115  0      114   4131
  446    466   356   467  0      115   3449
  447    466   456   356  0      115   1575
  448    467   456   466  0      115   3506
  449    467   356   456  0      115   3508
  450    265   165   164  0      116   3645
  451    265   275   165  0      116   1133
  452    164   275   265  0      116   3539
  453    164   165   275  0      116   3641
  454    140   251   150  0      117    148
  455    140   250   251  0      117   1089
  456    150   250   140  1      117     -1
  457    150   251   250  0      117   1088
  458    393   383   493  0      118   1227
  459    393   382   383  0      118   1308
  460    493   382   393  0      118   1290
  461    493   383   382  0      118   1194
  462    257   268   368  0      119   3809
  463    257   258   268  0      119   3840
  464    368   258   257  0      119   3826
  465    368   268   258  0      119   3782
  466    374   363   263  0      120    358
  467    374   364   363  0      120   1429
  468    263   364   374  0      120   1394
  469    263   363   364  0      120   1035
  470    479   379   369  1      121     -1
  471    479   368   379  0      121   3585
  472    369   368   479  0      121    463
  473    369   379   368  0      121   3861
  474    450   461   350  0      122   1484
  475    450   460   461  0      122   1500
  476    350   460   450  1      122     -1
  477    350   461   460  0      122   1495
  478    758   748   647  0      123   2907
  479    758   648   748  0      123   2976
  480    647   648   758  0      123   3380
  481    647   748   648  0      123    502
  482    485   385   384  0      124    469
  483    485   495   385  0      124   3498
  484    384   495   485  0      124   3532
  485    384   385   495  0      124    946
  486    220   210   110  1      125     -1
  487    220   221   210  0      125    664
  488    110   221   220  0      125    591
  489    110   210   221  0      125    620
  490    214   225   114  0      126    614
  491    214   224   225  0      126   2658
  492    114   224   214  0      126    521
  493    114   225   224  0      126   4119
  494    590   691   580  0      127   1653
  495    590   591   691  1      127     -1
  496    580   591   590  0      127   1626
  497    580   691   591  0      127   1650
  498    712   813   812  0      128   2393
  499    712   702   813  0      128    297
  500    812   702   712  0      128    651
  501    812   813   702  0      128   2378
  502    634   745   635  0      129   2481
  503    634   645   745  0      129   2464
  504    635   645   634  0      129   1954
  505    635   745   645  0      129   2319
  506    332   331   321  0      130    470
  507    321   432   332  0      130    572
  508    321   331   432  0      130    679
  509    867   857   868  0      131   2967
  510    867   968   857  0      131   2995
  511    868   968   867  0      131   3160
  512    868   857   968  0      131   1787
  513    911   811   801  0      132   2064
  514    911   800   811  0      132    652
  515    801   800   911  0      132   2067
  516    801   811   800  0      132   2091
  517    202   203   102  1      133     -1
  518    202   213   203  0      133    701
  519    102   213   202  0      133    793
  520    102   203   213  0      133    805
  521    412   413   312  0      134    717
  522    412   423   413  0      134   2277
  523    312   423   412  0      134    742
  524    312   413   423  0      134    154
  525     82   182    72  0      135   1257
  526     82   183   182  0      135   1212
  527     72   183    82  0      135   1019
  528     72   182   183  0      135   1254
  529    252   262   151  0      136   1106
  530    252   251   262  0      136   1079
  531    151   251   252  0      136   1080
  532    151   262   251  0      136   1041
  533     74    84    73  1      137     -1
  534     74   184    84  0      137   3525
  535     73   184    74  0      137    753
  536     73    84   184  0      137   1196
  537    872   762   873  0      138   1893
  538    872   862   762  0      138   1922
  539    873   862   872  0      138   1854
  540    873   762   862  0      138   1879
  541    441   451   452  0      139    876
  542    441   341   451  0      139   1489
  543    452   341   441  0      139    675
  544    452   451   341  0      139   1488
  545    186   176   286  0      140   3738
  546    186   175   176  0      140   3712
  547    286   175   186  0      140   3624
  548    286   176   175  0      140    468
  549    377   266   376  0      141   3793
  550    377   276   266  0      141    287
  551    376   276   377  0      141   3590
  552    376   266   276  0      141   3792
  553    263   274   163  0      142    166
  554    263   273   274  0      142    425
  555    163   273   263  0      142   1169
  556    163   274   273  0      142   1062
  557    663   562   552  0      143   1550
  558    662   562   663  0      143   1506
  559    662   552   562  0      143   1508
  560    153   253   263  0      144    894
  561    153   152   253  0      144   1126
  562    263   253   152  0      144    935
  563    381   371   270  0      145   1317
  564    381   271   371  0      145   1076
  565    270   271   381  0      145   1163
  566    270   371   271  0      145   1332
  567    161   162    51  0      146    152
  568    161    61   162  0      146   1272
  569     51    61   161  0      146   1069
  570     51   162    61  0      146   1053
  571    797   697   798  1      147     -1
  572    797   687   697  0      147    301
  573    798   687   797  0      147   3105
  574    798   697   687  0      147    435
  575    150   151   251  0      148    783
  576    140   151   150  0      148   1028
  577    140   251   151  0      148   1091
  578    883   894   893  0      149   1803
  579    883   994   894  0      149   1709
  580    893   994   883  0      149   1778
  581    893   894   994  1      149     -1
  582    726   725   826  0      150   2570
  583    726   836   725  0      150   2576
  584    826   836   726  0      150   2858
  585    826   725   836  0      150   2510
  586    182   172   282  0      151   1210
  587    182   171   172  0      151   1240
  588    282   171   182  0      151   1233
  589    282   172   171  0      151   1056
  590    161   162   151  0      152   1038
  591    151    51   161  0      152   1070
  592    151   162    51  0      152   1105
  593    282   292   293  0      153   1314
  594    293   182   282  0      153   1214
  595    293   292   182  0      153    171
  596    423   313   413  0      154    760
  597    312   313   423  0      154    729
  598    312   413   313  0      154    644
  599    556   566   455  0      155   3361
  600    556   555   566  0      155   3359
  601    455   555   556  0      155   3485
  602    941   942   831  0      156   2003
  603    941   841   942  0      156    231
  604    831   841   941  0      156    207
  605    831   942   841  0      156    947
  606    879   779   768  0      157   3197
  607    879   778   779  0      157   3191
  608    768   778   879  0      157   3142
  609    768   779   778  0      157   3224
  610    480   481   370  0      158   1323
  611    370   380   480  1      158     -1
  612    370   481   380  0      158   1259
  613    693   682   793  0      159    230
  614    693   692   682  0      159   1661
  615    793   692   693  1      159     -1
  616    793   682   692  0      159   1651
  617    824   825   935  0      160   2444
  618    824   925   825  0      160   2496
  619    935   925   824  0      160   2491
  620    935   825   925  0      160   1659
  621    210   311   200  0      161    615
  622    210   211   311  0      161    668
  623    200   211   210  0      161    553
  624    200   311   211  0      161    650
  625    180   280   170  1      162     -1
  626    180   281   280  0      162   1157
  627    170   281   180  0      162   1287
  628    470   471   481  0      163   1181
  629    581   471   470  0      163   1511
  630    581   481   471  0      163   1636
  631    283   394   383  0      164   1366
  632    383   384   283  0      164   1237
  633    383   394   384  0      164    437
  634    160   170   271  0      165   1278
  635    160   171   170  0      165   1258
  636    271   171   160  0      165   1231
  637    271   170   171  0      165   1292
  638    163   264   274  0      166    448
  639    263   264   163  0      166   1027
  640    263   274   264  0      166   1120
  641    163   174   173  0      167   1153
  642    163   274   174  0      167    482
  643    173   274   163  0      167   1062
  644    173   174   274  0      167    602
  645    556   657   557  0      168   3242
  646    556   667   657  0      168   2449
  647    557   667   556  0      168   1540
  648    557   657   667  0      168   3414
  649    772   761   661  0      169   1818
  650    772   762   761  0      169   1891
  651    661   762   772  0      169   1878
  652    661   761   762  0      169    308
  653    294   183   194  0      170   1189
  654    294   184   183  0      170   1206
  655    194   184   294  0      170   3640
  656    194   183   184  0      170   1200
  657    182   192   292  0      171   1202
  658    293   192   182  0      171   1213
  659    293   292   192  1      171     -1
  660    412   312   301  0      172    646
  661    412   311   312  0      172    698
  662    301   311   412  0      172    703
  663    301   312   311  0      172    713
  664    124   125   235  0      173    821
  665    124   225   125  0      173   3968
  666    235   225   124  0      173   3937
  667    235   125   225  0      173   4044
  668    150   261   160  0      174   1078
  669    150   260   261  0      174   1082
  670    160   260   150  1      174     -1
  671    160   261   260  0      174   1057
  672    560   671   561  0      175   1635
  673    560   571   671  0      175   1330
  674    561   571   560  0      175   1646
  675    561   671   571  0      175   1510
  676    380   370   270  1      176     -1
  677    380   381   370  0      176   1259
  678    270   381   380  0      176   1296
  679    270   370   381  0      176   1317
  680    797   796   686  0      177   1601
  681    786   796   797  0      177   3182
  682    786   686   796  0      177   3287
  683    262   362   252  0      178   1079
  684    262   363   362  0      178   1055
  685    252   363   262  0      178    865
  686    252   362   363  0      178   1123
  687    771   761   871  0      179   1894
  688    771   760   761  0      179   1910
  689    871   760   771  0      179   1848
  690    871   761   760  0      179   1911
  691    811   711   822  0      180    292
  692    811   812   711  0      180   2047
  693    822   812   811  0      180   2078
  694    822   711   812  0      180    188
  695    481   491   492  0      181    381
  696    381   491   481  0      181   1344
  697    381   492   491  0      181    187
  698    763   752   652  0      182   1908
  699    763   753   752  0      182   1622
  700    652   753   763  0      182   1515
  701    652   752   753  0      182   1909
  702    551   552   441  0      183   2187
  703    551   451   552  0      183   1499
  704    441   451   551  0      183   1448
  705    441   552   451  0      183    876
  706    550   651   551  0      184   1415
  707    551   661   550  0      184    517
  708    361   461   350  0      185   1496
  709    361   351   461  0      185    209
  710    350   351   361  0      185   1094
  711    350   461   351  0      185   1447
  712    103   213   214  0      186    806
  713    103   113   213  0      186    802
  714    214   113   103  0      186    716
  715    214   213   113  0      186    721
  716    381   492   391  0      187   1217
  717    391   491   381  0      187   1356
  718    391   492   491  1      187     -1
  719    711   712   822  0      188   2029
  720    711   812   712  0      188   2082
  721    822   712   812  0      188   2392
  722    925   915   914  1      189     -1
  723    925   814   915  0      189   2485
  724    914   814   925  0      189    346
  725    914   915   814  0      189   2473
  726    820   810   821  0      190   2032
  727    820   921   810  0      190   2072
  728    821   921   820  0      190   2027
  729    821   810   921  0      190   2069
  730    681   781   791  0      191   1533
  731    791   680   681  0      191   1564
  732    791   781   680  0      191   1711
  733    284   394   294  0      192   1319
  734    294   283   284  0      192   1205
  735    294   394   283  0      192   1387
  736    372   482   382  0      193   1370
  737    372   371   482  0      193   1232
  738    382   371   372  0      193   1285
  739    382   482   371  0      193   1365
  740    993   892   893  1      194     -1
  741    993   882   892  0      194   1750
  742    893   882   993  0      194   1731
  743    893   892   882  0      194   1749
  744    825   815   925  0      195   2541
  745    825   814   815  0      195   2401
  746    925   814   825  0      195   2496
  747    925   815   814  0      195   2485
  748    872   983   882  0      196   1748
  749    872   982   983  0      196    371
  750    882   982   872  0      196   1775
  751    882   983   982  0      196   1700
  752    472   461   471  0      197   1655
  753    472   361   461  0      197   1250
  754    471   361   472  0      197   1117
  755    471   461   361  0      197   1469
  756    857   856   846  0      198   1404
  757    857   957   856  0      198   2471
  758    846   957   857  0      198   2912
  759    846   856   957  0      198    384
  760    859   869   758  0      199   2911
  761    859   858   869  0      199   2953
  762    758   858   859  0      199   2922
  763    758   869   858  0      199   2957
  764    322   432   321  0      200    572
  765    321   422   322  0      200    341
  766    571   572   461  0      201   1656
  767    571   471   572  0      201   1640
  768    461   471   571  0      201    400
  769    461   572   471  0      201   1655
  770    353   352   252  0      202   1316
  771    353   242   352  0      202   1281
  772    252   242   353  0      202   1097
  773    252   352   242  0      202   1452
  774    450   451   551  0      203   1503
  775    450   440   451  0      203   1086
  776    551   440   450  0      203   1436
  777    551   451   440  0      203   1448
  778    251   361   261  0      204   1476
  779    251   250   361  0      204    218
  780    261   250   251  0      204   1088
  781    261   361   250  0      204    909
  782    333   344   334  0      205    847
  783    333   233   344  0      205    481
  784    334   233   333  0      205    588
  785    334   344   233  0      205    911
  786    560   670   660  1      206     -1
  787    560   671   670  0      206   1467
  788    660   671   560  0      206   1518
  789    660   670   671  0      206    254
  790    841   830   831  0      207    861
  791    841   941   830  0      207   1964
  792    831   830   941  0      207   1953
  793    274   384   284  0      208   3519
  794    274   273   384  0      208   1393
  795    284   273   274  0      208   1160
  796    284   384   273  0      208   1190
  797    361   462   461  0      209   1250
  798    351   462   361  0      209    625
  799    351   461   462  0      209   1487
  800    653   754   654  0      210   2224
  801    653   764   754  0      210   1846
  802    654   764   653  0      210   1857
  803    654   754   764  0      210    262
  804    740   640   751  0      211   2115
  805    740   741   640  0      211   2175
  806    751   741   740  0      211   1977
  807    751   640   741  0      211    961
  808    848   858   958  0      212   2910
  809    848   959   858  0      212   2886
  810    958   959   848  0      212   2896
  811    958   858   959  0      212   2952
  812    592   591   491  1      213     -1
  813    491   481   592  0      213    381
  814    491   591   481  0      213   1644
  815    261   372   262  0      214   1093
  816    261   272   372  0      214   1253
  817    262   272   261  0      214   1221
  818    262   372   272  0      214    324
  819    482   492   382  0      215   1357
  820    382   381   482  0      215   1365
  821    382   492   381  0      215   1298
  822    799   688   789  0      216   3120
  823    799   788   688  0      216   3119
  824    789   788   799  0      216   3095
  825    789   688   788  0      216   3130
  826    951   940   840  0      217    238
  827    951   941   940  1      217     -1
  828    840   941   951  0      217    277
  829    840   940   941  0      217   2015
  830    351   361   251  0      218   1470
  831    351   250   361  0      218   1094
  832    251   250   351  0      218   1067
  833    341   351   452  0      219   1488
  834    341   352   351  0      219   1454
  835    452   352   341  0      219   1450
  836    452   351   352  0      219   1335
  837    834   935   934  0      220   2340
  838    834   824   935  0      220   2330
  839    934   824   834  0      220   2405
  840    934   935   824  0      220   2267
  841    715   615   604  0      221    549
  842    715   614   615  0      221   2604
  843    604   614   715  0      221   2530
  844    604   615   614  0      221    558
  845    538   438   437  0      222   4228
  846    538   548   438  0      222   3965
  847    437   548   538  0      222   2672
  848    437   438   548  0      222   3942
  849    820   920   931  0      223   2026
  850    820   930   920  1      223     -1
  851    931   930   820  0      223   2020
  852    931   920   930  1      223     -1
  853    974   973   984  1      224     -1
  854    974   873   973  0      224   1851
  855    984   873   974  0      224   1782
  856    984   973   873  0      224   1726
  857    851   841   952  0      225   1931
  858    851   951   841  0      225   1341
  859    952   951   851  0      225   1905
  860    952   841   951  0      225   1957
  861    545   535   645  0      226   2661
  862    545   534   535  0      226   2125
  863    645   535   534  0      226   2653
  864    681   692   581  0      227   1679
  865    681   691   692  0      227   1683
  866    581   691   681  0      227   1514
  867    581   692   691  0      227   1680
  868    490   591   590  1      228     -1
  869    490   480   591  0      228   1625
  870    590   480   490  1      228     -1
  871    590   591   480  0      228   1626
  872    365   255   265  0      229   3549
  873    365   366   255  0      229   3803
  874    265   366   365  0      229   1430
  875    265   255   366  0      229   3802
  876    683   682   793  0      230   1765
  877    683   693   682  0      230   1678
  878    793   693   683  0      230   1792
  879    952   942   941  1      231     -1
  880    952   841   942  0      231   1913
  881    941   841   952  0      231   1957
  882    561   562   451  0      232    260
  883    561   461   562  0      232   1657
  884    451   461   561  0      232   1504
  885    451   562   461  0      232    242
  886    656   555   545  0      233   2649
  887    656   655   555  0      233   3347
  888    545   655   656  0      233   3350
  889    545   555   655  0      233    385
  890    633   744   634  0      234    361
  891    633   644   744  0      234   2433
  892    634   744   644  0      234   2465
  893    570   681   581  0      235   1675
  894    570   580   681  0      235   1345
  895    581   580   570  0      235   1529
  896    581   681   580  0      235   1514
  897    582   692   592  0      236   1577
  898    582   581   692  0      236   1677
  899    592   581   582  0      236   1617
  900    592   692   581  0      236   1681
  901    782   772   671  0      237   1669
  902    782   672   772  0      237   1713
  903    671   672   782  0      237   1373
  904    671   772   672  0      237   1717
  905    840   950   940  1      238     -1
  906    951   940   950  1      238     -1
  907    764   753   864  0      239   1873
  908    764   763   753  0      239   1835
  909    864   763   764  0      239   1559
  910    864   753   763  0      239   1872
  911    216   326   226  0      240   4138
  912    216   215   326  0      240   2711
  913    226   215   216  0      240   3951
  914    226   326   215  0      240   4200
  915    720   830   831  0      241   2018
  916    720   730   830  1      241     -1
  917    831   730   720  0      241   2000
  918    831   830   730  0      241    861
  919    462   461   451  0      242   1487
  920    462   562   461  0      242   1474
  921    573   684   574  0      243   1586
  922    573   584   684  0      243   1359
  923    574   584   573  0      243    413
  924    574   684   584  0      243   3333
  925    541   542   552  0      244    749
  926    541   652   542  0      244   1986
  927    552   542   652  0      244   2228
  928    386   496   385  0      245   1377
  929    386   486   496  0      245   3559
  930    385   486   386  0      245   3553
  931    385   496   486  0      245   3249
  932    719   709   608  0      246   2777
  933    719   609   709  1      246     -1
  934    608   609   719  0      246    319
  935    608   709   609  1      246     -1
  936    257   367   357  0      247   3735
  937    257   368   367  0      247   3854
  938    357   368   257  0      247    488
  939    357   367   368  0      247   3440
  940    552   542   441  0      248    749
  941    552   442   542  0      248    922
  942    441   442   552  0      248    268
  943    441   542   442  0      248   2216
  944    314   204   315  0      249    657
  945    314   304   204  0      249    813
  946    315   304   314  0      249   4145
  947    315   204   304  0      249   4183
  948    771   881   781  0      250   1751
  949    771   770   881  0      250   1693
  950    781   881   770  0      250   1685
  951    614   604   503  0      251   2033
  952    614   504   604  0      251    558
  953    503   504   614  0      251   2295
  954    503   604   504  1      251     -1
  955    663   653   552  0      252   1535
  956    663   553   653  0      252   1560
  957    552   553   663  0      252   1549
  958    552   653   553  0      252   2156
  959    660   771   661  0      253   1897
  960    660   671   771  0      253    254
  961    661   671   660  0      253   1518
  962    661   771   671  0      253   1631
  963    670   671   771  0      254   1658
  964    872   861   871  0      255   1935
  965    872   761   861  0      255   1915
  966    871   761   872  0      255   1894
  967    871   861   761  0      255   1911
  968    116   216   115  0      256   4089
  969    105   216   116  0      256   3885
  970    105   115   216  0      256    263
  971    872   761   771  0      257   1894
  972    872   772   761  0      257   1891
  973    771   772   872  0      257   1727
  974    771   761   772  0      257   1818
  975    861   851   862  0      258    302
  976    861   962   851  0      258   1943
  977    862   962   861  0      258   1938
  978    862   851   962  0      258   1940
  979    700   600   711  0      259   1983
  980    700   701   600  1      259     -1
  981    711   701   700  0      259   2092
  982    711   600   701  0      259   2127
  983    561   562   551  0      260   1505
  984    551   451   561  0      260   1503
  985    551   562   451  0      260   1499
  986    825   826   836  0      261   2510
  987    825   936   826  0      261   2516
  988    836   936   825  0      261   2458
  989    836   826   936  0      261   2879
  990    764   765   754  0      262   3018
  991    654   765   764  0      262   1840
  992    654   754   765  0      262   2459
  993    115   215   105  0      263   3924
  994    115   216   215  0      263   3951
  995    105   215   216  0      263   4146
  996    911   810   910  0      264   2059
  997    911   921   810  0      264   1993
  998    910   921   911  1      264     -1
  999    910   810   921  0      264   2068
 1000    814   824   714  0      265   2397
 1001    814   713   824  0      265    279
 1002    714   713   814  0      265   2023
 1003    714   824   713  0      265   2351
 1004    932   922   821  0      266   1984
 1005    932   822   922  0      266   2419
 1006    821   822   932  0      266   2025
 1007    821   922   822  0      266   2079
 1008    348   338   237  0      267   3971
 1009    348   238   338  0      267    496
 1010    237   238   348  0      267   3953
 1011    237   338   238  0      267   3950
 1012    441   452   552  0      268    876
 1013    442   452   441  0      268    675
 1014    442   552   452  0      268   1542
 1015    401   502   402  1      269     -1
 1016    401   512   502  0      269   1996
 1017    402   512   401  0      269   2148
 1018    402   502   512  0      269   1386
 1019    520   631   530  0      270   2162
 1020    520   630   631  0      270   2212
 1021    530   630   520  1      270     -1
 1022    530   631   630  0      270   2132
 1023    121   131   120  0      271    976
 1024    121   231   131  0      271    955
 1025    120   231   121  0      271    974
 1026    120   131   231  0      271    866
 1027     40   151   140  0      272   1028
 1028     40   141   151  0      272   1042
 1029    140   141    40  0      272    971
 1030    140   151   141  0      272   1091
 1031    472   572   462  0      273   1497
 1032    472   573   572  0      273   1463
 1033    462   573   472  0      273   1524
 1034    462   572   573  0      273   1048
 1035    989   879   979  1      274     -1
 1036    989   878   879  0      274   3126
 1037    979   878   989  0      274   2923
 1038    979   879   878  0      274   3164
 1039    321   421   310  0      275    661
 1040    321   311   421  0      275    593
 1041    310   311   321  0      275    643
 1042    310   421   311  0      275    613
 1043    222   322   221  0      276    547
 1044    222   211   322  0      276    680
 1045    221   211   222  0      276    642
 1046    221   322   211  0      276    682
 1047    840   841   951  0      277   1341
 1048    840   941   841  0      277   1964
 1049    951   841   941  0      277   1957
 1050    330   431   331  0      278    841
 1051    441   431   330  0      278    893
 1052    441   331   431  0      278    950
 1053    813   824   814  0      279    331
 1054    813   713   824  0      279   2339
 1055    814   713   813  0      279    870
 1056    303   414   313  0      280    631
 1057    303   413   414  0      280    748
 1058    313   413   303  0      280    539
 1059    313   414   413  0      280    759
 1060    810   700   710  1      281     -1
 1061    810   811   700  0      281   2061
 1062    710   811   810  0      281   2071
 1063    710   700   811  0      281   2093
 1064    807   817   806  0      282   2839
 1065    807   917   817  0      282   2786
 1066    806   917   807  0      282   2827
 1067    806   817   917  0      282   2795
 1068    916   915   926  1      283     -1
 1069    916   815   915  0      283   2519
 1070    926   815   916  0      283   2428
 1071    926   915   815  0      283   2534
 1072    197    86   187  0      284   3680
 1073    197   186    86  0      284   3715
 1074    187   186   197  0      284   3718
 1075    187    86   186  0      284   3737
 1076    662   652   651  0      285   1898
 1077    551   652   662  0      285   1526
 1078    551   651   652  0      285   1956
 1079    750   861   760  0      286   1860
 1080    750   860   861  0      286   1942
 1081    760   860   750  1      286     -1
 1082    760   861   860  0      286   1886
 1083    377   277   266  0      287   3817
 1084    276   277   377  0      287   1313
 1085    276   266   277  0      287   3789
 1086    635   646   645  0      288   2660
 1087    645   746   635  0      288   2319
 1088    645   646   746  0      288    327
 1089    750   640   650  1      289     -1
 1090    750   751   640  0      289   2115
 1091    650   751   750  0      289   1914
 1092    650   640   751  0      289   2194
 1093    845   955   844  0      290    333
 1094    845   945   955  0      290    356
 1095    844   945   845  0      290   2457
 1096    844   955   945  0      290   2982
 1097    746   856   745  0      291   2980
 1098    746   846   856  0      291   1404
 1099    745   846   746  0      291   2399
 1100    745   856   846  0      291   2994
 1101    811   711   821  0      292   2051
 1102    821   822   811  0      292   2079
 1103    821   711   822  0      292   2039
 1104    508   619   608  0      293    332
 1105    508   609   619  0      293   2747
 1106    608   609   508  1      293     -1
 1107    608   619   609  0      293    319
 1108    398   298   288  0      294   3591
 1109    398   287   298  0      294   3619
 1110    288   287   398  0      294   3629
 1111    288   298   287  0      294   3652
 1112    154   264   153  0      295    478
 1113    154   254   264  0      295    458
 1114    153   254   154  0      295   1059
 1115    153   264   254  0      295    848
 1116    467   466   477  0      296   3462
 1117    467   366   466  0      296   3449
 1118    477   366   467  0      296   3481
 1119    477   466   366  0      296   3273
 1120    713   813   712  0      297   2370
 1121    713   702   813  0      297   2281
 1122    712   702   713  0      297   2361
 1123    865   866   855  0      298   3028
 1124    865   755   866  0      298   3051
 1125    855   755   865  0      298   1767
 1126    855   866   755  0      298   2916
 1127    884   994   883  0      299   1709
 1128    884   984   994  0      299   1796
 1129    883   984   884  0      299   1831
 1130    883   994   984  0      299   1798
 1131    846   735   845  0      300   2503
 1132    846   745   735  0      300   2399
 1133    845   745   846  0      300   2994
 1134    845   735   745  0      300    362
 1135    687   686   797  0      301   1517
 1136    687   697   686  0      301    402
 1137    797   686   697  0      301   1606
 1138    861   851   751  0      302   1833
 1139    751   862   861  0      302   1927
 1140    751   851   862  0      302    475
 1141    819   809   708  0      303   2500
 1142    819   709   809  1      303     -1
 1143    708   709   819  0      303   2808
 1144    708   809   709  1      303     -1
 1145    832   932   943  0      304   2371
 1146    832   942   932  0      304   1991
 1147    943   932   942  1      304     -1
 1148    729   719   618  0      305   2801
 1149    729   619   719  1      305     -1
 1150    618   619   729  0      305   2767
 1151    618   719   619  0      305   2796
 1152    737   748   738  0      306   2931
 1153    738   637   737  0      306   2884
 1154    738   748   637  0      306   2547
 1155    549   559   548  0      307   3339
 1156    549   659   559  1      307     -1
 1157    548   659   549  0      307   3396
 1158    548   559   659  0      307   3393
 1159    762   651   761  0      308   1736
 1160    661   651   762  0      308   1892
 1161    661   761   651  0      308   1895
 1162    943   944   833  0      309   1951
 1163    943   843   944  0      309   2350
 1164    833   843   943  0      309   2381
 1165    833   944   843  0      309    342
 1166    433   534   423  0      310   2088
 1167    433   434   534  0      310   2235
 1168    423   434   433  0      310    930
 1169    423   534   434  0      310   2241
 1170    804   915   914  0      311   2473
 1171    804   904   915  0      311   2529
 1172    914   904   804  0      311   2372
 1173    914   915   904  1      311     -1
 1174    537   548   437  0      312   2672
 1175    537   547   548  0      312    348
 1176    437   547   537  0      312   4030
 1177    437   548   547  0      312   2690
 1178    553   543   653  0      313   2236
 1179    553   542   543  0      313   2210
 1180    653   542   553  0      313   2156
 1181    653   543   542  0      313   1960
 1182    701   702   812  0      314    651
 1183    701   802   702  1      314     -1
 1184    812   802   701  0      314   2060
 1185    812   702   802  0      314   2378
 1186    235   245   234  0      315   4010
 1187    235   345   245  0      315    915
 1188    234   345   235  0      315   3972
 1189    234   245   345  0      315   4029
 1190    836   835   846  0      316    322
 1191    836   735   835  0      316   2550
 1192    846   735   836  0      316   2422
 1193    846   835   735  0      316   2503
 1194     22   133   122  0      317    843
 1195     22   123   133  0      317    444
 1196    122   123    22  0      317    820
 1197    122   133   123  0      317    544
 1198    588   488   477  0      318   3550
 1199    588   487   488  0      318   3562
 1200    477   487   588  0      318   3561
 1201    477   488   487  0      318   3595
 1202    619   719   608  0      319   2796
 1203    619   609   719  1      319     -1
 1204    649   539   639  1      320     -1
 1205    649   538   539  0      320   1959
 1206    639   538   649  0      320   2610
 1207    639   539   538  0      320   2715
 1208    228   118   218  0      321   4370
 1209    228   117   118  0      321   4353
 1210    218   117   228  0      321   4346
 1211    218   118   117  0      321   4345
 1212    836   835   946  0      322   2508
 1213    946   846   836  0      322   2781
 1214    946   835   846  0      322   2489
 1215    723   713   613  0      323   1721
 1216    723   724   713  0      323   2353
 1217    613   724   723  0      323   2247
 1218    613   713   724  0      323   2333
 1219    372   373   262  0      324   1432
 1220    372   272   373  0      324   1303
 1221    262   373   272  0      324   1361
 1222    539   529   639  1      325     -1
 1223    539   528   529  0      325   4266
 1224    639   528   539  0      325   2715
 1225    639   529   528  0      325   2757
 1226    739   738   728  0      326   2763
 1227    739   839   738  0      326   2936
 1228    728   839   739  0      326   2818
 1229    728   738   839  0      326   2779
 1230    646   756   645  0      327   2648
 1231    646   746   756  0      327   3006
 1232    645   756   746  0      327   2430
 1233    517   507   617  0      328   2745
 1234    506   507   517  0      328   4179
 1235    506   617   507  0      328   2721
 1236    905   805   804  1      329     -1
 1237    905   915   805  0      329   2521
 1238    804   915   905  0      329   2529
 1239    804   805   915  0      329   2360
 1240    544   644   654  0      330   3336
 1241    544   543   644  0      330   2094
 1242    654   543   544  0      330   1997
 1243    654   644   543  0      330   2258
 1244    814   924   824  0      331   2316
 1245    813   924   814  0      331   2396
 1246    618   619   608  0      332   2796
 1247    618   508   619  0      332    450
 1248    608   508   618  0      332   2759
 1249    844   855   955  0      333    380
 1250    845   855   844  0      333   2412
 1251    845   955   855  0      333   2450
 1252    116   127   126  0      334   4290
 1253    116   227   127  0      334   4342
 1254    126   227   116  0      334    528
 1255    126   127   227  0      334   4307
 1256    528   428   529  0      335   4266
 1257    528   418   428  0      335   3992
 1258    529   418   528  0      335   4220
 1259    529   428   418  0      335   4243
 1260    916   917   906  1      336     -1
 1261    916   806   917  0      336   2821
 1262    906   806   916  0      336   2532
 1263    906   917   806  0      336   2513
 1264     83    93   194  0      337   1203
 1265     83    94    93  1      337     -1
 1266    194    94    83  0      337   1186
 1267    194    93    94  1      337     -1
 1268    912   913   902  1      338     -1
 1269    912   802   913  0      338   2338
 1270    902   802   912  0      338   2065
 1271    902   913   802  0      338   2365
 1272    917   907   807  0      339   2827
 1273    917   918   907  1      339     -1
 1274    807   918   917  0      339   2786
 1275    807   907   918  0      339   2829
 1276    557   456   556  0      340   4017
 1277    557   567   456  0      340    452
 1278    556   567   557  0      340   1540
 1279    556   456   567  0      340   3450
 1280    422   322   311  0      341    706
 1281    311   321   422  0      341    593
 1282    311   322   321  0      341    686
 1283    833   844   843  0      342   2453
 1284    833   944   844  0      342    345
 1285    843   844   944  0      342   2329
 1286    626   636   625  0      343   2522
 1287    626   736   636  0      343   2812
 1288    625   736   626  0      343   1994
 1289    625   636   736  0      343   2553
 1290    688   577   678  0      344   2475
 1291    688   677   577  0      344   3213
 1292    678   677   688  0      344   3260
 1293    678   577   677  0      344   2987
 1294    834   844   833  0      345   2454
 1295    834   944   844  0      345   2420
 1296    833   944   834  0      345   2141
 1297    924   925   914  1      346     -1
 1298    924   814   925  0      346   2316
 1299    914   814   924  0      346   2396
 1300    438   328   338  0      347   2718
 1301    438   439   328  0      347   4254
 1302    338   439   438  0      347   3998
 1303    338   328   439  0      347   4277
 1304    537   648   548  0      348   2702
 1305    547   648   537  0      348   2692
 1306    547   548   648  0      348   3397
 1307    834   835   945  0      349   2362
 1308    834   935   835  0      349   2330
 1309    945   935   834  0      349   2340
 1310    945   835   935  0      349   2493
 1311    645   755   745  0      350   3012
 1312    645   756   755  0      350   3217
 1313    745   756   645  0      350   2430
 1314    745   755   756  0      350   2629
 1315    773   763   663  0      351   1695
 1316    773   774   763  0      351   1668
 1317    663   774   773  0      351   1807
 1318    663   763   774  0      351   1719
 1319    755   855   744  0      352   2942
 1320    755   745   855  0      352   2452
 1321    744   745   755  0      352   3020
 1322    744   855   745  0      352   2974
 1323    798   688   687  0      353   3093
 1324    798   698   688  0      353   2682
 1325    687   698   798  0      353    435
 1326    687   688   698  0      353   3283
 1327    743   633   632  0      354   2425
 1328    743   643   633  0      354   2211
 1329    632   643   743  0      354   1858
 1330    632   633   643  0      354   1536
 1331    976   977   966  1      355     -1
 1332    976   866   977  0      355   3162
 1333    966   866   976  0      355   2972
 1334    966   977   866  0      355   3125
 1335    956   955   845  0      356   2450
 1336    956   945   955  1      356     -1
 1337    845   945   956  0      356   2991
 1338    507   617   607  0      357   2721
 1339    507   618   617  0      357   2745
 1340    607   618   507  0      357   2762
 1341    607   617   618  0      357   2807
 1342    373   363   263  0      358   1050
 1343    373   374   363  0      358   1428
 1344    263   374   373  0      358   1128
 1345    768   668   769  0      359   2904
 1346    768   658   668  0      359   3403
 1347    769   658   768  0      359   3375
 1348    769   668   658  0      359   3386
 1349    432   543   442  0      360   2232
 1350    432   542   543  0      360   2220
 1351    442   542   432  0      360   2149
 1352    442   543   542  0      360   2210
 1353    634   734   744  0      361   2466
 1354    633   734   634  0      361   2410
 1355    633   744   734  0      361   2383
 1356    745   734   735  0      362   2482
 1357    845   734   745  0      362   2409
 1358    845   735   734  0      362   2504
 1359    651   640   650  0      363   2194
 1360    651   540   640  0      363   1961
 1361    650   540   651  0      363    699
 1362    650   640   540  1      363     -1
 1363    478   378   488  0      364   3579
 1364    478   489   378  0      364   3603
 1365    488   489   478  0      364   3586
 1366    488   378   489  0      364   3589
 1367     54   154    53  0      365    883
 1368     54    43   154  0      365    884
 1369     53    43    54  1      365     -1
 1370    754   865   864  0      366   3015
 1371    754   854   865  0      366   3011
 1372    864   865   854  0      366   2630
 1373    663   763   652  0      367   1620
 1374    663   653   763  0      367   1561
 1375    652   653   663  0      367   1535
 1376    652   763   653  0      367   1515
 1377    783   894   784  0      368   1592
 1378    783   794   894  0      368   1800
 1379    784   794   783  0      368   1790
 1380    784   894   794  0      368   3073
 1381    384   373   273  0      369    393
 1382    384   374   373  0      369   1407
 1383    273   374   384  0      369   1393
 1384    273   373   374  0      369   1128
 1385    638   748   738  0      370   2547
 1386    638   749   748  0      370   2905
 1387    738   749   638  0      370   2921
 1388    738   748   749  0      370   2935
 1389    972   983   872  0      371   1797
 1390    972   982   983  1      371     -1
 1391    872   982   972  0      371   1776
 1392    661   761   660  0      372   1897
 1393    661   650   761  0      372   1895
 1394    660   650   661  0      372   1501
 1395    660   761   650  0      372   1918
 1396    262   373   263  0      373   1050
 1397    262   273   373  0      373   1361
 1398    263   273   262  0      373   1165
 1399    263   373   273  0      373   1128
 1400    756   866   856  0      374   3049
 1401    756   867   866  0      374   2993
 1402    856   867   756  0      374   3004
 1403    776   666   665  0      375   3307
 1404    665   676   776  0      375    379
 1405    665   666   676  0      375   1568
 1406    775   885   785  0      376   3059
 1407    775   774   885  0      376    399
 1408    785   774   775  0      376   3058
 1409    785   885   774  0      376   1806
 1410    854   853   864  0      377   1718
 1411    854   753   853  0      377   1842
 1412    864   853   753  0      377   1838
 1413    863   762   873  0      378   1879
 1414    863   763   762  0      378   1855
 1415    873   763   863  0      378   1735
 1416    873   762   763  0      378   1876
 1417    665   675   776  0      379   3221
 1418    665   676   675  0      379   3256
 1419    776   675   676  0      379   3222
 1420    855   955   854  0      380   3035
 1421    854   844   855  0      380   1869
 1422    854   955   844  0      380   3013
 1423    492   592   491  1      381     -1
 1424    492   481   592  0      381   1629
 1425    589   479   579  1      382     -1
 1426    589   478   479  0      382   3270
 1427    579   478   589  0      382   3582
 1428    859   759   749  1      383     -1
 1429    859   748   759  0      383    882
 1430    749   748   859  0      383   2446
 1431    749   759   748  0      383   2977
 1432    957   956   856  0      384   2973
 1433    846   956   957  0      384   2948
 1434    846   856   956  0      384   2484
 1435    545   555   544  0      385   3356
 1436    544   655   545  0      385   3196
 1437    544   555   655  0      385   1916
 1438    559   458   558  0      386   3010
 1439    559   569   458  0      386   2634
 1440    558   569   559  0      386   3401
 1441    558   458   569  0      386   3420
 1442    159   149    48  0      387   3676
 1443    159    49   149  1      387     -1
 1444     48    49   159  0      387   3909
 1445     48   149    49  0      387   3938
 1446    863   964   974  0      388   1837
 1447    863   963   964  0      388   1863
 1448    974   963   863  0      388   1852
 1449    974   964   963  1      388     -1
 1450    368   358   369  0      389   3427
 1451    368   469   358  0      389   3240
 1452    369   469   368  0      389    463
 1453    369   358   469  0      389   3239
 1454    563   573   463  0      390    415
 1455    563   462   573  0      390   1558
 1456    463   462   563  0      390   1547
 1457    847   857   958  0      391   1513
 1458    847   858   857  0      391   2968
 1459    958   858   847  0      391   2910
 1460    958   857   858  0      391   3003
 1461    777   787   887  0      392   3152
 1462    777   888   787  0      392   1784
 1463    887   888   777  0      392   3147
 1464    887   787   888  0      392   3210
 1465    383   373   273  0      393   1405
 1466    383   384   373  0      393   1408
 1467    273   384   383  0      393   1237
 1468     74   174    63  0      394   1139
 1469     74    64   174  0      394   1118
 1470     63    64    74  1      394     -1
 1471     63   174    64  0      394   1129
 1472    453   563   452  0      395   1556
 1473    453   553   563  0      395   1523
 1474    452   553   453  0      395   1541
 1475    676   675   786  0      396   3222
 1476    676   686   675  0      396   3290
 1477    786   686   676  0      396   3277
 1478    786   675   686  0      396    410
 1479    368   478   468  0      397   3581
 1480    368   479   478  0      397    405
 1481    558   658   547  0      398   3374
 1482    558   548   658  0      398   3395
 1483    547   548   558  0      398   4008
 1484    547   658   548  0      398   3397
 1485    875   885   775  0      399   3116
 1486    875   774   885  0      399   3087
 1487    775   774   875  0      399   3081
 1488    471   571   460  0      400   1649
 1489    460   461   471  0      400   1462
 1490    460   571   461  0      400   1645
 1491    134   133   123  0      401    527
 1492    134   234   133  0      401    849
 1493    123   234   134  0      401    546
 1494    123   133   234  0      401    503
 1495    697   686   586  0      402   3200
 1496    586   687   697  0      402    432
 1497    586   686   687  0      402   2979
 1498    384   395   284  0      403   3486
 1499    384   394   395  0      403    473
 1500    284   395   394  0      403   1319
 1501    348   347   247  0      404   3977
 1502    348   237   347  0      404   3884
 1503    247   237   348  0      404   3963
 1504    247   347   237  0      404   4079
 1505    479   378   368  0      405   3585
 1506    479   478   378  0      405   3603
 1507    368   378   478  0      405   1195
 1508    876   875   765  0      406   3066
 1509    876   865   875  0      406   3040
 1510    765   865   876  0      406   3046
 1511    765   875   865  0      406   3052
 1512    144   244   133  0      407    857
 1513    144   134   244  0      407   4055
 1514    133   134   144  0      407    879
 1515    133   244   134  0      407    849
 1516    534   535   424  0      408   2655
 1517    534   434   535  0      408   2125
 1518    424   434   534  0      408   2241
 1519    424   535   434  0      408    839
 1520    877   977   866  0      409   3173
 1521    877   867   977  0      409   3069
 1522    866   867   877  0      409   3180
 1523    866   977   867  0      409   3161
 1524    675   685   786  0      410   3316
 1525    675   686   685  0      410   3303
 1526    786   685   686  0      410   3287
 1527    665   775   765  0      411   3042
 1528    665   776   775  0      411   3221
 1529    765   776   665  0      411   2483
 1530    765   775   776  0      411   3017
 1531    435   436   425  0      412   4009
 1532    435   325   436  0      412   4059
 1533    425   325   435  0      412    634
 1534    425   436   325  0      412    587
 1535    574   584   473  0      413   1603
 1536    473   573   574  0      413   1551
 1537    473   584   573  0      413   1608
 1538    563   574   573  0      414    415
 1539    563   674   574  0      414   1576
 1540    573   674   563  0      414   1492
 1541    573   574   674  0      414   1586
 1542    563   574   463  0      415   1401
 1543    463   574   573  0      415   1551
 1544    857   756   867  0      416   3004
 1545    857   757   756  0      416   3008
 1546    867   757   857  0      416   2967
 1547    867   756   757  0      416   2463
 1548    612   723   613  0      417   1721
 1549    612   623   723  0      417    727
 1550    613   623   612  0      417   2055
 1551    613   723   623  0      417   2247
 1552    664   654   554  0      418    673
 1553    664   665   654  0      418   1400
 1554    554   665   664  0      418   1170
 1555    554   654   665  0      418   3311
 1556    837   948   938  0      419   2924
 1557    837   838   948  0      419   2698
 1558    938   838   837  0      419   2766
 1559    938   948   838  0      419   2918
 1560    634   523   534  0      420   2263
 1561    634   524   523  0      420   2002
 1562    534   524   634  0      420   2178
 1563    446   445   456  0      421   4037
 1564    446   345   445  0      421   3983
 1565    456   345   446  0      421   4031
 1566    456   445   345  0      421   4038
 1567    425   535   525  0      422   2631
 1568    425   536   535  0      422    901
 1569    525   536   425  0      422   2423
 1570    525   535   536  0      422   2487
 1571    226   326   336  0      423   4129
 1572    226   225   326  0      423   4200
 1573    336   225   226  0      423    589
 1574    336   326   225  0      423   4062
 1575    438   337   448  0      424   3957
 1576    438   338   337  0      424   4222
 1577    448   338   438  0      424   3999
 1578    448   337   338  0      424   3961
 1579    273   374   263  0      425   1128
 1580    273   274   374  0      425   1393
 1581    263   374   274  0      425   1120
 1582    353   454   464  0      426   1437
 1583    353   453   454  0      426   1444
 1584    464   453   353  0      426    504
 1585    464   454   453  0      426   1555
 1586    586   587   597  0      427   3482
 1587    586   697   587  0      427    432
 1588    597   697   586  0      427   2451
 1589    597   587   697  0      427   3282
 1590    689   589   579  1      428     -1
 1591    689   578   589  0      428    456
 1592    579   578   689  0      428   3251
 1593    579   589   578  0      428   3582
 1594    878   778   768  0      429   3142
 1595    878   767   778  0      429    454
 1596    768   767   878  0      429   2684
 1597    768   778   767  0      429   3348
 1598    487   377   477  0      430   3595
 1599    487   376   377  0      430   3226
 1600    477   376   487  0      430   3568
 1601    477   377   376  0      430   3573
 1602    775   675   785  0      431   3075
 1603    775   786   675  0      431   3310
 1604    785   786   775  0      431   3062
 1605    785   675   786  0      431   3316
 1606    687   587   586  0      432   3322
 1607    687   697   587  0      432   3281
 1608    469   468   458  0      433   3439
 1609    469   569   468  0      433   3419
 1610    458   569   469  0      433   2676
 1611    458   468   569  0      433   3384
 1612    336   236   235  0      434   3917
 1613    336   346   236  0      434   4092
 1614    235   346   336  0      434   2723
 1615    235   236   346  0      434   3966
 1616    697   698   798  1      435     -1
 1617    697   687   698  0      435   3281
 1618    177   188   288  0      436   3661
 1619    177   178   188  0      436   3660
 1620    288   178   177  0      436   3611
 1621    288   188   178  0      436   3618
 1622    383   394   494  0      437   1382
 1623    494   384   383  0      437   1277
 1624    494   394   384  0      437   1286
 1625    383   373   483  0      438   1391
 1626    383   372   373  0      438   1303
 1627    483   372   383  0      438   1346
 1628    483   373   372  0      438   1399
 1629    768   657   767  0      439   2971
 1630    768   667   657  0      439   3228
 1631    767   667   768  0      439   3348
 1632    767   657   667  0      439   2084
 1633    396   496   395  1      440     -1
 1634    396   385   496  0      440   1377
 1635    395   385   396  0      440   3740
 1636    395   496   385  0      440   3551
 1637     63   163    52  0      441   1151
 1638     52    53    63  1      441     -1
 1639     52   163    53  0      441   1148
 1640    110   100     0  1      442     -1
 1641    110   111   100  0      442    618
 1642      0   111   110  0      442    583
 1643      0   100   111  0      442    581
 1644    485   385   375  0      443   3554
 1645    485   374   385  0      443    469
 1646    375   374   485  0      443   3523
 1647    375   385   374  0      443   3544
 1648     23   133    22  0      444    489
 1649     23   123   133  0      444    527
 1650     22   123    23  0      444    829
 1651    586   486   475  0      445   1328
 1652    586   485   486  0      445   3495
 1653    475   485   586  0      445   3504
 1654    475   486   485  0      445   3552
 1655    544   655   554  0      446   1916
 1656    544   654   655  0      446   3336
 1657    554   654   544  0      446   1997
 1658    554   655   654  0      446   3311
 1659    265   264   164  0      447   3539
 1660    265   154   264  0      447    458
 1661    164   154   265  0      447   3645
 1662    164   264   154  0      447    478
 1663    163   164   274  0      448    482
 1664    264   164   163  0      448    889
 1665    264   274   164  0      448   3437
 1666    774   764   874  0      449   3082
 1667    774   763   764  0      449   1719
 1668    874   763   774  0      449   1668
 1669    874   764   763  0      449   1559
 1670    618   518   619  0      450   2726
 1671    508   518   618  0      450   2758
 1672    508   619   518  0      450   2720
 1673    136    36   147  0      451   3989
 1674    136   137    36  0      451   4137
 1675    147   137   136  0      451   3955
 1676    147    36   137  0      451   4100
 1677    457   456   557  0      452   4027
 1678    457   567   456  0      452   2531
 1679    557   567   457  0      452   3458
 1680    566   466   577  0      453   3457
 1681    566   567   466  0      453   3507
 1682    577   567   566  0      453   2988
 1683    577   466   567  0      453   2691
 1684    777   778   878  0      454   2635
 1685    777   767   778  0      454   3391
 1686    878   767   777  0      454   3185
 1687    796   685   785  0      455   3296
 1688    796   795   685  0      455   3165
 1689    785   795   796  0      455   3113
 1690    785   685   795  0      455   3199
 1691    588   589   689  0      456   3244
 1692    588   578   589  0      456   3580
 1693    689   578   588  0      456   1805
 1694    588   587   477  0      457   3561
 1695    588   577   587  0      457   3271
 1696    477   577   588  0      457    472
 1697    477   587   577  0      457   3326
 1698    254   264   265  0      458   1544
 1699    265   154   254  0      458   3667
 1700    178   189   289  0      459   1177
 1701    178   179   189  0      459   3682
 1702    289   179   178  0      459   3653
 1703    289   189   179  1      459     -1
 1704     67   168    57  0      460   3882
 1705     67    68   168  0      460   3860
 1706     57    68    67  1      460     -1
 1707     57   168    68  0      460   3853
 1708    574   685   575  0      461   3279
 1709    574   585   685  0      461   3332
 1710    575   585   574  0      461   3263
 1711    575   685   585  0      461   1605
 1712    168    58    68  0      462   3853
 1713    168   169    58  0      462   3444
 1714     68   169   168  0      462   3872
 1715     68    58   169  0      462   3881
 1716    469   479   369  1      463     -1
 1717    139   249   149  1      464     -1
 1718    139   138   249  0      464   3952
 1719    149   138   139  0      464   3939
 1720    149   249   138  0      464    514
 1721    587   487   476  0      465   3563
 1722    587   486   487  0      465    476
 1723    476   486   587  0      465   3537
 1724    476   487   486  0      465   3567
 1725    474   485   484  0      466   3510
 1726    474   585   485  0      466   3499
 1727    484   585   474  0      466   3215
 1728    484   485   585  0      466   3472
 1729    264   364   263  0      467   1394
 1730    264   253   364  0      467   1376
 1731    263   253   264  0      467    894
 1732    263   364   253  0      467   1035
 1733    175   276   176  0      468   3784
 1734    286   276   175  0      468   3754
 1735    286   176   276  0      468   3763
 1736    374   385   384  0      469   3543
 1737    384   485   374  0      469   3538
 1738    321   221   331  0      470    617
 1739    332   221   321  0      470    700
 1740    332   331   221  0      470    994
 1741    443   454   554  0      471   1333
 1742    443   444   454  0      471   1420
 1743    554   444   443  0      471   2234
 1744    554   454   444  0      471   3354
 1745    578   588   477  0      472   3546
 1746    578   577   588  0      472   2650
 1747    477   577   578  0      472   3451
 1748    384   495   395  0      473    946
 1749    394   495   384  0      473   1286
 1750    394   395   495  1      473     -1
 1751    518   408   519  0      474   4206
 1752    518   508   408  0      474    533
 1753    519   508   518  0      474   2720
 1754    519   408   508  0      474   2733
 1755    751   851   852  0      475   1973
 1756    852   862   751  0      475   1902
 1757    852   851   862  0      475   1940
 1758    486   487   597  0      476   3269
 1759    597   587   486  0      476   3482
 1760    597   487   587  0      476   3548
 1761    595   495   596  1      477     -1
 1762    595   485   495  0      477   1397
 1763    596   485   595  0      477   1238
 1764    596   495   485  0      477   3297
 1765    164   264   153  0      478    889
 1766    154   155    44  0      479   3774
 1767    154    54   155  0      479   3751
 1768     44    54   154  0      479    884
 1769     44   155    54  0      479    649
 1770    147   146   157  0      480   4094
 1771    147    46   146  0      480   4101
 1772    157    46   147  0      480   4011
 1773    157   146    46  0      480    582
 1774    344   343   233  0      481    726
 1775    344   333   343  0      481    867
 1776    233   343   333  0      481    966
 1777    164   174   163  0      482   1143
 1778    164   274   174  0      482   1600
 1779     10    20   120  1      483     -1
 1780    120   121    10  0      483    595
 1781    120    20   121  0      483    976
 1782    565   465   464  0      484   3489
 1783    565   575   465  0      484   3470
 1784    464   575   565  0      484   3346
 1785    464   465   575  0      484    508
 1786    458   358   357  0      485   3448
 1787    458   468   358  0      485   3439
 1788    357   468   458  0      485   3441
 1789    357   358   468  0      485   3379
 1790    313   213   202  0      486    701
 1791    313   212   213  0      486    787
 1792    202   212   313  0      486    697
 1793    202   213   212  0      486    793
 1794     48    47   158  0      487   3874
 1795     48    58    47  1      487     -1
 1796    158    58    48  0      487   3887
 1797    158    47    58  0      487   3698
 1798    357   358   257  0      488   3960
 1799    357   368   358  0      488   3379
 1800    257   358   368  0      488   3826
 1801     33   133    22  0      489    980
 1802     33    23   133  0      489    754
 1803     22    23    33  1      489     -1
 1804    639   629   739  1      490     -1
 1805    639   628   629  0      490   2748
 1806    739   628   639  0      490   2612
 1807    739   629   628  0      490   2583
 1808    148    38   149  0      491   3940
 1809    148   138    38  0      491   3156
 1810    149   138   148  0      491    514
 1811    149    38   138  0      491   3939
 1812    144   145   134  0      492   4077
 1813    144    34   145  0      492   4087
 1814    134   145    34  0      492   3797
 1815    316   327   216  0      493   4201
 1816    316   326   327  0      493   4234
 1817    216   326   316  0      493   2711
 1818    216   327   326  0      493   4138
 1819    717   718   617  0      494   2806
 1820    717   728   718  0      494   2848
 1821    617   728   717  0      494   1534
 1822    617   718   728  0      494   2800
 1823    277   278   177  0      495   3829
 1824    288   278   277  0      495   3266
 1825    288   177   278  0      495   3611
 1826    238   338   349  0      496   2679
 1827    349   348   238  0      496   3928
 1828    349   338   348  0      496   4002
 1829    715   716   816  0      497   2282
 1830    715   705   716  0      497   2288
 1831    816   705   715  0      497   2279
 1832    816   716   705  0      497   2293
 1833    408   418   519  0      498   4206
 1834    408   419   418  0      498   4284
 1835    519   419   408  0      498   2712
 1836    519   418   419  0      498   4264
 1837     37   138   148  0      499   3156
 1838     37   137   138  0      499   4301
 1839    148   137    37  0      499   3863
 1840    148   138   137  0      499   3979
 1841    315   415   304  0      500   4145
 1842    315   305   415  0      500   2618
 1843    304   305   315  0      500   4183
 1844    304   415   305  0      500   2556
 1845    517   417   528  0      501   2467
 1846    517   518   417  0      501   4199
 1847    528   518   517  0      501   2755
 1848    528   417   518  0      501   2746
 1849    648   637   748  0      502   2666
 1850    647   637   648  0      502   2687
 1851    647   748   637  0      502   2872
 1852    133   233   123  0      503    544
 1853    133   234   233  0      503    761
 1854    123   233   234  0      503    610
 1855    464   463   353  0      504   1419
 1856    464   453   463  0      504   1494
 1857    353   463   453  0      504   1453
 1858    649   538   638  0      505   2610
 1859    649   648   538  0      505   2664
 1860    638   648   649  0      505   2917
 1861    638   538   648  0      505   2700
 1862    818   828   928  0      506   2813
 1863    818   929   828  0      506   2825
 1864    928   929   818  0      506   2849
 1865    928   828   929  0      506   2850
 1866     25    26   136  0      507   3913
 1867     25   126    26  0      507   3862
 1868    136   126    25  0      507    832
 1869    136    26   126  0      507    871
 1870    464   475   575  0      508   3324
 1871    464   465   475  0      508   3528
 1872    575   475   465  0      508   3467
 1873    538   427   528  0      509   4262
 1874    538   527   427  0      509   4227
 1875    528   527   538  0      509   2724
 1876    528   427   527  0      509   2729
 1877    255   256   266  0      510    851
 1878    255   366   256  0      510   3476
 1879    266   366   255  0      510   3802
 1880    266   256   366  0      510   3815
 1881    416   417   316  0      511   4223
 1882    416   427   417  0      511   4231
 1883    316   427   416  0      511   4057
 1884    316   417   427  0      511   4203
 1885    130   141   241  0      512    608
 1886    130   131   141  0      512   1040
 1887    241   131   130  0      512    997
 1888    241   141   131  0      512    685
 1889    156    45   145  0      513   3341
 1890    155    45   156  0      513   4067
 1891    155   145    45  0      513   3865
 1892    138   148   249  0      514   3914
 1893    149   249   148  0      514   3956
 1894    208   218   318  0      515   4310
 1895    208   319   218  0      515   4217
 1896    318   319   208  0      515   4191
 1897    318   218   319  0      515   3990
 1898    813   803   914  0      516   2374
 1899    813   913   803  0      516   2169
 1900    914   913   813  0      516   2403
 1901    914   803   913  0      516   2377
 1902    561   550   551  0      517   1446
 1903    561   661   550  0      517   1530
 1904    551   661   561  0      517   1445
 1905    125   115   126  0      518   4150
 1906    125   226   115  0      518   4163
 1907    126   226   125  0      518   3911
 1908    126   115   226  0      518   4166
 1909    243   344   233  0      519    726
 1910    243   244   344  0      519   1228
 1911    233   244   243  0      519    601
 1912    233   344   244  0      519    910
 1913    332   432   433  0      520    524
 1914    332   443   432  0      520    942
 1915    433   443   332  0      520    914
 1916    433   432   443  0      520   2230
 1917    113   224   214  0      521    721
 1918    113   114   224  0      521    758
 1919    214   114   113  0      521    716
 1920    625   525   524  0      522   2623
 1921    625   635   525  0      522   2638
 1922    524   635   625  0      522   2563
 1923    524   525   635  0      522   2490
 1924    638   628   627  0      523   2855
 1925    638   527   628  0      523   2740
 1926    627   527   638  0      523   2727
 1927    627   628   527  0      523   2298
 1928    332   432   322  0      524    572
 1929    322   433   332  0      524    854
 1930     14   125    24  0      525    538
 1931     24   124    14  0      525    836
 1932    543   544   443  0      526   2231
 1933    543   554   544  0      526   1997
 1934    443   554   543  0      526   2161
 1935    443   544   554  0      526   2234
 1936    134   133    23  0      527    754
 1937     23   123   134  0      527    830
 1938    116   226   227  0      528   4309
 1939    126   226   116  0      528   4166
 1940    126   227   226  0      528   4295
 1941    146    35    45  0      529   4109
 1942    146    46    35  0      529    545
 1943     45    46   146  0      529   3491
 1944     45    35    46  1      529     -1
 1945      4   115    14  0      530   4144
 1946      4   114   115  0      530   4168
 1947     14   114     4  0      530    791
 1948     14   115   114  0      530   4161
 1949     36    26    37  1      531     -1
 1950     36   137    26  0      531   4137
 1951     37   137    36  0      531   4100
 1952     37    26   137  0      531   4326
 1953    121   221   110  0      532    579
 1954    121   111   221  0      532    624
 1955    110   111   121  0      532    599
 1956    110   221   111  0      532    627
 1957    407   408   518  0      533   2742
 1958    407   508   408  1      533     -1
 1959    518   508   407  0      533   3816
 1960    139   129   239  1      534     -1
 1961    139   128   129  0      534   4305
 1962    239   128   139  0      534   4334
 1963    239   129   128  0      534   4339
 1964    106   107     6  1      535     -1
 1965    106   117   107  0      535   4268
 1966      6   117   106  0      535   4151
 1967      6   107   117  0      535   4253
 1968    311   422   411  0      536    638
 1969    311   412   422  0      536    698
 1970    411   412   311  0      536    703
 1971    411   422   412  0      536   2166
 1972    236   125   235  0      537   4044
 1973    236   135   125  0      537   4111
 1974    235   135   236  0      537   4116
 1975    235   125   135  0      537    821
 1976     25   125    24  0      538   2644
 1977     25    14   125  0      538   4159
 1978     24    14    25  1      538     -1
 1979    303   302   413  0      539    632
 1980    313   302   303  0      539    702
 1981    313   413   302  0      539    644
 1982    324   224   213  0      540    786
 1983    324   223   224  0      540    904
 1984    213   223   324  0      540    707
 1985    213   224   223  0      540    818
 1986    623   724   613  0      541   2247
 1987    623   624   724  0      541   2355
 1988    613   624   623  0      541   2248
 1989    613   724   624  0      541   2342
 1990    725   615   726  0      542   2562
 1991    725   715   615  0      542   2604
 1992    726   715   725  0      542   2570
 1993    726   615   715  0      542   2559
 1994     30    40   141  0      543    971
 1995     30    41    40  1      543     -1
 1996    141    40    41  0      543   1042
 1997    122   233   123  0      544    819
 1998    122   133   233  0      544    825
 1999     36    35   146  0      545    831
 2000     36    46    35  1      545     -1
 2001    146    46    36  0      545   4101
 2002    234   134   124  0      546    763
 2003    124   123   234  0      546    844
 2004    124   134   123  0      546    830
 2005    332   322   221  0      547    700
 2006    332   222   322  0      547    725
 2007    221   222   332  0      547    999
 2008    343   242   353  0      548    983
 2009    343   243   242  0      548    952
 2010    353   243   343  0      548   1423
 2011    353   242   243  0      548   1098
 2012    715   605   604  0      549   2579
 2013    715   615   605  0      549   2533
 2014    604   605   615  0      549   2596
 2015     25   125   136  0      550    832
 2016     25   135   125  0      550   2644
 2017    136   135    25  0      550   4107
 2018    136   125   135  0      550   4111
 2019    547   647   536  0      551   2677
 2020    547   537   647  0      551   2692
 2021    536   537   547  0      551   4032
 2022    536   647   537  0      551   2424
 2023    621   511   622  0      552   2150
 2024    621   611   511  0      552   2090
 2025    622   611   621  0      552   2137
 2026    622   511   611  0      552    663
 2027    211   210   100  0      553    630
 2028    100   200   211  0      553    628
 2029    100   210   200  1      553     -1
 2030     18   118   129  0      554   4357
 2031     18   128   118  0      554   4296
 2032    129   128    18  0      554   4313
 2033    129   118   128  0      554   4369
 2034    112    12    11  0      555    574
 2035    112   122    12  0      555    633
 2036     16    27    26  1      556     -1
 2037     16   127    27  0      556   4288
 2038     26   127    16  0      556   4333
 2039     26    27   127  0      556   4340
 2040    527   426   526  0      557   4040
 2041    527   537   426  0      557   3578
 2042    526   537   527  0      557   2709
 2043    526   426   537  0      557    629
 2044    604   615   504  0      558   2596
 2045    504   615   614  0      558   2598
 2046    615   515   626  0      559   2600
 2047    615   616   515  0      559   2571
 2048    626   616   615  0      559   2593
 2049    626   515   616  0      559   2542
 2050     47    37   148  0      560   3864
 2051     47   147    37  0      560   4099
 2052    148   147    47  0      560   3827
 2053    148    37   147  0      560   3863
 2054    506   405   505  1      561     -1
 2055    506   516   405  0      561   4177
 2056    505   516   506  0      561    710
 2057    505   405   516  0      561    762
 2058    314   415   414  0      562    603
 2059    314   304   415  0      562   4145
 2060    414   304   314  0      562    719
 2061    414   415   304  0      562   2731
 2062     22    21    11  1      563     -1
 2063     22   122    21  0      563    600
 2064    516   405   515  0      564    762
 2065    516   415   405  0      564    771
 2066    515   415   516  0      564    757
 2067    515   405   415  0      564   2309
 2068      1   102   112  0      565    594
 2069      1   101   102  1      565     -1
 2070    112   101     1  0      565    578
 2071    112   102   101  0      565    635
 2072    500   510   611  0      566   2056
 2073    500   511   510  0      566    665
 2074    611   511   500  0      566   2152
 2075    611   510   511  0      566   2090
 2076    113   123   112  0      567    708
 2077    113   223   123  0      567    776
 2078    112   223   113  0      567    801
 2079    112   123   223  0      567    781
 2080     11    21    10  1      568     -1
 2081    410   521   421  0      569   2177
 2082    410   420   521  0      569   2118
 2083    421   521   420  0      569   2057
 2084    223   233   122  0      570    819
 2085    223   222   233  0      570    908
 2086    122   222   223  0      570    826
 2087    122   233   222  0      570    992
 2088    534   644   544  0      571    696
 2089    534   533   644  0      571   2233
 2090    544   533   534  0      571    637
 2091    544   644   533  0      571   2094
 2092    321   322   332  0      572    700
 2093      1   111   112  0      573    578
 2094      1    11   111  0      573    586
 2095    112    11     1  0      573    574
 2096     11     1    12  1      574     -1
 2097    112    12     1  0      574    575
 2098      1     2    12  1      575     -1
 2099    112     2     1  0      575    594
 2100    112    12     2  0      575    767
 2101    324   214   325  0      576    782
 2102    324   314   214  0      576    816
 2103    325   314   324  0      576    772
 2104    325   214   314  0      576    723
 2105     33    32   143  0      577   1005
 2106     33    43    32  1      577     -1
 2107    143    43    33  0      577    877
 2108    143    32    43  0      577   1011
 2109    112   101   111  0      578    606
 2110      1   111   101  0      578    585
 2111    121   221   120  0      579    974
 2112    120   110   121  0      579    595
 2113    120   221   110  0      579    591
 2114    702   601   701  1      580     -1
 2115    702   712   601  0      580   2103
 2116    701   712   702  0      580    651
 2117    701   601   712  0      580    678
 2118    111   101   100  0      581    648
 2119      0   101   111  0      581    585
 2120      0   100   101  1      581     -1
 2121    157   146   156  0      582   4095
 2122    156    46   157  0      582    926
 2123    156   146    46  0      582   3491
 2124    110    10   111  0      583    599
 2125      0    10   110  1      583     -1
 2126      0   111    10  0      583    584
 2127      0    11    10  1      584     -1
 2128      0   111    11  0      584    586
 2129      1     0   101  1      585     -1
 2130      1   111     0  0      585    586
 2131      1    11     0  1      586     -1
 2132    436   426   425  0      587   4130
 2133    436   325   426  0      587   2705
 2134    425   426   325  0      587   4193
 2135    233   333   223  0      588    908
 2136    223   334   233  0      588    880
 2137    223   333   334  0      588    907
 2138    225   226   236  0      589   4133
 2139    236   336   225  0      589   3917
 2140    241   251   252  0      590   1417
 2141    241   141   251  0      590   1092
 2142    252   141   241  0      590   1045
 2143    252   251   141  0      590   1080
 2144    120   220   110  1      591     -1
 2145    120   221   220  0      591    985
 2146     41   152   142  0      592   1113
 2147     41    42   152  0      592   1049
 2148    142    42    41  0      592   1012
 2149    421   422   311  0      593    638
 2150    102     2     1  1      594     -1
 2151    102   112     2  0      594    812
 2152     10   110   121  0      595    599
 2153    120   110    10  1      595     -1
 2154    142    42    32  0      596   1016
 2155    142    31    42  0      596   1012
 2156     32    31   142  0      596   1022
 2157     32    42    31  1      596     -1
 2158    222   232   332  0      597    999
 2159    222   333   232  0      597   1002
 2160    332   333   222  0      597    725
 2161    332   232   333  0      597    979
 2162    302   313   202  0      598    702
 2163    302   312   313  0      598    644
 2164    202   312   302  0      598    705
 2165    202   313   312  0      598    697
 2166     21   132   122  0      600   1024
 2167     21    22   132  0      600    965
 2168    122   132    22  0      600    843
 2169    243   133   244  0      601    850
 2170    233   133   243  0      601   1025
 2171    233   244   133  0      601    761
 2172    173   174   284  0      602   1061
 2173    284   274   173  0      602   1160
 2174    284   174   274  0      602   3720
 2175    425   415   414  0      603   4169
 2176    425   314   415  0      603   2616
 2177    414   314   425  0      603    770
 2178    111   212   112  0      604    606
 2179    111   222   212  0      604    641
 2180    112   222   111  0      604    623
 2181    112   212   222  0      604    778
 2182    731   631   741  0      605   2183
 2183    731   742   631  0      605    609
 2184    741   742   731  0      605   2009
 2185    741   631   742  0      605   1906
 2186    101   212   112  0      606    635
 2187    311   312   211  0      607    714
 2188    311   322   312  0      607    706
 2189    211   322   311  0      607    686
 2190    241   140   141  0      608   1092
 2191    130   140   241  0      608    795
 2192    130   141   140  0      608   1039
 2193    731   732   631  0      609   2179
 2194    742   732   731  0      609   2008
 2195    742   631   732  0      609   2164
 2196    123   233   223  0      610    819
 2197    223   234   123  0      610    732
 2198    223   233   234  0      610    880
 2199    431   331   442  0      611    950
 2200    431   432   331  0      611    679
 2201    442   432   431  0      611   2149
 2202    453   564   554  0      612   1520
 2203    453   454   564  0      612   1555
 2204    554   454   453  0      612   1333
 2205    554   564   454  0      612   3362
 2206    421   411   310  0      613    666
 2207    421   311   411  0      613    638
 2208    310   411   311  0      613    693
 2209    225   215   214  0      614   4093
 2210    225   114   215  0      614   3773
 2211    214   215   114  0      614   4172
 2212    210   310   200  1      615     -1
 2213    210   311   310  0      615    643
 2214    200   310   311  0      615    639
 2215     30   131    20  0      616   1017
 2216     30    31   131  0      616   1031
 2217     20    31    30  1      616     -1
 2218    221   331   220  0      617    991
 2219    220   321   221  0      617    664
 2220    220   331   321  0      617    892
 2221    111   211   110  0      618    627
 2222    111   100   211  0      618    648
 2223    110   211   100  0      618    630
 2224    121   222   111  0      619    624
 2225    121   122   222  0      619   1003
 2226    111   222   122  0      619    623
 2227    221   211   210  0      620    669
 2228    110   211   221  0      620    627
 2229    110   210   211  0      620    630
 2230    243   254   143  0      621   1085
 2231    243   253   254  0      621   1414
 2232    143   253   243  0      621   1116
 2233    143   254   253  0      621   1130
 2234    440   330   441  0      622    655
 2235    440   430   330  1      622     -1
 2236    441   430   440  0      622   2172
 2237    441   330   430  0      622    893
 2238    122   112   222  0      623    826
 2239    111   221   222  0      624    642
 2240    121   222   221  0      624   1000
 2241    351   362   361  0      625   1470
 2242    462   362   351  0      625   1468
 2243    462   361   362  0      625   1471
 2244    521   531   420  0      626   2057
 2245    521   520   531  0      626   2214
 2246    420   520   521  0      626   2118
 2247    420   531   520  0      626   2182
 2248    111   211   221  0      627    642
 2249    201   211   100  0      628    647
 2250    201   200   211  0      628    650
 2251    100   200   201  1      628     -1
 2252    537   536   426  0      629   2558
 2253    526   536   537  0      629   2669
 2254    526   426   536  0      629   4181
 2255    110   210   100  1      630     -1
 2256    303   314   313  0      631    804
 2257    303   414   314  0      631    719
 2258    413   403   302  0      632    718
 2259    413   303   403  0      632    748
 2260    302   403   303  1      632     -1
 2261    122   123   112  0      633    781
 2262    122    12   123  0      633    820
 2263    112   123    12  0      633    708
 2264    324   435   425  0      634    927
 2265    324   325   435  0      634   4026
 2266    425   325   324  0      634    772
 2267    102   212   112  0      635    785
 2268    102   101   212  0      635    636
 2269    202   102   101  1      636     -1
 2270    202   212   102  0      636    793
 2271    533   534   433  0      637   2088
 2272    433   544   533  0      637   2226
 2273    433   534   544  0      637   2235
 2274    411   421   422  0      638   2163
 2275    200   310   300  1      639     -1
 2276    311   300   310  0      639    693
 2277    212   201   211  0      640    715
 2278    101   211   201  0      640    647
 2279    212   211   222  0      641    680
 2280    222   211   111  0      641    642
 2281    310   210   321  0      643    654
 2282    311   321   210  0      643    668
 2283    312   413   302  0      644    717
 2284    311   201   301  0      645    713
 2285    200   201   311  0      645    650
 2286    200   301   201  1      645     -1
 2287    301   302   312  0      646    712
 2288    412   302   301  0      646    671
 2289    412   312   302  0      646    717
 2290    101   211   100  0      647    648
 2291    100   201   101  1      647     -1
 2292     44    55    54  1      649     -1
 2293     44   155    55  0      649   4054
 2294     54    55   155  0      649   3647
 2295    211   201   311  0      650    714
 2296    701   712   812  0      651   2082
 2297    800   810   911  0      652   2059
 2298    800   811   810  0      652   2061
 2299    911   810   811  0      652   1993
 2300    611   610   711  0      653    683
 2301    611   721   610  0      653   2043
 2302    711   721   611  0      653   2135
 2303    711   610   721  0      653   2095
 2304    321   320   210  0      654    656
 2305    321   310   320  0      654    661
 2306    210   320   310  1      654     -1
 2307    330   340   440  1      655     -1
 2308    330   441   340  0      655    948
 2309    440   340   441  0      655   1479
 2310    220   320   210  1      656     -1
 2311    220   321   320  0      656    892
 2312    210   321   220  0      656    664
 2313    204   214   314  0      657    814
 2314    204   315   214  0      657   4122
 2315    314   214   315  0      657    723
 2316    704   814   714  0      658   2537
 2317    704   703   814  0      658   2250
 2318    714   703   704  0      658   2359
 2319    714   814   703  0      658   2023
 2320    423   523   422  0      659    921
 2321    423   412   523  0      659   2277
 2322    422   412   423  0      659    742
 2323    422   523   412  0      659   1480
 2324    612   502   501  0      660   2129
 2325    612   512   502  0      660   2016
 2326    501   512   612  0      660   2142
 2327    501   502   512  0      660   1996
 2328    320   321   421  0      661    954
 2329    621   521   510  0      662    913
 2330    621   520   521  0      662   2215
 2331    510   520   621  0      662    960
 2332    510   521   520  0      662   2102
 2333    611   612   511  0      663   2096
 2334    622   612   611  0      663   2138
 2335    622   511   612  0      663   2154
 2336    221   210   321  0      664    669
 2337    400   500   511  0      665   2151
 2338    400   510   500  1      665     -1
 2339    310   410   411  0      666    692
 2340    421   411   410  0      666   2177
 2341    324   314   424  0      667    769
 2342    324   313   314  0      667    817
 2343    211   321   210  0      668    669
 2344    211   311   321  0      668    686
 2345    211   321   221  0      669    682
 2346    742   842   853  0      670   2336
 2347    742   852   842  0      670   1946
 2348    853   852   742  0      670   1866
 2349    853   842   852  0      670   1965
 2350    412   302   402  0      671    677
 2351    402   301   412  0      671    694
 2352    402   302   301  1      671     -1
 2353    509   408   519  0      672   2733
 2354    509   409   408  1      672     -1
 2355    519   409   509  1      672     -1
 2356    519   408   409  0      672   2712
 2357    664   654   553  0      673   1119
 2358    553   554   664  0      673   1509
 2359    553   654   554  0      673   2229
 2360    631   632   521  0      674   2086
 2361    631   531   632  0      674   2191
 2362    521   531   631  0      674   2214
 2363    521   632   531  0      674    874
 2364    452   341   442  0      675    943
 2365    442   341   441  0      675    728
 2366    209   219   208  0      676   4356
 2367    209   319   219  1      676     -1
 2368    208   319   209  0      676   4192
 2369    208   219   319  0      676   4217
 2370    412   413   402  0      677   2285
 2371    412   302   413  0      677    717
 2372    402   413   302  0      677    718
 2373    712   711   601  0      678   2107
 2374    701   711   712  0      678   2082
 2375    701   601   711  0      678   2127
 2376    321   431   432  0      679    953
 2377    321   331   431  0      679    958
 2378    212   322   222  0      680    735
 2379    532   533   432  0      681   2255
 2380    532   543   533  0      681   2242
 2381    432   543   532  0      681   2220
 2382    432   533   543  0      681   2225
 2383    211   321   322  0      682    686
 2384    221   322   321  0      682    700
 2385    611   600   711  0      683   2130
 2386    611   610   600  0      683   2153
 2387    711   600   610  0      683   2119
 2388    411   412   401  0      684   2159
 2389    411   301   412  0      684    703
 2390    401   301   411  0      684    690
 2391    401   412   301  0      684    694
 2392    241   141   242  0      685   1045
 2393    242   131   241  0      685    828
 2394    242   141   131  0      685   1036
 2395    411   511   410  0      687   2147
 2396    411   400   511  0      687   2080
 2397    410   400   411  0      687    689
 2398    401   411   300  0      688    690
 2399    401   400   411  0      688   2080
 2400    300   400   401  1      688     -1
 2401    300   411   400  0      688    689
 2402    300   410   400  1      689     -1
 2403    300   411   410  0      689    692
 2404    301   300   401  1      690     -1
 2405    301   411   300  0      690    691
 2406    300   311   411  0      691    693
 2407    301   411   311  0      691    703
 2408    300   310   410  1      692     -1
 2409    300   411   310  0      692    693
 2410    401   412   402  0      694   2148
 2411    402   301   401  1      694     -1
 2412    502   503   402  1      695     -1
 2413    502   513   503  0      695   2145
 2414    402   513   502  0      695   1386
 2415    402   503   513  0      695   1708
 2416    645   644   544  0      696   3327
 2417    645   534   644  0      696    764
 2418    312   212   313  0      697    736
 2419    202   212   312  0      697    711
 2420    412   422   312  0      698    742
 2421    311   312   422  0      698    706
 2422    650   540   550  1      699     -1
 2423    550   540   651  0      699   1415
 2424    313   203   202  0      701    780
 2425    313   213   203  0      701    799
 2426    302   303   202  1      702     -1
 2427    202   303   313  0      702    780
 2428    223   333   222  0      704    908
 2429    223   323   333  0      704    907
 2430    222   323   223  0      704    774
 2431    222   333   323  0      704    858
 2432    302   201   312  0      705    712
 2433    202   201   302  1      705     -1
 2434    202   312   201  0      705    711
 2435    422   322   312  0      706    720
 2436    213   223   323  0      707    752
 2437    323   324   213  0      707    790
 2438    323   223   324  0      707    906
 2439    112   113    12  0      708    767
 2440    320   330   430  1      709     -1
 2441    320   431   330  0      709    841
 2442    430   431   320  0      709    933
 2443    430   330   431  0      709    893
 2444    505   516   616  0      710   2595
 2445    616   506   505  0      710   2601
 2446    616   516   506  0      710   2710
 2447    212   312   201  0      711    715
 2448    201   312   301  0      712    713
 2449    301   302   201  1      712     -1
 2450    201   312   311  0      713    714
 2451    201   312   211  0      714    715
 2452    103   114   113  0      716    798
 2453    402   403   302  1      718     -1
 2454    402   413   403  0      718   2260
 2455    304   314   303  0      719    809
 2456    303   414   304  0      719    734
 2457    322   423   422  0      720    853
 2458    322   312   423  0      720    730
 2459    422   423   312  0      720    742
 2460    213   224   214  0      721    786
 2461    213   113   224  0      721    818
 2462    722   833   723  0      722   2406
 2463    722   733   833  0      722   2413
 2464    723   733   722  0      722   1847
 2465    723   833   733  0      722   2256
 2466    325   315   314  0      723    773
 2467    325   214   315  0      723   3986
 2468    423   424   313  0      724    760
 2469    423   323   424  0      724    929
 2470    313   323   423  0      724    729
 2471    322   333   222  0      725    858
 2472    322   332   333  0      725    854
 2473    243   343   233  0      726    972
 2474    243   344   343  0      726   1424
 2475    622   723   612  0      727   2146
 2476    622   623   723  0      727   2416
 2477    612   623   622  0      727   2320
 2478    331   442   341  0      728    967
 2479    441   442   331  0      728    950
 2480    323   423   312  0      729    730
 2481    312   313   323  0      729    736
 2482    323   423   322  0      730    891
 2483    322   312   323  0      730    737
 2484    114     3   104  0      731    777
 2485    114   103     3  0      731    798
 2486    104     3   103  1      731     -1
 2487    123   224   234  0      732    844
 2488    223   224   123  0      732    776
 2489    223   234   224  0      732    903
 2490    434   435   424  0      733    839
 2491    434   324   435  0      733   2645
 2492    424   324   434  0      733    924
 2493    424   435   324  0      733    927
 2494    414   304   404  0      734   2731
 2495    404   303   414  0      734    747
 2496    404   304   303  1      734     -1
 2497    212   323   222  0      735    774
 2498    212   322   323  0      735    737
 2499    222   323   322  0      735    858
 2500    212   323   312  0      736    737
 2501    212   313   323  0      736    787
 2502    547   436   546  0      738   4022
 2503    547   446   436  0      738   4060
 2504    546   446   547  0      738   3997
 2505    546   436   446  0      738   3410
 2506    541   542   531  0      739   2219
 2507    541   431   542  0      739   2218
 2508    531   431   541  0      739   2192
 2509    531   542   431  0      739   1557
 2510    124   134    24  0      740   4053
 2511    124    23   134  0      740    830
 2512     24    23   124  0      740    838
 2513     24   134    23  0      740    855
 2514    266   255   265  0      741   3802
 2515    266   155   255  0      741    851
 2516    265   155   266  0      741   3673
 2517    265   255   155  0      741   3198
 2518    756   656   757  0      743   2385
 2519    756   646   656  0      743   2648
 2520    757   646   756  0      743   3006
 2521    757   656   646  0      743   3352
 2522    284   285   184  0      744   3688
 2523    284   295   285  0      744   3608
 2524    184   295   284  0      744    990
 2525    184   285   295  0      744   3726
 2526    434   545   444  0      745   4052
 2527    434   544   545  0      745   2486
 2528    444   544   434  0      745   2188
 2529    444   545   544  0      745   3356
 2530    342   331   332  0      746    998
 2531    342   442   331  0      746    967
 2532    332   442   342  0      746    939
 2533    303   414   403  0      747    748
 2534    403   404   303  1      747     -1
 2535    403   414   404  0      747   2304
 2536    403   413   414  0      748   2280
 2537    441   541   542  0      749   2218
 2538    552   541   441  0      749   2187
 2539     43    53    42  1      750     -1
 2540     42    53   153  0      750    888
 2541    125   115   225  0      751   4163
 2542    125   114   115  0      751   4161
 2543    225   114   125  0      751   3968
 2544    225   115   114  0      751   3773
 2545    213   223   212  0      752    800
 2546    212   323   213  0      752    787
 2547    212   223   323  0      752    774
 2548     74   174   184  0      753   3714
 2549     73   174    74  0      753   1139
 2550     73   184   174  0      753   1161
 2551     33   134   133  0      754    879
 2552     23   134    33  0      754    856
 2553    221   231   332  0      755    994
 2554    221   232   231  0      755    973
 2555    332   232   221  0      755    999
 2556    332   231   232  0      755    968
 2557    405   416   516  0      756    771
 2558    405   406   416  0      756   4197
 2559    516   406   405  0      756   4177
 2560    516   416   406  0      756   4184
 2561    526   415   516  0      757   2599
 2562    526   515   415  0      757   4189
 2563    516   515   526  0      757   2592
 2564    124   224   113  0      758    796
 2565    124   114   224  0      758   4119
 2566    113   114   124  0      758    834
 2567    313   424   413  0      759    760
 2568    413   424   414  0      759   2272
 2569    413   423   424  0      760   2284
 2570    233   244   234  0      761    910
 2571    234   244   133  0      761    849
 2572    505   405   515  0      762   4185
 2573    515   516   505  0      762   2595
 2574    234   134   235  0      763   4010
 2575    235   124   234  0      763    842
 2576    235   134   124  0      763   4070
 2577    634   644   645  0      764   2464
 2578    634   534   644  0      764   2233
 2579    645   534   634  0      764   1954
 2580    612   723   722  0      765   2146
 2581    612   712   723  0      765   2363
 2582    722   712   612  0      765   2133
 2583    722   723   712  0      765   2395
 2584     13     3   114  0      766    779
 2585     13   113     3  0      766    803
 2586    114   113    13  0      766    834
 2587    114     3   113  0      766    798
 2588     12     2   113  0      767    789
 2589    112   113     2  0      767    812
 2590    845   855   956  0      768   2450
 2591    845   856   855  0      768   1839
 2592    956   856   845  0      768   2484
 2593    956   855   856  0      768   3034
 2594    425   314   424  0      769    770
 2595    425   324   314  0      769    772
 2596    424   324   425  0      769    927
 2597    414   424   425  0      770   2628
 2598    415   416   516  0      771   2599
 2599    415   405   416  0      771   4198
 2600    325   314   425  0      772    773
 2601    425   315   314  0      773   2616
 2602    325   315   425  0      773   4193
 2603    212   223   222  0      774    778
 2604    238   127   138  0      775   4246
 2605    238   128   127  0      775   4325
 2606    138   128   238  0      775   4336
 2607    138   127   128  0      775   4331
 2608    123   113   224  0      776    796
 2609    223   224   113  0      776    818
 2610    104     4     3  1      777     -1
 2611    114     4   104  0      777   4168
 2612    114     3     4  0      777    791
 2613    212   223   112  0      778    800
 2614    112   223   222  0      778    826
 2615     14     3   114  0      779    791
 2616     14    13     3  1      779     -1
 2617    114    13    14  0      779    835
 2618    303   203   202  1      780     -1
 2619    303   313   203  0      780    804
 2620    122   223   112  0      781    826
 2621    122   123   223  0      781    819
 2622    214   224   324  0      782    786
 2623    214   325   224  0      782   2658
 2624    324   224   325  0      782   4048
 2625    261   251   150  0      783   1088
 2626    261   151   251  0      783   1041
 2627    150   151   261  0      783   1054
 2628    596   496   597  1      784     -1
 2629    596   486   496  0      784   3280
 2630    597   486   596  0      784   3540
 2631    597   496   486  0      784   3434
 2632    102   213   112  0      785    788
 2633    102   212   213  0      785    793
 2634    112   213   212  0      785    800
 2635    324   214   213  0      786    816
 2636    323   213   313  0      787    790
 2637    112   113   213  0      788    801
 2638    102   113   112  0      788    812
 2639    102   213   113  0      788    802
 2640     13     2   113  0      789    803
 2641     12     2    13  1      789     -1
 2642    324   213   313  0      790    817
 2643     14     3     4  1      791     -1
 2644    106     5   116  0      792   4039
 2645    106     6     5  1      792     -1
 2646    116     6   106  0      792   4151
 2647    116     5     6  0      792   4156
 2648    242   131   232  0      794    934
 2649    242   231   131  0      794    828
 2650    232   231   242  0      794   1008
 2651    232   131   231  0      794    955
 2652    130   140   240  1      795     -1
 2653    240   241   130  0      795   1014
 2654    240   140   241  0      795   1090
 2655    124   224   123  0      796    844
 2656    123   113   124  0      796    833
 2657    103     3     2  1      797     -1
 2658    103   113     3  0      797    798
 2659      2   113   103  0      797    811
 2660      2     3   113  0      797    803
 2661    314   203   313  0      799    804
 2662    314   213   203  0      799    807
 2663    313   213   314  0      799    817
 2664    112   213   223  0      800    801
 2665    113   213   223  0      801    818
 2666    102   213   103  0      802    805
 2667    103   113   102  0      802    811
 2668      2     3    13  1      803     -1
 2669    314   203   303  0      804    809
 2670    213   103   203  0      805    806
 2671    102   203   103  1      805     -1
 2672    213   214   203  0      806    807
 2673    103   203   214  0      806    808
 2674    214   314   213  0      807    816
 2675    214   203   314  0      807    814
 2676    103   203   204  1      808     -1
 2677    204   203   214  0      808    814
 2678    304   203   303  1      809     -1
 2679    304   314   203  0      809    813
 2680    556   445   455  0      810   3485
 2681    556   456   445  0      810   4037
 2682    455   456   556  0      810   3361
 2683    455   445   456  0      810   4038
 2684      2   102   103  1      811     -1
 2685      2   113   102  0      811    812
 2686    204   203   304  1      813     -1
 2687    204   314   203  0      813    814
 2688    197    96    97  1      815     -1
 2689    197    86    96  0      815   3651
 2690     97    86   197  0      815    988
 2691     97    96    86  1      815     -1
 2692    314   213   324  0      816    817
 2693     12   123    22  0      820    829
 2694    124   135   235  0      821   4070
 2695     78   188    77  0      822   3622
 2696     78   178   188  0      822   3686
 2697     77   178    78  0      822   3674
 2698     77   188   178  0      822   3660
 2699    341   230   240  0      823    982
 2700    341   241   230  0      823    956
 2701    240   241   341  0      823   1222
 2702    240   230   241  0      823   1014
 2703     13    23    12  1      824     -1
 2704     13   123    23  0      824    837
 2705     12    23   123  0      824    829
 2706    133   132   122  0      825    843
 2707    133   233   132  0      825   1025
 2708    122   132   233  0      825   1006
 2709    758   658   647  0      827   3380
 2710    758   657   658  0      827   3376
 2711    647   657   758  0      827   3237
 2712    647   658   657  0      827   3344
 2713    241   231   131  0      828    997
 2714    242   231   241  0      828   1009
 2715     12    23    22  1      829     -1
 2716     23   123   124  0      830    837
 2717    136    35   146  0      831   3810
 2718    136    36    35  0      831   3473
 2719    146    36   136  0      831   3989
 2720     25   125   126  0      832   4158
 2721    136   126   125  0      832   3916
 2722    123    13   124  0      833    837
 2723    113   124    13  0      833    834
 2724    114   124    13  0      834    835
 2725     13    14   124  0      835    836
 2726     24    13    14  1      836     -1
 2727     24   124    13  0      836    838
 2728     23    13   124  0      837    838
 2729     24    23    13  1      838     -1
 2730    535   435   424  0      839   2643
 2731    535   434   435  0      839    902
 2732    156   146   257  0      840   4095
 2733    156   256   146  0      840   3888
 2734    257   256   156  0      840   3846
 2735    257   146   256  0      840   4088
 2736    431   331   320  0      841    958
 2737    320   331   330  0      841    951
 2738    224   234   235  0      842   4046
 2739    224   124   234  0      842    844
 2740    235   124   224  0      842   3937
 2741     22   133   132  0      843   1020
 2742     21   132    31  0      845   1015
 2743     21   131   132  0      845   1023
 2744     31   132   131  0      845   1029
 2745    541   641   530  0      846   2198
 2746    541   531   641  0      846   1889
 2747    530   531   541  0      846   2186
 2748    530   641   531  0      846   2077
 2749    333   344   444  0      847    867
 2750    444   334   333  0      847    919
 2751    444   344   334  0      847   3443
 2752    254   253   264  0      848   1376
 2753    153   253   254  0      848   1130
 2754    153   264   253  0      848    894
 2755    234   244   134  0      849   3925
 2756    133   244   143  0      850    857
 2757    143   243   133  0      850   1007
 2758    143   244   243  0      850   1085
 2759    155   256   266  0      851   1122
 2760    155   255   256  0      851   3535
 2761    546   445   556  0      852   3988
 2762    546   446   445  0      852   4035
 2763    556   446   546  0      852   2673
 2764    556   445   446  0      852   4037
 2765    423   433   322  0      853    891
 2766    423   422   433  0      853   2240
 2767    322   433   333  0      854    873
 2768    332   333   433  0      854    914
 2769    134    23    34  0      855    856
 2770     24    34    23  1      855     -1
 2771     23    34    33  1      856     -1
 2772    143   144   244  0      857   1037
 2773    133   144   143  0      857    878
 2774    322   333   323  0      858    873
 2775    433   443   444  0      859   2238
 2776    433   333   443  0      859    914
 2777    444   333   433  0      859    918
 2778    444   443   333  0      859    896
 2779    341   231   331  0      860    944
 2780    341   230   231  0      860    956
 2781    331   230   341  0      860    989
 2782    331   231   230  0      860    995
 2783    841   730   831  0      861   2001
 2784    841   830   730  0      861    949
 2785    144   154   143  0      862    895
 2786    144   254   154  0      862   3820
 2787    143   254   144  0      862   1037
 2788    143   154   254  0      862   1059
 2789    474   363   473  0      863   1342
 2790    474   373   363  0      863   1428
 2791    473   373   474  0      863   1410
 2792    473   363   373  0      863   1229
 2793    421   532   422  0      864   1502
 2794    421   432   532  0      864   2189
 2795    422   532   432  0      864   2255
 2796    262   263   363  0      865   1050
 2797    252   263   262  0      865   1111
 2798    252   363   263  0      865   1434
 2799    120   130   231  0      866    993
 2800    120   131   130  0      866   1018
 2801    231   130   131  0      866    997
 2802    333   343   444  0      867    896
 2803    444   343   344  0      867   1442
 2804    453   352   353  0      868   1453
 2805    453   342   352  0      868   1455
 2806    353   342   453  0      868   1263
 2807    353   352   342  0      868   1281
 2808    435   445   545  0      869   4051
 2809    435   546   445  0      869   4035
 2810    545   546   435  0      869    900
 2811    545   445   546  0      869   3988
 2812    814   703   813  0      870   2105
 2813    713   703   814  0      870   2023
 2814    713   813   703  0      870   2281
 2815    136    26   137  0      871   4137
 2816    137   126   136  0      871   4127
 2817    137    26   126  0      871   4196
 2818     20   131   121  0      872    976
 2819    121   131    21  0      872   1023
 2820    323   433   333  0      873    932
 2821    322   433   323  0      873    891
 2822    632   532   521  0      874   1402
 2823    632   531   532  0      874    887
 2824    521   532   531  0      874   2048
 2825    521   532   522  0      875   1402
 2826    521   421   532  0      875   2048
 2827    522   421   521  0      875   2123
 2828    522   532   421  0      875   1502
 2829    451   452   552  0      876   1336
 2830    143   144    33  0      877    878
 2831    143    43   144  0      877    895
 2832     33   144    43  0      877    885
 2833     33   133   144  0      878    879
 2834    143   133    33  0      878   1005
 2835    223   334   234  0      880    903
 2836    234   334   233  0      880    911
 2837    343   342   332  0      881    937
 2838    343   443   342  0      881   1147
 2839    332   443   343  0      881    905
 2840    332   342   443  0      881    939
 2841    748   759   758  0      882   2976
 2842    758   859   748  0      882   2922
 2843    758   759   859  0      882   2911
 2844     54   154   164  0      883   3794
 2845    164    53    54  0      883   1135
 2846     43   154    44  0      884   1108
 2847     44    54    43  1      884     -1
 2848     33    44    43  1      885     -1
 2849     33   144    44  0      885    886
 2850     43    44   144  0      885   1108
 2851     34    44    33  1      886     -1
 2852     34   144    44  0      886   4087
 2853    531   532   642  0      887   2205
 2854    642   632   531  0      887   2191
 2855    642   532   632  0      887   2273
 2856     42    53    52  1      888     -1
 2857     52    53   153  0      888   1148
 2858    264   153   163  0      889   1027
 2859    164   163   153  0      889   1131
 2860    420   431   421  0      890    959
 2861    420   320   431  0      890    933
 2862    421   431   320  0      890    954
 2863    323   423   433  0      891    930
 2864    320   331   321  0      892    958
 2865    320   220   331  0      892    951
 2866    430   441   431  0      893   2168
 2867    153   264   263  0      894   1027
 2868     43   144   154  0      895   1108
 2869    333   343   443  0      896    905
 2870    444   443   343  0      896   1420
 2871    173   174    63  0      897   1153
 2872    173    73   174  0      897   1161
 2873     63    73   173  0      897   1154
 2874     63   174    73  0      897   1139
 2875    448   337   437  0      898   3957
 2876    448   447   337  0      898   4023
 2877    437   447   448  0      898   3970
 2878    437   337   447  0      898   4025
 2879    447   436   437  0      899   4014
 2880    447   547   436  0      899   4060
 2881    437   547   447  0      899   2690
 2882    437   436   547  0      899   4030
 2883    545   535   435  0      900    902
 2884    546   535   545  0      900   2662
 2885    546   435   535  0      900    925
 2886    536   435   425  0      901   4009
 2887    536   535   435  0      901    925
 2888    425   435   535  0      901   2643
 2889    434   545   535  0      902   2125
 2890    434   435   545  0      902   4051
 2891    234   224   334  0      903   4045
 2892    223   334   224  0      903    904
 2893    223   334   324  0      904    906
 2894    324   334   224  0      904   4047
 2895    332   443   333  0      905    914
 2896    333   343   332  0      905    979
 2897    223   334   323  0      906    907
 2898    323   334   324  0      906    923
 2899    323   333   334  0      907    931
 2900    222   233   333  0      908   1002
 2901    261   361   260  0      909    975
 2902    260   250   261  0      909   1082
 2903    260   361   250  0      909   1473
 2904    244   234   344  0      910   4028
 2905    233   344   234  0      910    911
 2906    234   334   344  0      911   4069
 2907    282   382   271  0      912   1295
 2908    282   272   382  0      912   1381
 2909    271   272   282  0      912   1243
 2910    271   382   272  0      912   1312
 2911    510   511   521  0      913   2128
 2912    621   511   510  0      913   2090
 2913    621   521   511  0      913   2150
 2914    346   245   235  0      915   3867
 2915    346   345   245  0      915   3343
 2916    235   345   346  0      915    917
 2917    464   354   353  0      916   1437
 2918    464   364   354  0      916   3500
 2919    353   364   464  0      916   1101
 2920    353   354   364  0      916   1418
 2921    346   335   345  0      917   4043
 2922    235   335   346  0      917   2723
 2923    235   345   335  0      917   3972
 2924    444   434   433  0      918   2188
 2925    444   333   434  0      918    919
 2926    433   434   333  0      918    932
 2927    334   434   444  0      919   4073
 2928    334   333   434  0      919    931
 2929    751   640   651  0      920   2194
 2930    751   641   640  0      920    961
 2931    651   641   751  0      920   2200
 2932    651   640   641  0      920   1961
 2933    422   533   523  0      921   2173
 2934    423   533   422  0      921   2240
 2935    423   523   533  0      921   2045
 2936    552   553   542  0      922   2156
 2937    442   553   552  0      922   1542
 2938    442   542   553  0      922   2210
 2939    323   434   324  0      923    924
 2940    323   334   434  0      923    931
 2941    324   434   334  0      923   2645
 2942    323   434   424  0      924    929
 2943    546   435   536  0      925   4020
 2944    536   535   546  0      925   2663
 2945    157    56    46  0      926   4090
 2946    156    56   157  0      926   3483
 2947    156    46    56  0      926   4081
 2948    424   435   425  0      927   2643
 2949    346   336   347  0      928   4092
 2950    346   447   336  0      928   2621
 2951    347   447   346  0      928   4034
 2952    347   336   447  0      928   3915
 2953    424   423   434  0      929   2241
 2954    323   434   423  0      929    930
 2955    323   434   433  0      930    932
 2956    323   333   434  0      931    932
 2957    430   431   420  0      933   2063
 2958    420   320   430  1      933     -1
 2959    242   132   232  0      934   1004
 2960    242   131   132  0      934   1030
 2961    263   253   252  0      935   1434
 2962    252   152   263  0      935   1111
 2963    252   253   152  0      935   1127
 2964    341   230   330  0      936    989
 2965    341   340   230  0      936    982
 2966    330   340   341  0      936    948
 2967    330   230   340  1      936     -1
 2968    343   232   332  0      937    979
 2969    343   342   232  0      937    996
 2970    332   232   342  0      937    968
 2971    572   682   683  0      938   1662
 2972    572   582   682  0      938   1691
 2973    683   582   572  0      938   1643
 2974    683   682   582  0      938   1678
 2975    332   442   443  0      939    942
 2976    443   442   342  0      939   1416
 2977    754   744   743  0      940   2400
 2978    754   643   744  0      940   2432
 2979    743   643   754  0      940   2054
 2980    743   744   643  0      940   2211
 2981    493   483   593  0      941   1353
 2982    482   483   493  0      941   1066
 2983    482   593   483  0      941   1374
 2984    443   432   442  0      942   2232
 2985    442   342   341  0      943    967
 2986    452   342   442  0      943    964
 2987    452   341   342  0      943   1450
 2988    341   231   342  0      944    963
 2989    342   331   341  0      944    967
 2990    342   231   331  0      944    998
 2991    513   613   512  0      945   2325
 2992    513   502   613  0      945   2145
 2993    512   502   513  0      945   1386
 2994    512   613   502  0      945   2016
 2995    385   395   384  0      946   3486
 2996    385   495   395  0      946   3551
 2997    831   842   841  0      947   1865
 2998    831   942   842  0      947   1976
 2999    841   842   942  0      947   1913
 3000    441   340   341  0      948   1489
 3001    730   840   830  1      949     -1
 3002    841   840   730  0      949   1969
 3003    841   830   840  0      949   1964
 3004    442   431   441  0      950   2216
 3005    330   220   331  0      951    978
 3006    320   220   330  1      951     -1
 3007    243   232   343  0      952    972
 3008    243   242   232  0      952   1004
 3009    343   232   242  0      952    996
 3010    321   431   421  0      953    954
 3011    421   431   432  0      953   2189
 3012    321   431   320  0      954    958
 3013    121   231   232  0      955    973
 3014    241   231   341  0      956    963
 3015    241   230   231  0      956    969
 3016    132    32   143  0      957   1021
 3017    132   133    32  0      957   1020
 3018    143   133   132  0      957   1007
 3019    143    32   133  0      957   1005
 3020    420   531   421  0      959   2057
 3021    420   431   531  0      959   2063
 3022    421   531   431  0      959   2199
 3023    620   520   621  0      960   2213
 3024    620   510   520  1      960     -1
 3025    621   510   620  0      960   1970
 3026    741   641   640  0      961   2176
 3027    751   641   741  0      961   2121
 3028    642   641   652  0      962   2202
 3029    642   541   641  0      962   1889
 3030    652   541   642  0      962   1986
 3031    652   641   541  0      962   2193
 3032    342   241   231  0      963   1009
 3033    341   241   342  0      963   1095
 3034    342   453   452  0      964   1455
 3035    342   442   453  0      964   1416
 3036    452   453   442  0      964   1541
 3037     22    32    21  1      965     -1
 3038     22   132    32  0      965   1020
 3039     21    32   132  0      965   1015
 3040    343   232   233  0      966    972
 3041    343   333   232  0      966    979
 3042    233   232   333  0      966   1002
 3043    332   231   342  0      968    998
 3044    342   231   232  0      968   1008
 3045    230   130   241  0      969   1014
 3046    230   231   130  0      969    993
 3047    241   130   231  0      969    997
 3048    220   231   120  0      970    985
 3049    220   230   231  0      970    995
 3050    120   230   220  1      970     -1
 3051    120   231   230  0      970    993
 3052     30   140   141  0      971   1039
 3053     30    40   140  1      971     -1
 3054    243   232   233  0      972   1026
 3055    121   231   221  0      973    974
 3056    221   232   121  0      973   1000
 3057    120   231   221  0      974    985
 3058    371   361   260  0      975   1338
 3059    371   261   361  0      975   1475
 3060    260   261   371  0      975   1307
 3061     20   131   120  0      976   1018
 3062    290   291   180  0      977    986
 3063    290   190   291  1      977     -1
 3064    180   190   290  1      977     -1
 3065    180   291   190  0      977   1144
 3066    331   230   220  0      978    995
 3067    331   330   230  0      978    989
 3068    220   230   330  1      978     -1
 3069     33    32    22  1      980     -1
 3070     33   133    32  0      980   1005
 3071     22    32   133  0      980   1020
 3072    243   142   143  0      981   1116
 3073    143   132   243  0      981   1007
 3074    143   142   132  0      981   1021
 3075    240   340   230  1      982     -1
 3076    341   340   240  0      982   1033
 3077    353   342   242  0      983   1281
 3078    343   342   353  0      983   1263
 3079    343   242   342  0      983    996
 3080    152   163   162  0      984   1150
 3081    162   263   152  0      984   1110
 3082    162   163   263  0      984   1169
 3083    221   220   231  0      985    991
 3084    290   280   180  1      986     -1
 3085    290   291   280  0      986   1324
 3086    180   280   291  0      986   1157
 3087    261   262   151  0      987   1041
 3088    261   161   262  0      987   1221
 3089    151   161   261  0      987   1054
 3090    151   262   161  0      987   1038
 3091    197    87    86  0      988   3680
 3092     97    87   197  0      988   3708
 3093     97    86    87  1      988     -1
 3094    294   295   284  0      990   3637
 3095    294   184   295  0      990   3640
 3096    284   184   294  0      990   1206
 3097    331   231   221  0      991    994
 3098    331   220   231  0      991    995
 3099    122   232   222  0      992   1003
 3100    122   233   232  0      992   1006
 3101    222   232   233  0      992   1002
 3102    120   130   230  1      993     -1
 3103    332   331   231  0      994    998
 3104    342   232   242  0      996   1008
 3105    221   222   232  0      999   1000
 3106    222   232   121  0     1000   1003
 3107    141   152   252  0     1001   1013
 3108    141   142   152  0     1001   1113
 3109    252   142   141  0     1001   1044
 3110    252   152   142  0     1001   1127
 3111    232   243   132  0     1004   1026
 3112    233   232   132  0     1006   1026
 3113    133   132   243  0     1007   1025
 3114    342   231   242  0     1008   1009
 3115    342   241   242  0     1009   1457
 3116    142   141    31  0     1010   1034
 3117    142   131   141  0     1010   1036
 3118     31   131   142  0     1010   1029
 3119     31   141   131  0     1010   1031
 3120    143    32    42  0     1011   1016
 3121     43    42    32  1     1011     -1
 3122     42    41    31  1     1012     -1
 3123     31    41   142  0     1012   1034
 3124    252   151   152  0     1013   1106
 3125    141   151   252  0     1013   1080
 3126    141   152   151  0     1013   1112
 3127    230   130   240  1     1014     -1
 3128     21    32    31  1     1015     -1
 3129     31    32   132  0     1015   1022
 3130    142    42   143  0     1016   1103
 3131    143    32   142  0     1016   1021
 3132     30   130    20  1     1017     -1
 3133     30   131   130  0     1017   1040
 3134     20   130   131  0     1017   1018
 3135     20   130   120  1     1018     -1
 3136     83    82    72  1     1019     -1
 3137     83   183    82  0     1019   1185
 3138     72   183    83  0     1019   1207
 3139    132    32   142  0     1021   1022
 3140     31   142   132  0     1022   1029
 3141    121   132    21  0     1023   1024
 3142    233   132   243  0     1025   1026
 3143     40   150   140  1     1028     -1
 3144     40   151   150  0     1028   1032
 3145    132   131   142  0     1029   1030
 3146    131   142   242  0     1030   1036
 3147     30   141   131  0     1031   1040
 3148     40   151    50  0     1032   1047
 3149     50   150    40  1     1032     -1
 3150     50   151   150  0     1032   1073
 3151    240   351   340  0     1033   1294
 3152    240   341   351  0     1033   1222
 3153    340   351   341  0     1033   1490
 3154    142   141    41  0     1034   1113
 3155    263   363   253  0     1035   1434
 3156    242   141   142  0     1036   1044
 3157    144   244   254  0     1037   3799
 3158    143   254   244  0     1037   1085
 3159    262   162   151  0     1038   1109
 3160    262   161   162  0     1038   1264
 3161    130    30   140  1     1039     -1
 3162    130   141    30  0     1039   1040
 3163    251   261   262  0     1041   1433
 3164    141   151    41  0     1042   1112
 3165    471   370   360  0     1043   1481
 3166    470   370   471  0     1043   1181
 3167    470   360   370  1     1043     -1
 3168    242   252   142  0     1044   1124
 3169    242   141   252  0     1044   1045
 3170    241   252   242  0     1045   1452
 3171    551   540   440  0     1046   2180
 3172    551   541   540  0     1046   2196
 3173    440   541   551  0     1046   2165
 3174    440   540   541  0     1046   2120
 3175     40    51    50  1     1047     -1
 3176     50    51   151  0     1047   1070
 3177    573   562   572  0     1048   1512
 3178    462   562   573  0     1048   1558
 3179    462   572   562  0     1048   1474
 3180     52   152    41  0     1049   1114
 3181     41    42    52  1     1049     -1
 3182    262   373   363  0     1050   1055
 3183    240   351   250  0     1051   1067
 3184    240   350   351  0     1051   1294
 3185    250   350   240  1     1051     -1
 3186    250   351   350  0     1051   1094
 3187     62   173   162  0     1052   1252
 3188     62   163   173  0     1052   1156
 3189    162   163    62  0     1052   1152
 3190    162   173   163  0     1052   1168
 3191     51   162    62  0     1053   1060
 3192     62    61    51  1     1053     -1
 3193     62   162    61  0     1053   1270
 3194    161   261   150  0     1054   1078
 3195    150   151   161  0     1054   1073
 3196    363   362   373  0     1055   1229
 3197    373   362   262  0     1055   1432
 3198    172   272   282  0     1056   1262
 3199    172   171   272  0     1056   1204
 3200    282   272   171  0     1056   1243
 3201    160   261   271  0     1057   1077
 3202    271   260   160  0     1057   1282
 3203    271   261   260  0     1057   1307
 3204    473   472   483  0     1058   1624
 3205    473   372   472  0     1058   1431
 3206    483   372   473  0     1058   1399
 3207    483   472   372  0     1058   1343
 3208    143   153   254  0     1059   1130
 3209     51    52    62  1     1060     -1
 3210     51   162    52  0     1060   1107
 3211     62    52   162  0     1060   1152
 3212    173   184   284  0     1061   1063
 3213    173   174   184  0     1061   1161
 3214    284   184   174  0     1061   3688
 3215    173   273   163  0     1062   1168
 3216    173   274   273  0     1062   1160
 3217    173   183   284  0     1063   1145
 3218    173   184   183  0     1063   1138
 3219    284   183   184  0     1063   1206
 3220     80    70   181  0     1064   1268
 3221     80   180    70  1     1064     -1
 3222    181   180    80  0     1064   1140
 3223    181    70   180  0     1064   1216
 3224    595   584   695  0     1065   3099
 3225    595   594   584  0     1065   1593
 3226    695   594   595  1     1065     -1
 3227    695   584   594  0     1065   1578
 3228    483   493   382  0     1066   1194
 3229    382   482   483  0     1066   1370
 3230    382   493   482  0     1066   1357
 3231    240   251   250  0     1067   1089
 3232    240   351   251  0     1067   1318
 3233    191   291   180  0     1068   1144
 3234    191   181   291  0     1068   1300
 3235    180   181   191  0     1068   1140
 3236    180   291   181  0     1068   1251
 3237     50   161    51  0     1069   1070
 3238     50    61   161  0     1069   1072
 3239     51    61    50  1     1069     -1
 3240     50   161   151  0     1070   1073
 3241    160   161    50  0     1071   1074
 3242     50    60   160  1     1071     -1
 3243     50   161    60  0     1071   1072
 3244     60    61   161  0     1072   1244
 3245     50    61    60  1     1072     -1
 3246     50   161   150  0     1073   1074
 3247    160   150    50  1     1074     -1
 3248    160   161   150  0     1074   1078
 3249    771   882   782  0     1075   1753
 3250    771   781   882  0     1075   1751
 3251    782   781   771  0     1075   1665
 3252    782   882   781  0     1075   1642
 3253    271   371   382  0     1076   1285
 3254    382   381   271  0     1076   1247
 3255    382   371   381  0     1076   1365
 3256    271   161   261  0     1077   1230
 3257    160   161   271  0     1077   1231
 3258    160   261   161  0     1077   1078
 3259    251   362   252  0     1079   1087
 3260    251   262   362  0     1079   1433
 3261    141   151   251  0     1080   1091
 3262    361   360   250  0     1081   1473
 3263    361   350   360  0     1081   1496
 3264    250   350   361  0     1081   1094
 3265    250   360   350  1     1081     -1
 3266    261   150   250  0     1082   1088
 3267    260   250   150  1     1082     -1
 3268    953   842   943  0     1083   1981
 3269    953   942   842  0     1083   1988
 3270    943   942   953  1     1083     -1
 3271    675   565   564  0     1084   2636
 3272    675   575   565  0     1084   3024
 3273    564   575   675  0     1084   1710
 3274    564   565   575  0     1084   3346
 3275    244   243   254  0     1085   1422
 3276    450   340   451  0     1086   1477
 3277    440   340   450  1     1086     -1
 3278    440   451   340  0     1086   1479
 3279    362   352   251  0     1087   1451
 3280    362   252   352  0     1087   1123
 3281    251   352   252  0     1087   1417
 3282    240   140   250  1     1089     -1
 3283    240   251   140  0     1089   1090
 3284    240   251   241  0     1090   1318
 3285    241   251   140  0     1090   1092
 3286    140   251   141  0     1091   1092
 3287    261   362   262  0     1093   1433
 3288    261   372   362  0     1093   1464
 3289    262   362   372  0     1093   1432
 3290    241   352   341  0     1095   1454
 3291    241   342   352  0     1095   1457
 3292    341   352   342  0     1095   1450
 3293     63    64   164  0     1096   1129
 3294     63    53    64  1     1096     -1
 3295    164    64    53  0     1096   1135
 3296    252   253   353  0     1097   1435
 3297    252   242   253  0     1097   1124
 3298    353   253   242  0     1097   1098
 3299    242   243   253  0     1098   1125
 3300    353   253   243  0     1098   1392
 3301    142   253   143  0     1099   1116
 3302    142   153   253  0     1099   1126
 3303    143   153   142  0     1099   1103
 3304    143   253   153  0     1099   1130
 3305    271   272   161  0     1100   1230
 3306    271   171   272  0     1100   1243
 3307    161   171   271  0     1100   1231
 3308    161   272   171  0     1100   1204
 3309    364   464   363  0     1101   1427
 3310    353   363   464  0     1101   1419
 3311    287   187   288  0     1102   3652
 3312    287   177   187  0     1102   3770
 3313    288   187   177  0     1102   3661
 3314     56   167    66  0     1104   3843
 3315     56   166   167  0     1104   3786
 3316     66   166    56  0     1104   3798
 3317     66   167   166  0     1104   3831
 3318    162   152   151  0     1105   1109
 3319    162    51   152  0     1105   1107
 3320    151   152    51  0     1105   1115
 3321    262   152   252  0     1106   1111
 3322    262   151   152  0     1106   1109
 3323     52   152   162  0     1107   1150
 3324     52    51   152  0     1107   1114
 3325     44   144   154  0     1108   3774
 3326    162   152   262  0     1109   1110
 3327    263   262   162  0     1110   1165
 3328    263   152   262  0     1110   1111
 3329    151    41   152  0     1112   1115
 3330    141   152    41  0     1112   1113
 3331     51    41    52  1     1114     -1
 3332     51   152    41  0     1114   1115
 3333    243   142   253  0     1116   1125
 3334    471   361   371  0     1117   1291
 3335    371   472   471  0     1117   1322
 3336    371   361   472  0     1117   1485
 3337     64   175    74  0     1118   3723
 3338     64   174   175  0     1118   3721
 3339     74   175   174  0     1118   3636
 3340    654   653   664  0     1119   1857
 3341    654   553   653  0     1119   2236
 3342    664   653   553  0     1119   1560
 3343    274   264   374  0     1120   1398
 3344    263   374   264  0     1120   1394
 3345    170    70   181  0     1121   1216
 3346    170   171    70  0     1121   1219
 3347    181   171   170  0     1121   1293
 3348    181    70   171  0     1121   1241
 3349    256   266   156  0     1122   3790
 3350    155   156   266  0     1122   1174
 3351    362   363   352  0     1123   1460
 3352    252   352   363  0     1123   1316
 3353    252   142   253  0     1124   1127
 3354    242   253   142  0     1124   1125
 3355    152   253   142  0     1126   1127
 3356     63   174   164  0     1129   1143
 3357    164   174    64  0     1129   3721
 3358    153    53   163  0     1131   1148
 3359     84   185    74  0     1132   3525
 3360     84    85   185  0     1132   3509
 3361     74    85    84  1     1132     -1
 3362     74   185    85  0     1132   3745
 3363    276   165   265  0     1133   3804
 3364    276   275   165  0     1133   3801
 3365    265   275   276  0     1133   3752
 3366    185   195    84  0     1134   3509
 3367    185   184   195  0     1134   3662
 3368     84   184   185  0     1134   3525
 3369     84   195   184  0     1134   3536
 3370     53    54    64  1     1135     -1
 3371    164    64    54  0     1135   3670
 3372    355   255   254  0     1136   3785
 3373    355   365   255  0     1136   3803
 3374    254   365   355  0     1136   3442
 3375    254   255   365  0     1136   3549
 3376    356   255   355  0     1137   4063
 3377    356   366   255  0     1137   3476
 3378    355   366   356  0     1137   3411
 3379    355   255   366  0     1137   3803
 3380     73   183   173  0     1138   1208
 3381     73   184   183  0     1138   1198
 3382    173   184    73  0     1138   1161
 3383     63    74    73  1     1139     -1
 3384    181   191    80  0     1140   1235
 3385    180    80   191  0     1140   1211
 3386    283   182   293  0     1141   1214
 3387    283   183   182  0     1141   1275
 3388    293   183   283  0     1141   1201
 3389    293   182   183  0     1141   1209
 3390    192   182    82  0     1142   1249
 3391    192   193   182  0     1142   1213
 3392     82   193   192  0     1142   1159
 3393     82   182   193  0     1142   1212
 3394     63   174   163  0     1143   1153
 3395    191   190   180  0     1144   1211
 3396    191   291   190  1     1144     -1
 3397    284   283   183  0     1145   1205
 3398    173   283   284  0     1145   1188
 3399    173   183   283  0     1145   1274
 3400    186   286   287  0     1146   3738
 3401    186   297   286  0     1146   3696
 3402    287   297   186  0     1146   3684
 3403    287   286   297  0     1146   3732
 3404    342   453   443  0     1147   1416
 3405    342   343   453  0     1147   1263
 3406    443   453   343  0     1147   1438
 3407     52   163   153  0     1148   1149
 3408     52   163   152  0     1149   1150
 3409     52   163   162  0     1150   1152
 3410     63   163    62  0     1151   1156
 3411     62    52    63  1     1151     -1
 3412     62   163    52  0     1151   1152
 3413     63   173   163  0     1153   1156
 3414     63    73    62  1     1154     -1
 3415     62   173    63  0     1154   1156
 3416     62    73   173  0     1154   1162
 3417    285   275   174  0     1155   3759
 3418    285   175   275  0     1155   3760
 3419    174   175   285  0     1155   3757
 3420    174   275   175  0     1155   3764
 3421    281   291   180  0     1157   1251
 3422    281   280   291  0     1157   1327
 3423    298   197   198  1     1158     -1
 3424    298   187   197  0     1158   3646
 3425    198   187   298  0     1158   3703
 3426    198   197   187  0     1158   3701
 3427     82    92   192  0     1159   1224
 3428    193    92    82  0     1159   1192
 3429    193   192    92  1     1159     -1
 3430    284   273   173  0     1160   1188
 3431    173    72    73  0     1162   1208
 3432     62    72   173  0     1162   1260
 3433     62    73    72  1     1162     -1
 3434    281   381   270  0     1163   1315
 3435    281   271   381  0     1163   1247
 3436    270   271   281  0     1163   1280
 3437    172   272   162  0     1164   1246
 3438    172   273   272  0     1164   1226
 3439    162   273   172  0     1164   1265
 3440    162   272   273  0     1164   1183
 3441    162   273   262  0     1165   1183
 3442    162   263   273  0     1165   1169
 3443     84   195    85  0     1166   3509
 3444     84    95   195  0     1166   3605
 3445     85    95    84  1     1166     -1
 3446     85   195    95  0     1166   3705
 3447     92    81   192  0     1167   1224
 3448     92    91    81  1     1167     -1
 3449    192    91    92  1     1167     -1
 3450    192    81    91  0     1167   1218
 3451    162   273   163  0     1168   1169
 3452    162   173   273  0     1168   1265
 3453    665   564   554  0     1170   1607
 3454    665   664   564  0     1170   3294
 3455    554   564   664  0     1170   1509
 3456    494   484   483  0     1171   1588
 3457    494   383   484  0     1171   1277
 3458    483   383   494  0     1171   1339
 3459    483   484   383  0     1171   1391
 3460    472   362   473  0     1172   1431
 3461    472   462   362  0     1172   1471
 3462    473   462   472  0     1172   1524
 3463    473   362   462  0     1172   1465
 3464    385   275   274  0     1173   3700
 3465    385   285   275  0     1173   3767
 3466    274   285   385  0     1173   3628
 3467    274   275   285  0     1173   3759
 3468    155   156   166  0     1174   3806
 3469    166   266   155  0     1174   3497
 3470    166   156   266  0     1174   3822
 3471    145   135   245  0     1175   4112
 3472    145   134   135  0     1175   3797
 3473    245   134   145  0     1175   4077
 3474    245   135   134  0     1175   4084
 3475    206   106   105  1     1176     -1
 3476    206   216   106  0     1176   3943
 3477    105   106   216  0     1176   3885
 3478    178   188   289  0     1177   3618
 3479    178   189   188  0     1177   3686
 3480     85    75    86  1     1178     -1
 3481     85   186    75  0     1178   3746
 3482     86   186    85  0     1178   3716
 3483     86    75   186  0     1178   3719
 3484    295   195   296  1     1179     -1
 3485    295   185   195  0     1179   3662
 3486    296   185   295  0     1179   3713
 3487    296   195   185  0     1179   3654
 3488     87    76    77  1     1180     -1
 3489     87   187    76  0     1180   3438
 3490     77   187    87  0     1180   3695
 3491     77    76   187  0     1180   3779
 3492    370   481   470  0     1181   1323
 3493    370   471   481  0     1181   1352
 3494    288   187   298  0     1182   3652
 3495    288   188   187  0     1182   3661
 3496    298   188   288  0     1182   3687
 3497    298   187   188  0     1182   3703
 3498    162   272   262  0     1183   1264
 3499    262   272   273  0     1183   1361
 3500    392   382   281  0     1184   1283
 3501    392   282   382  0     1184   1369
 3502    281   282   392  0     1184   1306
 3503    281   382   282  0     1184   1295
 3504    193    82    83  0     1185   1187
 3505    193   183    82  0     1185   1212
 3506     83   183   193  0     1185   1199
 3507    194    84    83  0     1186   1197
 3508     94    84   194  0     1186   3429
 3509     94    83    84  1     1186     -1
 3510    193    82    93  0     1187   1192
 3511     93    83   193  0     1187   1203
 3512     93    82    83  1     1187     -1
 3513    273   283   284  0     1188   1190
 3514    273   173   283  0     1188   1276
 3515    294   193   194  1     1189     -1
 3516    294   183   193  0     1189   1193
 3517    194   193   183  0     1189   1199
 3518    273   283   384  0     1190   1237
 3519    494   495   595  1     1191     -1
 3520    494   484   495  0     1191   3513
 3521    595   484   494  0     1191   1590
 3522    595   495   484  0     1191   1397
 3523     93    92    82  1     1192     -1
 3524    193    92    93  1     1192     -1
 3525    293   193   294  1     1193     -1
 3526    293   183   193  0     1193   1209
 3527    294   183   293  0     1193   1201
 3528    493   383   483  0     1194   1339
 3529    483   383   382  0     1194   1346
 3530    478   367   378  0     1195   3422
 3531    368   367   478  0     1195   3581
 3532    368   378   367  0     1195   3657
 3533     84    83    73  1     1196     -1
 3534     84   184    83  0     1196   1197
 3535     73    83   184  0     1196   1198
 3536    184    83   194  0     1197   1200
 3537    194    84   184  0     1197   3536
 3538     83   183    73  0     1198   1207
 3539     83   184   183  0     1198   1200
 3540    194   193    83  0     1199   1203
 3541     83   183   194  0     1199   1200
 3542    294   283   293  0     1201   1387
 3543    294   183   283  0     1201   1205
 3544    181   192   292  0     1202   1301
 3545    182   192   181  0     1202   1248
 3546    194   193    93  1     1203     -1
 3547    161   172   171  0     1204   1273
 3548    161   272   172  0     1204   1246
 3549    294   183   284  0     1205   1206
 3550     72    73    83  1     1207     -1
 3551     72   183    73  0     1207   1208
 3552     72   183   173  0     1208   1261
 3553    183   193   182  0     1209   1212
 3554    293   182   193  0     1209   1213
 3555    182   172   283  0     1210   1275
 3556    283   282   182  0     1210   1214
 3557    283   172   282  0     1210   1262
 3558     80   190   180  1     1211     -1
 3559    293   192   193  1     1213     -1
 3560    293   283   282  0     1214   1368
 3561    191    80    91  0     1215   1220
 3562    191    81    80  0     1215   1235
 3563     91    81   191  0     1215   1218
 3564     91    80    81  1     1215     -1
 3565    180   170    70  1     1216     -1
 3566    181   170   180  0     1216   1287
 3567    391   392   492  1     1217     -1
 3568    381   392   391  0     1217   1297
 3569    381   492   392  0     1217   1298
 3570    192   191    91  1     1218     -1
 3571    192    81   191  0     1218   1236
 3572     60   170   171  0     1219   1258
 3573     60    70   170  1     1219     -1
 3574     80    91    90  1     1220     -1
 3575    191    90    91  1     1220     -1
 3576    161   272   261  0     1221   1230
 3577    161   262   272  0     1221   1264
 3578    241   351   240  0     1222   1318
 3579    241   341   351  0     1222   1454
 3580    282   281   292  0     1223   1306
 3581    181   281   282  0     1223   1289
 3582    181   292   281  0     1223   1279
 3583    192    82    81  0     1224   1249
 3584     92    81    82  1     1224     -1
 3585    182    71   181  0     1225   1242
 3586    182    81    71  0     1225   1256
 3587    181    81   182  0     1225   1248
 3588    181    71    81  0     1225   1267
 3589    273   272   283  0     1226   1299
 3590    283   172   273  0     1226   1276
 3591    283   272   172  0     1226   1262
 3592    393   383   494  0     1227   1382
 3593    494   493   393  1     1227     -1
 3594    494   383   493  0     1227   1339
 3595    344   354   244  0     1228   3468
 3596    344   243   354  0     1228   1424
 3597    244   354   243  0     1228   1422
 3598    473   362   373  0     1229   1329
 3599    473   363   362  0     1229   1466
 3600    261   271   272  0     1230   1253
 3601    472   482   372  0     1232   1343
 3602    472   371   482  0     1232   1322
 3603    372   371   472  0     1232   1485
 3604    182   181   171  0     1233   1242
 3605    282   171   181  0     1233   1289
 3606    791   680   690  0     1234   1638
 3607    791   691   680  0     1234   1564
 3608    690   691   791  1     1234     -1
 3609    690   680   691  0     1234   1519
 3610     81    80   181  0     1235   1268
 3611    181   191    81  0     1235   1236
 3612    192   181   191  0     1236   1301
 3613    192    81   181  0     1236   1248
 3614    273   283   383  0     1237   1299
 3615    595   585   485  0     1238   3472
 3616    596   585   595  0     1238   3306
 3617    596   485   585  0     1238   3524
 3618    251   351   241  0     1239   1318
 3619    251   352   351  0     1239   1451
 3620    241   352   251  0     1239   1417
 3621    241   351   352  0     1239   1454
 3622    171   172    71  0     1240   1266
 3623     71   182   171  0     1240   1242
 3624     71   172   182  0     1240   1255
 3625    181    70    71  0     1241   1267
 3626     71   171   181  0     1241   1242
 3627    271   171   282  0     1243   1288
 3628     61   171    60  0     1244   1245
 3629     61   161   171  0     1244   1273
 3630     61    71    60  1     1245     -1
 3631     61   171    71  0     1245   1266
 3632    161   272   162  0     1246   1264
 3633    162   172   161  0     1246   1272
 3634    281   382   381  0     1247   1283
 3635    271   382   281  0     1247   1295
 3636    192    81   182  0     1248   1249
 3637    182    82    81  0     1249   1256
 3638    462   472   361  0     1250   1471
 3639    462   461   472  0     1250   1497
 3640    181   281   291  0     1251   1279
 3641    180   281   181  0     1251   1287
 3642     62   172   162  0     1252   1270
 3643     62   173   172  0     1252   1260
 3644    162   172   173  0     1252   1265
 3645    271   372   261  0     1253   1304
 3646    271   272   372  0     1253   1312
 3647     72   172   183  0     1254   1261
 3648     72   182   172  0     1254   1255
 3649    183   172   182  0     1254   1275
 3650     71   172    72  0     1255   1269
 3651     72   182    71  0     1255   1257
 3652     82    71   182  0     1256   1257
 3653     82    81    71  1     1256     -1
 3654     82    71    72  1     1257     -1
 3655     60   170   160  1     1258     -1
 3656    370   481   381  0     1259   1347
 3657    381   481   380  0     1259   1344
 3658     72   172    62  0     1260   1271
 3659     72   173   172  0     1260   1261
 3660    183   173   172  0     1261   1274
 3661    283   272   282  0     1262   1380
 3662    343   453   353  0     1263   1444
 3663    273   172   173  0     1265   1276
 3664    171   172    61  0     1266   1273
 3665     61   172    71  0     1266   1269
 3666    181    70    81  0     1267   1268
 3667     81    70    71  1     1267     -1
 3668     81    80    70  1     1268     -1
 3669     61   172    72  0     1269   1271
 3670     72    71    61  1     1269     -1
 3671    162    61   172  0     1270   1272
 3672     62   172    61  0     1270   1271
 3673     72    61    62  1     1271     -1
 3674     61   172   161  0     1272   1273
 3675    173   172   283  0     1274   1276
 3676    283   172   183  0     1274   1275
 3677    384   484   494  0     1277   3513
 3678    384   383   484  0     1277   1408
 3679    160   270   271  0     1278   1282
 3680    160   170   270  1     1278     -1
 3681    271   270   170  0     1278   1280
 3682    281   291   292  0     1279   1305
 3683    181   292   291  0     1279   1300
 3684    271   281   170  0     1280   1292
 3685    342   242   352  0     1281   1457
 3686    271   260   270  0     1282   1332
 3687    160   270   260  1     1282     -1
 3688    382   381   392  0     1283   1298
 3689    392   381   281  0     1283   1297
 3690    471   482   371  0     1284   1322
 3691    471   481   482  0     1284   1637
 3692    371   481   471  0     1284   1352
 3693    371   482   481  0     1284   1367
 3694    271   372   382  0     1285   1312
 3695    271   371   372  0     1285   1304
 3696    494   495   384  0     1286   3513
 3697    494   394   495  1     1286     -1
 3698    170   281   181  0     1287   1293
 3699    271   281   282  0     1288   1295
 3700    271   171   281  0     1288   1292
 3701    282   281   171  0     1288   1289
 3702    171   181   281  0     1289   1293
 3703    493   392   393  1     1290     -1
 3704    382   392   493  0     1290   1309
 3705    382   393   392  0     1290   1369
 3706    361   360   471  0     1291   1469
 3707    361   371   360  0     1291   1338
 3708    471   360   371  0     1291   1481
 3709    170   171   281  0     1292   1293
 3710    340   350   351  0     1294   1478
 3711    240   350   340  1     1294     -1
 3712    280   380   270  1     1296     -1
 3713    280   381   380  0     1296   1321
 3714    270   381   280  0     1296   1315
 3715    392   391   281  0     1297   1302
 3716    281   391   381  0     1297   1326
 3717    382   492   392  0     1298   1309
 3718    272   383   273  0     1299   1405
 3719    272   283   383  0     1299   1380
 3720    291   191   292  1     1300     -1
 3721    181   292   191  0     1300   1301
 3722    192   292   191  1     1301     -1
 3723    291   391   281  0     1302   1327
 3724    291   392   391  1     1302     -1
 3725    281   392   291  0     1302   1305
 3726    272   383   372  0     1303   1378
 3727    272   373   383  0     1303   1405
 3728    261   371   372  0     1304   1475
 3729    271   371   261  0     1304   1307
 3730    291   292   392  1     1305     -1
 3731    281   392   292  0     1305   1306
 3732    292   282   392  0     1306   1349
 3733    271   371   260  0     1307   1332
 3734    382   383   282  0     1308   1381
 3735    282   393   382  0     1308   1369
 3736    282   383   393  0     1308   1354
 3737    492   493   382  0     1309   1357
 3738    492   392   493  1     1309     -1
 3739    581   571   471  0     1310   1511
 3740    581   582   571  0     1310   1688
 3741    471   582   581  0     1310   1636
 3742    471   571   582  0     1310   1640
 3743    673   572   683  0     1311   1334
 3744    673   573   572  0     1311   1512
 3745    683   573   673  0     1311   1595
 3746    683   572   573  0     1311   1641
 3747    382   272   372  0     1312   1378
 3748    377   387   277  0     1313   3627
 3749    276   387   377  0     1313   3590
 3750    282   393   293  0     1314   1368
 3751    282   292   393  0     1314   1349
 3752    293   393   292  1     1314     -1
 3753    280   281   381  0     1315   1326
 3754    353   363   252  0     1316   1435
 3755    353   352   363  0     1316   1456
 3756    270   370   371  0     1317   1331
 3757    381   371   370  0     1317   1347
 3758    284   395   294  0     1319   3637
 3759    294   395   394  1     1319     -1
 3760    390   391   380  0     1320   1363
 3761    390   280   391  0     1320   1325
 3762    380   280   390  1     1320     -1
 3763    380   391   280  0     1320   1321
 3764    380   391   381  0     1321   1356
 3765    381   391   280  0     1321   1326
 3766    472   471   482  0     1322   1371
 3767    370   480   470  1     1323     -1
 3768    291   391   290  1     1324     -1
 3769    291   280   391  0     1324   1327
 3770    290   391   280  0     1324   1325
 3771    290   390   280  1     1325     -1
 3772    290   391   390  1     1325     -1
 3773    281   391   280  0     1326   1327
 3774    475   476   486  0     1328   3547
 3775    586   476   475  0     1328   3534
 3776    586   486   476  0     1328   3537
 3777    373   372   362  0     1329   1432
 3778    473   372   373  0     1329   1399
 3779    473   362   372  0     1329   1431
 3780    571   671   570  0     1330   1676
 3781    570   560   571  0     1330   1647
 3782    570   671   560  0     1330   1467
 3783    260   371   270  0     1331   1332
 3784    260   370   371  0     1331   1472
 3785    270   370   260  1     1331     -1
 3786    443   453   554  0     1333   1449
 3787    443   454   453  0     1333   1438
 3788    572   672   673  0     1334   1372
 3789    572   683   672  0     1334   1662
 3790    673   672   683  0     1334   1715
 3791    352   462   351  0     1335   1468
 3792    452   462   352  0     1335   1440
 3793    451   562   552  0     1336   1499
 3794    452   552   562  0     1336   1528
 3795    622   632   522  0     1337   2261
 3796    622   521   632  0     1337   1482
 3797    522   521   622  0     1337   2122
 3798    522   632   521  0     1337   1402
 3799    371   360   260  0     1338   1472
 3800    260   360   361  0     1338   1473
 3801    483   493   494  0     1339   1498
 3802    364   465   354  0     1340   3500
 3803    364   365   465  0     1340   3527
 3804    354   365   364  0     1340   3423
 3805    354   465   365  0     1340   3501
 3806    851   840   841  0     1341   1958
 3807    951   840   851  0     1341   1950
 3808    474   463   473  0     1342   1554
 3809    474   363   463  0     1342   1421
 3810    473   463   363  0     1342   1466
 3811    472   482   483  0     1343   1612
 3812    483   482   372  0     1343   1370
 3813    381   491   380  0     1344   1356
 3814    580   680   570  1     1345     -1
 3815    580   681   680  0     1345   1546
 3816    570   680   681  0     1345   1673
 3817    382   372   383  0     1346   1378
 3818    483   372   382  0     1346   1370
 3819    371   481   381  0     1347   1367
 3820    371   370   481  0     1347   1352
 3821    792   782   681  0     1348   1712
 3822    792   682   782  0     1348   1697
 3823    681   682   792  0     1348   1666
 3824    681   782   682  0     1348   1696
 3825    392   393   282  0     1349   1369
 3826    392   292   393  1     1349     -1
 3827    777   666   766  0     1350   3110
 3828    766   776   777  0     1350   3187
 3829    766   666   776  0     1350   3307
 3830    480   591   581  0     1351   1580
 3831    480   481   591  0     1351   1644
 3832    371   370   471  0     1352   1481
 3833    594   593   493  1     1353     -1
 3834    594   483   593  0     1353   1609
 3835    493   483   594  0     1353   1498
 3836    282   383   283  0     1354   1380
 3837    283   393   282  0     1354   1368
 3838    283   383   393  0     1354   1366
 3839    480   490   491  0     1355   1625
 3840    380   490   480  1     1355     -1
 3841    380   491   490  0     1355   1362
 3842    391   491   380  0     1356   1363
 3843    683   684   784  0     1358   1794
 3844    683   673   684  0     1358   1595
 3845    784   684   673  0     1358   1574
 3846    584   583   573  0     1359   1608
 3847    584   684   583  0     1359   1628
 3848    573   583   684  0     1359   1614
 3849    673   672   562  0     1360   1372
 3850    673   662   672  0     1360   1827
 3851    562   662   673  0     1360   1506
 3852    562   672   662  0     1360   1664
 3853    273   373   272  0     1361   1405
 3854    380   491   390  0     1362   1363
 3855    390   490   380  1     1362     -1
 3856    390   491   490  1     1362     -1
 3857    390   391   491  1     1363     -1
 3858    483   584   473  0     1364   1619
 3859    483   484   584  0     1364   1553
 3860    473   484   483  0     1364   1395
 3861    473   584   484  0     1364   1602
 3862    371   381   482  0     1365   1367
 3863    383   393   394  0     1366   1382
 3864    283   394   393  0     1366   1388
 3865    293   283   393  0     1368   1388
 3866    482   582   471  0     1371   1637
 3867    482   472   582  0     1371   1539
 3868    471   582   472  0     1371   1639
 3869    562   572   672  0     1372   1663
 3870    673   572   562  0     1372   1512
 3871    682   782   671  0     1373   1696
 3872    682   672   782  0     1373   1764
 3873    671   672   682  0     1373   1687
 3874    593   583   482  0     1374   1615
 3875    593   483   583  0     1374   1609
 3876    482   583   483  0     1374   1612
 3877    584   685   695  0     1375   3274
 3878    584   684   685  0     1375   3333
 3879    695   684   584  0     1375   1573
 3880    695   685   684  0     1375   3315
 3881    264   254   364  0     1376   2539
 3882    253   364   254  0     1376   1411
 3883    386   396   385  0     1377   3744
 3884    386   496   396  0     1377   3250
 3885    272   383   382  0     1378   1381
 3886    344   454   455  0     1379   1385
 3887    344   354   454  0     1379   1441
 3888    455   354   344  0     1379   3368
 3889    455   454   354  0     1379   3455
 3890    282   383   272  0     1380   1381
 3891    393   394   494  1     1382     -1
 3892    677   576   687  0     1383   3216
 3893    677   577   576  0     1383   3262
 3894    687   577   677  0     1383   3213
 3895    687   576   577  0     1383   3321
 3896    852   952   953  0     1384   1987
 3897    852   963   952  0     1384   1589
 3898    953   963   852  0     1384   1834
 3899    953   952   963  1     1384     -1
 3900    444   454   455  0     1385   3355
 3901    444   344   454  0     1385   1442
 3902    455   344   444  0     1385   4036
 3903    402   513   512  0     1386   1967
 3904    294   394   293  1     1387     -1
 3905    293   394   283  0     1387   1388
 3906    293   394   393  1     1388     -1
 3907    583   582   683  0     1389   1643
 3908    583   693   582  0     1389   1621
 3909    683   693   583  0     1389   1598
 3910    683   582   693  0     1389   1678
 3911    883   994   993  0     1390   1778
 3912    883   983   994  0     1390   1798
 3913    993   983   883  0     1390   1720
 3914    993   994   983  1     1390     -1
 3915    484   373   483  0     1391   1395
 3916    484   383   373  0     1391   1408
 3917    353   354   243  0     1392   1423
 3918    353   253   354  0     1392   1418
 3919    243   354   253  0     1392   1414
 3920    384   274   374  0     1393   3543
 3921    374   264   364  0     1394   1396
 3922    473   373   483  0     1395   1399
 3923    473   484   373  0     1395   1410
 3924    264   364   375  0     1396   3471
 3925    375   374   264  0     1396   1398
 3926    375   364   374  0     1396   3530
 3927    484   485   495  0     1397   3532
 3928    595   485   484  0     1397   3472
 3929    375   274   264  0     1398   3639
 3930    375   374   274  0     1398   3544
 3931    664   765   654  0     1400   1840
 3932    665   765   664  0     1400   3042
 3933    665   654   765  0     1400   3092
 3934    564   574   463  0     1401   1565
 3935    564   563   574  0     1401   1576
 3936    463   563   564  0     1401   1545
 3937    522   632   532  0     1402   2144
 3938    563   673   562  0     1403   1543
 3939    563   663   673  0     1403   1581
 3940    562   663   563  0     1403   1550
 3941    562   673   663  0     1403   1506
 3942    857   856   746  0     1404   2380
 3943    746   846   857  0     1404   2997
 3944    355   466   455  0     1406   3469
 3945    355   456   466  0     1406   1575
 3946    455   456   355  0     1406   4056
 3947    455   466   456  0     1406   3456
 3948    374   373   484  0     1407   1409
 3949    484   384   374  0     1407   3538
 3950    484   373   384  0     1407   1408
 3951    374   373   474  0     1409   1428
 3952    474   484   374  0     1409   3510
 3953    474   373   484  0     1409   1410
 3954    473   484   474  0     1410   1602
 3955    364   354   253  0     1411   1418
 3956    364   254   354  0     1411   3423
 3957    253   354   254  0     1411   1414
 3958    561   560   460  0     1412   1646
 3959    561   450   560  0     1412   1525
 3960    460   450   561  0     1412   1500
 3961    460   560   450  1     1412     -1
 3962    556   445   545  0     1413   3988
 3963    556   555   445  0     1413   3485
 3964    545   555   556  0     1413   2649
 3965    545   445   555  0     1413   3987
 3966    243   354   254  0     1414   1422
 3967    550   540   551  0     1415   2180
 3968    551   540   651  0     1415   2196
 3969    442   453   443  0     1416   1538
 3970    241   352   252  0     1417   1452
 3971    353   363   463  0     1419   1456
 3972    464   463   363  0     1419   1421
 3973    443   343   454  0     1420   1438
 3974    444   454   343  0     1420   1442
 3975    464   463   474  0     1421   1563
 3976    474   363   464  0     1421   1427
 3977    244   354   254  0     1422   3466
 3978    243   343   354  0     1423   1424
 3979    353   354   343  0     1423   1443
 3980    344   343   354  0     1424   1441
 3981    457   346   456  0     1425   3954
 3982    457   356   346  0     1425   3930
 3983    456   356   457  0     1425   3508
 3984    456   346   356  0     1425   4065
 3985    557   446   457  0     1426   4027
 3986    557   447   446  0     1426   3360
 3987    457   447   557  0     1426   4005
 3988    457   446   447  0     1426   3398
 3989    474   364   464  0     1427   3529
 3990    474   363   364  0     1427   1429
 3991    374   363   474  0     1428   1429
 3992    374   364   474  0     1429   3531
 3993    265   376   365  0     1430   3323
 3994    265   366   376  0     1430   3666
 3995    365   376   366  0     1430   3122
 3996    372   472   362  0     1431   1486
 3997    261   362   251  0     1433   1476
 3998    253   252   363  0     1434   1435
 3999    551   550   450  0     1436   1446
 4000    551   440   550  0     1436   2180
 4001    450   550   440  1     1436     -1
 4002    464   354   454  0     1437   3487
 4003    353   454   354  0     1437   1443
 4004    453   343   454  0     1438   1444
 4005    553   563   663  0     1439   1549
 4006    553   664   563  0     1439   1522
 4007    663   664   553  0     1439   1560
 4008    663   563   664  0     1439   1579
 4009    463   352   452  0     1440   1461
 4010    463   462   352  0     1440   1459
 4011    452   462   463  0     1440   1547
 4012    354   454   343  0     1441   1443
 4013    343   454   344  0     1441   1442
 4014    353   454   343  0     1443   1444
 4015    661   561   662  0     1445   1597
 4016    551   662   561  0     1445   1505
 4017    450   561   550  0     1446   1525
 4018    551   561   450  0     1446   1503
 4019    461   451   350  0     1447   1484
 4020    461   351   451  0     1447   1487
 4021    350   451   351  0     1447   1478
 4022    440   441   451  0     1448   1479
 4023    551   441   440  0     1448   2165
 4024    453   553   443  0     1449   1538
 4025    453   554   553  0     1449   1520
 4026    443   553   554  0     1449   2161
 4027    452   352   342  0     1450   1455
 4028    352   351   362  0     1451   1468
 4029    362   351   251  0     1451   1470
 4030    242   241   352  0     1452   1457
 4031    463   352   353  0     1453   1456
 4032    463   453   352  0     1453   1461
 4033    452   352   453  0     1455   1461
 4034    363   463   352  0     1456   1460
 4035    885   886   996  0     1458   1871
 4036    885   986   886  0     1458   2966
 4037    996   986   885  0     1458   3101
 4038    996   886   986  0     1458   3030
 4039    362   352   463  0     1459   1460
 4040    362   462   352  0     1459   1468
 4041    463   462   362  0     1459   1465
 4042    363   463   362  0     1460   1466
 4043    452   463   453  0     1461   1556
 4044    460   461   360  0     1462   1495
 4045    360   461   471  0     1462   1469
 4046    583   572   472  0     1463   1583
 4047    583   573   572  0     1463   1641
 4048    472   573   583  0     1463   1623
 4049    372   361   261  0     1464   1475
 4050    372   362   361  0     1464   1486
 4051    261   361   362  0     1464   1476
 4052    473   362   463  0     1465   1466
 4053    671   670   570  0     1467   1596
 4054    570   670   560  1     1467     -1
 4055    360   461   361  0     1469   1496
 4056    362   361   251  0     1470   1476
 4057    362   472   361  0     1471   1486
 4058    370   360   260  1     1472     -1
 4059    370   371   360  0     1472   1481
 4060    260   360   250  1     1473     -1
 4061    562   461   572  0     1474   1657
 4062    462   572   461  0     1474   1497
 4063    371   372   361  0     1475   1485
 4064    450   350   451  0     1477   1484
 4065    340   350   450  1     1477     -1
 4066    340   451   350  0     1477   1478
 4067    340   451   351  0     1478   1490
 4068    340   441   451  0     1479   1489
 4069    412   522   523  0     1480   2253
 4070    422   522   412  0     1480   2166
 4071    422   523   522  0     1480   2173
 4072    621   632   622  0     1482   2206
 4073    621   521   632  0     1482   2086
 4074    622   521   621  0     1482   2150
 4075    815   715   714  0     1483   2116
 4076    815   825   715  0     1483   2543
 4077    714   825   815  0     1483   2401
 4078    714   715   825  0     1483   2462
 4079    450   461   451  0     1484   1504
 4080    372   361   472  0     1485   1486
 4081    341   351   451  0     1488   1490
 4082    341   451   340  0     1489   1490
 4083    784   684   785  0     1491   3096
 4084    784   674   684  0     1491   1574
 4085    785   674   784  0     1491   1822
 4086    785   684   674  0     1491   3295
 4087    563   673   674  0     1492   1581
 4088    573   673   563  0     1492   1543
 4089    573   674   673  0     1492   1585
 4090    813   823   812  0     1493   2393
 4091    813   923   823  0     1493   2404
 4092    812   923   813  0     1493   2386
 4093    812   823   923  0     1493   2269
 4094    453   564   464  0     1494   1555
 4095    453   463   564  0     1494   1545
 4096    464   564   463  0     1494   1565
 4097    350   461   360  0     1495   1496
 4098    360   460   350  1     1495     -1
 4099    472   572   461  0     1497   1655
 4100    483   594   494  0     1498   1588
 4101    494   594   493  1     1498     -1
 4102    562   552   551  0     1499   1508
 4103    460   461   561  0     1500   1645
 4104    450   561   461  0     1500   1504
 4105    661   660   550  0     1501   1531
 4106    650   550   660  1     1501     -1
 4107    422   522   532  0     1502   2266
 4108    421   522   422  0     1502   2163
 4109    450   451   561  0     1503   1504
 4110    662   562   551  0     1505   1508
 4111    662   561   562  0     1505   1664
 4112    662   673   663  0     1506   1810
 4113    563   674   664  0     1507   1579
 4114    563   564   674  0     1507   1576
 4115    664   564   563  0     1507   1522
 4116    664   674   564  0     1507   3293
 4117    662   552   551  0     1508   1526
 4118    554   564   553  0     1509   1520
 4119    553   564   664  0     1509   1522
 4120    571   672   671  0     1510   1687
 4121    561   672   571  0     1510   1570
 4122    561   671   672  0     1510   1584
 4123    470   571   471  0     1511   1649
 4124    562   673   573  0     1512   1543
 4125    958   957   857  0     1513   3002
 4126    847   957   958  0     1513   2998
 4127    847   857   957  0     1513   2912
 4128    580   691   681  0     1514   1546
 4129    581   691   580  0     1514   1650
 4130    763   653   753  0     1515   1835
 4131    652   753   653  0     1515   1874
 4132    696   685   695  0     1516   3331
 4133    696   585   685  0     1516   3314
 4134    695   585   696  0     1516   3292
 4135    695   685   585  0     1516   3274
 4136    687   686   787  0     1517   3299
 4137    787   797   687  0     1517   3105
 4138    661   560   660  0     1518   1531
 4139    661   671   560  0     1518   1635
 4140    690   680   580  1     1519     -1
 4141    580   691   690  0     1519   1653
 4142    580   680   691  0     1519   1546
 4143    453   564   553  0     1520   1523
 4144    971   861   961  0     1521   1527
 4145    971   860   861  0     1521   1933
 4146    961   860   971  0     1521   1887
 4147    961   861   860  0     1521   1947
 4148    553   564   563  0     1522   1523
 4149    453   564   563  0     1523   1545
 4150    473   573   472  0     1524   1623
 4151    550   560   561  0     1525   1530
 4152    550   450   560  1     1525     -1
 4153    971   861   972  0     1527   1934
 4154    972   961   971  1     1527     -1
 4155    972   861   961  0     1527   1939
 4156    552   562   563  0     1528   1550
 4157    452   563   562  0     1528   1552
 4158    470   580   570  1     1529     -1
 4159    550   560   661  0     1530   1531
 4160    661   560   561  0     1530   1635
 4161    660   550   560  1     1531     -1
 4162    881   891   880  0     1532   1632
 4163    881   991   891  0     1532   1738
 4164    880   991   881  0     1532   1684
 4165    880   891   991  0     1532   1723
 4166    792   781   791  0     1533   1725
 4167    792   681   781  0     1533   1712
 4168    791   681   792  0     1533   1682
 4169    617   727   717  0     1534   2772
 4170    617   728   727  0     1534   2349
 4171    717   727   728  0     1534   2867
 4172    552   652   653  0     1535   2228
 4173    632   633   532  0     1536   2144
 4174    532   643   632  0     1536   2273
 4175    532   633   643  0     1536   2239
 4176    327   227   328  0     1537   4318
 4177    327   217   227  0     1537   4143
 4178    328   217   327  0     1537   3927
 4179    328   227   217  0     1537   4252
 4180    453   553   442  0     1538   1541
 4181    442   553   443  0     1538   2217
 4182    482   583   582  0     1539   1615
 4183    472   583   482  0     1539   1612
 4184    472   582   583  0     1539   1583
 4185    567   667   556  0     1540   3254
 4186    567   557   667  0     1540   3415
 4187    452   553   442  0     1541   1542
 4188    563   573   562  0     1543   1558
 4189    254   365   265  0     1544   3549
 4190    254   264   365  0     1544   2539
 4191    265   365   264  0     1544   3424
 4192    453   463   563  0     1545   1556
 4193    691   681   680  0     1546   1564
 4194    462   563   452  0     1547   1552
 4195    452   563   463  0     1547   1556
 4196    781   892   782  0     1548   1642
 4197    781   792   892  0     1548   1725
 4198    782   792   781  0     1548   1712
 4199    782   892   792  0     1548   1630
 4200    552   563   663  0     1549   1550
 4201    463   574   473  0     1551   1554
 4202    462   563   562  0     1552   1558
 4203    483   594   584  0     1553   1616
 4204    484   594   483  0     1553   1588
 4205    484   584   594  0     1553   1593
 4206    474   574   473  0     1554   1603
 4207    474   463   574  0     1554   1563
 4208    454   564   464  0     1555   3364
 4209    542   532   531  0     1557   2205
 4210    542   431   532  0     1557   1566
 4211    531   532   431  0     1557   2199
 4212    874   764   864  0     1559   3071
 4213    864   763   874  0     1559   1829
 4214    664   653   663  0     1560   1859
 4215    653   764   663  0     1561   1859
 4216    653   763   764  0     1561   1835
 4217    663   764   763  0     1561   1719
 4218    752   742   642  0     1562   2204
 4219    642   753   752  0     1562   1909
 4220    642   742   753  0     1562   1955
 4221    463   574   464  0     1563   1565
 4222    464   574   474  0     1563   3278
 4223    791   691   681  0     1564   1682
 4224    431   532   432  0     1566   2189
 4225    432   542   431  0     1566   2149
 4226    432   532   542  0     1566   2220
 4227    482   582   593  0     1567   1615
 4228    482   592   582  0     1567   1611
 4229    593   592   482  0     1567   1572
 4230    593   582   592  0     1567   1633
 4231    665   565   676  0     1568   3256
 4232    665   666   565  0     1568   3349
 4233    676   565   666  0     1568   3308
 4234    367   467   357  0     1569   3518
 4235    367   468   467  0     1569   3577
 4236    357   468   367  0     1569   3440
 4237    357   467   468  0     1569   3425
 4238    571   572   672  0     1570   1690
 4239    561   572   571  0     1570   1656
 4240    561   672   572  0     1570   1663
 4241    793   782   893  0     1571   1739
 4242    793   792   782  0     1571   1697
 4243    893   792   793  1     1571     -1
 4244    893   782   792  0     1571   1630
 4245    593   592   492  1     1572     -1
 4246    492   592   482  0     1572   1629
 4247    694   684   584  0     1573   1628
 4248    694   695   684  0     1573   3098
 4249    584   695   694  0     1573   1578
 4250    673   674   684  0     1574   1585
 4251    784   674   673  0     1574   1813
 4252    456   356   355  0     1575   4066
 4253    355   356   466  0     1575   3411
 4254    564   674   574  0     1576   3275
 4255    582   692   693  0     1577   1661
 4256    693   592   582  0     1577   1633
 4257    693   692   592  1     1577     -1
 4258    584   594   694  0     1578   1618
 4259    695   694   594  1     1578     -1
 4260    663   674   664  0     1579   1816
 4261    663   563   674  0     1579   1581
 4262    580   591   581  0     1580   1650
 4263    580   480   591  0     1580   1626
 4264    673   674   663  0     1581   1815
 4265    972   862   973  0     1582   1704
 4266    972   962   862  0     1582   1938
 4267    973   962   972  1     1582     -1
 4268    973   862   962  0     1582   1724
 4269    472   582   572  0     1583   1639
 4270    583   572   582  0     1583   1643
 4271    561   671   661  0     1584   1635
 4272    661   672   561  0     1584   1597
 4273    661   671   672  0     1584   1717
 4274    674   684   573  0     1585   1586
 4275    573   684   673  0     1585   1595
 4276    574   674   684  0     1586   3335
 4277    978   977   988  1     1587     -1
 4278    978   877   977  0     1587   3069
 4279    988   877   978  0     1587   3174
 4280    988   977   877  0     1587   3118
 4281    494   484   594  0     1588   1590
 4282    952   962   963  1     1589     -1
 4283    952   852   962  0     1589   1757
 4284    963   962   852  0     1589   1849
 4285    595   594   494  1     1590     -1
 4286    595   484   594  0     1590   1593
 4287    874   873   884  0     1591   1830
 4288    874   773   873  0     1591   1770
 4289    884   773   874  0     1591   1812
 4290    884   873   773  0     1591   1599
 4291    784   884   894  0     1592   3076
 4292    783   884   784  0     1592   1824
 4293    783   894   884  0     1592   1802
 4294    484   584   595  0     1593   3300
 4295    773   873   883  0     1594   1599
 4296    773   772   873  0     1594   1850
 4297    883   772   773  0     1594   1707
 4298    883   873   772  0     1594   1814
 4299    573   684   683  0     1595   1614
 4300    671   681   570  0     1596   1676
 4301    671   670   681  0     1596   1672
 4302    570   681   670  0     1596   1673
 4303    561   662   672  0     1597   1664
 4304    661   672   662  0     1597   1660
 4305    694   583   683  0     1598   1627
 4306    694   693   583  0     1598   1610
 4307    683   693   694  0     1598   1793
 4308    884   873   883  0     1599   1831
 4309    883   773   884  0     1599   1817
 4310    274   275   164  0     1600   3437
 4311    274   174   275  0     1600   3759
 4312    164   275   174  0     1600   3764
 4313    797   696   686  0     1601   1606
 4314    796   696   797  1     1601     -1
 4315    796   686   696  0     1601   3330
 4316    484   474   584  0     1602   3215
 4317    473   584   474  0     1602   1603
 4318    369   259   359  1     1604     -1
 4319    369   258   259  0     1604   3633
 4320    359   258   369  0     1604   3851
 4321    359   259   258  0     1604   3878
 4322    575   685   686  0     1605   3303
 4323    686   585   575  0     1605   3302
 4324    686   685   585  0     1605   3314
 4325    697   696   686  0     1606   3200
 4326    797   696   697  1     1606     -1
 4327    564   565   665  0     1607   2636
 4328    564   554   565  0     1607   3362
 4329    665   565   554  0     1607   1845
 4330    584   583   473  0     1608   1619
 4331    473   583   573  0     1608   1623
 4332    483   583   594  0     1609   1616
 4333    594   583   593  0     1609   1613
 4334    694   593   583  0     1610   1613
 4335    693   593   694  1     1610     -1
 4336    693   583   593  0     1610   1621
 4337    592   582   481  0     1611   1617
 4338    481   482   592  0     1611   1629
 4339    481   582   482  0     1611   1637
 4340    472   583   483  0     1612   1624
 4341    594   583   694  0     1613   1618
 4342    694   593   594  1     1613     -1
 4343    573   583   683  0     1614   1641
 4344    683   583   684  0     1614   1627
 4345    583   582   593  0     1615   1621
 4346    594   584   583  0     1616   1618
 4347    483   583   584  0     1616   1619
 4348    581   582   481  0     1617   1636
 4349    694   584   583  0     1618   1628
 4350    483   583   473  0     1619   1624
 4351    663   763   662  0     1620   1695
 4352    662   763   652  0     1620   1890
 4353    693   582   593  0     1621   1633
 4354    863   752   763  0     1622   1855
 4355    863   753   752  0     1622   1912
 4356    763   753   863  0     1622   1872
 4357    473   583   472  0     1623   1624
 4358    491   591   490  1     1625     -1
 4359    491   480   591  0     1625   1644
 4360    590   580   480  1     1626     -1
 4361    694   684   683  0     1627   1795
 4362    694   583   684  0     1627   1628
 4363    782   892   893  0     1630   1749
 4364    893   892   792  1     1630     -1
 4365    661   772   671  0     1631   1717
 4366    661   771   772  0     1631   1818
 4367    671   772   771  0     1631   1669
 4368    881   891   780  0     1632   1716
 4369    780   880   881  0     1632   1674
 4370    780   891   880  0     1632   1728
 4371    693   592   593  1     1633     -1
 4372    723   734   724  0     1634   2384
 4373    723   623   734  0     1634   2324
 4374    724   623   723  0     1634   2247
 4375    724   734   623  0     1634   2355
 4376    471   582   481  0     1636   1637
 4377    791   680   790  0     1638   1671
 4378    790   690   791  1     1638     -1
 4379    790   680   690  1     1638     -1
 4380    471   572   472  0     1639   1655
 4381    471   582   572  0     1639   1640
 4382    571   582   572  0     1640   1691
 4383    683   572   583  0     1641   1643
 4384    782   882   892  0     1642   1749
 4385    781   892   882  0     1642   1703
 4386    461   561   571  0     1645   1656
 4387    460   571   561  0     1645   1646
 4388    560   460   571  0     1646   1647
 4389    460   571   570  0     1647   1648
 4390    570   560   460  1     1647     -1
 4391    470   460   571  0     1648   1649
 4392    570   460   470  1     1648     -1
 4393    581   691   591  0     1650   1680
 4394    682   792   793  0     1651   1697
 4395    682   692   792  0     1651   1666
 4396    793   792   692  1     1651     -1
 4397    881   882   871  0     1652   1773
 4398    881   771   882  0     1652   1751
 4399    871   771   881  0     1652   1693
 4400    871   882   771  0     1652   1758
 4401    590   690   580  1     1653     -1
 4402    590   691   690  1     1653     -1
 4403    681   781   671  0     1654   1672
 4404    681   782   781  0     1654   1712
 4405    671   782   681  0     1654   1696
 4406    671   781   782  0     1654   1665
 4407    561   572   461  0     1656   1657
 4408    561   572   562  0     1657   1663
 4409    781   671   771  0     1658   1665
 4410    670   671   781  0     1658   1672
 4411    935   825   936  0     1659   2511
 4412    936   925   935  1     1659     -1
 4413    936   825   925  0     1659   2478
 4414    672   772   661  0     1660   1717
 4415    672   662   772  0     1660   1826
 4416    661   772   662  0     1660   1878
 4417    692   682   582  0     1661   1677
 4418    582   682   693  0     1661   1678
 4419    683   672   682  0     1662   1780
 4420    572   682   672  0     1662   1690
 4421    561   672   562  0     1663   1664
 4422    671   771   782  0     1665   1669
 4423    692   792   681  0     1666   1683
 4424    681   682   692  0     1666   1679
 4425    780   770   670  1     1667     -1
 4426    780   781   770  0     1667   1685
 4427    670   781   780  0     1667   1701
 4428    874   773   774  0     1668   1812
 4429    874   763   773  0     1668   1770
 4430    782   772   771  0     1669   1753
 4431    870   881   770  0     1670   1729
 4432    870   880   881  0     1670   1714
 4433    770   880   870  1     1670     -1
 4434    770   881   880  0     1670   1674
 4435    791   780   790  0     1671   1742
 4436    791   680   780  0     1671   1711
 4437    790   780   680  1     1671     -1
 4438    570   680   670  1     1673     -1
 4439    770   780   880  1     1674     -1
 4440    770   881   780  0     1674   1685
 4441    581   571   681  0     1675   1689
 4442    570   681   571  0     1675   1676
 4443    571   671   681  0     1676   1686
 4444    581   682   582  0     1677   1688
 4445    581   692   682  0     1677   1679
 4446    681   682   581  0     1679   1689
 4447    581   692   591  0     1680   1681
 4448    591   692   691  1     1680     -1
 4449    591   592   692  1     1681     -1
 4450    681   792   691  0     1682   1683
 4451    691   792   791  1     1682     -1
 4452    691   692   792  1     1683     -1
 4453    881   981   991  0     1684   1754
 4454    880   981   881  0     1684   1714
 4455    880   991   981  0     1684   1692
 4456    781   881   780  0     1685   1716
 4457    681   682   671  0     1686   1696
 4458    681   571   682  0     1686   1689
 4459    671   682   571  0     1686   1687
 4460    672   682   571  0     1687   1690
 4461    582   571   682  0     1688   1691
 4462    581   682   571  0     1688   1689
 4463    572   682   571  0     1690   1691
 4464    880   991   980  0     1692   1745
 4465    980   981   880  0     1692   1752
 4466    980   991   981  1     1692     -1
 4467    871   770   881  0     1693   1729
 4468    771   770   871  0     1693   1848
 4469    782   783   893  0     1694   1739
 4470    782   883   783  0     1694   1763
 4471    893   883   782  0     1694   1777
 4472    893   783   883  0     1694   1803
 4473    662   773   763  0     1695   1904
 4474    663   773   662  0     1695   1810
 4475    682   782   793  0     1697   1781
 4476    655   656   766  0     1698   3227
 4477    655   756   656  0     1698   2637
 4478    766   756   655  0     1698   3079
 4479    766   656   756  0     1698   3032
 4480    887   897   886  0     1699   3134
 4481    887   997   897  0     1699   3153
 4482    886   997   887  0     1699   3106
 4483    886   897   997  0     1699   3100
 4484    882   983   993  0     1700   1720
 4485    993   982   882  0     1700   1760
 4486    993   983   982  1     1700     -1
 4487    680   780   670  1     1701     -1
 4488    680   781   780  0     1701   1711
 4489    992   982   881  0     1702   1761
 4490    992   882   982  0     1702   1760
 4491    881   882   992  0     1702   1768
 4492    881   982   882  0     1702   1773
 4493    781   892   881  0     1703   1722
 4494    881   882   781  0     1703   1751
 4495    881   892   882  0     1703   1768
 4496    973   872   862  0     1704   1854
 4497    972   872   973  0     1704   1797
 4498    972   862   872  0     1704   1936
 4499    781   891   791  0     1705   1759
 4500    781   780   891  0     1705   1716
 4501    791   780   781  0     1705   1711
 4502    791   891   780  0     1705   1742
 4503    459   449   448  0     1706   3996
 4504    459   348   449  0     1706   3268
 4505    448   348   459  0     1706   3982
 4506    448   449   348  0     1706   4003
 4507    783   773   883  0     1707   1817
 4508    783   772   773  0     1707   1819
 4509    883   772   783  0     1707   1763
 4510    402   503   403  1     1708     -1
 4511    403   513   402  0     1708   2260
 4512    403   503   513  0     1708   2185
 4513    884   894   883  0     1709   1802
 4514    575   675   574  0     1710   3279
 4515    574   675   564  0     1710   3275
 4516    772   783   672  0     1713   1819
 4517    772   782   783  0     1713   1763
 4518    672   783   782  0     1713   1764
 4519    870   981   881  0     1714   1732
 4520    880   981   870  0     1714   1752
 4521    673   672   783  0     1715   1820
 4522    683   783   672  0     1715   1780
 4523    881   891   781  0     1716   1722
 4524    964   853   864  0     1718   1808
 4525    964   854   853  0     1718   1884
 4526    864   854   964  0     1718   3043
 4527    663   764   774  0     1719   1856
 4528    882   883   993  0     1720   1731
 4529    882   983   883  0     1720   1748
 4530    612   713   613  0     1721   2046
 4531    612   723   713  0     1721   2363
 4532    881   891   892  0     1722   1755
 4533    781   892   891  0     1722   1759
 4534    991   890   891  1     1723     -1
 4535    880   890   991  0     1723   1756
 4536    880   891   890  0     1723   1728
 4537    973   862   963  0     1724   1864
 4538    963   962   973  1     1724     -1
 4539    963   862   962  0     1724   1849
 4540    792   892   791  1     1725     -1
 4541    791   892   781  0     1725   1759
 4542    984   973   983  1     1726     -1
 4543    983   873   984  0     1726   1823
 4544    983   973   873  0     1726   1730
 4545    872   882   772  0     1727   1746
 4546    872   771   882  0     1727   1758
 4547    772   882   771  0     1727   1753
 4548    780   890   880  1     1728     -1
 4549    780   891   890  0     1728   1741
 4550    870   871   770  0     1729   1920
 4551    870   881   871  0     1729   1732
 4552    873   872   973  0     1730   1854
 4553    983   872   873  0     1730   1769
 4554    983   973   872  0     1730   1797
 4555    893   883   993  0     1731   1778
 4556    893   882   883  0     1731   1777
 4557    871   981   881  0     1732   1774
 4558    870   981   871  0     1732   1747
 4559    420   531   430  0     1733   2063
 4560    420   530   531  0     1733   2182
 4561    430   530   420  1     1733     -1
 4562    430   531   530  0     1733   2186
 4563    549   538   649  0     1734   1959
 4564    549   548   538  0     1734   3965
 4565    649   548   549  0     1734   3396
 4566    649   538   548  0     1734   2664
 4567    863   874   763  0     1735   1829
 4568    873   874   863  0     1735   1867
 4569    873   763   874  0     1735   1770
 4570    751   761   762  0     1736   1900
 4571    751   651   761  0     1736   1917
 4572    762   651   751  0     1736   1907
 4573    852   752   863  0     1737   1896
 4574    852   853   752  0     1737   1866
 4575    863   853   852  0     1737   1880
 4576    863   752   853  0     1737   1912
 4577    891   992   991  1     1738     -1
 4578    891   881   992  0     1738   1755
 4579    991   992   881  0     1738   1754
 4580    793   783   893  0     1739   1801
 4581    793   782   783  0     1739   1781
 4582    966   976   865  0     1740   2972
 4583    966   965   976  1     1740     -1
 4584    865   965   966  0     1740   3005
 4585    865   976   965  0     1740   3014
 4586    780   891   790  0     1741   1742
 4587    790   890   780  1     1741     -1
 4588    790   891   890  1     1741     -1
 4589    791   891   790  1     1742     -1
 4590    970   981   971  1     1743     -1
 4591    970   870   981  0     1743   1744
 4592    971   870   970  0     1743   1924
 4593    971   981   870  0     1743   1747
 4594    870   981   980  0     1744   1752
 4595    980   970   870  1     1744     -1
 4596    980   981   970  1     1744     -1
 4597    980   990   991  1     1745     -1
 4598    880   990   980  1     1745     -1
 4599    880   991   990  0     1745   1756
 4600    872   883   772  0     1746   1814
 4601    872   882   883  0     1746   1748
 4602    971   981   871  0     1747   1771
 4603    872   983   883  0     1748   1769
 4604    782   882   893  0     1749   1777
 4605    882   992   993  0     1750   1760
 4606    882   892   992  0     1750   1768
 4607    993   992   892  1     1750     -1
 4608    870   880   980  1     1752     -1
 4609    991   992   981  1     1754     -1
 4610    981   992   881  0     1754   1761
 4611    892   992   891  1     1755     -1
 4612    892   881   992  0     1755   1768
 4613    990   890   991  1     1756     -1
 4614    880   890   990  1     1756     -1
 4615    962   851   852  0     1757   1940
 4616    962   952   851  0     1757   1905
 4617    852   851   952  0     1757   1931
 4618    871   882   872  0     1758   1775
 4619    872   771   871  0     1758   1894
 4620    791   892   891  1     1759     -1
 4621    993   982   992  1     1760     -1
 4622    981   982   881  0     1761   1774
 4623    981   992   982  1     1761     -1
 4624    852   842   952  0     1762   1987
 4625    852   841   842  0     1762   1901
 4626    952   841   852  0     1762   1931
 4627    952   842   841  0     1762   1913
 4628    782   682   783  0     1764   1781
 4629    672   783   682  0     1764   1780
 4630    682   783   683  0     1765   1780
 4631    682   793   783  0     1765   1781
 4632    683   783   793  0     1765   1791
 4633    644   643   543  0     1766   2258
 4634    644   533   643  0     1766   2222
 4635    543   533   644  0     1766   2094
 4636    543   643   533  0     1766   2242
 4637    855   754   865  0     1767   3011
 4638    755   754   855  0     1767   2942
 4639    755   865   754  0     1767   2983
 4640    983   883   873  0     1769   1823
 4641    872   873   883  0     1769   1814
 4642    873   763   773  0     1770   1876
 4643    981   982   971  1     1771     -1
 4644    981   871   982  0     1771   1774
 4645    971   982   871  0     1771   1772
 4646    971   982   972  1     1772     -1
 4647    972   871   971  0     1772   1934
 4648    972   982   871  0     1772   1776
 4649    882   871   982  0     1773   1775
 4650    881   982   871  0     1773   1774
 4651    871   982   872  0     1775   1776
 4652    972   872   871  0     1776   1935
 4653    893   994   993  1     1778     -1
 4654    985   986   975  1     1779     -1
 4655    985   875   986  0     1779   3041
 4656    975   875   985  0     1779   2443
 4657    975   986   875  0     1779   2868
 4658    974   874   873  0     1782   1867
 4659    984   874   974  0     1782   3074
 4660    984   873   874  0     1782   1830
 4661    778   788   777  0     1783   3259
 4662    778   888   788  0     1783   3190
 4663    777   888   778  0     1783   2635
 4664    777   788   888  0     1783   1784
 4665    788   787   777  0     1784   3245
 4666    788   888   787  0     1784   3209
 4667    895   996   995  1     1785     -1
 4668    895   885   996  0     1785   3065
 4669    995   885   895  0     1785   3064
 4670    995   996   885  0     1785   2984
 4671    770   760   660  1     1786     -1
 4672    770   771   760  0     1786   1848
 4673    660   760   771  0     1786   1910
 4674    868   857   858  0     1787   2941
 4675    858   968   868  0     1787   2960
 4676    858   857   968  0     1787   3003
 4677    965   865   855  0     1788   3005
 4678    965   854   865  0     1788   2630
 4679    855   854   965  0     1788   3035
 4680    855   865   854  0     1788   3011
 4681    965   964   975  1     1789     -1
 4682    864   964   965  0     1789   3043
 4683    864   975   964  0     1789   3055
 4684    784   794   683  0     1790   1794
 4685    683   794   783  0     1790   1791
 4686    783   793   794  0     1791   1800
 4687    683   794   793  0     1791   1792
 4688    793   693   794  1     1792     -1
 4689    683   794   693  0     1792   1793
 4690    693   694   794  1     1793     -1
 4691    683   794   694  0     1793   1795
 4692    683   684   794  0     1794   1795
 4693    784   794   684  0     1794   3090
 4694    694   684   794  0     1795   3097
 4695    984   994   995  1     1796     -1
 4696    995   884   984  0     1796   3053
 4697    983   973   972  1     1797     -1
 4698    984   983   994  1     1798     -1
 4699    883   983   984  0     1798   1823
 4700    789   779   889  1     1799     -1
 4701    789   778   779  0     1799   3247
 4702    889   778   789  0     1799   2898
 4703    889   779   778  0     1799   3191
 4704    794   894   793  1     1800     -1
 4705    793   894   783  0     1800   1801
 4706    793   894   893  1     1801     -1
 4707    893   894   783  0     1801   1803
 4708    783   883   884  0     1802   1817
 4709    783   894   883  0     1802   1803
 4710    784   885   785  0     1804   1806
 4711    784   895   885  0     1804   2945
 4712    785   895   784  0     1804   3094
 4713    785   885   895  0     1804   3114
 4714    578   588   688  0     1805   2650
 4715    688   689   578  0     1805   3234
 4716    688   588   689  0     1805   3201
 4717    784   774   785  0     1806   1822
 4718    784   885   774  0     1806   3086
 4719    673   773   663  0     1807   1810
 4720    673   774   773  0     1807   1809
 4721    663   774   673  0     1807   1815
 4722    863   853   864  0     1808   1838
 4723    863   964   853  0     1808   1863
 4724    864   964   863  0     1808   1837
 4725    784   773   673  0     1809   1811
 4726    784   774   773  0     1809   1825
 4727    673   774   784  0     1809   1813
 4728    662   673   773  0     1810   1827
 4729    673   783   773  0     1811   1820
 4730    784   773   783  0     1811   1824
 4731    884   774   874  0     1812   3088
 4732    884   773   774  0     1812   1825
 4733    674   774   784  0     1813   1822
 4734    674   673   774  0     1813   1815
 4735    872   873   772  0     1814   1893
 4736    663   774   674  0     1815   1816
 4737    663   774   664  0     1816   1856
 4738    664   774   674  0     1816   2624
 4739    884   783   773  0     1817   1824
 4740    771   761   661  0     1818   1897
 4741    772   773   672  0     1819   1826
 4742    672   773   783  0     1819   1820
 4743    672   773   673  0     1820   1827
 4744    975   985   874  0     1821   2443
 4745    975   974   985  1     1821     -1
 4746    874   974   975  0     1821   1862
 4747    874   985   974  0     1821   3074
 4748    785   674   774  0     1822   3058
 4749    984   883   873  0     1823   1831
 4750    784   773   884  0     1824   1825
 4751    784   774   884  0     1825   3086
 4752    772   773   662  0     1826   1828
 4753    662   773   672  0     1826   1827
 4754    773   762   772  0     1828   1850
 4755    773   662   762  0     1828   1904
 4756    772   762   662  0     1828   1878
 4757    864   863   874  0     1829   1868
 4758    864   763   863  0     1829   1872
 4759    984   873   884  0     1830   1831
 4760    884   874   984  0     1830   3083
 4761    971   860   960  0     1832   1887
 4762    971   970   860  0     1832   1924
 4763    960   970   971  1     1832     -1
 4764    960   860   970  1     1832     -1
 4765    750   851   751  0     1833   1978
 4766    750   861   851  0     1833   1919
 4767    751   861   750  0     1833   1926
 4768    853   852   953  0     1834   1965
 4769    853   963   852  0     1834   1880
 4770    953   963   853  0     1834   1881
 4771    764   653   753  0     1835   1846
 4772    753   742   743  0     1836   1955
 4773    743   853   753  0     1836   1842
 4774    743   742   853  0     1836   2431
 4775    864   964   974  0     1837   3055
 4776    974   863   864  0     1837   1868
 4777    863   753   864  0     1838   1872
 4778    863   853   753  0     1838   1912
 4779    856   855   745  0     1839   2452
 4780    745   845   856  0     1839   2994
 4781    745   855   845  0     1839   2974
 4782    765   764   664  0     1840   2883
 4783    664   764   654  0     1840   1857
 4784    857   856   967  0     1841   2471
 4785    857   867   856  0     1841   3004
 4786    967   867   857  0     1841   2995
 4787    743   854   753  0     1842   1844
 4788    743   853   854  0     1842   2382
 4789    863   862   973  0     1843   1864
 4790    863   873   862  0     1843   1879
 4791    973   873   863  0     1843   1851
 4792    973   862   873  0     1843   1854
 4793    754   753   743  0     1844   2054
 4794    743   854   754  0     1844   2400
 4795    554   555   565  0     1845   3363
 4796    665   555   554  0     1845   3325
 4797    665   565   555  0     1845   3349
 4798    754   753   764  0     1846   1873
 4799    754   653   753  0     1846   2174
 4800    622   733   722  0     1847   2348
 4801    622   723   733  0     1847   2416
 4802    722   723   622  0     1847   2146
 4803    770   871   760  0     1848   1920
 4804    963   862   852  0     1849   1888
 4805    852   862   962  0     1849   1940
 4806    873   762   772  0     1850   1893
 4807    873   773   762  0     1850   1876
 4808    973   974   863  0     1851   1852
 4809    873   863   974  0     1851   1867
 4810    963   863   973  0     1852   1864
 4811    973   974   963  1     1852     -1
 4812    734   733   723  0     1853   2324
 4813    734   834   733  0     1853   2456
 4814    723   834   734  0     1853   2384
 4815    723   733   834  0     1853   2256
 4816    763   762   752  0     1855   1908
 4817    663   764   664  0     1856   1859
 4818    664   764   774  0     1856   2970
 4819    653   664   764  0     1857   1859
 4820    642   643   743  0     1858   1952
 4821    642   632   643  0     1858   2273
 4822    743   632   642  0     1858   2190
 4823    760   761   861  0     1860   1911
 4824    750   761   760  0     1860   1899
 4825    750   861   761  0     1860   1926
 4826    630   631   731  0     1861   2183
 4827    630   620   631  0     1861   2212
 4828    731   620   630  0     1861   2207
 4829    731   631   620  0     1861   2117
 4830    864   975   874  0     1862   2965
 4831    864   974   975  0     1862   3055
 4832    874   974   864  0     1862   1868
 4833    963   853   863  0     1863   1880
 4834    963   964   853  0     1863   1881
 4835    963   863   862  0     1864   1888
 4836    831   731   841  0     1865   2001
 4837    831   842   731  0     1865   2007
 4838    841   731   842  0     1865   1985
 4839    752   852   742  0     1866   1883
 4840    874   863   974  0     1867   1868
 4841    844   855   744  0     1869   2412
 4842    744   854   844  0     1869   1937
 4843    744   855   854  0     1869   3007
 4844    944   945   934  1     1870     -1
 4845    944   834   945  0     1870   2420
 4846    934   834   944  0     1870   2141
 4847    934   945   834  0     1870   2340
 4848    996   896   886  0     1871   3132
 4849    885   896   996  0     1871   3065
 4850    885   886   896  0     1871   3077
 4851    764   754   864  0     1873   3015
 4852    652   753   642  0     1874   1909
 4853    642   653   652  0     1874   2227
 4854    642   753   653  0     1874   2037
 4855    832   933   822  0     1875   2352
 4856    832   833   933  0     1875   2398
 4857    822   833   832  0     1875   2322
 4858    822   933   833  0     1875   2341
 4859    763   773   762  0     1876   1904
 4860    710   721   720  0     1877   2131
 4861    710   821   721  0     1877   2040
 4862    720   821   710  0     1877   1966
 4863    720   721   821  0     1877   2062
 4864    661   762   662  0     1878   1892
 4865    963   852   863  0     1880   1888
 4866    953   964   853  0     1881   1885
 4867    963   964   953  1     1881     -1
 4868    651   752   652  0     1882   2201
 4869    651   762   752  0     1882   1907
 4870    652   762   651  0     1882   1898
 4871    652   752   762  0     1882   1908
 4872    741   742   752  0     1883   2203
 4873    741   852   742  0     1883   1946
 4874    752   852   741  0     1883   1972
 4875    854   853   954  0     1884   2302
 4876    954   964   854  0     1884   3038
 4877    954   853   964  0     1884   1885
 4878    954   853   953  0     1885   2441
 4879    953   964   954  1     1885     -1
 4880    760   861   871  0     1886   1911
 4881    871   860   760  0     1886   1923
 4882    871   861   860  0     1886   1933
 4883    961   860   960  0     1887   1948
 4884    960   971   961  1     1887     -1
 4885    852   863   862  0     1888   1896
 4886    531   642   541  0     1889   2219
 4887    531   641   642  0     1889   2195
 4888    662   762   652  0     1890   1898
 4889    662   763   762  0     1890   1904
 4890    652   762   763  0     1890   1908
 4891    762   761   872  0     1891   1922
 4892    872   772   762  0     1891   1893
 4893    662   651   762  0     1892   1898
 4894    650   761   651  0     1895   1917
 4895    852   752   862  0     1896   1902
 4896    660   771   761  0     1897   1910
 4897    750   761   650  0     1899   1914
 4898    650   760   750  1     1899     -1
 4899    650   761   760  0     1899   1918
 4900    751   761   862  0     1900   1927
 4901    862   762   751  0     1900   1903
 4902    862   761   762  0     1900   1922
 4903    741   842   852  0     1901   1946
 4904    741   841   842  0     1901   1985
 4905    852   841   741  0     1901   1974
 4906    752   751   852  0     1902   1972
 4907    752   862   751  0     1902   1903
 4908    752   762   751  0     1903   1907
 4909    951   851   962  0     1905   1944
 4910    962   952   951  1     1905     -1
 4911    742   641   631  0     1906   1928
 4912    741   641   742  0     1906   2203
 4913    741   631   641  0     1906   2184
 4914    651   751   752  0     1907   2200
 4915    652   752   642  0     1909   2202
 4916    760   761   660  0     1910   1918
 4917    952   842   942  0     1913   1988
 4918    751   761   650  0     1914   1917
 4919    751   750   761  0     1914   1926
 4920    862   861   872  0     1915   1936
 4921    862   761   861  0     1915   1927
 4922    872   761   862  0     1915   1922
 4923    544   555   554  0     1916   3357
 4924    554   555   655  0     1916   3325
 4925    650   751   651  0     1917   2194
 4926    660   760   650  1     1918     -1
 4927    861   850   750  0     1919   1942
 4928    861   851   850  0     1919   1930
 4929    750   850   851  0     1919   1979
 4930    871   760   870  0     1920   1923
 4931    870   760   770  1     1920     -1
 4932    722   721   711  0     1921   2135
 4933    722   822   721  0     1921   2010
 4934    711   822   722  0     1921   2029
 4935    711   721   822  0     1921   2039
 4936    760   870   860  1     1923     -1
 4937    970   860   870  1     1924     -1
 4938    742   632   743  0     1925   2190
 4939    742   732   632  0     1925   2164
 4940    743   732   742  0     1925   2436
 4941    743   632   732  0     1925   2418
 4942    761   751   861  0     1926   1927
 4943    642   631   742  0     1928   2044
 4944    642   641   631  0     1928   2195
 4945    742   641   642  0     1928   2204
 4946    831   931   821  0     1929   2022
 4947    831   932   931  0     1929   2011
 4948    821   932   831  0     1929   1982
 4949    821   931   932  0     1929   2017
 4950    961   850   861  0     1930   1947
 4951    961   851   850  0     1930   1932
 4952    861   851   961  0     1930   1943
 4953    851   841   852  0     1931   1974
 4954    951   850   961  0     1932   1941
 4955    951   851   850  0     1932   1950
 4956    961   851   951  0     1932   1944
 4957    871   861   971  0     1933   1934
 4958    871   861   972  0     1934   1935
 4959    872   861   972  0     1935   1936
 4960    972   862   861  0     1936   1938
 4961    854   844   743  0     1937   1989
 4962    743   744   854  0     1937   2400
 4963    743   844   744  0     1937   2368
 4964    962   861   972  0     1938   1939
 4965    962   961   972  1     1939     -1
 4966    962   861   961  0     1939   1943
 4967    950   850   961  0     1941   1949
 4968    961   951   950  1     1941     -1
 4969    860   850   750  1     1942     -1
 4970    860   861   850  0     1942   1947
 4971    962   851   961  0     1943   1944
 4972    962   951   961  1     1944     -1
 4973    636   637   626  0     1945   2881
 4974    636   526   637  0     1945   2358
 4975    626   526   636  0     1945   2651
 4976    626   637   526  0     1945   2614
 4977    741   842   742  0     1946   2009
 4978    961   850   860  0     1947   1948
 4979    961   850   960  0     1948   1949
 4980    960   850   860  1     1948     -1
 4981    960   950   850  1     1949     -1
 4982    961   950   960  1     1949     -1
 4983    851   850   840  0     1950   1980
 4984    833   933   944  0     1951   2243
 4985    943   933   833  0     1951   2398
 4986    943   944   933  1     1951     -1
 4987    743   753   643  0     1952   2054
 4988    642   753   743  0     1952   1955
 4989    642   643   753  0     1952   2037
 4990    830   931   831  0     1953   2021
 4991    830   941   931  0     1953   2004
 4992    831   931   941  0     1953   2003
 4993    645   534   635  0     1954   2653
 4994    635   534   634  0     1954   2178
 4995    642   742   743  0     1955   2190
 4996    551   651   541  0     1956   2196
 4997    652   541   651  0     1956   2193
 4998    952   941   951  1     1957     -1
 4999    840   740   851  0     1958   1980
 5000    840   841   740  0     1958   1969
 5001    851   740   841  0     1958   1968
 5002    549   539   649  1     1959     -1
 5003    549   538   539  0     1959   2704
 5004    543   643   653  0     1960   2237
 5005    543   542   643  0     1960   2274
 5006    653   643   542  0     1960   2244
 5007    641   540   640  0     1961   1963
 5008    651   540   641  0     1961   2197
 5009    600   500   611  0     1962   2153
 5010    600   601   500  1     1962     -1
 5011    611   601   600  0     1962   2130
 5012    611   500   601  0     1962   1998
 5013    641   530   640  0     1963   2208
 5014    540   530   641  0     1963   2198
 5015    540   640   530  1     1963     -1
 5016    941   830   840  0     1964   2015
 5017    853   842   953  0     1965   2024
 5018    953   842   852  0     1965   1987
 5019    821   820   720  0     1966   2019
 5020    821   710   820  0     1966   2032
 5021    720   820   710  1     1966     -1
 5022    402   513   412  0     1967   2285
 5023    412   512   402  0     1967   2148
 5024    412   513   512  0     1967   2296
 5025    841   741   740  0     1968   2013
 5026    851   741   841  0     1968   1974
 5027    851   740   741  0     1968   1977
 5028    740   730   841  0     1969   2013
 5029    740   840   730  1     1969     -1
 5030    620   610   510  1     1970     -1
 5031    621   610   620  0     1970   2139
 5032    621   510   610  0     1970   2035
 5033    822   933   923  0     1971   2415
 5034    822   823   933  0     1971   2341
 5035    923   823   822  0     1971   2269
 5036    923   933   823  0     1971   2108
 5037    751   741   752  0     1972   2121
 5038    751   852   741  0     1972   1973
 5039    751   851   741  0     1973   1977
 5040    852   741   851  0     1973   1974
 5041    801   811   912  0     1975   2064
 5042    801   812   811  0     1975   2081
 5043    912   812   801  0     1975   2058
 5044    912   811   812  0     1975   2076
 5045    942   832   831  0     1976   1991
 5046    831   832   842  0     1976   2007
 5047    851   740   751  0     1977   1978
 5048    851   740   750  0     1978   1979
 5049    750   740   751  0     1978   2115
 5050    850   740   750  1     1979     -1
 5051    850   851   740  0     1979   1980
 5052    840   740   850  1     1980     -1
 5053    953   843   943  0     1981   2440
 5054    953   842   843  0     1981   2024
 5055    943   843   842  0     1981   2414
 5056    831   832   932  0     1982   1991
 5057    821   832   831  0     1982   2038
 5058    821   932   832  0     1982   2025
 5059    700   600   710  1     1983     -1
 5060    710   711   700  0     1983   2093
 5061    710   600   711  0     1983   2119
 5062    921   922   821  0     1984   2074
 5063    921   932   922  1     1984     -1
 5064    821   932   921  0     1984   2017
 5065    842   741   731  0     1985   2009
 5066    841   731   741  0     1985   2012
 5067    652   542   642  0     1986   2227
 5068    642   542   541  0     1986   2219
 5069    953   842   952  0     1987   1988
 5070    953   942   952  1     1988     -1
 5071    743   843   844  0     1989   2307
 5072    854   843   743  0     1989   2382
 5073    854   844   843  0     1989   2379
 5074    633   744   743  0     1990   2211
 5075    633   733   744  0     1990   2383
 5076    743   733   633  0     1990   2425
 5077    743   744   733  0     1990   2368
 5078    942   932   831  0     1991   2011
 5079    503   613   502  0     1992   2145
 5080    503   603   613  0     1992   2321
 5081    502   603   503  1     1992     -1
 5082    502   613   603  0     1992   2313
 5083    811   921   810  0     1993   2069
 5084    911   921   811  0     1993   2073
 5085    625   726   626  0     1994   2555
 5086    736   726   625  0     1994   2584
 5087    736   626   726  0     1994   2894
 5088    522   521   411  0     1995   2123
 5089    522   511   521  0     1995   2122
 5090    411   511   522  0     1995   2167
 5091    411   521   511  0     1995   2147
 5092    501   502   401  1     1996     -1
 5093    401   512   501  0     1996   2157
 5094    554   654   543  0     1997   2229
 5095    601   501   500  1     1998     -1
 5096    611   501   601  0     1998   2104
 5097    611   500   501  0     1998   2152
 5098    724   725   835  0     1999   2509
 5099    724   825   725  0     1999   2569
 5100    835   825   724  0     1999   2317
 5101    835   725   825  0     1999   2552
 5102    720   731   730  0     2000   2109
 5103    831   731   720  0     2000   2099
 5104    831   730   731  0     2000   2001
 5105    841   730   731  0     2001   2012
 5106    524   624   634  0     2002   2323
 5107    524   523   624  0     2002   2143
 5108    634   624   523  0     2002   2268
 5109    941   942   931  1     2003     -1
 5110    831   931   942  0     2003   2011
 5111    941   931   930  1     2004     -1
 5112    930   830   941  0     2004   2014
 5113    930   931   830  0     2004   2020
 5114    829   839   728  0     2005   2869
 5115    829   828   839  0     2005   2820
 5116    728   839   828  0     2005   2870
 5117    732   731   832  0     2006   2113
 5118    732   842   731  0     2006   2008
 5119    832   842   732  0     2006   2439
 5120    832   731   842  0     2006   2007
 5121    832   731   831  0     2007   2097
 5122    842   742   732  0     2008   2437
 5123    842   731   742  0     2008   2009
 5124    822   721   832  0     2010   2098
 5125    832   722   822  0     2010   2322
 5126    832   721   722  0     2010   2114
 5127    942   932   931  1     2011     -1
 5128    841   730   741  0     2012   2013
 5129    741   730   731  0     2012   2170
 5130    741   740   730  0     2013   2171
 5131    941   940   830  0     2014   2015
 5132    930   940   941  1     2014     -1
 5133    930   830   940  1     2014     -1
 5134    940   830   840  1     2015     -1
 5135    512   613   612  0     2016   2055
 5136    612   613   502  0     2016   2254
 5137    931   921   821  0     2017   2027
 5138    931   932   921  1     2017     -1
 5139    720   820   831  0     2018   2019
 5140    720   830   820  1     2018     -1
 5141    831   820   830  0     2018   2021
 5142    831   821   820  0     2019   2022
 5143    720   821   831  0     2019   2062
 5144    931   830   820  0     2020   2021
 5145    930   820   830  1     2020     -1
 5146    931   831   820  0     2021   2022
 5147    821   820   931  0     2022   2027
 5148    713   703   714  0     2023   2343
 5149    853   843   953  0     2024   2441
 5150    853   842   843  0     2024   2336
 5151    932   832   822  0     2025   2352
 5152    821   822   832  0     2025   2098
 5153    920   921   820  0     2026   2072
 5154    920   931   921  1     2026     -1
 5155    820   921   931  0     2026   2027
 5156    823   833   722  0     2028   2406
 5157    823   822   833  0     2028   2341
 5158    722   822   823  0     2028   2394
 5159    722   833   822  0     2028   2322
 5160    712   722   711  0     2029   2134
 5161    712   822   722  0     2029   2394
 5162    601   501   612  0     2030   2104
 5163    601   602   501  1     2030     -1
 5164    612   602   601  0     2030   2049
 5165    612   501   602  0     2030   2129
 5166    613   624   614  0     2031   2342
 5167    613   513   624  0     2031   2248
 5168    614   513   613  0     2031   2124
 5169    614   624   513  0     2031   2287
 5170    710   810   821  0     2032   2071
 5171    710   820   810  1     2032     -1
 5172    604   603   614  0     2033   2354
 5173    604   503   603  1     2033     -1
 5174    614   603   503  0     2033   2321
 5175    801   700   811  0     2034   2091
 5176    801   701   700  1     2034     -1
 5177    811   701   801  0     2034   2081
 5178    811   700   701  0     2034   2092
 5179    610   611   510  0     2035   2056
 5180    621   611   610  0     2035   2043
 5181    621   510   611  0     2035   2090
 5182    732   721   621  0     2036   2042
 5183    732   722   721  0     2036   2114
 5184    621   722   732  0     2036   2053
 5185    621   721   722  0     2036   2136
 5186    753   653   643  0     2037   2174
 5187    642   643   653  0     2037   2244
 5188    821   721   831  0     2038   2062
 5189    821   832   721  0     2038   2098
 5190    831   721   832  0     2038   2097
 5191    711   721   821  0     2039   2040
 5192    821   721   822  0     2039   2098
 5193    711   721   710  0     2040   2095
 5194    710   821   711  0     2040   2051
 5195    412   522   411  0     2041   2166
 5196    412   512   522  0     2041   2253
 5197    411   512   412  0     2041   2159
 5198    411   522   512  0     2041   2167
 5199    621   731   721  0     2042   2085
 5200    732   731   621  0     2042   2179
 5201    732   721   731  0     2042   2113
 5202    721   610   621  0     2043   2139
 5203    621   611   721  0     2043   2136
 5204    642   632   742  0     2044   2190
 5205    642   631   632  0     2044   2191
 5206    742   632   631  0     2044   2164
 5207    533   534   523  0     2045   2263
 5208    423   534   533  0     2045   2088
 5209    613   602   713  0     2046   2300
 5210    612   602   613  0     2046   2254
 5211    612   713   602  0     2046   2289
 5212    811   701   711  0     2047   2092
 5213    812   701   811  0     2047   2081
 5214    812   711   701  0     2047   2082
 5215    531   421   532  0     2048   2199
 5216    521   421   531  0     2048   2057
 5217    712   601   612  0     2049   2106
 5218    712   602   601  0     2049   2103
 5219    612   602   712  0     2049   2289
 5220    603   713   602  0     2050   2300
 5221    603   703   713  0     2050   2343
 5222    602   703   603  1     2050     -1
 5223    602   713   703  0     2050   2209
 5224    710   811   711  0     2051   2093
 5225    821   811   710  0     2051   2071
 5226    800   900   901  1     2052     -1
 5227    800   911   900  0     2052   2070
 5228    901   911   800  0     2052   2067
 5229    901   900   911  1     2052     -1
 5230    621   722   622  0     2053   2137
 5231    622   732   621  0     2053   2206
 5232    622   722   732  0     2053   2348
 5233    754   753   643  0     2054   2174
 5234    613   623   512  0     2055   2325
 5235    512   623   612  0     2055   2320
 5236    610   500   510  1     2056     -1
 5237    611   500   610  0     2056   2153
 5238    912   802   801  0     2058   2065
 5239    812   802   912  0     2058   2338
 5240    812   801   802  0     2058   2060
 5241    800   910   911  0     2059   2070
 5242    800   810   910  1     2059     -1
 5243    801   701   812  0     2060   2081
 5244    801   802   701  1     2060     -1
 5245    811   700   800  0     2061   2091
 5246    800   700   810  1     2061     -1
 5247    720   721   831  0     2062   2099
 5248    431   531   430  0     2063   2192
 5249    912   911   811  0     2064   2075
 5250    802   801   902  1     2065     -1
 5251    902   801   912  0     2065   2066
 5252    902   901   912  1     2066     -1
 5253    902   801   901  1     2066     -1
 5254    800   901   801  1     2067     -1
 5255    920   810   921  0     2068   2072
 5256    920   910   810  1     2068     -1
 5257    921   910   920  1     2068     -1
 5258    821   811   921  0     2069   2074
 5259    821   810   811  0     2069   2071
 5260    910   900   800  1     2070     -1
 5261    910   911   900  1     2070     -1
 5262    920   810   820  1     2072     -1
 5263    921   811   922  0     2073   2074
 5264    922   911   921  1     2073     -1
 5265    922   811   911  0     2073   2075
 5266    821   811   922  0     2074   2079
 5267    922   811   912  0     2075   2076
 5268    912   911   922  1     2075     -1
 5269    922   812   912  0     2076   2388
 5270    922   811   812  0     2076   2078
 5271    530   631   531  0     2077   2162
 5272    530   641   631  0     2077   2132
 5273    531   631   641  0     2077   2195
 5274    922   822   812  0     2078   2390
 5275    922   811   822  0     2078   2079
 5276    400   511   401  0     2080   2111
 5277    401   511   411  0     2080   2158
 5278    423   523   413  0     2083   2277
 5279    413   524   423  0     2083   2284
 5280    413   523   524  0     2083   2294
 5281    767   657   656  0     2084   3388
 5282    656   667   767  0     2084   3309
 5283    656   657   667  0     2084   2449
 5284    721   620   731  0     2085   2110
 5285    721   621   620  0     2085   2139
 5286    731   620   621  0     2085   2117
 5287    631   632   621  0     2086   2181
 5288    621   521   631  0     2086   2215
 5289    844   845   734  0     2087   2427
 5290    844   744   845  0     2087   2412
 5291    734   744   844  0     2087   2455
 5292    734   845   744  0     2087   2409
 5293    433   533   423  0     2088   2240
 5294    721   610   720  0     2089   2131
 5295    721   620   610  0     2089   2139
 5296    720   620   721  0     2089   2110
 5297    720   610   620  1     2089     -1
 5298    801   700   800  1     2091     -1
 5299    711   811   700  0     2092   2093
 5300    543   533   544  0     2094   2226
 5301    711   610   710  0     2095   2119
 5302    710   610   721  0     2095   2131
 5303    612   501   611  0     2096   2104
 5304    612   511   501  0     2096   2142
 5305    611   501   511  0     2096   2152
 5306    832   731   721  0     2097   2113
 5307    831   721   731  0     2097   2099
 5308    720   721   731  0     2099   2110
 5309    919   929   818  0     2100   2857
 5310    919   918   929  1     2100     -1
 5311    818   918   919  0     2100   2498
 5312    818   929   918  0     2100   2849
 5313    724   714   613  0     2101   2333
 5314    724   614   714  0     2101   2568
 5315    613   614   724  0     2101   2342
 5316    613   714   614  0     2101   2155
 5317    510   521   410  0     2102   2128
 5318    410   520   510  1     2102     -1
 5319    410   521   520  0     2102   2118
 5320    602   601   702  1     2103     -1
 5321    702   712   602  0     2103   2361
 5322    612   601   611  0     2104   2106
 5323    703   803   814  0     2105   2366
 5324    703   813   803  0     2105   2291
 5325    814   803   813  0     2105   2374
 5326    712   611   612  0     2106   2133
 5327    712   601   611  0     2106   2107
 5328    711   611   712  0     2107   2134
 5329    711   601   611  0     2107   2130
 5330    934   933   823  0     2108   2345
 5331    934   923   933  1     2108     -1
 5332    823   923   934  0     2108   2364
 5333    731   620   720  0     2109   2110
 5334    731   730   620  0     2109   2207
 5335    720   620   730  1     2109     -1
 5336    400   501   401  1     2111     -1
 5337    400   511   501  0     2111   2151
 5338    401   501   511  0     2111   2157
 5339    430   540   530  1     2112     -1
 5340    430   541   540  0     2112   2120
 5341    530   541   430  0     2112   2186
 5342    530   540   541  0     2112   2198
 5343    732   721   832  0     2113   2114
 5344    732   722   832  0     2114   2357
 5345    740   640   750  1     2115     -1
 5346    815   715   704  0     2116   2535
 5347    704   714   815  0     2116   2537
 5348    704   715   714  0     2116   2297
 5349    731   631   621  0     2117   2179
 5350    621   631   620  0     2117   2213
 5351    410   420   520  1     2118     -1
 5352    710   600   610  1     2119     -1
 5353    440   540   430  1     2120     -1
 5354    430   541   440  0     2120   2172
 5355    741   752   641  0     2121   2203
 5356    751   641   752  0     2121   2200
 5357    511   521   622  0     2122   2150
 5358    622   522   511  0     2122   2160
 5359    421   521   411  0     2123   2177
 5360    411   522   421  0     2123   2163
 5361    614   503   613  0     2124   2321
 5362    513   503   614  0     2124   2299
 5363    513   613   503  0     2124   2145
 5364    434   545   534  0     2125   2486
 5365    524   514   413  0     2126   2286
 5366    524   414   514  0     2126   2626
 5367    413   414   524  0     2126   2272
 5368    413   514   414  0     2126   2280
 5369    701   601   600  1     2127     -1
 5370    711   600   601  0     2127   2130
 5371    511   521   410  0     2128   2147
 5372    501   602   502  1     2129     -1
 5373    612   502   602  0     2129   2254
 5374    710   610   720  1     2131     -1
 5375    630   641   631  0     2132   2184
 5376    530   641   630  0     2132   2208
 5377    612   722   611  0     2133   2138
 5378    712   611   722  0     2133   2134
 5379    711   611   722  0     2134   2135
 5380    721   611   722  0     2135   2136
 5381    621   611   722  0     2136   2137
 5382    622   611   722  0     2137   2138
 5383    622   612   722  0     2138   2146
 5384    834   835   824  0     2140   2330
 5385    834   724   835  0     2140   2497
 5386    824   724   834  0     2140   2407
 5387    824   835   724  0     2140   2317
 5388    833   944   934  0     2141   2243
 5389    934   834   833  0     2141   2223
 5390    511   512   612  0     2142   2154
 5391    511   501   512  0     2142   2157
 5392    513   624   524  0     2143   2265
 5393    513   523   624  0     2143   2252
 5394    524   523   513  0     2143   2294
 5395    532   522   633  0     2144   2262
 5396    632   633   522  0     2144   2261
 5397    411   521   410  0     2147   2177
 5398    401   412   512  0     2148   2159
 5399    442   542   431  0     2149   2216
 5400    511   501   500  0     2151   2152
 5401    400   500   501  1     2151     -1
 5402    610   600   500  1     2153     -1
 5403    511   512   622  0     2154   2160
 5404    622   512   612  0     2154   2320
 5405    613   714   603  0     2155   2332
 5406    603   614   613  0     2155   2321
 5407    603   714   614  0     2155   2354
 5408    653   542   552  0     2156   2228
 5409    401   512   511  0     2157   2158
 5410    401   512   411  0     2158   2159
 5411    411   512   511  0     2158   2167
 5412    511   512   522  0     2160   2167
 5413    622   522   512  0     2160   2292
 5414    553   543   443  0     2161   2217
 5415    553   554   543  0     2161   2229
 5416    520   531   530  0     2162   2182
 5417    520   631   531  0     2162   2214
 5418    411   522   422  0     2163   2166
 5419    631   732   632  0     2164   2181
 5420    441   541   551  0     2165   2187
 5421    441   440   541  0     2165   2172
 5422    431   541   441  0     2168   2218
 5423    431   430   541  0     2168   2192
 5424    441   541   430  0     2168   2172
 5425    913   803   802  0     2169   2314
 5426    802   813   913  0     2169   2334
 5427    802   803   813  0     2169   2346
 5428    730   630   741  0     2170   2171
 5429    730   731   630  0     2170   2207
 5430    741   630   731  0     2170   2183
 5431    730   630   740  1     2171     -1
 5432    740   630   741  0     2171   2175
 5433    522   533   523  0     2173   2276
 5434    422   533   522  0     2173   2266
 5435    653   643   754  0     2174   2224
 5436    741   640   630  0     2175   2176
 5437    740   630   640  1     2175     -1
 5438    641   630   741  0     2176   2184
 5439    641   640   630  0     2176   2208
 5440    534   524   635  0     2178   2632
 5441    635   524   634  0     2178   2323
 5442    732   631   621  0     2179   2181
 5443    440   550   540  1     2180     -1
 5444    732   632   621  0     2181   2206
 5445    420   530   520  1     2182     -1
 5446    741   630   631  0     2183   2184
 5447    503   514   403  0     2185   2259
 5448    503   513   514  0     2185   2299
 5449    403   514   513  0     2185   2303
 5450    430   531   541  0     2186   2192
 5451    434   433   544  0     2188   2235
 5452    444   544   433  0     2188   2238
 5453    431   532   421  0     2189   2199
 5454    531   642   631  0     2191   2195
 5455    652   641   651  0     2193   2201
 5456    651   641   541  0     2193   2197
 5457    651   541   540  0     2196   2197
 5458    541   540   641  0     2197   2198
 5459    651   641   752  0     2200   2201
 5460    752   652   641  0     2201   2202
 5461    642   641   752  0     2202   2204
 5462    742   752   641  0     2203   2204
 5463    642   542   532  0     2205   2275
 5464    531   542   642  0     2205   2219
 5465    622   732   632  0     2206   2249
 5466    620   630   730  1     2207     -1
 5467    530   640   630  1     2208     -1
 5468    602   713   702  0     2209   2361
 5469    702   703   602  1     2209     -1
 5470    702   713   703  0     2209   2281
 5471    442   543   553  0     2210   2217
 5472    643   633   744  0     2211   2433
 5473    620   520   630  1     2212     -1
 5474    620   631   520  0     2212   2213
 5475    621   631   520  0     2213   2215
 5476    520   631   521  0     2214   2215
 5477    441   542   431  0     2216   2218
 5478    442   543   443  0     2217   2232
 5479    532   542   543  0     2220   2274
 5480    633   623   622  0     2221   2417
 5481    633   522   623  0     2221   2327
 5482    622   522   633  0     2221   2261
 5483    622   623   522  0     2221   2292
 5484    643   633   533  0     2222   2239
 5485    643   644   633  0     2222   2433
 5486    834   833   823  0     2223   2310
 5487    823   934   834  0     2223   2405
 5488    823   833   934  0     2223   2345
 5489    653   643   654  0     2224   2237
 5490    654   643   754  0     2224   2270
 5491    432   533   433  0     2225   2257
 5492    433   543   432  0     2225   2230
 5493    433   533   543  0     2225   2226
 5494    433   544   543  0     2226   2231
 5495    653   542   642  0     2227   2244
 5496    653   652   542  0     2227   2228
 5497    654   543   553  0     2229   2236
 5498    433   543   443  0     2230   2231
 5499    443   543   432  0     2230   2232
 5500    433   544   443  0     2231   2238
 5501    634   534   533  0     2233   2263
 5502    443   544   444  0     2234   2238
 5503    444   544   554  0     2234   3357
 5504    434   534   544  0     2235   2486
 5505    653   654   543  0     2236   2237
 5506    543   643   654  0     2237   2258
 5507    532   633   533  0     2239   2262
 5508    533   643   532  0     2239   2242
 5509    433   533   422  0     2240   2257
 5510    423   534   424  0     2241   2283
 5511    543   643   532  0     2242   2274
 5512    933   944   934  1     2243     -1
 5513    934   833   933  0     2243   2345
 5514    642   643   542  0     2244   2275
 5515    633   733   623  0     2245   2417
 5516    633   734   733  0     2245   2383
 5517    623   734   633  0     2245   2410
 5518    623   733   734  0     2245   2324
 5519    724   735   624  0     2246   2506
 5520    724   734   735  0     2246   2461
 5521    624   734   724  0     2246   2355
 5522    624   735   734  0     2246   2445
 5523    623   513   624  0     2248   2252
 5524    613   513   623  0     2248   2325
 5525    732   733   622  0     2249   2348
 5526    732   632   733  0     2249   2418
 5527    622   733   632  0     2249   2271
 5528    804   814   704  0     2250   2536
 5529    804   703   814  0     2250   2366
 5530    704   703   804  1     2250     -1
 5531    624   735   635  0     2251   2589
 5532    624   634   735  0     2251   2445
 5533    635   634   624  0     2251   2323
 5534    635   735   634  0     2251   2481
 5535    623   523   624  0     2252   2268
 5536    513   523   623  0     2252   2318
 5537    522   523   512  0     2253   2328
 5538    512   523   412  0     2253   2296
 5539    502   602   613  0     2254   2313
 5540    422   533   432  0     2255   2257
 5541    422   532   533  0     2255   2266
 5542    733   834   833  0     2256   2454
 5543    723   833   834  0     2256   2310
 5544    654   644   643  0     2258   2270
 5545    504   514   403  0     2259   2305
 5546    504   503   514  0     2259   2295
 5547    403   503   504  1     2259     -1
 5548    413   513   402  0     2260   2285
 5549    413   403   513  0     2260   2303
 5550    632   633   622  0     2261   2271
 5551    533   522   633  0     2262   2276
 5552    532   522   533  0     2262   2266
 5553    634   523   533  0     2263   2264
 5554    633   523   533  0     2264   2276
 5555    633   634   523  0     2264   2326
 5556    514   624   524  0     2265   2551
 5557    514   513   624  0     2265   2287
 5558    524   513   514  0     2265   2286
 5559    924   935   824  0     2267   2491
 5560    924   934   935  1     2267     -1
 5561    824   934   924  0     2267   2347
 5562    634   623   523  0     2268   2326
 5563    634   624   623  0     2268   2408
 5564    812   823   822  0     2269   2392
 5565    822   923   812  0     2269   2390
 5566    754   644   643  0     2270   2432
 5567    654   644   754  0     2270   3023
 5568    632   633   733  0     2271   2425
 5569    622   733   633  0     2271   2417
 5570    424   524   413  0     2272   2284
 5571    424   414   524  0     2272   2627
 5572    532   643   642  0     2273   2275
 5573    542   643   532  0     2274   2275
 5574    633   523   522  0     2276   2327
 5575    413   412   523  0     2277   2290
 5576    604   715   704  0     2278   2297
 5577    604   705   715  0     2278   2579
 5578    704   705   604  1     2278     -1
 5579    704   715   705  0     2278   2535
 5580    705   715   815  0     2279   2535
 5581    815   816   705  0     2279   2312
 5582    815   715   816  0     2279   2546
 5583    414   403   514  0     2280   2304
 5584    413   514   403  0     2280   2303
 5585    702   813   703  0     2281   2291
 5586    715   716   826  0     2282   2528
 5587    826   816   715  0     2282   2546
 5588    826   716   816  0     2282   2865
 5589    423   524   424  0     2283   2284
 5590    424   524   534  0     2283   2655
 5591    412   413   513  0     2285   2290
 5592    413   513   514  0     2286   2303
 5593    524   513   413  0     2286   2294
 5594    614   624   514  0     2287   2540
 5595    514   513   614  0     2287   2299
 5596    716   605   705  0     2288   2573
 5597    716   715   605  0     2288   2533
 5598    705   605   715  0     2288   2579
 5599    612   713   712  0     2289   2363
 5600    712   713   602  0     2289   2361
 5601    412   523   513  0     2290   2296
 5602    413   513   523  0     2290   2294
 5603    813   803   702  0     2291   2346
 5604    702   803   703  1     2291     -1
 5605    522   512   623  0     2292   2328
 5606    622   623   512  0     2292   2320
 5607    816   716   706  0     2293   2843
 5608    706   705   816  0     2293   2499
 5609    706   716   705  0     2293   2573
 5610    503   514   614  0     2295   2299
 5611    504   614   514  0     2295   2598
 5612    523   513   512  0     2296   2318
 5613    604   714   704  0     2297   2337
 5614    604   715   714  0     2297   2530
 5615    527   517   628  0     2298   2761
 5616    627   517   527  0     2298   2375
 5617    627   628   517  0     2298   2735
 5618    613   603   713  0     2300   2332
 5619    602   603   613  0     2300   2313
 5620    824   834   723  0     2301   2407
 5621    824   823   834  0     2301   2405
 5622    723   823   824  0     2301   2369
 5623    723   834   823  0     2301   2310
 5624    853   843   854  0     2302   2382
 5625    853   954   843  0     2302   2441
 5626    854   843   954  0     2302   2379
 5627    414   404   514  0     2304   2594
 5628    403   514   404  0     2304   2305
 5629    504   404   403  1     2305     -1
 5630    504   514   404  0     2305   2608
 5631    526   525   515  0     2306   4189
 5632    526   626   525  0     2306   2651
 5633    515   626   526  0     2306   2592
 5634    515   525   626  0     2306   2560
 5635    733   844   743  0     2307   2368
 5636    733   843   844  0     2307   2453
 5637    743   843   733  0     2307   2435
 5638    888   998   887  0     2308   3121
 5639    888   988   998  0     2308   3139
 5640    887   988   888  0     2308   3146
 5641    887   998   988  0     2308   3155
 5642    515   405   404  0     2309   4185
 5643    404   415   515  0     2309   2730
 5644    404   405   415  0     2309   2674
 5645    723   833   823  0     2310   2406
 5646    646   657   546  0     2311   3381
 5647    646   656   657  0     2311   3352
 5648    546   656   646  0     2311   2642
 5649    546   657   656  0     2311   2876
 5650    815   805   705  0     2312   2517
 5651    816   805   815  0     2312   2488
 5652    816   705   805  0     2312   2526
 5653    502   602   603  1     2313     -1
 5654    903   803   802  1     2314     -1
 5655    903   913   803  0     2314   2377
 5656    802   913   903  0     2314   2365
 5657    876   886   875  0     2315   3111
 5658    876   986   886  0     2315   3128
 5659    875   986   876  0     2315   3091
 5660    875   886   986  0     2315   2966
 5661    924   824   925  0     2316   2491
 5662    814   925   824  0     2316   2496
 5663    835   825   824  0     2317   2444
 5664    824   825   724  0     2317   2411
 5665    523   623   512  0     2318   2328
 5666    512   623   513  0     2318   2325
 5667    635   745   746  0     2319   2460
 5668    645   746   745  0     2319   2430
 5669    722   833   832  0     2322   2357
 5670    635   524   624  0     2323   2563
 5671    623   733   723  0     2324   2416
 5672    634   623   633  0     2326   2410
 5673    633   623   523  0     2326   2327
 5674    523   522   623  0     2327   2328
 5675    843   844   954  0     2329   2379
 5676    954   944   843  0     2329   2350
 5677    954   844   944  0     2329   3019
 5678    824   935   835  0     2330   2444
 5679    727   837   838  0     2331   2753
 5680    727   737   837  0     2331   2572
 5681    838   737   727  0     2331   2789
 5682    838   837   737  0     2331   2928
 5683    603   713   714  0     2332   2343
 5684    613   714   713  0     2332   2333
 5685    724   714   713  0     2333   2351
 5686    802   813   812  0     2334   2378
 5687    812   913   802  0     2334   2338
 5688    812   813   913  0     2334   2386
 5689    515   415   414  0     2335   2730
 5690    515   525   415  0     2335   4189
 5691    414   525   515  0     2335   2625
 5692    414   415   525  0     2335   4169
 5693    842   843   742  0     2336   2437
 5694    742   843   853  0     2336   2431
 5695    603   704   604  1     2337     -1
 5696    603   714   704  0     2337   2359
 5697    604   714   603  0     2337   2354
 5698    812   913   912  0     2338   2387
 5699    823   713   824  0     2339   2369
 5700    813   713   823  0     2339   2370
 5701    934   945   935  1     2340     -1
 5702    833   823   933  0     2341   2345
 5703    624   614   724  0     2342   2557
 5704    703   714   603  0     2343   2359
 5705    906   805   905  1     2344     -1
 5706    906   916   805  0     2344   2532
 5707    905   916   906  1     2344     -1
 5708    905   805   916  0     2344   2521
 5709    802   803   702  1     2346     -1
 5710    702   813   802  0     2346   2378
 5711    824   934   823  0     2347   2405
 5712    823   934   924  0     2347   2364
 5713    722   732   733  0     2348   2413
 5714    728   727   627  0     2349   2871
 5715    627   617   728  0     2349   2790
 5716    627   727   617  0     2349   2774
 5717    954   944   943  1     2350     -1
 5718    943   843   954  0     2350   2440
 5719    714   824   724  0     2351   2411
 5720    724   824   713  0     2351   2353
 5721    822   932   933  0     2352   2419
 5722    832   933   932  0     2352   2371
 5723    724   824   723  0     2353   2407
 5724    723   824   713  0     2353   2369
 5725    604   714   614  0     2354   2530
 5726    624   734   623  0     2355   2408
 5727    928   938   827  0     2356   2791
 5728    928   927   938  1     2356     -1
 5729    827   927   928  0     2356   2750
 5730    827   938   927  0     2356   2845
 5731    722   833   732  0     2357   2413
 5732    732   833   832  0     2357   2438
 5733    636   536   637  0     2358   2665
 5734    526   536   636  0     2358   2652
 5735    526   637   536  0     2358   2669
 5736    703   704   603  1     2359     -1
 5737    915   815   805  0     2360   2519
 5738    804   815   915  0     2360   2538
 5739    845   835   945  0     2362   2492
 5740    845   834   835  0     2362   2448
 5741    945   834   845  0     2362   2457
 5742    712   723   713  0     2363   2391
 5743    924   923   934  1     2364     -1
 5744    823   923   924  0     2364   2404
 5745    902   903   802  1     2365     -1
 5746    902   913   903  1     2365     -1
 5747    814   804   803  0     2366   2376
 5748    703   803   804  1     2366     -1
 5749    646   747   746  0     2367   2964
 5750    646   636   747  0     2367   2877
 5751    746   747   636  0     2367   2888
 5752    733   844   744  0     2368   2455
 5753    723   823   713  0     2369   2391
 5754    813   712   823  0     2370   2393
 5755    713   823   712  0     2370   2391
 5756    832   933   943  0     2371   2398
 5757    943   933   932  1     2371     -1
 5758    904   803   914  0     2372   2373
 5759    904   804   803  1     2372     -1
 5760    914   803   804  0     2372   2376
 5761    914   903   803  0     2373   2377
 5762    904   903   914  1     2373     -1
 5763    904   803   903  1     2373     -1
 5764    814   914   813  0     2374   2396
 5765    814   803   914  0     2374   2376
 5766    527   516   517  0     2375   2617
 5767    627   516   527  0     2375   2722
 5768    627   517   516  0     2375   2719
 5769    804   914   814  0     2376   2473
 5770    914   903   913  1     2377     -1
 5771    854   844   954  0     2379   3013
 5772    857   756   746  0     2380   3008
 5773    857   856   756  0     2380   3004
 5774    746   756   856  0     2380   2980
 5775    832   843   943  0     2381   2414
 5776    832   833   843  0     2381   2438
 5777    943   833   832  0     2381   2398
 5778    743   853   843  0     2382   2431
 5779    734   733   744  0     2383   2455
 5780    724   834   734  0     2384   2497
 5781    723   834   724  0     2384   2407
 5782    756   656   767  0     2385   3032
 5783    767   757   756  0     2385   2463
 5784    767   656   757  0     2385   3388
 5785    812   923   913  0     2386   2387
 5786    913   923   813  0     2386   2402
 5787    913   912   923  1     2387     -1
 5788    812   923   912  0     2387   2388
 5789    812   923   922  0     2388   2390
 5790    922   923   912  1     2388     -1
 5791    788   799   798  0     2389   3119
 5792    788   899   799  0     2389   3095
 5793    798   899   788  0     2389   3203
 5794    798   799   899  1     2389     -1
 5795    822   923   922  0     2390   2415
 5796    723   823   712  0     2391   2395
 5797    822   712   823  0     2392   2394
 5798    812   823   712  0     2392   2393
 5799    712   823   722  0     2394   2395
 5800    722   723   823  0     2395   2406
 5801    914   813   924  0     2396   2403
 5802    814   825   714  0     2397   2401
 5803    814   824   825  0     2397   2496
 5804    714   825   824  0     2397   2411
 5805    846   746   735  0     2399   2421
 5806    745   735   746  0     2399   2460
 5807    854   754   744  0     2400   3007
 5808    814   815   714  0     2401   2537
 5809    923   924   913  1     2402     -1
 5810    923   813   924  0     2402   2404
 5811    913   924   813  0     2402   2403
 5812    913   924   914  1     2403     -1
 5813    624   734   634  0     2408   2445
 5814    634   734   623  0     2408   2410
 5815    845   744   745  0     2409   2974
 5816    734   745   744  0     2409   2466
 5817    714   825   724  0     2411   2569
 5818    744   845   855  0     2412   2974
 5819    732   733   833  0     2413   2434
 5820    842   832   843  0     2414   2439
 5821    923   922   933  1     2415     -1
 5822    822   933   922  0     2415   2419
 5823    623   733   622  0     2416   2417
 5824    632   733   743  0     2418   2425
 5825    743   733   732  0     2418   2435
 5826    932   933   922  1     2419     -1
 5827    844   945   944  0     2420   2982
 5828    844   834   945  0     2420   2457
 5829    736   735   846  0     2421   2422
 5830    736   746   735  0     2421   2477
 5831    846   746   736  0     2421   2909
 5832    836   736   735  0     2422   2575
 5833    846   736   836  0     2422   2527
 5834    526   536   425  0     2423   4181
 5835    526   525   536  0     2423   2652
 5836    425   525   526  0     2423   4188
 5837    647   637   536  0     2424   2665
 5838    647   537   637  0     2424   2687
 5839    536   637   537  0     2424   2669
 5840    956   966   967  1     2426     -1
 5841    956   856   966  0     2426   3034
 5842    967   856   956  0     2426   2973
 5843    967   966   856  0     2426   3029
 5844    844   845   834  0     2427   2457
 5845    834   734   844  0     2427   2456
 5846    834   845   734  0     2427   2448
 5847    916   816   815  0     2428   2488
 5848    926   816   916  0     2428   2785
 5849    926   815   816  0     2428   2544
 5850    549   439   539  1     2429     -1
 5851    549   438   439  0     2429   3995
 5852    539   438   549  0     2429   2704
 5853    539   439   438  0     2429   4276
 5854    745   756   746  0     2430   2980
 5855    742   843   743  0     2431   2436
 5856    644   744   754  0     2432   3021
 5857    644   643   744  0     2432   2433
 5858    833   843   733  0     2434   2453
 5859    833   732   843  0     2434   2438
 5860    733   843   732  0     2434   2435
 5861    743   843   732  0     2435   2436
 5862    742   843   732  0     2436   2437
 5863    732   842   843  0     2437   2439
 5864    732   843   832  0     2438   2439
 5865    953   954   943  1     2440     -1
 5866    953   843   954  0     2440   2441
 5867    787   687   798  0     2442   3105
 5868    787   788   687  0     2442   3188
 5869    798   788   787  0     2442   3171
 5870    798   687   788  0     2442   3093
 5871    875   985   874  0     2443   3078
 5872    874   975   875  0     2443   2965
 5873    935   835   825  0     2444   2511
 5874    734   634   735  0     2445   2482
 5875    849   859   749  1     2446     -1
 5876    849   748   859  0     2446   2949
 5877    749   748   849  0     2446   2935
 5878    525   535   635  0     2447   2490
 5879    525   636   535  0     2447   2487
 5880    635   636   525  0     2447   2638
 5881    635   535   636  0     2447   2656
 5882    834   835   734  0     2448   2497
 5883    734   835   845  0     2448   2504
 5884    656   657   556  0     2449   2876
 5885    556   667   656  0     2449   2837
 5886    956   955   855  0     2450   3048
 5887    586   596   697  0     2451   3225
 5888    597   596   586  0     2451   3540
 5889    597   697   596  1     2451     -1
 5890    856   755   745  0     2452   2629
 5891    856   855   755  0     2452   2916
 5892    833   844   733  0     2453   2454
 5893    834   844   733  0     2454   2456
 5894    733   844   734  0     2455   2456
 5895    836   835   825  0     2458   2552
 5896    936   835   836  0     2458   2508
 5897    936   825   835  0     2458   2511
 5898    754   755   654  0     2459   3023
 5899    754   765   755  0     2459   2983
 5900    654   755   765  0     2459   3289
 5901    745   735   635  0     2460   2481
 5902    635   735   746  0     2460   2477
 5903    735   835   734  0     2461   2504
 5904    735   724   835  0     2461   2509
 5905    734   835   724  0     2461   2497
 5906    715   725   714  0     2462   2567
 5907    715   825   725  0     2462   2512
 5908    714   725   825  0     2462   2569
 5909    867   756   767  0     2463   3026
 5910    767   757   867  0     2463   2985
 5911    634   644   745  0     2464   2465
 5912    645   745   644  0     2464   3012
 5913    744   745   634  0     2465   2466
 5914    744   644   745  0     2465   3020
 5915    734   745   634  0     2466   2482
 5916    517   417   527  0     2467   4230
 5917    527   528   517  0     2467   2761
 5918    527   417   528  0     2467   2729
 5919    826   927   816  0     2468   2776
 5920    826   827   927  0     2468   2836
 5921    816   827   826  0     2468   2865
 5922    816   927   827  0     2468   2689
 5923    519   629   518  0     2469   2770
 5924    519   619   629  1     2469     -1
 5925    518   619   519  0     2469   2720
 5926    518   629   619  0     2469   2726
 5927    538   528   639  0     2470   2715
 5928    538   638   528  0     2470   2724
 5929    639   638   538  0     2470   2610
 5930    639   528   638  0     2470   2578
 5931    957   856   967  0     2471   2973
 5932    967   857   957  0     2471   2999
 5933    737   747   736  0     2472   2885
 5934    737   847   747  0     2472   2926
 5935    736   847   737  0     2472   2565
 5936    736   747   847  0     2472   2887
 5937    814   804   915  0     2473   2538
 5938    847   848   958  0     2474   2910
 5939    847   948   848  0     2474   2891
 5940    958   948   847  0     2474   2670
 5941    958   848   948  0     2474   2896
 5942    577   578   688  0     2475   2650
 5943    577   678   578  0     2475   2646
 5944    688   578   678  0     2475   3234
 5945    717   828   818  0     2476   2824
 5946    717   718   828  0     2476   2848
 5947    818   718   717  0     2476   2505
 5948    818   828   718  0     2476   2863
 5949    635   736   746  0     2477   2633
 5950    635   735   736  0     2477   2587
 5951    825   926   936  0     2478   2516
 5952    825   925   926  0     2478   2541
 5953    936   926   925  1     2478     -1
 5954    928   939   828  0     2479   2850
 5955    928   938   939  1     2479     -1
 5956    828   938   928  0     2479   2791
 5957    828   939   938  0     2479   2773
 5958    565   566   666  0     2480   3308
 5959    666   555   565  0     2480   3349
 5960    666   566   555  0     2480   3359
 5961    634   745   735  0     2481   2482
 5962    665   766   776  0     2483   3307
 5963    765   766   665  0     2483   3337
 5964    765   776   766  0     2483   3068
 5965    846   845   956  0     2484   3009
 5966    846   856   845  0     2484   2994
 5967    815   915   925  0     2485   2534
 5968    815   814   915  0     2485   2538
 5969    636   535   536  0     2487   2657
 5970    536   525   636  0     2487   2652
 5971    815   916   805  0     2488   2519
 5972    816   805   916  0     2488   2549
 5973    946   835   845  0     2489   2492
 5974    845   846   946  0     2489   3009
 5975    845   835   846  0     2489   2503
 5976    524   535   635  0     2490   2632
 5977    524   525   535  0     2490   2654
 5978    935   925   924  1     2491     -1
 5979    946   835   945  0     2492   2493
 5980    945   845   946  0     2492   2991
 5981    946   935   945  1     2493     -1
 5982    946   835   935  0     2493   2507
 5983    428   328   439  0     2494   4254
 5984    428   429   328  0     2494   4255
 5985    439   429   428  0     2494   4275
 5986    439   328   429  0     2494   4250
 5987    818   919   808  0     2495   2498
 5988    818   819   919  0     2495   2857
 5989    808   819   818  0     2495   2778
 5990    808   919   819  0     2495   2809
 5991    818   918   808  0     2498   2787
 5992    808   918   919  0     2498   2816
 5993    816   806   705  0     2499   2526
 5994    706   806   816  0     2499   2840
 5995    706   705   806  1     2499     -1
 5996    808   809   708  1     2500     -1
 5997    808   819   809  0     2500   2809
 5998    708   819   808  0     2500   2778
 5999    976   977   876  0     2501   3162
 6000    976   987   977  1     2501     -1
 6001    876   987   976  0     2501   3129
 6002    876   977   987  0     2501   3163
 6003    838   849   949  0     2502   2847
 6004    838   839   849  0     2502   2933
 6005    949   839   838  0     2502   2838
 6006    949   849   839  1     2502     -1
 6007    845   835   735  0     2503   2504
 6008    717   707   718  0     2505   2805
 6009    818   707   717  0     2505   2798
 6010    818   718   707  0     2505   2797
 6011    724   725   624  0     2506   2557
 6012    724   735   725  0     2506   2509
 6013    624   725   735  0     2506   2588
 6014    946   835   936  0     2507   2508
 6015    936   935   946  1     2507     -1
 6016    936   835   935  0     2507   2511
 6017    946   836   936  0     2508   2897
 6018    835   735   725  0     2509   2550
 6019    826   725   825  0     2510   2512
 6020    825   725   836  0     2510   2552
 6021    715   826   725  0     2512   2570
 6022    825   826   715  0     2512   2543
 6023    906   907   806  1     2513     -1
 6024    906   917   907  1     2513     -1
 6025    806   907   917  0     2513   2827
 6026    818   929   819  0     2514   2857
 6027    818   829   929  0     2514   2825
 6028    819   829   818  0     2514   2523
 6029    819   929   829  1     2514     -1
 6030    917   927   816  0     2515   2708
 6031    917   916   927  1     2515     -1
 6032    816   916   917  0     2515   2821
 6033    816   927   916  0     2515   2785
 6034    926   826   825  0     2516   2545
 6035    926   936   826  0     2516   2890
 6036    805   705   704  1     2517     -1
 6037    704   705   815  0     2517   2535
 6038    616   615   716  0     2518   2607
 6039    616   726   615  0     2518   2593
 6040    716   726   616  0     2518   2683
 6041    716   615   726  0     2518   2559
 6042    915   916   805  0     2519   2521
 6043    728   718   618  0     2520   2800
 6044    728   729   718  0     2520   2833
 6045    618   729   728  0     2520   2754
 6046    618   718   729  0     2520   2801
 6047    905   915   916  1     2521     -1
 6048    625   525   636  0     2522   2638
 6049    626   525   625  0     2522   2560
 6050    626   636   525  0     2522   2651
 6051    718   829   818  0     2523   2863
 6052    718   819   829  0     2523   2823
 6053    818   819   718  0     2523   2810
 6054    616   516   626  0     2524   2542
 6055    626   627   616  0     2524   2675
 6056    626   516   627  0     2524   2606
 6057    426   316   315  0     2525   4195
 6058    426   326   316  0     2525   4233
 6059    315   326   426  0     2525   4186
 6060    315   316   326  0     2525   2734
 6061    805   806   705  1     2526     -1
 6062    816   806   805  0     2526   2549
 6063    736   847   846  0     2527   2909
 6064    736   836   847  0     2527   2901
 6065    846   847   836  0     2527   2861
 6066    716   726   715  0     2528   2559
 6067    716   826   726  0     2528   2854
 6068    715   726   826  0     2528   2570
 6069    904   915   905  1     2529     -1
 6070    905   804   904  1     2529     -1
 6071    714   614   715  0     2530   2567
 6072    567   456   467  0     2531   3506
 6073    467   457   567  0     2531   3465
 6074    467   456   457  0     2531   3508
 6075    916   805   806  0     2532   2549
 6076    806   805   906  1     2532     -1
 6077    716   615   605  0     2533   2607
 6078    715   615   716  0     2533   2559
 6079    926   915   925  1     2534     -1
 6080    925   815   926  0     2534   2541
 6081    804   814   815  0     2536   2538
 6082    704   815   814  0     2536   2537
 6083    364   365   254  0     2539   3423
 6084    364   264   365  0     2539   3471
 6085    614   625   514  0     2540   2591
 6086    614   624   625  0     2540   2585
 6087    514   625   624  0     2540   2551
 6088    926   825   815  0     2541   2545
 6089    515   516   626  0     2542   2592
 6090    515   616   516  0     2542   2595
 6091    815   826   715  0     2543   2546
 6092    825   826   815  0     2543   2545
 6093    926   815   826  0     2544   2545
 6094    826   816   926  0     2544   2776
 6095    826   815   816  0     2544   2546
 6096    638   748   637  0     2547   2666
 6097    637   738   638  0     2547   2783
 6098    725   615   614  0     2548   2604
 6099    725   625   615  0     2548   2562
 6100    614   625   725  0     2548   2585
 6101    614   615   625  0     2548   2591
 6102    806   916   816  0     2549   2821
 6103    835   836   725  0     2550   2552
 6104    735   725   836  0     2550   2575
 6105    624   524   625  0     2551   2563
 6106    514   625   524  0     2551   2623
 6107    625   636   635  0     2553   2638
 6108    635   736   625  0     2553   2587
 6109    635   636   736  0     2553   2633
 6110    415   426   526  0     2554   4148
 6111    415   416   426  0     2554   4170
 6112    526   416   415  0     2554   2599
 6113    526   426   416  0     2554   4040
 6114    726   615   625  0     2555   2562
 6115    726   626   615  0     2555   2593
 6116    625   615   626  0     2555   2600
 6117    415   405   304  0     2556   2674
 6118    415   305   405  0     2556   4198
 6119    304   405   305  1     2556     -1
 6120    614   725   624  0     2557   2585
 6121    614   724   725  0     2557   2568
 6122    436   426   537  0     2558   4124
 6123    436   536   426  0     2558   4130
 6124    537   536   436  0     2558   4032
 6125    515   525   625  0     2560   2620
 6126    625   626   515  0     2560   2600
 6127    306   307   206  1     2561     -1
 6128    306   317   307  0     2561   4134
 6129    206   317   306  0     2561   4211
 6130    206   307   317  0     2561   4320
 6131    725   625   726  0     2562   2584
 6132    635   625   624  0     2563   2589
 6133    827   837   826  0     2564   2784
 6134    827   937   837  0     2564   2792
 6135    826   937   827  0     2564   2836
 6136    826   837   937  0     2564   2874
 6137    737   837   847  0     2565   2929
 6138    736   837   737  0     2565   2782
 6139    736   847   837  0     2565   2901
 6140    717   606   706  0     2566   2794
 6141    717   716   606  0     2566   2582
 6142    706   716   717  0     2566   2844
 6143    706   606   716  0     2566   2580
 6144    715   725   614  0     2567   2604
 6145    614   725   714  0     2567   2568
 6146    724   725   714  0     2568   2569
 6147    505   515   615  0     2571   2609
 6148    505   616   515  0     2571   2595
 6149    615   616   505  0     2571   2603
 6150    726   837   727  0     2572   2900
 6151    726   737   837  0     2572   2782
 6152    727   737   726  0     2572   2893
 6153    716   605   706  0     2573   2580
 6154    706   605   705  1     2573     -1
 6155    504   515   514  0     2574   2608
 6156    504   615   515  0     2574   2609
 6157    514   615   504  0     2574   2598
 6158    514   515   615  0     2574   2602
 6159    735   725   736  0     2575   2586
 6160    736   725   836  0     2575   2576
 6161    736   726   836  0     2576   2834
 6162    736   725   726  0     2576   2584
 6163    518   629   529  0     2577   2770
 6164    518   528   629  0     2577   2640
 6165    529   528   518  0     2577   4220
 6166    529   629   528  0     2577   2757
 6167    528   628   639  0     2578   2748
 6168    528   638   628  0     2578   2740
 6169    639   628   638  0     2578   2612
 6170    705   605   604  1     2579     -1
 6171    706   606   605  1     2580     -1
 6172    716   605   606  0     2580   2605
 6173    576   466   566  0     2581   3457
 6174    576   465   466  0     2581   3484
 6175    566   465   576  0     2581   3488
 6176    566   466   465  0     2581   2611
 6177    716   616   717  0     2582   2696
 6178    716   606   616  0     2582   2605
 6179    717   616   606  0     2582   2707
 6180    629   729   739  1     2583     -1
 6181    629   628   729  0     2583   2780
 6182    739   729   628  0     2583   2764
 6183    725   625   736  0     2584   2586
 6184    624   625   725  0     2585   2588
 6185    725   625   735  0     2586   2588
 6186    735   625   736  0     2586   2587
 6187    735   625   635  0     2587   2589
 6188    624   625   735  0     2588   2589
 6189    605   505   504  1     2590     -1
 6190    605   615   505  0     2590   2603
 6191    504   615   605  0     2590   2596
 6192    504   505   615  0     2590   2609
 6193    614   615   514  0     2591   2598
 6194    514   615   625  0     2591   2602
 6195    626   526   516  0     2592   2606
 6196    726   626   616  0     2593   2775
 6197    514   515   404  0     2594   2608
 6198    514   414   515  0     2594   2625
 6199    404   515   414  0     2594   2730
 6200    604   605   504  1     2596     -1
 6201    616   505   606  0     2597   2601
 6202    616   605   505  0     2597   2603
 6203    606   605   616  0     2597   2605
 6204    606   505   605  1     2597     -1
 6205    526   416   516  0     2599   4187
 6206    615   515   625  0     2600   2602
 6207    505   606   506  1     2601     -1
 6208    616   506   606  0     2601   2751
 6209    514   515   625  0     2602   2620
 6210    615   616   605  0     2603   2607
 6211    716   605   616  0     2605   2607
 6212    626   526   627  0     2606   2614
 6213    627   526   516  0     2606   2722
 6214    504   515   404  0     2608   2613
 6215    505   515   504  0     2609   2613
 6216    639   638   649  0     2610   2919
 6217    566   466   455  0     2611   3456
 6218    455   465   566  0     2611   3367
 6219    455   466   465  0     2611   3469
 6220    739   638   639  0     2612   2920
 6221    739   628   638  0     2612   2769
 6222    404   505   515  0     2613   4185
 6223    504   505   404  1     2613     -1
 6224    626   637   627  0     2614   2882
 6225    627   637   526  0     2614   2714
 6226    506   406   516  0     2615   4177
 6227    506   517   406  0     2615   4179
 6228    516   406   517  0     2615   4184
 6229    315   415   425  0     2616   4194
 6230    315   314   415  0     2616   4145
 6231    517   416   516  0     2617   4184
 6232    517   527   416  0     2617   4230
 6233    516   416   527  0     2617   4187
 6234    305   416   315  0     2618   2699
 6235    305   415   416  0     2618   4198
 6236    315   416   415  0     2618   4170
 6237    466   476   576  0     2619   3484
 6238    466   577   476  0     2619   3109
 6239    576   577   466  0     2619   3457
 6240    576   476   577  0     2619   3461
 6241    515   525   514  0     2620   2625
 6242    514   525   625  0     2620   2623
 6243    446   336   346  0     2621   2639
 6244    446   447   336  0     2621   4012
 6245    346   447   446  0     2621   3398
 6246    509   619   519  1     2622     -1
 6247    509   508   619  0     2622   2747
 6248    519   508   509  0     2622   2733
 6249    519   619   508  0     2622   2720
 6250    514   525   524  0     2623   2626
 6251    774   775   664  0     2624   2970
 6252    774   674   775  0     2624   3058
 6253    664   775   674  0     2624   3124
 6254    414   525   514  0     2625   2626
 6255    414   525   524  0     2626   2627
 6256    414   525   424  0     2627   2628
 6257    424   525   524  0     2627   2654
 6258    424   425   525  0     2628   2631
 6259    414   525   425  0     2628   4169
 6260    756   856   755  0     2629   3049
 6261    745   856   756  0     2629   2980
 6262    864   965   854  0     2630   3043
 6263    425   535   424  0     2631   2643
 6264    424   535   525  0     2631   2654
 6265    534   535   635  0     2632   2653
 6266    534   524   535  0     2632   2655
 6267    736   746   636  0     2633   2888
 6268    458   459   569  0     2634   2676
 6269    458   559   459  0     2634   3231
 6270    569   459   559  1     2634     -1
 6271    888   878   777  0     2635   3184
 6272    888   778   878  0     2635   3168
 6273    665   675   565  0     2636   3256
 6274    564   675   665  0     2636   3294
 6275    655   645   656  0     2637   3350
 6276    756   645   655  0     2637   3217
 6277    756   656   645  0     2637   2648
 6278    446   336   335  0     2639   2716
 6279    335   346   446  0     2639   4043
 6280    335   336   346  0     2639   2723
 6281    628   629   518  0     2640   2760
 6282    628   528   629  0     2640   2748
 6283    518   528   628  0     2640   2755
 6284    869   769   758  0     2641   2768
 6285    869   768   769  0     2641   3172
 6286    758   768   869  0     2641   2943
 6287    758   769   768  0     2641   3375
 6288    546   656   545  0     2642   3022
 6289    545   646   546  0     2642   2662
 6290    545   656   646  0     2642   3351
 6291     25   135    24  0     2644   4042
 6292    324   435   334  0     2645   2647
 6293    334   435   434  0     2645   4072
 6294    578   567   678  0     2646   3409
 6295    578   577   567  0     2646   3447
 6296    678   567   577  0     2646   2987
 6297    334   335   435  0     2647   4075
 6298    324   335   334  0     2647   4047
 6299    324   435   335  0     2647   4026
 6300    646   656   645  0     2648   3351
 6301    656   556   545  0     2649   3022
 6302    656   555   556  0     2649   3016
 6303    577   588   688  0     2650   3271
 6304    526   636   525  0     2651   2652
 6305    645   535   635  0     2653   2660
 6306    424   535   524  0     2654   2655
 6307    635   535   646  0     2656   2660
 6308    646   535   636  0     2656   2657
 6309    646   536   636  0     2657   2680
 6310    646   535   536  0     2657   2663
 6311    325   225   214  0     2658   4093
 6312    325   224   225  0     2658   4108
 6313    446   445   335  0     2659   3983
 6314    446   435   445  0     2659   4035
 6315    335   435   446  0     2659   4058
 6316    335   445   435  0     2659   4075
 6317    645   535   646  0     2660   2661
 6318    646   545   535  0     2661   2662
 6319    645   545   646  0     2661   3351
 6320    646   546   535  0     2662   2663
 6321    646   546   536  0     2663   2678
 6322    548   648   538  0     2664   2702
 6323    649   648   548  0     2664   3369
 6324    636   647   637  0     2665   2892
 6325    536   647   636  0     2665   2680
 6326    648   638   748  0     2666   2905
 6327    637   638   648  0     2666   2681
 6328    119     8   109  0     2667   4329
 6329    119   108     8  0     2667   3634
 6330    109   108   119  0     2667   4302
 6331    109     8   108  1     2667     -1
 6332    719   718   608  0     2668   2744
 6333    719   708   718  0     2668   2811
 6334    608   708   719  0     2668   2777
 6335    608   718   708  0     2668   2803
 6336    526   637   537  0     2669   2709
 6337    847   947   948  0     2670   2913
 6338    958   947   847  0     2670   2998
 6339    958   948   947  1     2670     -1
 6340    457   346   357  0     2671   3930
 6341    457   347   346  0     2671   4034
 6342    357   347   457  0     2671   3985
 6343    357   346   347  0     2671   4102
 6344    537   538   437  0     2672   4236
 6345    537   548   538  0     2672   2702
 6346    557   446   546  0     2673   3997
 6347    557   556   446  0     2673   4017
 6348    546   556   557  0     2673   3242
 6349    404   405   304  1     2674     -1
 6350    304   415   404  0     2674   2731
 6351    627   727   626  0     2675   2875
 6352    627   616   727  0     2675   2774
 6353    626   727   616  0     2675   2775
 6354    458   459   469  0     2676   3421
 6355    569   469   459  1     2676     -1
 6356    547   647   546  0     2677   3288
 6357    546   536   547  0     2677   4022
 6358    546   647   536  0     2677   2678
 6359    546   647   646  0     2678   3381
 6360    646   647   536  0     2678   2680
 6361    349   339   338  0     2679   4001
 6362    238   339   349  0     2679   3428
 6363    238   338   339  0     2679   4324
 6364    636   646   647  0     2680   2877
 6365    537   648   637  0     2681   2687
 6366    537   638   648  0     2681   2700
 6367    637   638   537  0     2681   2728
 6368    698   688   799  0     2682   3229
 6369    799   798   698  1     2682     -1
 6370    799   688   798  0     2682   3119
 6371    616   727   726  0     2683   2775
 6372    616   716   727  0     2683   2696
 6373    726   727   716  0     2683   2853
 6374    767   878   868  0     2684   3144
 6375    868   768   767  0     2684   2736
 6376    868   878   768  0     2684   3031
 6377    928   828   817  0     2685   2813
 6378    928   827   828  0     2685   2791
 6379    817   827   928  0     2685   2750
 6380    817   828   827  0     2685   2828
 6381    658   659   769  0     2686   3313
 6382    658   759   659  0     2686   2963
 6383    769   759   658  0     2686   3383
 6384    769   659   759  1     2686     -1
 6385    537   648   647  0     2687   2692
 6386    678   668   779  0     2688   3417
 6387    678   778   668  0     2688   3402
 6388    779   778   678  0     2688   3247
 6389    779   668   778  0     2688   3224
 6390    827   817   927  0     2689   2750
 6391    816   817   827  0     2689   2864
 6392    816   927   817  0     2689   2708
 6393    548   447   437  0     2690   3970
 6394    548   547   447  0     2690   4008
 6395    567   467   466  0     2691   3506
 6396    577   467   567  0     2691   3447
 6397    577   466   467  0     2691   3462
 6398    647   547   648  0     2692   3377
 6399    356   246   346  0     2693   4097
 6400    356   245   246  0     2693   3320
 6401    346   245   356  0     2693   3343
 6402    346   246   245  0     2693   3867
 6403    868   757   758  0     2694   2932
 6404    868   858   757  0     2694   2941
 6405    758   858   868  0     2694   2957
 6406    758   757   858  0     2694   2956
 6407    329   218   318  0     2695   3990
 6408    329   328   218  0     2695   3642
 6409    318   328   329  0     2695   4256
 6410    318   218   328  0     2695   4152
 6411    716   727   717  0     2696   2852
 6412    717   727   616  0     2696   2772
 6413    949   848   838  0     2697   2847
 6414    949   948   848  0     2697   2765
 6415    838   948   949  0     2697   2918
 6416    838   848   948  0     2697   2698
 6417    838   848   837  0     2698   2928
 6418    837   848   948  0     2698   2891
 6419    305   316   315  0     2699   4214
 6420    305   416   316  0     2699   4136
 6421    315   316   416  0     2699   4195
 6422    638   538   537  0     2700   2725
 6423    537   538   648  0     2700   2702
 6424    406   407   517  0     2701   4126
 6425    406   507   407  1     2701     -1
 6426    517   507   406  0     2701   4179
 6427    517   407   507  0     2701   4235
 6428    759   659   649  1     2703     -1
 6429    759   648   659  0     2703   2963
 6430    649   648   759  0     2703   2908
 6431    649   659   648  0     2703   3369
 6432    539   438   538  0     2704   4272
 6433    538   438   549  0     2704   3965
 6434    325   326   436  0     2705   4061
 6435    325   426   326  0     2705   4186
 6436    436   326   426  0     2705   4208
 6437    307   418   407  0     2706   4259
 6438    307   408   418  0     2706   3976
 6439    407   408   307  1     2706     -1
 6440    407   418   408  0     2706   2742
 6441    717   617   606  0     2707   2741
 6442    717   616   617  0     2707   2772
 6443    606   617   616  0     2707   2751
 6444    917   817   816  0     2708   2795
 6445    917   927   817  0     2708   2814
 6446    637   527   526  0     2709   2714
 6447    637   537   527  0     2709   2728
 6448    616   617   506  0     2710   2751
 6449    326   316   215  0     2711   2734
 6450    215   316   216  0     2711   4215
 6451    409   419   408  0     2712   4287
 6452    519   419   409  1     2712     -1
 6453    427   428   317  0     2713   4247
 6454    427   327   428  0     2713   3994
 6455    317   327   427  0     2713   4224
 6456    317   428   327  0     2713   4270
 6457    627   527   526  0     2714   2722
 6458    627   637   527  0     2714   2727
 6459    539   538   528  0     2715   4271
 6460    335   436   336  0     2716   3672
 6461    446   436   335  0     2716   4058
 6462    446   336   436  0     2716   4012
 6463    918   928   818  0     2717   2849
 6464    918   817   928  0     2717   2817
 6465    818   817   918  0     2717   2799
 6466    818   928   817  0     2717   2813
 6467    327   328   338  0     2718   4318
 6468    327   438   328  0     2718   4269
 6469    338   438   327  0     2718   4222
 6470    627   517   617  0     2719   2735
 6471    506   617   607  0     2721   2749
 6472    607   507   506  1     2721     -1
 6473    526   516   527  0     2722   4187
 6474    335   336   235  0     2723   4118
 6475    638   527   538  0     2724   2725
 6476    638   528   527  0     2724   2740
 6477    538   537   527  0     2725   4227
 6478    638   527   537  0     2725   2728
 6479    518   629   618  0     2726   2760
 6480    618   629   619  0     2726   2767
 6481    637   638   627  0     2727   2783
 6482    637   527   638  0     2727   2728
 6483    528   427   417  0     2729   4263
 6484    527   417   427  0     2729   4231
 6485    404   415   414  0     2730   2731
 6486    518   618   517  0     2732   2738
 6487    518   507   618  0     2732   2758
 6488    517   507   518  0     2732   4235
 6489    517   618   507  0     2732   2745
 6490    508   509   408  1     2733     -1
 6491    315   316   215  0     2734   4216
 6492    215   326   315  0     2734   4209
 6493    517   617   628  0     2735   2771
 6494    627   628   617  0     2735   2790
 6495    757   767   868  0     2736   2985
 6496    757   768   767  0     2736   2971
 6497    868   768   757  0     2736   2932
 6498    808   807   908  1     2737     -1
 6499    808   918   807  0     2737   2787
 6500    908   918   808  0     2737   2816
 6501    908   807   918  0     2737   2829
 6502    618   628   518  0     2738   2760
 6503    618   517   628  0     2738   2771
 6504    518   628   517  0     2738   2755
 6505    848   858   747  0     2739   2940
 6506    848   847   858  0     2739   2910
 6507    747   847   848  0     2739   2926
 6508    747   858   847  0     2739   2968
 6509    527   628   528  0     2740   2761
 6510    606   607   617  0     2741   2749
 6511    717   607   606  0     2741   2793
 6512    717   617   607  0     2741   2806
 6513    407   418   518  0     2742   2743
 6514    518   418   408  0     2742   4206
 6515    417   418   518  0     2743   2746
 6516    417   407   418  0     2743   4259
 6517    518   407   417  0     2743   4199
 6518    618   718   608  0     2744   2802
 6519    618   719   718  0     2744   2801
 6520    608   719   618  0     2744   2796
 6521    618   617   517  0     2745   2771
 6522    417   418   528  0     2746   3992
 6523    528   418   518  0     2746   4220
 6524    609   619   509  1     2747     -1
 6525    509   508   609  1     2747     -1
 6526    528   629   639  0     2748   2757
 6527    606   506   617  0     2749   2751
 6528    607   506   606  1     2749     -1
 6529    927   928   817  0     2750   2814
 6530    919   809   909  1     2752     -1
 6531    808   809   919  0     2752   2809
 6532    808   909   809  1     2752     -1
 6533    838   827   837  0     2753   2766
 6534    727   827   838  0     2753   2878
 6535    727   837   827  0     2753   2900
 6536    628   728   618  0     2754   2788
 6537    628   729   728  0     2754   2764
 6538    618   729   628  0     2754   2780
 6539    528   628   517  0     2755   2761
 6540    818   708   808  0     2756   2778
 6541    818   707   708  0     2756   2797
 6542    808   707   818  0     2756   2815
 6543    808   708   707  1     2756     -1
 6544    529   629   639  1     2757     -1
 6545    507   508   518  0     2758   3816
 6546    507   618   508  0     2758   2759
 6547    507   608   508  1     2759     -1
 6548    507   618   608  0     2759   2762
 6549    618   628   629  0     2760   2780
 6550    607   608   507  1     2762     -1
 6551    607   618   608  0     2762   2802
 6552    739   738   628  0     2763   2769
 6553    628   728   739  0     2763   2764
 6554    628   738   728  0     2763   2826
 6555    729   728   739  0     2764   2818
 6556    948   959   949  1     2765     -1
 6557    948   848   959  0     2765   2896
 6558    949   959   848  0     2765   2903
 6559    827   938   838  0     2766   2873
 6560    827   837   938  0     2766   2792
 6561    629   729   618  0     2767   2780
 6562    629   619   729  1     2767     -1
 6563    869   759   758  0     2768   2911
 6564    869   769   759  1     2768     -1
 6565    758   759   769  0     2768   3383
 6566    628   638   738  0     2769   2855
 6567    739   738   638  0     2769   2921
 6568    519   529   518  0     2770   4265
 6569    519   629   529  1     2770     -1
 6570    618   617   628  0     2771   2788
 6571    616   617   727  0     2772   2774
 6572    838   939   938  0     2773   2835
 6573    838   828   939  0     2773   2819
 6574    938   828   838  0     2773   2873
 6575    626   727   726  0     2775   2893
 6576    816   926   927  0     2776   2785
 6577    826   927   926  0     2776   2889
 6578    608   708   709  1     2777     -1
 6579    719   709   708  0     2777   2808
 6580    818   708   819  0     2778   2810
 6581    839   838   738  0     2779   2933
 6582    728   838   839  0     2779   2870
 6583    728   738   838  0     2779   2856
 6584    836   947   846  0     2781   2861
 6585    836   946   947  0     2781   2897
 6586    846   947   946  0     2781   2986
 6587    736   837   726  0     2782   2834
 6588    726   737   736  0     2782   2894
 6589    637   738   627  0     2783   2884
 6590    627   738   638  0     2783   2855
 6591    827   837   726  0     2784   2900
 6592    726   826   827  0     2784   2854
 6593    726   837   826  0     2784   2858
 6594    926   927   916  1     2785     -1
 6595    917   817   918  0     2786   2817
 6596    918   817   807  0     2786   2799
 6597    818   807   808  0     2787   2815
 6598    818   918   807  0     2787   2799
 6599    628   728   617  0     2788   2790
 6600    617   728   618  0     2788   2800
 6601    738   737   727  0     2789   2862
 6602    738   838   737  0     2789   2930
 6603    727   838   738  0     2789   2856
 6604    628   728   627  0     2790   2826
 6605    828   938   827  0     2791   2873
 6606    938   937   837  0     2792   2924
 6607    827   937   938  0     2792   2845
 6608    606   707   607  1     2793     -1
 6609    606   717   707  0     2793   2794
 6610    607   707   717  0     2793   2805
 6611    717   707   706  0     2794   2841
 6612    706   707   606  1     2794     -1
 6613    806   817   816  0     2795   2840
 6614    816   917   806  0     2795   2821
 6615    707   708   718  0     2797   2804
 6616    818   718   708  0     2797   2810
 6617    818   817   717  0     2798   2824
 6618    818   707   817  0     2798   2822
 6619    717   817   707  0     2798   2841
 6620    818   817   807  0     2799   2822
 6621    617   718   618  0     2800   2807
 6622    729   719   718  0     2801   2860
 6623    618   718   607  0     2802   2807
 6624    607   718   608  0     2802   2803
 6625    607   708   608  1     2803     -1
 6626    607   718   708  0     2803   2804
 6627    607   707   708  1     2804     -1
 6628    607   718   707  0     2804   2805
 6629    607   718   717  0     2805   2806
 6630    607   718   617  0     2806   2807
 6631    709   819   719  1     2808     -1
 6632    719   819   708  0     2808   2811
 6633    819   809   919  1     2809     -1
 6634    718   708   819  0     2810   2811
 6635    719   819   718  0     2811   2823
 6636    636   737   736  0     2812   2885
 6637    636   626   737  0     2812   2881
 6638    736   737   626  0     2812   2894
 6639    818   828   817  0     2813   2824
 6640    917   928   817  0     2814   2817
 6641    917   927   928  1     2814     -1
 6642    808   707   807  1     2815     -1
 6643    818   807   707  0     2815   2822
 6644    919   908   918  1     2816     -1
 6645    917   928   918  1     2817     -1
 6646    728   839   729  0     2818   2869
 6647    729   839   739  1     2818     -1
 6648    839   939   838  0     2819   2838
 6649    839   828   939  0     2819   2820
 6650    838   828   839  0     2819   2870
 6651    828   939   829  0     2820   2832
 6652    829   939   839  1     2820     -1
 6653    807   707   817  0     2822   2842
 6654    819   829   719  1     2823     -1
 6655    719   829   718  0     2823   2860
 6656    717   828   817  0     2824   2828
 6657    829   828   818  0     2825   2863
 6658    829   929   828  0     2825   2832
 6659    728   627   738  0     2826   2871
 6660    628   738   627  0     2826   2855
 6661    806   907   807  1     2827     -1
 6662    717   827   817  0     2828   2851
 6663    717   828   827  0     2828   2866
 6664    807   907   908  1     2829     -1
 6665    908   907   918  1     2829     -1
 6666    937   947   836  0     2830   2899
 6667    937   936   947  1     2830     -1
 6668    836   936   937  0     2830   2879
 6669    836   947   936  0     2830   2897
 6670    764   875   765  0     2831   3052
 6671    764   775   875  0     2831   3081
 6672    765   775   764  0     2831   2883
 6673    765   875   775  0     2831   3066
 6674    929   939   829  1     2832     -1
 6675    929   828   939  0     2832   2850
 6676    718   829   729  0     2833   2860
 6677    729   829   728  0     2833   2869
 6678    726   836   837  0     2834   2858
 6679    736   837   836  0     2834   2901
 6680    949   939   938  1     2835     -1
 6681    949   838   939  0     2835   2838
 6682    938   838   949  0     2835   2918
 6683    827   927   937  0     2836   2845
 6684    826   937   927  0     2836   2889
 6685    556   667   666  0     2837   3353
 6686    666   656   556  0     2837   3016
 6687    666   667   656  0     2837   3309
 6688    839   939   949  1     2838     -1
 6689    706   817   806  0     2839   2840
 6690    706   807   817  0     2839   2842
 6691    806   807   706  1     2839     -1
 6692    706   817   816  0     2840   2843
 6693    717   817   706  0     2841   2844
 6694    706   817   707  0     2841   2842
 6695    706   807   707  1     2842     -1
 6696    716   817   816  0     2843   2864
 6697    716   706   817  0     2843   2844
 6698    717   817   716  0     2844   2851
 6699    927   937   938  1     2845     -1
 6700    637   747   636  0     2846   2892
 6701    636   737   637  0     2846   2881
 6702    636   747   737  0     2846   2885
 6703    949   848   849  0     2847   2903
 6704    838   849   848  0     2847   2906
 6705    728   828   717  0     2848   2867
 6706    918   928   929  1     2849     -1
 6707    928   939   929  1     2850     -1
 6708    717   827   716  0     2851   2852
 6709    716   827   817  0     2851   2864
 6710    716   727   827  0     2852   2853
 6711    717   827   727  0     2852   2866
 6712    727   827   726  0     2853   2900
 6713    726   827   716  0     2853   2854
 6714    826   827   716  0     2854   2865
 6715    728   738   727  0     2856   2871
 6716    727   838   728  0     2856   2880
 6717    819   919   929  1     2857     -1
 6718    836   837   826  0     2858   2874
 6719    669   569   558  0     2859   3401
 6720    669   568   569  0     2859   3412
 6721    558   568   669  0     2859   3394
 6722    558   569   568  0     2859   3420
 6723    719   829   729  1     2860     -1
 6724    836   947   847  0     2861   2902
 6725    846   847   947  0     2861   2996
 6726    738   737   627  0     2862   2884
 6727    627   727   738  0     2862   2871
 6728    627   737   727  0     2862   2875
 6729    716   827   816  0     2864   2865
 6730    717   828   727  0     2866   2867
 6731    727   828   827  0     2866   2878
 6732    727   728   828  0     2867   2880
 6733    975   986   976  1     2868     -1
 6734    976   875   975  0     2868   3070
 6735    976   986   875  0     2868   3091
 6736    729   829   839  1     2869     -1
 6737    728   838   828  0     2870   2880
 6738    647   747   637  0     2872   2892
 6739    647   748   747  0     2872   2907
 6740    828   838   827  0     2873   2878
 6741    836   937   826  0     2874   2879
 6742    836   837   937  0     2874   2899
 6743    627   737   626  0     2875   2882
 6744    626   737   727  0     2875   2893
 6745    556   546   657  0     2876   3242
 6746    656   546   556  0     2876   3022
 6747    647   747   646  0     2877   2978
 6748    647   636   747  0     2877   2892
 6749    727   828   838  0     2878   2880
 6750    826   936   937  0     2879   2890
 6751    637   626   737  0     2881   2882
 6752    627   737   637  0     2882   2884
 6753    765   775   664  0     2883   3042
 6754    664   775   764  0     2883   2970
 6755    636   747   736  0     2885   2888
 6756    858   859   959  0     2886   2954
 6757    858   848   859  0     2886   2950
 6758    959   859   848  0     2886   2938
 6759    736   747   746  0     2887   2888
 6760    746   847   736  0     2887   2909
 6761    746   747   847  0     2887   3001
 6762    927   926   937  1     2889     -1
 6763    826   937   926  0     2889   2890
 6764    936   937   926  1     2890     -1
 6765    837   847   948  0     2891   2913
 6766    837   848   847  0     2891   2929
 6767    626   737   726  0     2893   2894
 6768    766   866   755  0     2895   3050
 6769    766   756   866  0     2895   2993
 6770    755   756   766  0     2895   3079
 6771    755   866   756  0     2895   3049
 6772    958   959   948  1     2896     -1
 6773    946   947   936  1     2897     -1
 6774    889   788   789  0     2898   3205
 6775    889   778   788  0     2898   3190
 6776    789   788   778  0     2898   3241
 6777    836   837   947  0     2899   2902
 6778    937   947   837  0     2899   2925
 6779    837   836   847  0     2901   2902
 6780    837   947   847  0     2902   2913
 6781    848   849   959  0     2903   2938
 6782    949   959   849  1     2903     -1
 6783    779   668   769  0     2904   3212
 6784    779   768   668  0     2904   3224
 6785    769   768   779  0     2904   3197
 6786    648   749   748  0     2905   2977
 6787    638   749   648  0     2905   2917
 6788    848   738   849  0     2906   2934
 6789    838   738   848  0     2906   2930
 6790    838   849   738  0     2906   2933
 6791    758   747   647  0     2907   2962
 6792    758   748   747  0     2907   2939
 6793    749   759   649  1     2908     -1
 6794    749   648   759  0     2908   2977
 6795    649   648   749  0     2908   2917
 6796    746   847   846  0     2909   2997
 6797    859   869   759  1     2911     -1
 6798    847   857   846  0     2912   2997
 6799    846   957   847  0     2912   2996
 6800    947   948   837  0     2913   2925
 6801    568   468   579  0     2914   3436
 6802    568   569   468  0     2914   3384
 6803    579   569   568  0     2914   3219
 6804    579   468   569  0     2914   3419
 6805    775   886   876  0     2915   3111
 6806    775   776   886  0     2915   3107
 6807    876   776   775  0     2915   3017
 6808    876   886   776  0     2915   2992
 6809    855   866   856  0     2916   3037
 6810    856   866   755  0     2916   3049
 6811    638   749   649  0     2917   2919
 6812    938   948   949  1     2918     -1
 6813    649   639   749  1     2919     -1
 6814    638   749   639  0     2919   2920
 6815    638   749   739  0     2920   2921
 6816    739   749   639  1     2920     -1
 6817    739   738   749  0     2921   2937
 6818    748   858   859  0     2922   2950
 6819    758   858   748  0     2922   2939
 6820    979   978   989  1     2923     -1
 6821    979   878   978  0     2923   2981
 6822    989   978   878  0     2923   3148
 6823    937   948   938  1     2924     -1
 6824    937   837   948  0     2924   2925
 6825    947   948   937  1     2925     -1
 6826    847   848   737  0     2926   2929
 6827    737   848   747  0     2926   2927
 6828    747   748   848  0     2927   2940
 6829    737   848   748  0     2927   2931
 6830    838   848   737  0     2928   2930
 6831    737   848   837  0     2928   2929
 6832    738   848   737  0     2930   2931
 6833    738   848   748  0     2931   2934
 6834    768   757   758  0     2932   3257
 6835    758   868   768  0     2932   2943
 6836    839   849   738  0     2933   2936
 6837    738   849   748  0     2934   2935
 6838    748   849   848  0     2934   2949
 6839    738   849   749  0     2935   2937
 6840    839   849   739  1     2936     -1
 6841    739   849   738  0     2936   2937
 6842    739   849   749  1     2937     -1
 6843    959   859   849  1     2938     -1
 6844    849   859   848  0     2938   2949
 6845    758   858   747  0     2939   2956
 6846    747   858   748  0     2939   2940
 6847    748   848   858  0     2940   2950
 6848    858   757   857  0     2941   2989
 6849    868   857   757  0     2941   2967
 6850    754   855   744  0     2942   3007
 6851    744   755   754  0     2942   3021
 6852    869   868   768  0     2943   3149
 6853    758   868   869  0     2943   2957
 6854    766   877   867  0     2944   3180
 6855    766   767   877  0     2944   3186
 6856    867   767   766  0     2944   3026
 6857    867   877   767  0     2944   3169
 6858    884   885   784  0     2945   3086
 6859    884   895   885  0     2945   3064
 6860    784   895   884  0     2945   3076
 6861    987   877   876  0     2946   3163
 6862    987   887   877  0     2946   2955
 6863    876   887   987  0     2946   3108
 6864    876   877   887  0     2946   3140
 6865    776   787   786  0     2947   3218
 6866    776   887   787  0     2947   3152
 6867    786   887   776  0     2947   3123
 6868    786   787   887  0     2947   3202
 6869    957   946   956  1     2948     -1
 6870    846   946   957  0     2948   2986
 6871    846   956   946  0     2948   3009
 6872    748   859   848  0     2949   2950
 6873    968   969   958  1     2951     -1
 6874    968   858   969  0     2951   2960
 6875    958   858   968  0     2951   3003
 6876    958   969   858  0     2951   2952
 6877    858   959   969  0     2952   2954
 6878    958   969   959  1     2952     -1
 6879    858   969   859  0     2953   2954
 6880    858   869   969  0     2953   2961
 6881    859   969   869  1     2953     -1
 6882    859   959   969  1     2954     -1
 6883    988   877   987  0     2955   3118
 6884    988   887   877  0     2955   3146
 6885    987   887   988  0     2955   3155
 6886    858   747   757  0     2956   2989
 6887    758   757   747  0     2956   2962
 6888    869   858   868  0     2957   2961
 6889    988   877   888  0     2958   3146
 6890    988   878   877  0     2958   3174
 6891    888   878   988  0     2958   3167
 6892    888   877   878  0     2958   3184
 6893    865   976   866  0     2959   2972
 6894    865   876   976  0     2959   3040
 6895    866   876   865  0     2959   3046
 6896    866   976   876  0     2959   3162
 6897    858   969   868  0     2960   2961
 6898    968   868   969  0     2960   3136
 6899    747   647   757  0     2962   2978
 6900    758   757   647  0     2962   3237
 6901    658   648   659  0     2963   2975
 6902    759   648   658  0     2963   3025
 6903    747   757   646  0     2964   2978
 6904    747   746   757  0     2964   3000
 6905    646   757   746  0     2964   3006
 6906    864   875   874  0     2965   3071
 6907    864   975   875  0     2965   3054
 6908    875   886   885  0     2966   3116
 6909    885   986   875  0     2966   3041
 6910    868   867   757  0     2967   2985
 6911    858   857   747  0     2968   2989
 6912    747   857   847  0     2968   3001
 6913    867   977   967  0     2969   3161
 6914    867   978   977  0     2969   3069
 6915    967   978   867  0     2969   3137
 6916    967   977   978  1     2969     -1
 6917    774   775   764  0     2970   3081
 6918    767   757   657  0     2971   3388
 6919    768   657   757  0     2971   3257
 6920    865   966   866  0     2972   3028
 6921    957   956   967  1     2973     -1
 6922    648   659   548  0     2975   3369
 6923    548   658   648  0     2975   3397
 6924    548   659   658  0     2975   3395
 6925    648   759   758  0     2976   3025
 6926    648   748   759  0     2976   2977
 6927    647   757   646  0     2978   3389
 6928    586   576   687  0     2979   3322
 6929    586   686   576  0     2979   3027
 6930    687   576   686  0     2979   3138
 6931    878   978   868  0     2981   3145
 6932    868   979   878  0     2981   3164
 6933    868   978   979  0     2981   3143
 6934    945   944   955  1     2982     -1
 6935    844   955   944  0     2982   3019
 6936    755   865   765  0     2983   3051
 6937    765   865   754  0     2983   3018
 6938    885   985   996  0     2984   3101
 6939    995   985   885  0     2984   3084
 6940    995   996   985  1     2984     -1
 6941    767   868   867  0     2985   3144
 6942    947   957   846  0     2986   2996
 6943    947   946   957  1     2986     -1
 6944    577   677   567  0     2987   2988
 6945    678   567   677  0     2987   3378
 6946    566   677   567  0     2988   3345
 6947    577   677   566  0     2988   3262
 6948    747   757   857  0     2989   3000
 6949    878   778   889  0     2990   3168
 6950    878   879   778  0     2990   3142
 6951    889   879   878  0     2990   3126
 6952    889   778   879  0     2990   3191
 6953    845   946   956  0     2991   3009
 6954    945   956   946  1     2991     -1
 6955    876   887   776  0     2992   3140
 6956    876   886   887  0     2992   3108
 6957    776   887   886  0     2992   3123
 6958    766   867   866  0     2993   3180
 6959    756   867   766  0     2993   3026
 6960    968   967   867  0     2995   3137
 6961    968   857   967  0     2995   2999
 6962    947   957   847  0     2996   2998
 6963    746   847   857  0     2997   3001
 6964    947   957   958  1     2998     -1
 6965    968   957   967  1     2999     -1
 6966    968   857   957  0     2999   3002
 6967    746   857   747  0     3000   3001
 6968    746   757   857  0     3000   3008
 6969    968   857   958  0     3002   3003
 6970    958   957   968  1     3002     -1
 6971    965   966   855  0     3005   3047
 6972    855   966   865  0     3005   3028
 6973    757   746   756  0     3006   3008
 6974    754   855   854  0     3007   3011
 6975    448   458   558  0     3010   4018
 6976    448   559   458  0     3010   3231
 6977    558   559   448  0     3010   3400
 6978    645   755   644  0     3012   3328
 6979    644   755   745  0     3012   3020
 6980    854   955   954  0     3013   3039
 6981    954   955   844  0     3013   3019
 6982    865   976   975  0     3014   3070
 6983    965   975   976  1     3014     -1
 6984    754   865   764  0     3015   3018
 6985    764   865   864  0     3015   3080
 6986    656   555   666  0     3016   3347
 6987    666   555   556  0     3016   3359
 6988    765   876   776  0     3017   3068
 6989    765   775   876  0     3017   3066
 6990    765   865   764  0     3018   3052
 6991    954   955   944  1     3019     -1
 6992    644   755   744  0     3020   3021
 6993    644   755   754  0     3021   3023
 6994    546   556   545  0     3022   3988
 6995    644   755   654  0     3023   3329
 6996    675   676   565  0     3024   3256
 6997    575   676   675  0     3024   3290
 6998    648   658   758  0     3025   3380
 6999    758   658   759  0     3025   3383
 7000    767   766   756  0     3026   3032
 7001    575   576   586  0     3027   3533
 7002    575   686   576  0     3027   3102
 7003    586   686   575  0     3027   3302
 7004    966   866   855  0     3028   3037
 7005    967   966   866  0     3029   3125
 7006    856   866   966  0     3029   3037
 7007    886   997   996  0     3030   3132
 7008    886   986   997  0     3030   3115
 7009    996   997   986  1     3030     -1
 7010    868   879   768  0     3031   3149
 7011    868   878   879  0     3031   3164
 7012    768   879   878  0     3031   3142
 7013    766   656   767  0     3032   3291
 7014    677   666   777  0     3033   3385
 7015    677   676   666  0     3033   3371
 7016    777   676   677  0     3033   3317
 7017    956   855   966  0     3034   3048
 7018    856   966   855  0     3034   3037
 7019    955   965   855  0     3035   3047
 7020    955   854   965  0     3035   3039
 7021    885   985   884  0     3036   3084
 7022    885   874   985  0     3036   3078
 7023    884   874   885  0     3036   3088
 7024    884   985   874  0     3036   3083
 7025    964   965   954  1     3038     -1
 7026    964   854   965  0     3038   3043
 7027    954   965   854  0     3038   3039
 7028    954   965   955  1     3039     -1
 7029    976   875   876  0     3040   3091
 7030    976   865   875  0     3040   3070
 7031    885   985   875  0     3041   3078
 7032    885   986   985  0     3041   3101
 7033    665   775   664  0     3042   3192
 7034    699   689   799  1     3044     -1
 7035    699   688   689  0     3044   3201
 7036    799   688   699  0     3044   3229
 7037    799   689   688  0     3044   3120
 7038    766   876   765  0     3045   3068
 7039    766   866   876  0     3045   3179
 7040    765   866   766  0     3045   3050
 7041    765   876   866  0     3045   3046
 7042    765   865   866  0     3046   3051
 7043    965   966   955  1     3047     -1
 7044    955   966   855  0     3047   3048
 7045    955   966   956  1     3048     -1
 7046    765   866   755  0     3050   3051
 7047    755   766   765  0     3050   3338
 7048    764   875   865  0     3052   3080
 7049    884   985   995  0     3053   3084
 7050    884   984   985  0     3053   3083
 7051    995   985   984  1     3053     -1
 7052    865   875   864  0     3054   3080
 7053    865   975   875  0     3054   3070
 7054    974   975   964  1     3055     -1
 7055    999   989   988  1     3056     -1
 7056    999   888   989  0     3056   3131
 7057    988   888   999  0     3056   3139
 7058    988   989   888  0     3056   3167
 7059    978   877   878  0     3057   3174
 7060    978   867   877  0     3057   3069
 7061    878   867   978  0     3057   3145
 7062    878   877   867  0     3057   3169
 7063    674   775   785  0     3058   3075
 7064    775   886   785  0     3059   3062
 7065    775   885   886  0     3059   3116
 7066    785   886   885  0     3059   3077
 7067    894   895   995  1     3060     -1
 7068    894   884   895  0     3060   3076
 7069    995   895   884  0     3060   3064
 7070    577   587   687  0     3061   3321
 7071    577   688   587  0     3061   3271
 7072    687   688   577  0     3061   3213
 7073    687   587   688  0     3061   3283
 7074    785   786   886  0     3062   3117
 7075    775   886   786  0     3062   3107
 7076    796   896   785  0     3063   3113
 7077    796   786   896  0     3063   3133
 7078    785   786   796  0     3063   3296
 7079    785   896   786  0     3063   3117
 7080    995   885   884  0     3064   3084
 7081    896   996   895  1     3065     -1
 7082    895   885   896  0     3065   3114
 7083    876   875   775  0     3066   3111
 7084    689   679   789  1     3067     -1
 7085    689   678   679  0     3067   3252
 7086    789   678   689  0     3067   3255
 7087    789   679   678  0     3067   3232
 7088    766   876   776  0     3068   3177
 7089    874   764   875  0     3071   3082
 7090    864   875   764  0     3071   3080
 7091    674   685   785  0     3072   3295
 7092    674   675   685  0     3072   3334
 7093    785   675   674  0     3072   3075
 7094    785   685   675  0     3072   3316
 7095    894   895   784  0     3073   3076
 7096    894   794   895  1     3073     -1
 7097    784   895   794  0     3073   3089
 7098    874   985   984  0     3074   3083
 7099    984   985   974  1     3074     -1
 7100    674   775   675  0     3075   3124
 7101    785   896   885  0     3077   3114
 7102    785   886   896  0     3077   3117
 7103    875   885   874  0     3078   3087
 7104    766   755   655  0     3079   3338
 7105    756   655   755  0     3079   3217
 7106    774   875   764  0     3081   3082
 7107    774   875   874  0     3082   3087
 7108    386   497   486  0     3085   3559
 7109    386   487   497  0     3085   3194
 7110    486   487   386  0     3085   3570
 7111    486   497   487  0     3085   3269
 7112    774   884   885  0     3086   3088
 7113    774   885   874  0     3087   3088
 7114    895   795   784  0     3089   3094
 7115    895   794   795  1     3089     -1
 7116    784   795   794  0     3089   3090
 7117    794   684   795  0     3090   3097
 7118    784   795   684  0     3090   3096
 7119    976   986   876  0     3091   3129
 7120    654   655   665  0     3092   3311
 7121    654   765   655  0     3092   3289
 7122    665   655   765  0     3092   3337
 7123    687   788   688  0     3093   3261
 7124    798   688   788  0     3093   3119
 7125    785   795   784  0     3094   3096
 7126    785   895   795  0     3094   3112
 7127    899   799   789  1     3095     -1
 7128    789   788   899  0     3095   3205
 7129    785   795   684  0     3096   3199
 7130    794   694   795  1     3097     -1
 7131    684   795   694  0     3097   3098
 7132    684   795   695  0     3098   3315
 7133    695   795   694  1     3098     -1
 7134    595   585   695  0     3099   3292
 7135    595   584   585  0     3099   3300
 7136    695   585   584  0     3099   3274
 7137    886   897   896  0     3100   3135
 7138    896   997   886  0     3100   3132
 7139    896   897   997  1     3100     -1
 7140    996   986   985  1     3101     -1
 7141    676   686   576  0     3102   3138
 7142    575   686   676  0     3102   3290
 7143    365   376   375  0     3103   3323
 7144    365   476   376  0     3103   3122
 7145    375   476   365  0     3103   3512
 7146    375   376   476  0     3103   3556
 7147    378   389   489  0     3104   3520
 7148    378   379   389  0     3104   3643
 7149    489   379   378  0     3104   3566
 7150    489   389   379  1     3104     -1
 7151    798   787   797  0     3105   3175
 7152    886   997   987  0     3106   3115
 7153    987   887   886  0     3106   3108
 7154    987   997   887  0     3106   3154
 7155    786   776   886  0     3107   3123
 7156    775   776   786  0     3107   3310
 7157    886   987   876  0     3108   3128
 7158    577   476   477  0     3109   3326
 7159    477   466   577  0     3109   3462
 7160    477   476   466  0     3109   3273
 7161    777   666   767  0     3110   3387
 7162    767   766   777  0     3110   3186
 7163    767   666   766  0     3110   3291
 7164    875   775   886  0     3111   3116
 7165    895   896   785  0     3112   3114
 7166    895   795   896  1     3112     -1
 7167    785   896   795  0     3112   3113
 7168    795   796   896  1     3113     -1
 7169    987   986   997  1     3115     -1
 7170    886   986   987  0     3115   3128
 7171    896   786   886  0     3117   3135
 7172    988   977   987  1     3118     -1
 7173    987   977   877  0     3118   3163
 7174    799   689   789  1     3120     -1
 7175    789   689   688  0     3120   3255
 7176    887   898   998  0     3121   3150
 7177    888   898   887  0     3121   3210
 7178    888   998   898  0     3121   3151
 7179    366   476   376  0     3122   3503
 7180    365   476   366  0     3122   3459
 7181    786   887   886  0     3123   3134
 7182    775   675   664  0     3124   3192
 7183    664   675   674  0     3124   3293
 7184    966   977   967  1     3125     -1
 7185    967   977   866  0     3125   3161
 7186    889   879   989  1     3126     -1
 7187    989   878   889  0     3126   3141
 7188    286   275   386  0     3127   3541
 7189    286   285   275  0     3127   3760
 7190    386   285   286  0     3127   3743
 7191    386   275   285  0     3127   3767
 7192    986   987   876  0     3128   3129
 7193    976   986   987  1     3129     -1
 7194    789   678   788  0     3130   3241
 7195    789   688   678  0     3130   3255
 7196    788   678   688  0     3130   3260
 7197    888   989   889  0     3131   3141
 7198    889   999   888  0     3131   3159
 7199    889   989   999  1     3131     -1
 7200    896   997   996  1     3132     -1
 7201    896   897   786  0     3133   3135
 7202    896   796   897  1     3133     -1
 7203    786   897   796  0     3133   3182
 7204    786   897   886  0     3134   3135
 7205    786   887   897  0     3134   3202
 7206    868   979   968  0     3136   3143
 7207    968   979   969  1     3136     -1
 7208    967   978   968  1     3137     -1
 7209    968   978   867  0     3137   3160
 7210    687   676   686  0     3138   3299
 7211    687   576   676  0     3138   3216
 7212    988   998   999  1     3139     -1
 7213    999   998   888  0     3139   3151
 7214    876   877   776  0     3140   3177
 7215    776   877   887  0     3140   3181
 7216    989   878   888  0     3141   3167
 7217    888   878   889  0     3141   3168
 7218    868   978   968  0     3143   3160
 7219    968   978   979  1     3143     -1
 7220    867   878   868  0     3144   3145
 7221    867   767   878  0     3144   3169
 7222    867   978   868  0     3145   3160
 7223    888   887   877  0     3146   3147
 7224    887   877   777  0     3147   3181
 7225    888   777   877  0     3147   3184
 7226    989   978   988  1     3148     -1
 7227    988   878   989  0     3148   3167
 7228    988   978   878  0     3148   3174
 7229    768   869   879  0     3149   3172
 7230    868   879   869  0     3149   3166
 7231    898   998   897  1     3150     -1
 7232    897   887   898  0     3150   3170
 7233    897   998   887  0     3150   3153
 7234    999   898   888  0     3151   3158
 7235    999   998   898  1     3151     -1
 7236    777   787   776  0     3152   3318
 7237    776   887   777  0     3152   3181
 7238    897   998   997  1     3153     -1
 7239    997   998   887  0     3153   3154
 7240    997   998   987  1     3154     -1
 7241    987   998   887  0     3154   3155
 7242    987   998   988  1     3155     -1
 7243     37    38   148  0     3156   3947
 7244     37   138    38  0     3156   4298
 7245    699   588   598  0     3157   3214
 7246    699   599   588  0     3157   3253
 7247    598   599   699  1     3157     -1
 7248    598   588   599  0     3157   3433
 7249    999   899   888  0     3158   3159
 7250    999   898   899  1     3158     -1
 7251    888   899   898  0     3158   3204
 7252    888   889   899  0     3159   3206
 7253    999   899   889  1     3159     -1
 7254    866   977   876  0     3162   3173
 7255    876   977   877  0     3163   3173
 7256    979   879   868  0     3164   3166
 7257    795   685   695  0     3165   3315
 7258    695   796   795  1     3165     -1
 7259    695   685   796  0     3165   3331
 7260    869   979   879  1     3166     -1
 7261    888   778   889  0     3168   3190
 7262    767   878   877  0     3169   3185
 7263    898   787   887  0     3170   3210
 7264    898   897   787  0     3170   3183
 7265    887   787   897  0     3170   3202
 7266    898   787   798  0     3171   3175
 7267    898   788   787  0     3171   3209
 7268    798   788   898  0     3171   3203
 7269    769   879   768  0     3172   3197
 7270    769   869   879  1     3172     -1
 7271    866   877   876  0     3173   3179
 7272    898   797   798  1     3175     -1
 7273    898   787   797  0     3175   3183
 7274    688   588   698  0     3176   3284
 7275    688   699   588  0     3176   3201
 7276    698   699   688  0     3176   3229
 7277    698   588   699  0     3176   3214
 7278    776   766   877  0     3177   3187
 7279    876   877   766  0     3177   3179
 7280    268   168   167  0     3178   3870
 7281    268   278   168  0     3178   3857
 7282    167   278   268  0     3178   3426
 7283    167   168   278  0     3178   3621
 7284    866   877   766  0     3179   3180
 7285    776   877   777  0     3181   3187
 7286    897   797   786  0     3182   3207
 7287    897   796   797  1     3182     -1
 7288    787   797   897  0     3183   3207
 7289    897   797   898  1     3183     -1
 7290    878   777   877  0     3184   3185
 7291    877   767   777  0     3185   3186
 7292    766   777   877  0     3186   3187
 7293    788   677   787  0     3188   3245
 7294    788   687   677  0     3188   3261
 7295    787   677   687  0     3188   3298
 7296    546   657   547  0     3189   3288
 7297    546   557   657  0     3189   3242
 7298    547   557   546  0     3189   3997
 7299    547   657   557  0     3189   3382
 7300    888   788   889  0     3190   3206
 7301    889   779   879  1     3191     -1
 7302    665   675   664  0     3192   3294
 7303    665   775   675  0     3192   3221
 7304    388   277   387  0     3193   3627
 7305    387   287   388  0     3193   3630
 7306    387   497   386  0     3194   3617
 7307    387   487   497  0     3194   3435
 7308    386   487   387  0     3194   3569
 7309    599   488   498  0     3195   3571
 7310    599   499   488  0     3195   3246
 7311    498   499   599  1     3195     -1
 7312    498   488   499  0     3195   3576
 7313    544   655   645  0     3196   3327
 7314    645   655   545  0     3196   3350
 7315    769   879   779  1     3197     -1
 7316    155   154   255  0     3198   3819
 7317    265   154   155  0     3198   3800
 7318    265   255   154  0     3198   3667
 7319    795   684   685  0     3199   3315
 7320    785   685   684  0     3199   3295
 7321    586   696   686  0     3200   3305
 7322    697   696   586  0     3200   3225
 7323    689   699   588  0     3201   3244
 7324    786   787   897  0     3202   3207
 7325    898   899   788  0     3203   3204
 7326    798   899   898  1     3203     -1
 7327    899   788   888  0     3204   3206
 7328    888   788   898  0     3204   3209
 7329    889   899   789  1     3205     -1
 7330    889   788   899  0     3205   3206
 7331    499   389   489  1     3208     -1
 7332    499   388   389  0     3208   3233
 7333    489   388   499  0     3208   3598
 7334    489   389   388  0     3208   3520
 7335    888   787   898  0     3209   3210
 7336    558   568   557  0     3211   3480
 7337    558   668   568  0     3211   3394
 7338    557   668   558  0     3211   3236
 7339    557   568   668  0     3211   3408
 7340    769   669   668  0     3212   3386
 7341    779   669   769  1     3212     -1
 7342    779   668   669  0     3212   3416
 7343    688   677   687  0     3213   3261
 7344    698   588   598  0     3214   3286
 7345    598   699   698  1     3214     -1
 7346    584   484   585  0     3215   3300
 7347    677   676   687  0     3216   3298
 7348    677   576   676  0     3216   3370
 7349    755   645   655  0     3217   3328
 7350    776   676   786  0     3218   3222
 7351    776   787   676  0     3218   3318
 7352    786   676   787  0     3218   3277
 7353    579   569   679  1     3219     -1
 7354    679   568   579  0     3219   3372
 7355    679   569   568  0     3219   3412
 7356    778   668   768  0     3220   3224
 7357    778   667   668  0     3220   3402
 7358    768   667   778  0     3220   3348
 7359    768   668   667  0     3220   3228
 7360    776   775   675  0     3221   3310
 7361    776   675   786  0     3222   3310
 7362    669   668   558  0     3223   3394
 7363    669   658   668  0     3223   3386
 7364    558   658   669  0     3223   3399
 7365    558   668   658  0     3223   3236
 7366    596   696   586  0     3225   3301
 7367    596   697   696  1     3225     -1
 7368    376   377   387  0     3226   3590
 7369    387   487   376  0     3226   3569
 7370    387   377   487  0     3226   3596
 7371    656   666   655  0     3227   3347
 7372    656   766   666  0     3227   3291
 7373    655   666   766  0     3227   3312
 7374    657   668   667  0     3228   3414
 7375    657   768   668  0     3228   3403
 7376    799   698   699  1     3229     -1
 7377    667   668   567  0     3230   3415
 7378    667   678   668  0     3230   3402
 7379    567   678   667  0     3230   3378
 7380    567   668   678  0     3230   3407
 7381    458   448   459  0     3231   3982
 7382    559   459   448  0     3231   3996
 7383    789   679   779  1     3232     -1
 7384    779   678   789  0     3232   3247
 7385    779   679   678  0     3232   3417
 7386    388   399   499  0     3233   3452
 7387    388   389   399  0     3233   3612
 7388    499   399   389  1     3233     -1
 7389    678   689   578  0     3234   3252
 7390    688   689   678  0     3234   3255
 7391     57    67    56  1     3235     -1
 7392     57   167    67  0     3235   3882
 7393     56   167    57  0     3235   3828
 7394     56    67   167  0     3235   3843
 7395    557   658   558  0     3236   3374
 7396    557   668   658  0     3236   3413
 7397    758   757   657  0     3237   3257
 7398    647   657   757  0     3237   3389
 7399    566   667   677  0     3238   3345
 7400    566   666   667  0     3238   3353
 7401    677   666   566  0     3238   3371
 7402    677   667   666  0     3238   3385
 7403    358   359   369  0     3239   3851
 7404    358   469   359  0     3239   3446
 7405    369   359   469  1     3239     -1
 7406    469   358   468  0     3240   3439
 7407    468   358   368  0     3240   3379
 7408    788   778   678  0     3241   3258
 7409    789   678   778  0     3241   3247
 7410    589   488   588  0     3243   3587
 7411    589   599   488  0     3243   3431
 7412    588   599   589  0     3243   3253
 7413    588   488   599  0     3243   3433
 7414    699   589   689  1     3244     -1
 7415    699   588   589  0     3244   3253
 7416    787   777   677  0     3245   3317
 7417    788   677   777  0     3245   3259
 7418    489   488   599  0     3246   3431
 7419    489   499   488  0     3246   3598
 7420    599   499   489  1     3246     -1
 7421    366   377   477  0     3248   3573
 7422    366   367   377  0     3248   3516
 7423    477   367   366  0     3248   3481
 7424    477   377   367  0     3248   3592
 7425    486   485   496  0     3249   3280
 7426    385   485   486  0     3249   3554
 7427    385   496   485  0     3249   3498
 7428    386   497   396  0     3250   3616
 7429    386   496   497  0     3250   3559
 7430    396   497   496  1     3250     -1
 7431    689   679   578  0     3251   3252
 7432    579   679   689  1     3251     -1
 7433    579   578   679  0     3251   3372
 7434    679   578   678  0     3252   3406
 7435    599   589   699  1     3253     -1
 7436    566   667   556  0     3254   3353
 7437    566   567   667  0     3254   3345
 7438    556   567   566  0     3254   3450
 7439    768   657   758  0     3257   3376
 7440    778   677   788  0     3258   3259
 7441    778   678   677  0     3258   3392
 7442    788   677   678  0     3258   3260
 7443    778   677   777  0     3259   3390
 7444    788   677   688  0     3260   3261
 7445    576   566   577  0     3262   3457
 7446    576   677   566  0     3262   3370
 7447    474   575   585  0     3263   3511
 7448    574   575   474  0     3263   3278
 7449    468   457   568  0     3264   3463
 7450    468   467   457  0     3264   3425
 7451    568   467   468  0     3264   3474
 7452    568   457   467  0     3264   3465
 7453    579   469   468  0     3265   3419
 7454    579   479   469  1     3265     -1
 7455    388   278   277  0     3266   3432
 7456    288   278   388  0     3266   3650
 7457    289   279   389  1     3267     -1
 7458    289   278   279  0     3267   3632
 7459    389   278   289  0     3267   3648
 7460    389   279   278  0     3267   3594
 7461    348   449   349  0     3268   4002
 7462    349   459   348  0     3268   3893
 7463    349   449   459  1     3268     -1
 7464    486   497   597  0     3269   3434
 7465    597   497   487  0     3269   3557
 7466    478   479   489  0     3270   3603
 7467    489   589   478  0     3270   3586
 7468    489   479   589  1     3270     -1
 7469    588   688   587  0     3271   3284
 7470    498   488   598  0     3272   3571
 7471    498   487   488  0     3272   3521
 7472    598   487   498  0     3272   3564
 7473    598   488   487  0     3272   3562
 7474    466   366   476  0     3273   3459
 7475    477   476   366  0     3273   3503
 7476    584   685   585  0     3274   3332
 7477    574   675   674  0     3275   3334
 7478    674   675   564  0     3275   3293
 7479    455   565   454  0     3276   3460
 7480    454   555   455  0     3276   3355
 7481    454   565   555  0     3276   3363
 7482    787   686   676  0     3277   3299
 7483    464   575   474  0     3278   3324
 7484    575   675   685  0     3279   3303
 7485    574   685   675  0     3279   3334
 7486    485   496   596  0     3280   3297
 7487    596   486   485  0     3280   3495
 7488    687   698   587  0     3281   3283
 7489    697   587   698  0     3281   3282
 7490    698   597   587  0     3282   3285
 7491    697   597   698  1     3282     -1
 7492    698   587   688  0     3283   3284
 7493    698   587   588  0     3284   3286
 7494    597   587   598  0     3285   3548
 7495    598   698   597  1     3285     -1
 7496    598   587   698  0     3285   3286
 7497    598   587   588  0     3286   3545
 7498    686   796   685  0     3287   3330
 7499    786   685   796  0     3287   3296
 7500    647   657   547  0     3288   3344
 7501    647   546   657  0     3288   3381
 7502    755   655   654  0     3289   3329
 7503    755   765   655  0     3289   3338
 7504    686   675   575  0     3290   3303
 7505    767   666   656  0     3291   3309
 7506    696   595   585  0     3292   3306
 7507    695   595   696  1     3292     -1
 7508    664   675   564  0     3293   3294
 7509    684   674   685  0     3295   3335
 7510    786   685   785  0     3296   3316
 7511    495   496   596  1     3297     -1
 7512    495   485   496  0     3297   3498
 7513    677   676   787  0     3298   3317
 7514    787   676   687  0     3298   3299
 7515    484   585   595  0     3300   3472
 7516    596   585   586  0     3301   3524
 7517    596   696   585  0     3301   3306
 7518    586   585   696  0     3301   3305
 7519    686   585   586  0     3302   3305
 7520    586   585   575  0     3302   3477
 7521    387   376   386  0     3304   3569
 7522    387   276   376  0     3304   3590
 7523    386   276   387  0     3304   3638
 7524    386   376   276  0     3304   3766
 7525    696   686   585  0     3305   3314
 7526    596   696   595  1     3306     -1
 7527    766   666   665  0     3307   3312
 7528    565   566   676  0     3308   3342
 7529    676   566   666  0     3308   3371
 7530    666   667   767  0     3309   3387
 7531    554   655   665  0     3311   3325
 7532    655   666   665  0     3312   3340
 7533    665   766   655  0     3312   3337
 7534    659   669   658  0     3313   3399
 7535    659   769   669  1     3313     -1
 7536    658   669   769  0     3313   3386
 7537    686   685   696  0     3314   3330
 7538    777   676   787  0     3317   3318
 7539    466   476   365  0     3319   3459
 7540    466   465   476  0     3319   3484
 7541    365   465   466  0     3319   3515
 7542    365   476   465  0     3319   3366
 7543    256   246   356  0     3320   4098
 7544    256   245   246  0     3320   4049
 7545    356   245   256  0     3320   4004
 7546    587   576   577  0     3321   3461
 7547    587   687   576  0     3321   3322
 7548    586   576   587  0     3322   3493
 7549    265   375   365  0     3323   3424
 7550    265   376   375  0     3323   3404
 7551    575   474   475  0     3324   3511
 7552    464   475   474  0     3324   3529
 7553    655   665   555  0     3325   3340
 7554    587   476   477  0     3326   3563
 7555    587   577   476  0     3326   3461
 7556    644   655   645  0     3327   3328
 7557    644   544   655  0     3327   3336
 7558    755   644   655  0     3328   3329
 7559    644   655   654  0     3329   3336
 7560    796   685   696  0     3330   3331
 7561    695   696   796  1     3331     -1
 7562    584   685   574  0     3332   3333
 7563    574   684   685  0     3333   3335
 7564    574   685   674  0     3334   3335
 7565    765   766   655  0     3337   3338
 7566    549   559   448  0     3339   3929
 7567    448   548   549  0     3339   3993
 7568    448   559   548  0     3339   3400
 7569    655   666   555  0     3340   3347
 7570    665   555   666  0     3340   3349
 7571     45   146   156  0     3341   3491
 7572     45   145   146  0     3341   4109
 7573    156   146   145  0     3341   3888
 7574    576   566   676  0     3342   3370
 7575    576   565   566  0     3342   3488
 7576    345   245   356  0     3343   3812
 7577    356   346   345  0     3343   4065
 7578    647   658   547  0     3344   3377
 7579    547   658   657  0     3344   3382
 7580    677   567   667  0     3345   3378
 7581    564   565   464  0     3346   3364
 7582    778   767   667  0     3348   3391
 7583    645   656   545  0     3350   3351
 7584    656   657   757  0     3352   3388
 7585    757   657   646  0     3352   3389
 7586    556   566   666  0     3353   3359
 7587    454   555   554  0     3354   3363
 7588    454   444   555  0     3354   3355
 7589    554   555   444  0     3354   3357
 7590    444   555   455  0     3355   3932
 7591    545   555   444  0     3356   3987
 7592    444   555   544  0     3356   3357
 7593    448   347   458  0     3358   4016
 7594    448   348   347  0     3358   4015
 7595    458   348   448  0     3358   3982
 7596    458   347   348  0     3358   3496
 7597    547   446   557  0     3360   3997
 7598    547   447   446  0     3360   4060
 7599    557   447   547  0     3360   4006
 7600    556   566   456  0     3361   3450
 7601    455   456   566  0     3361   3456
 7602    564   454   565  0     3362   3364
 7603    554   565   454  0     3362   3363
 7604    454   565   464  0     3364   3489
 7605     49    38    39  1     3365     -1
 7606     49   149    38  0     3365   3938
 7607     39   149    49  1     3365     -1
 7608     39    38   149  0     3365   3897
 7609    476   475   365  0     3366   3512
 7610    476   465   475  0     3366   3478
 7611    365   475   465  0     3366   3527
 7612    566   565   465  0     3367   3488
 7613    455   465   565  0     3367   3460
 7614    455   355   344  0     3368   4013
 7615    455   354   355  0     3368   3502
 7616    344   355   354  0     3368   3468
 7617    548   649   659  0     3369   3396
 7618    677   566   676  0     3370   3371
 7619    578   568   579  0     3372   3436
 7620    578   679   568  0     3372   3406
 7621    668   568   679  0     3373   3418
 7622    668   669   568  0     3373   3394
 7623    679   669   668  0     3373   3416
 7624    679   568   669  0     3373   3412
 7625    547   557   658  0     3374   3382
 7626    558   557   547  0     3374   4006
 7627    769   658   758  0     3375   3383
 7628    758   658   768  0     3375   3376
 7629    768   657   658  0     3376   3403
 7630    547   648   658  0     3377   3397
 7631    647   658   648  0     3377   3380
 7632    678   667   677  0     3378   3392
 7633    357   368   468  0     3379   3440
 7634    646   657   647  0     3381   3389
 7635    657   557   658  0     3382   3413
 7636    458   468   568  0     3384   3463
 7637    568   569   458  0     3384   3420
 7638    677   667   777  0     3385   3390
 7639    777   667   666  0     3385   3387
 7640    777   667   767  0     3387   3391
 7641    677   667   778  0     3390   3392
 7642    778   667   777  0     3390   3391
 7643    678   667   778  0     3392   3402
 7644    548   559   558  0     3393   3400
 7645    558   659   548  0     3393   3395
 7646    558   559   659  0     3393   3405
 7647    558   659   658  0     3395   3399
 7648    549   649   659  1     3396     -1
 7649    457   346   447  0     3398   4034
 7650    457   446   346  0     3398   3954
 7651    558   659   669  0     3399   3405
 7652    558   548   448  0     3400   4007
 7653    669   559   558  0     3401   3405
 7654    669   569   559  1     3401     -1
 7655    658   668   657  0     3403   3413
 7656    376   275   265  0     3404   3752
 7657    376   375   275  0     3404   3765
 7658    265   275   375  0     3404   3753
 7659    659   669   559  1     3405     -1
 7660    578   678   568  0     3406   3409
 7661    679   568   678  0     3406   3418
 7662    567   568   678  0     3407   3409
 7663    567   668   568  0     3407   3408
 7664    678   568   668  0     3407   3418
 7665    557   567   668  0     3408   3415
 7666    557   568   567  0     3408   3458
 7667    578   567   568  0     3409   3475
 7668    446   435   436  0     3410   4058
 7669    546   435   446  0     3410   4035
 7670    546   436   435  0     3410   4020
 7671    466   366   356  0     3411   3449
 7672    355   366   466  0     3411   3514
 7673    679   569   669  1     3412     -1
 7674    557   668   657  0     3413   3414
 7675    557   668   667  0     3414   3415
 7676    779   668   679  0     3416   3417
 7677    679   669   779  1     3416     -1
 7678    679   678   668  0     3417   3418
 7679    579   469   569  1     3419     -1
 7680    558   458   568  0     3420   3479
 7681    469   358   459  0     3421   3446
 7682    469   458   358  0     3421   3439
 7683    459   358   458  0     3421   3920
 7684    377   378   478  0     3422   3579
 7685    377   367   378  0     3422   3572
 7686    478   367   377  0     3422   3592
 7687    354   365   254  0     3423   3442
 7688    264   375   365  0     3424   3471
 7689    265   375   264  0     3424   3753
 7690    357   457   468  0     3425   3441
 7691    357   467   457  0     3425   3492
 7692    267   268   167  0     3426   3869
 7693    267   278   268  0     3426   3842
 7694    167   278   267  0     3426   3855
 7695    368   258   369  0     3427   3782
 7696    368   358   258  0     3427   3826
 7697    369   258   358  0     3427   3851
 7698    239   339   349  1     3428     -1
 7699    239   238   339  0     3428   4306
 7700    349   238   239  0     3428   3941
 7701     84   195    94  0     3429   3605
 7702     84   194   195  0     3429   3536
 7703     94   195   194  1     3429     -1
 7704    178   168   279  0     3430   3858
 7705    178   278   168  0     3430   3621
 7706    279   278   178  0     3430   3632
 7707    279   168   278  0     3430   3857
 7708    489   488   589  0     3431   3586
 7709    589   599   489  1     3431     -1
 7710    378   277   388  0     3432   3656
 7711    378   278   277  0     3432   3821
 7712    388   278   378  0     3432   3649
 7713    588   488   598  0     3433   3562
 7714    598   488   599  0     3433   3571
 7715    496   497   597  1     3434     -1
 7716    496   486   497  0     3434   3559
 7717    498   497   387  0     3435   3615
 7718    498   487   497  0     3435   3564
 7719    387   487   498  0     3435   3521
 7720    568   468   578  0     3436   3474
 7721    578   468   579  0     3436   3526
 7722    274   275   264  0     3437   3639
 7723    264   275   164  0     3437   3539
 7724     86    76    87  1     3438     -1
 7725     86   187    76  0     3438   3737
 7726     87   187    86  0     3438   3680
 7727    368   468   367  0     3440   3581
 7728    468   458   457  0     3441   3463
 7729    357   457   458  0     3441   3985
 7730    365   355   354  0     3442   3501
 7731    354   355   254  0     3442   3466
 7732    444   445   334  0     3443   4073
 7733    444   344   445  0     3443   4036
 7734    334   445   344  0     3443   3454
 7735    169   158   168  0     3444   3901
 7736    169    58   158  0     3444   3879
 7737    168   158    58  0     3444   3896
 7738    377   267   367  0     3445   3572
 7739    377   266   267  0     3445   3817
 7740    367   266   377  0     3445   3516
 7741    367   267   266  0     3445   3807
 7742    469   359   459  1     3446     -1
 7743    459   359   358  0     3446   3910
 7744    577   467   578  0     3447   3451
 7745    578   467   567  0     3447   3475
 7746    358   347   458  0     3448   3496
 7747    358   357   347  0     3448   3991
 7748    458   347   357  0     3448   3985
 7749    366   356   467  0     3449   3517
 7750    567   566   456  0     3450   3507
 7751    578   477   467  0     3451   3575
 7752    577   467   477  0     3451   3462
 7753    499   398   399  1     3452     -1
 7754    388   398   499  0     3452   3604
 7755    388   399   398  0     3452   3613
 7756    375   475   364  0     3453   3530
 7757    375   365   475  0     3453   3512
 7758    364   365   375  0     3453   3471
 7759    364   475   365  0     3453   3527
 7760    344   345   445  0     3454   4024
 7761    334   345   344  0     3454   4069
 7762    334   445   345  0     3454   4074
 7763    455   465   354  0     3455   3502
 7764    455   454   465  0     3455   3460
 7765    354   465   454  0     3455   3487
 7766    566   466   456  0     3456   3507
 7767    568   457   557  0     3458   3480
 7768    568   567   457  0     3458   3465
 7769    365   466   366  0     3459   3514
 7770    454   465   565  0     3460   3489
 7771    576   476   587  0     3461   3493
 7772    458   457   568  0     3463   3479
 7773    318   428   418  0     3464   4242
 7774    318   429   428  0     3464   4255
 7775    418   429   318  0     3464   4225
 7776    418   428   429  0     3464   4243
 7777    567   467   568  0     3465   3475
 7778    354   355   244  0     3466   3468
 7779    244   355   254  0     3466   3785
 7780    465   576   475  0     3467   3478
 7781    575   576   465  0     3467   3470
 7782    575   475   576  0     3467   3533
 7783    344   355   244  0     3468   4041
 7784    355   465   455  0     3469   3502
 7785    355   466   465  0     3469   3515
 7786    565   576   465  0     3470   3488
 7787     25    35   136  0     3473   4107
 7788     25    36    35  1     3473     -1
 7789    136    36    25  0     3473   3913
 7790    468   578   467  0     3474   3574
 7791    568   467   578  0     3474   3475
 7792    366   256   356  0     3476   3814
 7793    356   256   255  0     3476   4004
 7794    585   475   586  0     3477   3504
 7795    585   575   475  0     3477   3511
 7796    586   475   575  0     3477   3533
 7797    476   576   475  0     3478   3534
 7798    465   576   476  0     3478   3484
 7799    558   457   568  0     3479   3480
 7800    558   458   457  0     3479   4019
 7801    558   457   557  0     3480   4005
 7802    467   367   366  0     3481   3517
 7803    477   367   467  0     3481   3558
 7804    586   486   597  0     3482   3540
 7805    586   587   486  0     3482   3537
 7806    157   167    56  0     3483   3828
 7807    157   156   167  0     3483   3848
 7808     56   167   156  0     3483   3786
 7809    555   445   455  0     3485   3932
 7810    284   385   395  0     3486   3717
 7811    384   385   284  0     3486   3519
 7812    454   464   465  0     3487   3489
 7813    354   465   464  0     3487   3500
 7814    137   247   136  0     3490   3955
 7815    137   237   247  0     3490   3980
 7816    136   237   137  0     3490   4127
 7817    136   247   237  0     3490   3918
 7818     45    46   156  0     3491   4081
 7819    467   356   357  0     3492   3518
 7820    467   457   356  0     3492   3508
 7821    357   356   457  0     3492   3930
 7822    576   476   586  0     3493   3534
 7823    586   476   587  0     3493   3537
 7824    369   269   258  0     3494   3633
 7825    369   268   269  0     3494   3841
 7826    258   268   369  0     3494   3782
 7827    258   269   268  0     3494   3899
 7828    596   486   586  0     3495   3540
 7829    586   485   596  0     3495   3524
 7830    358   348   458  0     3496   3920
 7831    358   347   348  0     3496   3977
 7832    165   155   166  0     3497   3777
 7833    165   266   155  0     3497   3673
 7834    166   266   165  0     3497   3805
 7835    385   496   495  0     3498   3551
 7836    475   485   474  0     3499   3522
 7837    475   585   485  0     3499   3504
 7838    474   585   475  0     3499   3511
 7839    364   465   464  0     3500   3528
 7840    355   465   365  0     3501   3515
 7841    355   354   465  0     3501   3502
 7842    477   376   366  0     3503   3573
 7843    477   476   376  0     3503   3568
 7844    585   485   586  0     3504   3524
 7845    255   145   256  0     3505   3535
 7846    255   245   145  0     3505   3889
 7847    256   245   255  0     3505   4004
 7848    256   145   245  0     3505   4049
 7849    567   456   466  0     3506   3507
 7850     85   185   195  0     3509   3736
 7851    374   485   484  0     3510   3538
 7852    374   474   485  0     3510   3522
 7853    375   476   475  0     3512   3547
 7854    384   484   495  0     3513   3532
 7855    365   466   355  0     3514   3515
 7856    355   366   365  0     3514   3803
 7857    367   266   366  0     3516   3815
 7858    366   266   377  0     3516   3793
 7859    366   356   367  0     3517   3814
 7860    367   356   467  0     3517   3518
 7861    367   356   357  0     3518   3813
 7862    274   385   284  0     3519   3628
 7863    274   384   385  0     3519   3543
 7864    378   388   489  0     3520   3589
 7865    378   389   388  0     3520   3649
 7866    387   488   498  0     3521   3597
 7867    387   487   488  0     3521   3596
 7868    475   485   374  0     3522   3523
 7869    374   474   475  0     3522   3531
 7870    475   485   375  0     3523   3552
 7871    375   374   475  0     3523   3530
 7872    184   185    74  0     3525   3714
 7873    468   478   578  0     3526   3574
 7874    578   478   579  0     3526   3582
 7875    364   475   465  0     3527   3528
 7876    364   475   464  0     3528   3529
 7877    364   475   474  0     3529   3531
 7878    374   475   364  0     3530   3531
 7879    384   484   485  0     3532   3538
 7880    586   475   576  0     3533   3534
 7881    255   145   155  0     3535   3912
 7882    194   195   184  0     3536   3734
 7883    264   275   265  0     3539   3753
 7884    276   275   386  0     3541   3766
 7885    276   286   275  0     3541   3754
 7886    386   286   276  0     3541   3638
 7887    177   166   176  0     3542   3669
 7888    177    66   166  0     3542   3831
 7889    176    66   177  0     3542   3781
 7890    176   166    66  0     3542   3665
 7891    274   374   385  0     3543   3544
 7892    375   385   274  0     3544   3700
 7893    587   487   598  0     3545   3548
 7894    587   588   487  0     3545   3561
 7895    598   487   588  0     3545   3562
 7896    588   478   578  0     3546   3580
 7897    588   477   478  0     3546   3550
 7898    578   478   477  0     3546   3575
 7899    476   486   375  0     3547   3556
 7900    375   486   475  0     3547   3552
 7901    597   487   598  0     3548   3557
 7902    254   255   265  0     3549   3667
 7903    488   478   588  0     3550   3587
 7904    488   477   478  0     3550   3593
 7905    395   496   495  1     3551     -1
 7906    375   486   485  0     3552   3554
 7907    375   486   386  0     3553   3555
 7908    375   385   486  0     3553   3554
 7909    386   385   375  0     3553   3768
 7910    386   376   486  0     3555   3570
 7911    375   376   386  0     3555   3765
 7912    375   486   376  0     3555   3556
 7913    376   476   486  0     3556   3567
 7914    597   497   598  1     3557     -1
 7915    598   497   487  0     3557   3564
 7916    467   478   367  0     3558   3577
 7917    467   477   478  0     3558   3575
 7918    367   478   477  0     3558   3592
 7919    276   286   387  0     3560   3638
 7920    276   287   286  0     3560   3763
 7921    387   286   287  0     3560   3730
 7922    477   487   587  0     3561   3563
 7923    476   477   487  0     3563   3568
 7924    598   497   498  1     3564     -1
 7925    258   158   157  0     3565   3839
 7926    258   268   158  0     3565   3899
 7927    157   268   258  0     3565   3840
 7928    157   158   268  0     3565   3883
 7929    379   378   479  0     3566   3585
 7930    479   489   379  1     3566     -1
 7931    479   378   489  0     3566   3603
 7932    486   376   487  0     3567   3570
 7933    476   487   376  0     3567   3568
 7934    386   487   376  0     3569   3570
 7935    498   599   598  1     3571     -1
 7936    367   378   267  0     3572   3657
 7937    377   267   378  0     3572   3823
 7938    366   377   376  0     3573   3793
 7939    578   467   478  0     3574   3575
 7940    468   478   467  0     3574   3577
 7941    488   388   498  0     3576   3597
 7942    488   499   388  0     3576   3598
 7943    498   388   499  0     3576   3604
 7944    468   478   367  0     3577   3581
 7945    426   427   537  0     3578   4238
 7946    426   527   427  0     3578   4232
 7947    537   427   527  0     3578   4227
 7948    377   378   488  0     3579   3600
 7949    488   478   377  0     3579   3593
 7950    578   589   478  0     3580   3582
 7951    588   478   589  0     3580   3587
 7952    148   248   259  0     3583   3964
 7953    148   258   248  0     3583   3946
 7954    259   258   148  0     3583   3894
 7955    259   248   258  0     3583   3878
 7956    398   287   387  0     3584   3630
 7957    398   397   287  0     3584   3599
 7958    387   397   398  0     3584   3614
 7959    387   287   397  0     3584   3730
 7960    368   379   378  0     3585   3873
 7961    488   589   478  0     3586   3587
 7962     77   187   177  0     3588   3779
 7963     77   188   187  0     3588   3695
 7964    177   188    77  0     3588   3660
 7965    177   187   188  0     3588   3661
 7966    378   388   488  0     3589   3600
 7967    488   388   489  0     3589   3598
 7968    399   398   298  1     3591     -1
 7969    288   398   399  0     3591   3613
 7970    477   377   478  0     3592   3593
 7971    477   377   488  0     3593   3595
 7972    389   279   379  1     3594     -1
 7973    379   278   389  0     3594   3643
 7974    379   279   278  0     3594   3668
 7975    488   487   377  0     3595   3596
 7976    387   377   488  0     3596   3601
 7977    387   388   498  0     3597   3607
 7978    387   488   388  0     3597   3601
 7979    398   297   287  0     3599   3619
 7980    397   297   398  1     3599     -1
 7981    397   287   297  0     3599   3732
 7982    378   388   377  0     3600   3656
 7983    377   388   488  0     3600   3601
 7984    377   388   387  0     3601   3627
 7985    198   188   299  0     3602   3681
 7986    198   298   188  0     3602   3703
 7987    299   298   198  1     3602     -1
 7988    299   188   298  0     3602   3687
 7989    388   398   498  0     3604   3607
 7990    498   398   499  1     3604     -1
 7991     94    95   195  1     3605     -1
 7992     84    95    94  1     3605     -1
 7993    175    65    64  0     3606   3671
 7994    175    75    65  0     3606   3724
 7995     64    75   175  0     3606   3723
 7996     64    65    75  1     3606     -1
 7997    387   398   498  0     3607   3614
 7998    387   388   398  0     3607   3630
 7999    395   285   284  0     3608   3717
 8000    395   295   285  0     3608   3739
 8001    284   295   395  0     3608   3637
 8002    389   289   288  0     3609   3648
 8003    389   399   289  1     3609     -1
 8004    288   399   389  0     3609   3612
 8005    288   289   399  0     3609   3623
 8006     79    89    78  1     3610     -1
 8007     79   189    89  1     3610     -1
 8008     78   189    79  0     3610   3683
 8009     78    89   189  0     3610   3679
 8010    177   278   178  0     3611   3830
 8011    288   178   278  0     3611   3626
 8012    288   399   388  0     3612   3613
 8013    388   389   288  0     3612   3650
 8014    288   398   388  0     3613   3629
 8015    387   397   498  0     3614   3615
 8016    498   397   398  1     3614     -1
 8017    498   497   397  1     3615     -1
 8018    387   397   497  0     3615   3617
 8019    386   397   396  0     3616   3728
 8020    386   497   397  0     3616   3617
 8021    396   397   497  1     3616     -1
 8022    387   397   386  0     3617   3731
 8023    288   289   178  0     3618   3626
 8024    288   188   289  0     3618   3620
 8025    297   298   398  1     3619     -1
 8026    297   287   298  0     3619   3678
 8027    288   299   289  0     3620   3623
 8028    288   188   299  0     3620   3687
 8029    167   168   178  0     3621   3845
 8030    178   278   167  0     3621   3830
 8031     77    88   188  0     3622   3704
 8032     78    88    77  1     3622     -1
 8033     78   188    88  0     3622   3625
 8034    399   299   289  1     3623     -1
 8035    186   185   175  0     3624   3749
 8036    286   185   186  0     3624   3748
 8037    286   175   185  0     3624   3761
 8038     78   189    88  0     3625   3679
 8039     78   188   189  0     3625   3686
 8040     88   189   188  0     3625   3691
 8041    289   278   288  0     3626   3648
 8042    289   178   278  0     3626   3632
 8043    377   388   277  0     3627   3656
 8044    274   285   284  0     3628   3720
 8045    284   285   385  0     3628   3717
 8046    388   287   398  0     3629   3630
 8047    166   267   156  0     3631   3822
 8048    166   167   267  0     3631   3849
 8049    156   167   166  0     3631   3786
 8050    156   267   167  0     3631   3848
 8051    279   289   178  0     3632   3653
 8052    258   259   269  0     3633   3904
 8053    369   269   259  1     3633     -1
 8054    108   118   119  0     3634   4354
 8055    108     8   118  0     3634   4312
 8056    119   118     8  0     3634   4297
 8057     85    95   196  0     3635   3705
 8058     85    96    95  1     3635     -1
 8059    196    96    85  0     3635   3659
 8060    196    95    96  1     3635     -1
 8061    174   185   175  0     3636   3757
 8062     74   185   174  0     3636   3714
 8063     74   175   185  0     3636   3722
 8064    294   295   395  1     3637     -1
 8065    386   286   387  0     3638   3731
 8066    375   275   264  0     3639   3753
 8067    375   274   275  0     3639   3700
 8068    194   295   294  1     3640     -1
 8069    194   184   295  0     3640   3734
 8070    275   175   165  0     3641   3801
 8071    164   175   275  0     3641   3764
 8072    164   165   175  0     3641   3776
 8073    328   228   329  0     3642   4280
 8074    328   218   228  0     3642   4304
 8075    329   228   218  0     3642   4249
 8076    389   378   278  0     3643   3649
 8077    379   278   378  0     3643   3837
 8078    176    76    75  0     3644   3796
 8079    176   186    76  0     3644   3707
 8080     75   186   176  0     3644   3712
 8081     75    76   186  0     3644   3719
 8082    164   154   165  0     3645   3794
 8083    265   165   154  0     3645   3800
 8084    297   197   298  1     3646     -1
 8085    297   187   197  0     3646   3718
 8086    298   187   297  0     3646   3678
 8087     54    55   165  0     3647   3664
 8088    165   155    54  0     3647   3751
 8089    165    55   155  0     3647   3777
 8090    389   278   288  0     3648   3650
 8091    389   388   278  0     3649   3650
 8092    196    96   197  1     3651     -1
 8093    196    86    96  0     3651   3659
 8094    197    86   196  0     3651   3715
 8095    298   287   187  0     3652   3678
 8096    289   179   279  1     3653     -1
 8097    279   179   178  0     3653   3858
 8098    296   195   196  1     3654     -1
 8099    196   185   296  0     3654   3706
 8100    196   195   185  0     3654   3736
 8101    176   166   277  0     3655   3669
 8102    176   276   166  0     3655   3783
 8103    277   276   176  0     3655   3769
 8104    277   166   276  0     3655   3789
 8105    378   277   377  0     3656   3823
 8106    368   267   367  0     3657   3854
 8107    368   378   267  0     3657   3788
 8108    189   199   188  0     3658   3691
 8109    189   299   199  1     3658     -1
 8110    188   199   299  0     3658   3681
 8111     96    85    86  1     3659     -1
 8112     86    85   196  0     3659   3716
 8113    177   178    77  0     3660   3832
 8114    184   295   185  0     3662   3726
 8115    184   195   295  0     3662   3734
 8116    336   225   325  0     3663   4062
 8117    336   335   225  0     3663   4118
 8118    325   335   336  0     3663   3672
 8119    325   225   335  0     3663   4108
 8120    165    65    55  0     3664   3791
 8121     54    65   165  0     3664   3775
 8122     54    55    65  1     3664     -1
 8123    166    65   176  0     3665   3750
 8124    166    66    65  0     3665   3756
 8125    176    65    66  0     3665   3795
 8126    366   266   265  0     3666   3802
 8127    366   376   266  0     3666   3793
 8128    265   266   376  0     3666   3792
 8129    254   255   154  0     3667   3820
 8130    279   268   379  0     3668   3838
 8131    279   278   268  0     3668   3857
 8132    379   268   278  0     3668   3837
 8133    177   166   277  0     3669   3834
 8134    277   176   177  0     3669   3758
 8135     64   165   164  0     3670   3776
 8136     64    54   165  0     3670   3775
 8137    164   165    54  0     3670   3794
 8138    175   165    64  0     3671   3776
 8139    175    65   165  0     3671   3787
 8140     64   165    65  0     3671   3775
 8141    436   336   325  0     3672   4061
 8142    325   335   436  0     3672   4059
 8143    265   165   266  0     3673   3804
 8144    265   155   165  0     3673   3800
 8145     77    67    78  1     3674     -1
 8146     77   178    67  0     3674   3832
 8147     78    67   178  0     3674   3871
 8148    156   267   257  0     3675   3846
 8149    156   157   267  0     3675   3848
 8150    257   157   156  0     3675   4095
 8151    257   267   157  0     3675   3847
 8152     48   148   149  0     3676   3940
 8153    159   148    48  0     3676   3898
 8154    159   149   148  0     3676   3868
 8155    169    59   159  1     3677     -1
 8156    169    58    59  0     3677   3833
 8157    159    58   169  0     3677   3879
 8158    159    59    58  0     3677   3880
 8159    287   187   297  0     3678   3684
 8160     78    89    88  1     3679     -1
 8161     88    89   189  0     3679   3689
 8162    187   197    87  0     3680   3701
 8163    188   199   198  0     3681   3692
 8164    198   199   299  1     3681     -1
 8165    179   189    78  0     3682   3683
 8166     78   178   179  0     3682   3875
 8167     78   189   178  0     3682   3686
 8168     79   179   189  1     3683     -1
 8169     78   179    79  0     3683   3850
 8170    187   186   287  0     3684   3771
 8171    187   297   186  0     3684   3718
 8172    186   196   297  0     3685   3702
 8173    186   197   196  0     3685   3715
 8174    297   197   186  0     3685   3718
 8175    297   196   197  1     3685     -1
 8176    284   285   174  0     3688   3720
 8177    174   285   184  0     3688   3725
 8178     88   199   189  0     3689   3691
 8179     88    89   199  0     3689   3690
 8180    189   199    89  1     3689     -1
 8181     99   199    88  0     3690   3694
 8182     99    89   199  1     3690     -1
 8183     88    89    99  1     3690     -1
 8184     88   199   188  0     3691   3692
 8185     88   198   188  0     3692   3699
 8186     88   199   198  0     3692   3693
 8187    198    98   199  1     3693     -1
 8188     88    98   198  0     3693   3709
 8189     88   199    98  0     3693   3694
 8190     98    99   199  1     3694     -1
 8191     88    99    98  1     3694     -1
 8192    188    87    77  0     3695   3704
 8193    188   187    87  0     3695   3697
 8194    297   286   296  0     3696   3733
 8195    296   186   297  0     3696   3702
 8196    296   286   186  0     3696   3748
 8197    187    87   198  0     3697   3701
 8198    198   188   187  0     3697   3703
 8199    198    87   188  0     3697   3699
 8200    158    47    57  0     3698   3825
 8201     57    58   158  0     3698   3896
 8202     57    47    58  1     3698     -1
 8203    198    87    88  0     3699   3709
 8204     88    87   188  0     3699   3704
 8205    375   385   275  0     3700   3768
 8206    197    87   198  0     3701   3708
 8207    296   196   297  1     3702     -1
 8208    296   186   196  0     3702   3706
 8209     88    87    77  1     3704     -1
 8210     85   195   196  0     3705   3736
 8211    196   195    95  1     3705     -1
 8212    186   185   296  0     3706   3748
 8213    186   196   185  0     3706   3727
 8214    186    76   187  0     3707   3737
 8215    187   176   186  0     3707   3771
 8216    187    76   176  0     3707   3778
 8217     97    87   198  0     3708   3710
 8218    198   197    97  1     3708     -1
 8219     88    98    87  1     3709     -1
 8220    198    87    98  0     3709   3710
 8221     98    97    87  1     3710     -1
 8222    198    97    98  1     3710     -1
 8223    166   156    55  0     3711   3806
 8224    166    56   156  0     3711   3786
 8225     55    56   166  0     3711   3798
 8226     55   156    56  0     3711   3772
 8227    175    75   186  0     3712   3749
 8228    175   176    75  0     3712   3724
 8229    295   285   185  0     3713   3726
 8230    296   285   295  0     3713   3741
 8231    296   185   285  0     3713   3747
 8232    184   185   174  0     3714   3725
 8233     86   196   186  0     3715   3716
 8234    186    85   196  0     3716   3727
 8235    385   395   285  0     3717   3740
 8236     75    76    86  1     3719     -1
 8237     86    76   186  0     3719   3737
 8238    174   274   285  0     3720   3759
 8239    164   175    64  0     3721   3776
 8240    164   174   175  0     3721   3764
 8241     74    75   185  0     3722   3745
 8242     74   175    75  0     3722   3723
 8243    185    75   175  0     3722   3749
 8244     64    75    74  1     3723     -1
 8245    176    65   175  0     3724   3787
 8246    176    75    65  0     3724   3796
 8247    174   285   185  0     3725   3757
 8248    184   185   285  0     3725   3726
 8249    186    85   185  0     3727   3746
 8250    196   185    85  0     3727   3736
 8251    397   286   386  0     3728   3731
 8252    397   396   286  0     3728   3729
 8253    386   286   396  0     3728   3743
 8254    396   286   296  0     3729   3742
 8255    296   397   396  1     3729     -1
 8256    296   286   397  0     3729   3733
 8257    287   397   286  0     3730   3732
 8258    387   286   397  0     3730   3731
 8259    397   286   297  0     3732   3733
 8260    296   297   397  1     3733     -1
 8261    194   195   295  1     3734     -1
 8262    367   256   257  0     3735   3856
 8263    367   357   256  0     3735   3813
 8264    257   256   357  0     3735   4096
 8265    186   176   287  0     3738   3771
 8266    287   176   286  0     3738   3763
 8267    396   285   395  0     3739   3740
 8268    396   295   285  0     3739   3741
 8269    395   295   396  1     3739     -1
 8270    396   285   385  0     3740   3744
 8271    296   285   396  0     3741   3742
 8272    396   295   296  1     3741     -1
 8273    396   286   285  0     3742   3743
 8274    296   285   286  0     3742   3747
 8275    386   285   396  0     3743   3744
 8276    386   285   385  0     3744   3767
 8277    185    85    75  0     3745   3746
 8278     74    75    85  1     3745     -1
 8279    186    75   185  0     3746   3749
 8280    285   286   185  0     3747   3761
 8281    296   185   286  0     3747   3748
 8282    166   165   176  0     3750   3783
 8283    166    65   165  0     3750   3791
 8284    176   165    65  0     3750   3787
 8285    165   155   154  0     3751   3800
 8286    154    54   165  0     3751   3794
 8287    276   376   275  0     3752   3766
 8288    265   376   276  0     3752   3792
 8289    276   175   275  0     3754   3801
 8290    286   275   175  0     3754   3760
 8291     69    68   179  0     3755   3866
 8292     69    79    68  1     3755     -1
 8293    179    79    69  1     3755     -1
 8294    179    68    79  0     3755   3850
 8295     65    55    66  1     3756     -1
 8296     65   166    55  0     3756   3791
 8297     66    55   166  0     3756   3798
 8298    285   185   175  0     3757   3761
 8299    177   287   176  0     3758   3770
 8300    277   176   287  0     3758   3769
 8301    285   175   286  0     3760   3761
 8302     77    66   177  0     3762   3844
 8303     77    76    66  1     3762     -1
 8304    177    76    77  0     3762   3779
 8305    177    66    76  0     3762   3781
 8306    287   176   276  0     3763   3769
 8307    375   275   386  0     3765   3768
 8308    386   275   376  0     3765   3766
 8309    386   275   385  0     3767   3768
 8310    177   187   176  0     3770   3778
 8311    287   176   187  0     3770   3771
 8312    156    45    55  0     3772   4067
 8313    156    56    45  0     3772   4081
 8314     55    45    56  1     3772     -1
 8315    115   215   225  0     3773   4149
 8316    115   114   215  0     3773   4173
 8317    154   155   144  0     3774   3819
 8318     64    54    65  1     3775     -1
 8319    155   166    55  0     3777   3806
 8320    165    55   166  0     3777   3791
 8321    176   177    76  0     3778   3781
 8322    187    76   177  0     3778   3779
 8323    166   267   277  0     3780   3849
 8324    166   266   267  0     3780   3822
 8325    277   266   166  0     3780   3789
 8326    277   267   266  0     3780   3817
 8327    176    66    76  0     3781   3795
 8328    368   268   369  0     3782   3861
 8329    276   165   176  0     3783   3784
 8330    276   166   165  0     3783   3805
 8331    176   175   165  0     3784   3787
 8332    276   165   175  0     3784   3801
 8333    355   255   244  0     3785   4064
 8334    244   255   254  0     3785   3799
 8335    378   268   368  0     3788   3873
 8336    378   267   268  0     3788   3842
 8337    368   268   267  0     3788   3809
 8338    166   276   266  0     3789   3805
 8339    156   267   266  0     3790   3822
 8340    156   256   267  0     3790   3846
 8341    266   267   256  0     3790   3807
 8342    265   266   276  0     3792   3804
 8343     66    76    65  1     3795     -1
 8344    176    65    76  0     3795   3796
 8345     75    65    76  1     3796     -1
 8346    145    34   135  0     3797   3919
 8347     55    56    66  1     3798     -1
 8348    254   144   255  0     3799   3820
 8349    244   255   144  0     3799   4071
 8350    276   165   266  0     3804   3805
 8351     55   155   156  0     3806   4067
 8352    367   256   266  0     3807   3815
 8353    367   267   256  0     3807   3856
 8354    349   248   359  0     3808   3973
 8355    349   249   248  0     3808   3962
 8356    359   249   349  1     3808     -1
 8357    359   248   249  0     3808   3934
 8358    267   257   268  0     3809   3847
 8359    368   257   267  0     3809   3854
 8360    136   135   146  0     3810   4115
 8361    136    35   135  0     3810   4107
 8362    147   146   136  0     3811   3989
 8363    147   247   146  0     3811   4083
 8364    136   247   147  0     3811   3955
 8365    136   146   247  0     3811   3967
 8366    355   245   356  0     3812   4063
 8367    356   345   355  0     3812   4066
 8368    356   256   367  0     3813   3814
 8369    356   357   256  0     3813   4098
 8370    366   256   367  0     3814   3815
 8371    508   407   507  1     3816     -1
 8372    507   407   518  0     3816   4235
 8373    277   267   377  0     3817   3823
 8374    138   248   238  0     3818   3978
 8375    138   249   248  0     3818   3914
 8376    238   249   138  0     3818   3969
 8377    238   248   249  0     3818   3962
 8378    155   144   255  0     3819   3912
 8379    154   255   144  0     3819   3820
 8380    277   267   278  0     3821   3855
 8381    277   378   267  0     3821   3823
 8382    278   267   378  0     3821   3842
 8383    258   147   158  0     3824   3839
 8384    258   148   147  0     3824   3946
 8385    158   148   258  0     3824   3894
 8386    158   147   148  0     3824   3827
 8387    158    47   157  0     3825   3908
 8388    157    57   158  0     3825   3895
 8389    157    47    57  0     3825   4050
 8390    358   258   257  0     3826   3935
 8391    158    47   148  0     3827   3874
 8392    158   147    47  0     3827   3908
 8393    157    57    56  0     3828   4090
 8394    157   167    57  0     3828   3877
 8395    177   167   278  0     3829   3830
 8396    177   277   167  0     3829   3834
 8397    278   167   277  0     3829   3855
 8398    178   177   167  0     3830   3835
 8399     66   167   177  0     3831   3836
 8400    177   167   166  0     3831   3834
 8401    178    67   177  0     3832   3835
 8402    177    67    77  0     3832   3844
 8403     69    59   169  1     3833     -1
 8404     69    58    59  1     3833     -1
 8405    169    58    69  0     3833   3881
 8406    277   167   166  0     3834   3849
 8407    177   167    67  0     3835   3836
 8408    178    67   167  0     3835   3845
 8409     66    67   177  0     3836   3844
 8410     66   167    67  0     3836   3843
 8411    278   378   268  0     3837   3842
 8412    379   268   378  0     3837   3873
 8413    279   269   379  1     3838     -1
 8414    279   268   269  0     3838   3891
 8415    379   269   268  0     3838   3841
 8416    158   157   147  0     3839   3908
 8417    258   147   157  0     3839   3890
 8418    157   268   257  0     3840   3847
 8419    257   258   157  0     3840   3890
 8420    379   269   369  1     3841     -1
 8421    369   268   379  0     3841   3861
 8422     56    67    66  1     3843     -1
 8423     77    66    67  1     3844     -1
 8424    178    67   168  0     3845   3860
 8425    167   168    67  0     3845   3882
 8426    256   267   257  0     3846   3856
 8427    267   157   268  0     3847   3869
 8428    167   157   267  0     3848   3869
 8429    277   167   267  0     3849   3855
 8430    179    68    78  0     3850   3875
 8431     78    68    79  1     3850     -1
 8432    358   359   258  0     3851   3958
 8433    247   248   137  0     3852   3980
 8434    247   147   248  0     3852   3931
 8435    137   147   247  0     3852   3955
 8436    137   248   147  0     3852   3975
 8437     57    58    68  1     3853     -1
 8438     57   168    58  0     3853   3896
 8439    367   257   267  0     3854   3856
 8440    279   168   268  0     3857   3891
 8441    279   179   168  0     3858   3876
 8442     15     5    16  1     3859     -1
 8443     15   116     5  0     3859   4157
 8444     16   116    15  0     3859   4160
 8445     16     5   116  0     3859   4156
 8446    178    67    68  0     3860   3871
 8447    379   368   268  0     3861   3873
 8448    126    15    25  0     3862   4158
 8449    126    26    15  0     3862   4154
 8450     25    15    26  1     3862     -1
 8451     37   147   137  0     3863   4100
 8452    148   137   147  0     3863   3975
 8453     47    37    48  1     3864     -1
 8454     48   148    47  0     3864   3874
 8455     48    37   148  0     3864   3947
 8456     45    44   145  0     3865   4086
 8457    155    44    45  0     3865   4054
 8458     69   169   179  1     3866     -1
 8459     69    68   169  0     3866   3881
 8460    179   169    68  0     3866   3872
 8461    346   246   235  0     3867   3966
 8462    235   246   245  0     3867   4113
 8463    159   149   259  1     3868     -1
 8464    259   148   159  0     3868   3905
 8465    259   149   148  0     3868   3956
 8466    157   268   167  0     3869   3870
 8467    157   168   167  0     3870   3877
 8468    157   268   168  0     3870   3883
 8469     78    68   178  0     3871   3875
 8470     78    67    68  1     3871     -1
 8471    169   168   179  0     3872   3876
 8472    158    48   148  0     3874   3898
 8473    169   168   279  0     3876   3892
 8474    279   179   169  1     3876     -1
 8475    157   168    57  0     3877   3895
 8476     57   168   167  0     3877   3882
 8477    259   248   359  0     3878   3934
 8478    359   248   258  0     3878   3958
 8479     58   158   159  0     3879   3887
 8480    159   158   169  0     3879   3902
 8481     59    48   159  0     3880   3909
 8482     59    58    48  1     3880     -1
 8483    159    48    58  0     3880   3887
 8484     68    58    69  1     3881     -1
 8485    268   168   158  0     3883   3900
 8486    157   158   168  0     3883   3895
 8487    337   347   348  0     3884   4015
 8488    337   237   347  0     3884   4105
 8489    348   237   337  0     3884   3971
 8490    216   116   106  0     3885   4245
 8491    105   106   116  0     3885   4039
 8492    137   127   238  0     3886   4246
 8493    137   237   127  0     3886   3944
 8494    238   237   137  0     3886   3981
 8495    158   159    48  0     3887   3898
 8496    256   146   145  0     3888   4076
 8497    144   145   255  0     3889   3912
 8498    144   245   145  0     3889   4077
 8499    255   245   144  0     3889   4071
 8500    258   147   257  0     3890   3933
 8501    257   147   157  0     3890   4094
 8502    268   269   168  0     3891   3900
 8503    279   168   269  0     3891   3892
 8504    269   169   168  0     3892   3901
 8505    279   169   269  1     3892     -1
 8506    349   359   348  0     3893   3973
 8507    459   359   349  1     3893     -1
 8508    459   348   359  0     3893   3910
 8509    158   148   259  0     3894   3905
 8510    259   258   158  0     3894   3904
 8511     57   158   168  0     3895   3896
 8512     39   139   149  1     3897     -1
 8513     39    38   139  0     3897   4292
 8514    149   139    38  0     3897   3939
 8515    158   159   148  0     3898   3905
 8516    269   158   258  0     3899   3904
 8517    269   268   158  0     3899   3900
 8518    168   158   269  0     3900   3901
 8519    169   158   269  0     3901   3902
 8520    269   159   158  0     3902   3903
 8521    169   159   269  1     3902     -1
 8522    159   158   259  0     3903   3905
 8523    259   269   159  1     3903     -1
 8524    259   158   269  0     3903   3904
 8525    317   207   206  0     3906   4320
 8526    317   217   207  0     3906   4319
 8527    206   217   317  0     3906   4308
 8528    206   207   217  0     3906   4299
 8529    248   348   359  0     3907   3973
 8530    248   358   348  0     3907   3974
 8531    359   358   248  0     3907   3958
 8532    359   348   358  0     3907   3910
 8533    157   147    47  0     3908   4011
 8534     59    49   159  1     3909     -1
 8535     59    48    49  1     3909     -1
 8536    459   348   358  0     3910   3920
 8537    126   226   236  0     3911   3948
 8538    236   125   126  0     3911   3916
 8539    236   226   125  0     3911   4133
 8540    136    36    26  0     3913   4137
 8541     25    26    36  1     3913     -1
 8542    148   248   138  0     3914   3979
 8543    148   249   248  0     3914   3964
 8544    347   336   337  0     3915   4104
 8545    337   447   347  0     3915   4023
 8546    337   336   447  0     3915   4025
 8547    136   126   236  0     3916   4132
 8548    236   125   136  0     3916   4111
 8549    336   225   235  0     3917   4118
 8550    235   225   236  0     3917   4044
 8551    247   236   136  0     3918   4033
 8552    247   237   236  0     3918   4079
 8553    136   236   237  0     3918   4132
 8554     34   135    35  0     3919   4110
 8555    459   348   458  0     3920   3982
 8556    327   217   317  0     3921   3927
 8557    327   216   217  0     3921   4143
 8558    317   216   327  0     3921   4201
 8559    317   217   216  0     3921   4308
 8560    327   427   438  0     3922   3994
 8561    327   437   427  0     3922   4237
 8562    438   437   327  0     3922   4241
 8563    438   427   437  0     3922   4228
 8564    247   246   257  0     3923   4082
 8565    247   146   246  0     3923   3967
 8566    257   146   247  0     3923   4083
 8567    257   246   146  0     3923   4088
 8568    104   215   105  0     3924   4128
 8569    104   115   215  0     3924   4173
 8570    105   115   104  0     3924   4167
 8571    244   245   234  0     3925   4029
 8572    244   134   245  0     3925   4055
 8573    234   245   134  0     3925   4010
 8574    326   427   437  0     3926   4237
 8575    326   426   427  0     3926   4233
 8576    437   426   326  0     3926   4208
 8577    437   427   426  0     3926   4238
 8578    328   217   317  0     3927   4258
 8579    317   327   328  0     3927   4270
 8580    238   248   348  0     3928   3953
 8581    349   248   238  0     3928   3962
 8582    349   348   248  0     3928   3973
 8583    559   449   549  1     3929     -1
 8584    559   448   449  0     3929   3996
 8585    549   449   448  0     3929   3936
 8586    357   356   346  0     3930   4097
 8587    147   248   258  0     3931   3946
 8588    258   247   147  0     3931   3933
 8589    258   248   247  0     3931   3959
 8590    444   445   455  0     3932   4036
 8591    444   555   445  0     3932   3987
 8592    147   257   247  0     3933   4083
 8593    258   247   257  0     3933   3935
 8594    259   249   359  1     3934     -1
 8595    259   248   249  0     3934   3964
 8596    258   247   358  0     3935   3959
 8597    358   247   257  0     3935   3960
 8598    448   438   449  0     3936   3999
 8599    549   438   448  0     3936   3993
 8600    549   449   438  0     3936   3995
 8601    124   224   225  0     3937   4119
 8602    149    38    48  0     3938   3940
 8603     48    38    49  1     3938     -1
 8604    138   139    38  0     3939   4279
 8605    148    38    48  0     3940   3947
 8606    238   249   349  0     3941   3962
 8607    238   239   249  0     3941   3969
 8608    349   249   239  1     3941     -1
 8609    437   438   448  0     3942   3957
 8610    448   548   437  0     3942   3970
 8611    448   438   548  0     3942   3993
 8612    216   217   206  0     3943   4308
 8613    216   106   217  0     3943   4245
 8614    206   217   106  0     3943   4299
 8615    126   127   137  0     3944   4196
 8616    126   237   127  0     3944   4307
 8617    137   237   126  0     3944   4127
 8618     28    18    29  1     3945     -1
 8619     28   129    18  0     3945   4313
 8620     29   129    28  0     3945   4328
 8621     29    18   129  0     3945   4360
 8622    148   147   248  0     3946   3975
 8623     48    37    38  1     3947     -1
 8624    237   226   236  0     3948   4080
 8625    237   126   226  0     3948   4295
 8626    236   126   237  0     3948   4132
 8627    319   208   309  0     3949   4192
 8628    319   308   208  0     3949   4191
 8629    309   308   319  0     3949   4282
 8630    309   208   308  1     3949     -1
 8631    338   227   237  0     3950   4311
 8632    338   238   227  0     3950   4141
 8633    115   226   215  0     3951   4149
 8634    216   226   115  0     3951   4089
 8635    239   249   139  1     3952     -1
 8636    239   138   249  0     3952   3969
 8637    139   138   239  0     3952   4334
 8638    237   248   348  0     3953   3963
 8639    238   248   237  0     3953   3981
 8640    457   446   456  0     3954   4027
 8641    456   446   346  0     3954   4031
 8642    149   249   259  1     3956     -1
 8643    259   249   148  0     3956   3964
 8644    437   438   337  0     3957   4241
 8645    258   358   248  0     3958   3959
 8646    247   358   248  0     3959   3974
 8647    357   247   257  0     3960   4082
 8648    357   358   247  0     3960   3991
 8649    448   337   348  0     3961   4015
 8650    348   338   448  0     3961   4003
 8651    348   337   338  0     3961   3971
 8652    248   348   247  0     3963   3974
 8653    247   237   248  0     3963   3980
 8654    548   438   549  0     3965   3993
 8655    346   246   236  0     3966   4091
 8656    235   236   246  0     3966   4116
 8657    136   246   247  0     3967   4033
 8658    136   146   246  0     3967   4115
 8659    124   225   114  0     3968   4119
 8660    238   239   138  0     3969   4336
 8661    448   548   447  0     3970   4007
 8662    237   337   338  0     3971   4311
 8663    234   335   235  0     3972   4046
 8664    234   345   335  0     3972   4068
 8665    358   348   247  0     3974   3977
 8666    137   248   148  0     3975   3979
 8667    408   308   307  1     3976     -1
 8668    408   418   308  0     3976   4284
 8669    307   308   418  0     3976   4273
 8670    358   347   247  0     3977   3991
 8671    238   137   248  0     3978   3981
 8672    138   137   238  0     3978   4246
 8673    138   248   137  0     3978   3979
 8674    237   248   137  0     3980   3981
 8675    335   345   445  0     3983   4074
 8676    446   345   335  0     3983   4043
 8677    457   347   458  0     3984   3985
 8678    457   447   347  0     3984   4034
 8679    458   447   457  0     3984   4019
 8680    458   347   447  0     3984   4016
 8681    325   215   315  0     3986   4209
 8682    325   214   215  0     3986   4093
 8683    315   215   214  0     3986   4122
 8684    545   445   444  0     3987   4052
 8685    147   146    36  0     3989   4101
 8686    329   319   318  0     3990   4174
 8687    329   218   319  0     3990   4153
 8688    357   347   247  0     3991   4103
 8689    417   428   528  0     3992   4263
 8690    417   418   428  0     3992   4226
 8691    427   438   428  0     3994   4244
 8692    327   428   438  0     3994   4269
 8693    438   439   449  0     3995   3998
 8694    549   449   439  1     3995     -1
 8695    459   449   559  1     3996     -1
 8696    439   449   338  0     3998   4000
 8697    338   449   438  0     3998   3999
 8698    338   449   448  0     3999   4003
 8699    439   449   339  1     4000     -1
 8700    339   338   439  0     4000   4277
 8701    339   449   338  0     4000   4001
 8702    339   449   349  1     4001     -1
 8703    349   449   338  0     4001   4002
 8704    348   449   338  0     4002   4003
 8705    356   245   255  0     4004   4063
 8706    457   447   558  0     4005   4019
 8707    558   447   557  0     4005   4006
 8708    558   447   547  0     4006   4008
 8709    558   447   448  0     4007   4018
 8710    558   548   447  0     4007   4008
 8711    435   436   536  0     4009   4020
 8712    536   436   425  0     4009   4130
 8713    235   245   134  0     4010   4084
 8714    147    47    46  0     4011   4106
 8715    157    46    47  0     4011   4050
 8716    436   447   336  0     4012   4014
 8717    446   447   436  0     4012   4060
 8718    355   345   455  0     4013   4056
 8719    355   344   345  0     4013   4041
 8720    455   345   344  0     4013   4024
 8721    447   336   437  0     4014   4025
 8722    437   336   436  0     4014   4207
 8723    448   337   347  0     4015   4023
 8724    448   447   458  0     4016   4018
 8725    448   347   447  0     4016   4023
 8726    456   446   557  0     4017   4027
 8727    456   556   446  0     4017   4037
 8728    558   447   458  0     4018   4019
 8729    546   436   536  0     4020   4022
 8730    336   326   337  0     4021   4129
 8731    336   437   326  0     4021   4207
 8732    337   437   336  0     4021   4025
 8733    337   326   437  0     4021   4229
 8734    547   436   536  0     4022   4032
 8735    455   445   344  0     4024   4036
 8736    455   345   445  0     4024   4038
 8737    335   325   435  0     4026   4059
 8738    324   325   335  0     4026   4048
 8739    234   345   244  0     4028   4029
 8740    234   344   345  0     4028   4069
 8741    244   345   344  0     4028   4041
 8742    547   537   436  0     4030   4032
 8743    437   436   537  0     4030   4124
 8744    446   346   345  0     4031   4043
 8745    456   345   346  0     4031   4065
 8746    136   246   236  0     4033   4117
 8747    247   236   246  0     4033   4078
 8748    455   345   456  0     4038   4056
 8749    105   106     5  1     4039     -1
 8750    527   416   526  0     4040   4187
 8751    527   426   416  0     4040   4232
 8752     25    35    24  1     4042     -1
 8753     25   135    35  0     4042   4107
 8754     24    35   135  0     4042   4110
 8755    236   125   225  0     4044   4133
 8756    334   335   224  0     4045   4047
 8757    334   234   335  0     4045   4068
 8758    224   335   234  0     4045   4046
 8759    324   335   224  0     4047   4048
 8760    224   325   335  0     4048   4108
 8761    145   246   256  0     4049   4076
 8762    145   245   246  0     4049   4112
 8763    157    46    57  0     4050   4090
 8764     57    46    47  1     4050     -1
 8765    435   445   434  0     4051   4072
 8766    434   445   545  0     4051   4052
 8767    434   445   444  0     4052   4073
 8768    124   134   135  0     4053   4070
 8769    155    55    45  0     4054   4067
 8770     44    45    55  1     4054     -1
 8771    244   144   245  0     4055   4071
 8772    134   245   144  0     4055   4077
 8773    456   355   345  0     4056   4066
 8774    426   427   416  0     4057   4232
 8775    426   316   427  0     4057   4233
 8776    416   316   426  0     4057   4195
 8777    435   436   335  0     4058   4059
 8778    436   336   326  0     4061   4207
 8779    325   326   336  0     4061   4062
 8780    325   326   225  0     4062   4202
 8781    255   355   245  0     4063   4064
 8782    244   245   255  0     4064   4071
 8783    456   345   356  0     4065   4066
 8784    234   345   334  0     4068   4069
 8785    334   345   335  0     4068   4074
 8786    134   135   235  0     4070   4084
 8787    435   445   334  0     4072   4075
 8788    334   445   434  0     4072   4073
 8789    334   445   335  0     4074   4075
 8790    256   146   246  0     4076   4088
 8791    145   246   146  0     4076   4114
 8792    247   236   347  0     4078   4079
 8793    347   246   247  0     4078   4103
 8794    347   236   246  0     4078   4091
 8795    347   237   236  0     4079   4105
 8796    237   337   236  0     4080   4105
 8797    237   226   337  0     4080   4135
 8798     56    45    46  1     4081     -1
 8799    357   246   257  0     4082   4096
 8800    357   247   246  0     4082   4103
 8801    257   146   147  0     4083   4094
 8802    245   135   235  0     4084   4113
 8803    218   107   208  0     4085   4350
 8804    218   207   107  0     4085   4351
 8805    208   207   218  0     4085   4310
 8806    208   107   207  1     4085     -1
 8807     44    34    45  1     4086     -1
 8808     44   145    34  0     4086   4087
 8809    257   246   256  0     4088   4096
 8810    116   226   115  0     4089   4166
 8811    216   226   116  0     4089   4309
 8812     57    56    46  1     4090     -1
 8813    347   236   346  0     4091   4092
 8814    346   246   347  0     4091   4102
 8815    347   236   336  0     4092   4104
 8816    225   215   325  0     4093   4202
 8817    257   146   157  0     4094   4095
 8818    357   246   256  0     4096   4098
 8819    356   246   357  0     4097   4098
 8820    357   246   346  0     4097   4102
 8821     37    36   147  0     4099   4100
 8822     37    47    36  1     4099     -1
 8823    147    36    47  0     4099   4106
 8824     46    36   147  0     4101   4106
 8825    357   246   347  0     4102   4103
 8826    347   236   337  0     4104   4105
 8827     47    46    36  1     4106     -1
 8828     24    35    34  1     4110     -1
 8829    236   135   136  0     4111   4117
 8830    246   135   245  0     4112   4113
 8831    246   145   135  0     4112   4114
 8832    246   135   235  0     4113   4116
 8833    246   146   135  0     4114   4115
 8834    136   135   246  0     4115   4117
 8835    236   246   135  0     4116   4117
 8836    306   407   307  1     4120     -1
 8837    306   417   407  0     4120   4176
 8838    307   417   306  0     4120   4134
 8839    307   407   417  0     4120   4259
 8840    207   107   106  1     4121     -1
 8841    207   217   107  0     4121   4351
 8842    106   217   207  0     4121   4299
 8843    106   107   217  0     4121   4268
 8844    315   215   204  0     4122   4147
 8845    204   215   214  0     4122   4171
 8846     19   119   129  1     4123     -1
 8847     19    18   119  0     4123   4291
 8848    129    18    19  0     4123   4360
 8849    129   119    18  0     4123   4357
 8850    437   426   537  0     4124   4238
 8851    437   436   426  0     4124   4208
 8852     27    17    28  1     4125     -1
 8853     27   128    17  0     4125   4221
 8854     28   128    27  0     4125   4330
 8855     28    17   128  0     4125   4337
 8856    517   417   407  0     4126   4199
 8857    406   417   517  0     4126   4218
 8858    406   407   417  0     4126   4176
 8859    237   126   136  0     4127   4132
 8860    104   205   105  1     4128     -1
 8861    104   215   205  0     4128   4162
 8862    105   205   215  0     4128   4146
 8863    226   326   337  0     4129   4239
 8864    536   426   425  0     4130   4181
 8865    105     5     4  1     4131     -1
 8866      4   115   105  0     4131   4167
 8867      4     5   115  0     4131   4155
 8868    225   226   125  0     4133   4163
 8869    317   417   306  0     4134   4175
 8870    317   307   417  0     4134   4260
 8871    237   227   337  0     4135   4311
 8872    237   226   227  0     4135   4295
 8873    337   227   226  0     4135   4190
 8874    306   316   305  0     4136   4213
 8875    306   416   316  0     4136   4223
 8876    305   416   306  0     4136   4139
 8877    216   327   226  0     4138   4274
 8878    226   327   326  0     4138   4239
 8879    416   306   406  0     4139   4204
 8880    406   305   416  0     4139   4197
 8881    406   306   305  1     4139     -1
 8882     15   115   125  0     4140   4150
 8883     15    14   115  0     4140   4144
 8884    125    14    15  0     4140   4159
 8885    125   115    14  0     4140   4161
 8886    238   228   338  0     4141   4324
 8887    238   227   228  0     4141   4165
 8888    338   228   227  0     4141   4257
 8889     17   117   128  0     4142   4361
 8890     17   127   117  0     4142   4332
 8891    128   127    17  0     4142   4221
 8892    128   117   127  0     4142   4352
 8893    217   227   216  0     4143   4321
 8894    216   227   327  0     4143   4274
 8895      4    15    14  1     4144     -1
 8896      4   115    15  0     4144   4155
 8897    215   216   205  0     4146   4215
 8898    315   205   204  0     4147   4182
 8899    315   215   205  0     4147   4216
 8900    204   205   215  0     4147   4162
 8901    425   426   526  0     4148   4181
 8902    425   415   426  0     4148   4194
 8903    526   415   425  0     4148   4188
 8904    226   215   225  0     4149   4200
 8905    225   115   226  0     4149   4163
 8906    125    15   126  0     4150   4158
 8907      6   117   116  0     4151   4240
 8908    116   117   106  0     4151   4341
 8909    318   217   328  0     4152   4258
 8910    318   218   217  0     4152   4178
 8911    328   217   218  0     4152   4304
 8912    218   219   329  0     4153   4303
 8913    218   319   219  0     4153   4217
 8914    329   219   319  1     4153     -1
 8915     16    15   126  0     4154   4160
 8916     16    26    15  1     4154     -1
 8917    126    26    16  0     4154   4333
 8918    115    15     5  0     4155   4157
 8919      4     5    15  1     4155     -1
 8920     16     5     6  1     4156     -1
 8921      6   116    16  0     4156   4240
 8922    125    15    25  0     4158   4159
 8923     14    15    25  1     4159     -1
 8924    116   126    16  0     4160   4290
 8925    204   205   104  1     4162     -1
 8926    104   215   204  0     4162   4171
 8927    127   117   228  0     4164   4352
 8928    127   227   117  0     4164   4342
 8929    228   227   127  0     4164   4165
 8930    228   117   227  0     4164   4294
 8931    228   238   127  0     4165   4325
 8932    104     4   115  0     4167   4168
 8933    105     4   104  1     4167     -1
 8934    114   115   104  0     4168   4173
 8935    425   415   525  0     4169   4188
 8936    416   426   315  0     4170   4195
 8937    315   426   415  0     4170   4194
 8938    104   215   214  0     4171   4172
 8939    104   215   114  0     4172   4173
 8940    318   429   319  0     4174   4248
 8941    329   429   318  0     4174   4256
 8942    329   319   429  1     4174     -1
 8943    316   417   306  0     4175   4223
 8944    316   317   417  0     4175   4203
 8945    306   317   316  0     4175   4211
 8946    406   407   306  1     4176     -1
 8947    306   417   406  0     4176   4204
 8948    506   406   405  1     4177     -1
 8949    218   207   318  0     4178   4310
 8950    218   217   207  0     4178   4351
 8951    318   207   217  0     4178   4319
 8952    507   406   506  1     4179     -1
 8953    206   316   205  0     4180   4212
 8954    206   306   316  0     4180   4211
 8955    205   306   206  1     4180     -1
 8956    205   316   306  0     4180   4213
 8957    205   305   315  0     4182   4214
 8958    205   204   305  1     4182     -1
 8959    315   305   204  0     4182   4183
 8960    304   305   204  1     4183     -1
 8961    517   416   406  0     4184   4218
 8962    505   405   404  1     4185     -1
 8963    315   326   325  0     4186   4209
 8964    325   426   315  0     4186   4193
 8965    526   415   525  0     4188   4189
 8966    226   327   227  0     4190   4274
 8967    337   327   226  0     4190   4239
 8968    337   227   327  0     4190   4315
 8969    308   208   318  0     4191   4316
 8970    318   319   308  0     4191   4283
 8971    319   209   309  1     4192     -1
 8972    309   209   208  1     4192     -1
 8973    425   426   315  0     4193   4194
 8974    137    26   127  0     4196   4340
 8975    126   127    26  0     4196   4333
 8976    305   416   405  0     4197   4198
 8977    405   406   305  1     4197     -1
 8978    518   407   517  0     4199   4235
 8979    215   225   326  0     4200   4202
 8980    316   317   216  0     4201   4205
 8981    316   327   317  0     4201   4224
 8982    325   326   215  0     4202   4209
 8983    427   317   417  0     4203   4247
 8984    316   317   427  0     4203   4224
 8985    306   417   416  0     4204   4223
 8986    416   417   406  0     4204   4218
 8987    206   317   216  0     4205   4308
 8988    206   316   317  0     4205   4211
 8989    216   316   206  0     4205   4212
 8990    518   418   519  0     4206   4265
 8991    437   326   436  0     4207   4208
 8992    318   328   317  0     4210   4258
 8993    318   428   328  0     4210   4255
 8994    317   428   318  0     4210   4242
 8995    317   328   428  0     4210   4270
 8996    205   216   316  0     4212   4215
 8997    205   305   306  1     4213     -1
 8998    205   316   305  0     4213   4214
 8999    205   316   315  0     4214   4216
 9000    205   215   316  0     4215   4216
 9001    208   219   218  0     4217   4281
 9002    416   417   517  0     4218   4230
 9003    228   229   239  0     4219   4327
 9004    228   339   229  0     4219   4289
 9005    239   339   228  0     4219   4306
 9006    239   229   339  1     4219     -1
 9007    529   418   518  0     4220   4265
 9008     27   127    17  0     4221   4288
 9009    128   127    27  0     4221   4331
 9010    337   327   338  0     4222   4315
 9011    337   438   327  0     4222   4241
 9012    316   327   427  0     4224   4234
 9013    419   429   318  0     4225   4248
 9014    419   418   429  0     4225   4251
 9015    318   418   419  0     4225   4285
 9016    317   428   417  0     4226   4247
 9017    317   418   428  0     4226   4242
 9018    417   418   317  0     4226   4260
 9019    537   427   538  0     4227   4236
 9020    538   427   437  0     4228   4236
 9021    538   438   427  0     4228   4244
 9022    337   327   437  0     4229   4241
 9023    337   326   327  0     4229   4239
 9024    437   327   326  0     4229   4237
 9025    416   417   527  0     4230   4231
 9026    416   427   527  0     4231   4232
 9027    316   427   326  0     4233   4234
 9028    326   327   427  0     4234   4237
 9029    537   427   437  0     4236   4238
 9030     16   117   116  0     4240   4338
 9031     16     6   117  0     4240   4343
 9032    317   418   318  0     4242   4261
 9033    529   429   418  0     4243   4251
 9034    529   428   429  0     4243   4267
 9035    427   538   428  0     4244   4262
 9036    438   428   538  0     4244   4272
 9037    106   217   116  0     4245   4341
 9038    116   217   216  0     4245   4321
 9039    137   127   138  0     4246   4344
 9040    417   427   428  0     4247   4263
 9041    419   319   318  0     4248   4283
 9042    419   429   319  1     4248     -1
 9043    329   229   218  0     4249   4303
 9044    329   228   229  0     4249   4289
 9045    218   229   228  0     4249   4370
 9046    439   328   329  0     4250   4278
 9047    329   429   439  1     4250     -1
 9048    329   328   429  0     4250   4256
 9049    529   419   418  0     4251   4264
 9050    529   429   419  1     4251     -1
 9051    328   228   217  0     4252   4304
 9052    328   227   228  0     4252   4257
 9053    217   228   227  0     4252   4294
 9054    117     7   107  0     4253   4365
 9055      6     7   117  0     4253   4349
 9056      6   107     7  1     4253     -1
 9057    428   328   438  0     4254   4269
 9058    438   439   428  0     4254   4276
 9059    429   328   318  0     4255   4256
 9060    338   228   328  0     4257   4323
 9061    328   227   338  0     4257   4318
 9062    318   217   317  0     4258   4319
 9063    307   418   417  0     4259   4260
 9064    307   418   317  0     4260   4261
 9065    307   418   318  0     4261   4273
 9066    318   317   307  0     4261   4322
 9067    538   428   528  0     4262   4271
 9068    528   428   427  0     4262   4263
 9069    519   418   529  0     4264   4265
 9070    529   419   519  1     4264     -1
 9071    529   539   428  0     4266   4267
 9072    528   428   539  0     4266   4271
 9073    429   539   428  0     4267   4275
 9074    529   539   429  1     4267     -1
 9075    217   117   107  0     4268   4348
 9076    106   117   217  0     4268   4341
 9077    428   328   327  0     4269   4270
 9078    538   428   539  0     4271   4272
 9079    539   438   428  0     4272   4276
 9080    307   308   318  0     4273   4314
 9081    318   308   418  0     4273   4285
 9082    216   227   226  0     4274   4309
 9083    539   439   429  1     4275     -1
 9084    539   428   439  0     4275   4276
 9085    439   339   328  0     4277   4278
 9086    338   328   339  0     4277   4323
 9087    339   328   329  0     4278   4280
 9088    329   439   339  1     4278     -1
 9089    139    28   138  0     4279   4293
 9090    139    38    28  0     4279   4292
 9091    138    28    38  0     4279   4317
 9092    339   228   329  0     4280   4289
 9093    339   328   228  0     4280   4323
 9094    219   108   208  0     4281   4356
 9095    219   218   108  0     4281   4359
 9096    208   108   218  0     4281   4350
 9097    319   419   308  0     4282   4283
 9098    309   419   319  1     4282     -1
 9099    309   308   419  0     4282   4286
 9100    419   308   318  0     4283   4285
 9101    418   308   419  0     4284   4285
 9102    419   308   408  0     4284   4287
 9103    409   308   419  0     4286   4287
 9104    409   309   308  1     4286     -1
 9105    419   309   409  1     4286     -1
 9106    409   308   408  1     4287     -1
 9107    127    17    16  0     4288   4332
 9108     16    17    27  1     4288     -1
 9109    339   229   329  1     4289     -1
 9110     16   127   126  0     4290   4333
 9111     16   116   127  0     4290   4338
 9112    119     8    18  0     4291   4297
 9113    119    19     8  0     4291   4362
 9114     18     8    19  1     4291     -1
 9115     38    28    39  1     4292     -1
 9116     39    28   139  0     4292   4300
 9117    128    28   138  0     4293   4330
 9118    128   139    28  0     4293   4305
 9119    138   139   128  0     4293   4334
 9120    228   117   217  0     4294   4346
 9121    217   117   227  0     4294   4347
 9122    126   227   237  0     4295   4307
 9123    128   118    17  0     4296   4361
 9124     17    18   128  0     4296   4337
 9125     17   118    18  0     4296   4366
 9126      8    18   118  0     4297   4363
 9127    119   118    18  0     4297   4357
 9128     38    27   138  0     4298   4317
 9129     38    37    27  1     4298     -1
 9130    138    27    37  0     4298   4301
 9131    206   207   106  1     4299     -1
 9132     39    28    29  1     4300     -1
 9133     29   139    39  1     4300     -1
 9134     29    28   139  0     4300   4328
 9135    138    27   137  0     4301   4344
 9136    137    27    37  0     4301   4326
 9137    219   119   109  1     4302     -1
 9138    219   108   119  0     4302   4354
 9139    109   108   219  0     4302   4355
 9140    218   219   229  0     4303   4373
 9141    329   229   219  1     4303     -1
 9142    217   218   228  0     4304   4346
 9143     28   129   139  0     4305   4328
 9144     28   128   129  0     4305   4313
 9145    339   228   238  0     4306   4324
 9146    238   228   239  0     4306   4335
 9147    116   216   227  0     4309   4321
 9148    208   207   318  0     4310   4316
 9149    337   338   227  0     4311   4315
 9150      7   118   108  0     4312   4364
 9151      7     8   118  0     4312   4363
 9152    108     8     7  1     4312     -1
 9153    128    18    28  0     4313   4337
 9154    307   207   318  0     4314   4322
 9155    307   308   207  1     4314     -1
 9156    318   207   308  0     4314   4316
 9157    327   338   227  0     4315   4318
 9158    308   208   207  1     4316     -1
 9159    138    28    27  0     4317   4330
 9160     38    27    28  1     4317     -1
 9161    318   207   317  0     4319   4322
 9162    206   307   207  1     4320     -1
 9163    317   207   307  0     4320   4322
 9164    217   227   116  0     4321   4347
 9165    338   228   339  0     4323   4324
 9166    128   127   228  0     4325   4352
 9167    228   238   128  0     4325   4335
 9168     37    26    27  1     4326     -1
 9169    137    27    26  0     4326   4340
 9170    228   128   239  0     4327   4335
 9171    228   229   128  0     4327   4371
 9172    239   128   229  0     4327   4339
 9173     29   129   139  1     4328     -1
 9174      9     8   109  1     4329     -1
 9175      9   119     8  0     4329   4362
 9176    109   119     9  1     4329     -1
 9177    128    27   138  0     4330   4331
 9178    138   127    27  0     4331   4344
 9179    127   117    16  0     4332   4338
 9180     16   117    17  0     4332   4343
 9181    239   128   138  0     4334   4336
 9182    238   128   239  0     4335   4336
 9183     17    18    28  1     4337     -1
 9184    116   127   117  0     4338   4342
 9185    239   129   229  1     4339     -1
 9186    229   129   128  0     4339   4369
 9187    137    27   127  0     4340   4344
 9188    116   117   217  0     4341   4347
 9189    227   117   116  0     4342   4347
 9190     17     6   117  0     4343   4349
 9191     16     6    17  1     4343     -1
 9192    117   107   118  0     4345   4365
 9193    218   107   117  0     4345   4348
 9194    218   118   107  0     4345   4358
 9195    218   117   217  0     4346   4348
 9196    218   107   217  0     4348   4351
 9197      6     7    17  1     4349     -1
 9198     17     7   117  0     4349   4367
 9199    107   108   218  0     4350   4358
 9200    107   208   108  1     4350     -1
 9201    128   117   228  0     4352   4353
 9202    128   118   228  0     4353   4371
 9203    128   117   118  0     4353   4361
 9204    108   118   219  0     4354   4359
 9205    219   118   119  0     4354   4372
 9206    109   108   209  1     4355     -1
 9207    209   219   109  1     4355     -1
 9208    209   108   219  0     4355   4356
 9209    209   108   208  1     4356     -1
 9210    129   119   118  0     4357   4368
 9211    107   108   118  0     4358   4364
 9212    218   118   108  0     4358   4359
 9213    218   118   219  0     4359   4373
 9214     29    19   129  1     4360     -1
 9215     29    18    19  1     4360     -1
 9216    117   118    17  0     4361   4367
 9217     19     8     9  1     4362     -1
 9218      9   119    19  1     4362     -1
 9219     18   118     7  0     4363   4366
 9220      7     8    18  1     4363     -1
 9221      7   118   107  0     4364   4365
 9222    107   108     7  1     4364     -1
 9223      7   118   117  0     4365   4367
 9224     17   118     7  0     4366   4367
 9225      7    18    17  1     4366     -1
 9226    229   118   129  0     4368   4369
 9227    229   119   118  0     4368   4372
 9228    129   119   229  1     4368     -1
 9229    229   118   128  0     4369   4371
 9230    229   118   218  0     4370   4373
 9231    229   228   118  0     4370   4371
 9232    219   118   229  0     4372   4373
 9233    229   119   219  1     4372     -1
# Generated by c:\dev\polylla3D\tetgen\build\tetgen.exe -fzenn c:\dev\polylla3D\data\1000uniform.node 
