# This file was created by meshio v5.3.5
4872 4 0
0 962 859 982 961
1 916 796 955 890
2 940 962 882 941
3 940 947 882 941
4 39 43 182 1
5 175 39 43 97
6 175 43 97 182
7 175 39 43 182
8 138 39 182 1
9 138 175 39 182
10 337 138 447 547
11 839 932 929 881
12 909 932 929 881
13 909 839 932 881
14 56 49 88 147
15 56 54 88 147
16 56 54 153 147
17 18 9 119 0
18 18 9 119 32
19 18 184 119 0
20 123 9 12 37
21 123 229 160 137
22 851 976 936 890
23 944 962 859 882
24 944 940 962 882
25 944 859 882 961
26 944 962 859 961
27 863 916 796 955
28 863 774 916 796
29 863 704 735 709
30 643 704 735 709
31 913 844 931 891
32 966 774 916 890
33 811 966 774 890
34 42 185 40 2
35 42 185 153 2
36 42 54 153 2
37 42 185 40 131
38 42 56 54 153
39 484 316 344 360
40 212 56 118 147
41 606 446 484 480
42 818 962 859 982
43 111 123 12 137
44 111 85 12 137
45 111 123 229 137
46 111 123 9 12
47 154 112 12 37
48 154 123 12 37
49 154 123 12 137
50 154 123 160 137
51 122 18 184 0
52 122 18 25 0
53 416 468 499 579
54 426 532 578 414
55 426 492 578 414
56 435 410 349 414
57 149 209 228 179
58 149 209 128 179
59 45 138 39 1
60 45 138 175 39
61 395 447 547 477
62 395 337 447 547
63 231 175 261 182
64 231 138 175 182
65 231 394 175 193
66 231 394 337 175
67 231 394 138 447
68 231 337 138 447
69 231 394 337 447
70 223 249 280 399
71 386 479 523 466
72 619 468 479 653
73 483 479 249 399
74 483 520 479 523
75 739 835 881 997
76 956 909 839 932
77 864 835 881 997
78 864 909 839 881
79 864 768 835 881
80 864 768 839 881
81 864 909 839 867
82 864 768 835 867
83 864 768 839 867
84 281 136 246 285
85 281 136 292 285
86 35 49 106 101
87 35 140 106 101
88 35 140 136 106
89 35 113 49 106
90 35 113 136 106
91 127 122 18 184
92 127 18 184 119
93 129 9 119 32
94 792 859 882 961
95 792 699 859 961
96 792 699 672 961
97 831 851 868 890
98 831 796 955 890
99 831 976 955 890
100 831 851 976 890
101 889 973 976 936
102 889 851 976 936
103 889 851 868 936
104 712 682 694 716
105 581 712 682 716
106 581 606 484 480
107 972 947 882 941
108 950 894 863 916
109 749 863 774 796
110 749 863 796 734
111 749 863 774 916
112 749 863 704 734
113 749 863 704 735
114 749 643 704 734
115 749 643 704 735
116 749 629 735 709
117 749 643 735 709
118 879 872 776 843
119 879 950 894 863
120 879 894 863 916
121 609 643 704 709
122 766 872 776 843
123 766 872 821 843
124 766 872 776 668
125 766 721 776 668
126 766 721 872 668
127 676 619 653 668
128 676 619 721 668
129 676 619 594 653
130 951 913 844 891
131 990 864 881 997
132 990 864 909 997
133 990 909 929 881
134 990 864 909 881
135 422 416 499 531
136 207 289 185 2
137 207 185 153 2
138 534 369 553 407
139 724 702 755 811
140 724 702 811 868
141 377 544 553 511
142 377 342 544 511
143 377 342 544 553
144 377 369 553 407
145 377 342 553 407
146 377 282 369 300
147 377 282 369 407
148 377 342 282 407
149 270 342 282 407
150 476 599 629 583
151 408 525 406 508
152 408 525 693 508
153 408 525 693 406
154 381 484 344 360
155 548 369 406 635
156 548 377 369 553
157 669 525 693 406
158 669 548 406 635
159 669 548 525 406
160 669 548 703 635
161 610 581 606 480
162 610 581 484 480
163 518 446 484 344
164 797 818 962 859
165 26 111 76 12
166 26 111 9 32
167 26 111 9 12
168 57 111 76 12
169 57 111 85 12
170 57 111 85 137
171 63 13 40 131
172 63 13 112 131
173 23 154 112 12
174 23 154 13 112
175 23 154 12 137
176 23 154 160 137
177 23 63 13 112
178 23 63 112 37
179 23 112 12 37
180 355 223 280 399
181 428 426 492 414
182 428 350 467 399
183 572 468 479 466
184 572 479 523 466
185 572 468 479 653
186 572 619 479 653
187 572 619 594 653
188 427 386 249 242
189 427 386 479 249
190 427 386 468 479
191 427 468 479 499
192 427 416 479 499
193 427 416 468 499
194 294 428 426 414
195 434 435 349 414
196 434 532 578 414
197 434 492 578 414
198 150 168 91 130
199 220 175 261 182
200 272 244 367 309
201 312 220 192 228
202 183 209 128 179
203 183 236 209 179
204 183 236 272 195
205 183 272 244 195
206 837 768 798 867
207 837 768 839 867
208 837 909 839 867
209 837 956 839 932
210 698 837 768 798
211 698 612 680 722
212 61 149 128 139
213 167 136 292 285
214 167 136 246 285
215 15 141 17 193
216 275 296 365 234
217 51 175 39 97
218 51 141 175 39
219 51 141 39 50
220 199 87 7 117
221 266 394 175 193
222 266 394 337 175
223 266 275 418 365
224 266 275 365 234
225 146 141 175 193
226 146 45 138 175
227 146 45 39 50
228 146 45 175 39
229 146 15 141 193
230 146 15 141 50
231 146 141 39 50
232 146 141 175 39
233 146 231 175 193
234 146 231 138 175
235 146 231 394 193
236 146 231 394 138
237 295 395 337 261
238 295 220 175 243
239 295 220 175 261
240 295 266 175 243
241 295 266 337 175
242 295 231 337 261
243 295 231 175 261
244 295 231 337 175
245 295 312 220 261
246 295 312 411 390
247 295 266 275 243
248 295 266 275 418
249 295 266 394 337
250 338 296 365 234
251 334 367 410 537
252 188 249 119 280
253 188 223 249 280
254 188 129 119 280
255 188 129 223 280
256 188 129 119 32
257 188 184 249 119
258 188 127 184 119
259 188 127 184 249
260 188 18 119 32
261 188 127 18 32
262 188 127 18 119
263 188 127 111 32
264 188 111 9 32
265 188 129 9 32
266 188 129 223 123
267 188 111 123 9
268 188 129 123 9
269 188 111 123 229
270 188 223 123 229
271 188 223 111 229
272 307 249 280 399
273 307 479 249 399
274 307 355 280 399
275 307 355 520 399
276 307 483 479 399
277 307 483 520 399
278 444 427 386 242
279 444 427 386 468
280 444 468 479 466
281 444 386 479 466
282 444 386 468 479
283 601 641 653 579
284 601 468 653 579
285 601 619 468 653
286 601 641 653 668
287 601 619 653 668
288 601 619 468 479
289 601 468 499 579
290 601 468 479 499
291 601 483 479 499
292 564 609 643 704
293 564 609 704 709
294 564 609 467 504
295 974 956 985 867
296 226 209 222 139
297 226 167 222 139
298 205 281 292 291
299 205 281 136 292
300 205 281 316 291
301 305 281 246 344
302 305 281 212 344
303 305 205 281 316
304 305 205 281 212
305 305 292 316 291
306 305 281 316 291
307 305 281 292 291
308 155 212 252 147
309 325 246 344 329
310 325 203 246 285
311 325 305 246 344
312 325 281 246 285
313 325 305 281 246
314 166 113 136 106
315 83 35 113 49
316 83 35 113 136
317 83 113 49 147
318 83 56 49 147
319 83 94 56 118
320 170 140 136 246
321 170 140 211 246
322 170 167 136 246
323 170 187 167 203
324 170 203 246 285
325 170 167 246 285
326 170 167 203 285
327 201 122 18 25
328 201 127 18 25
329 201 127 122 18
330 201 122 184 242
331 201 127 184 242
332 201 127 122 184
333 102 127 18 25
334 102 127 117 25
335 592 699 672 961
336 592 699 672 604
337 596 592 586 604
338 596 592 699 604
339 832 845 884 816
340 748 832 816 773
341 748 832 845 816
342 970 978 884 982
343 970 978 845 884
344 970 884 816 982
345 970 845 884 816
346 970 818 816 982
347 970 818 962 982
348 970 797 845 816
349 970 797 818 962
350 970 797 818 816
351 802 824 736 787
352 802 824 858 787
353 802 786 736 787
354 802 786 858 787
355 802 786 736 694
356 802 786 847 694
357 802 786 858 847
358 898 896 858 847
359 898 786 858 847
360 875 896 991 847
361 718 786 846 681
362 718 786 736 787
363 718 786 736 694
364 771 811 868 890
365 771 831 868 890
366 771 811 774 890
367 771 702 811 868
368 771 702 831 868
369 771 831 796 890
370 771 702 754 831
371 771 916 796 890
372 771 774 916 890
373 771 774 916 796
374 771 754 831 796
375 771 754 796 734
376 771 749 796 734
377 771 749 774 796
378 822 981 973 936
379 822 889 973 936
380 822 981 901 936
381 822 981 973 998
382 822 889 868 936
383 822 889 851 868
384 833 875 991 847
385 833 875 845 991
386 833 712 682 694
387 833 786 846 847
388 833 875 846 847
389 833 786 847 694
390 866 802 858 847
391 866 802 855 858
392 866 896 991 847
393 866 896 858 847
394 804 866 802 855
395 804 866 802 847
396 804 712 694 716
397 804 833 847 694
398 804 833 712 694
399 804 802 694 716
400 804 802 847 694
401 630 589 582 537
402 630 549 551 537
403 555 589 582 537
404 346 484 493 316
405 346 372 493 316
406 552 555 589 694
407 552 581 682 716
408 646 622 532 578
409 854 972 947 882
410 987 863 916 955
411 987 950 863 916
412 688 771 749 734
413 688 749 643 734
414 688 771 690 734
415 957 821 843 915
416 957 946 821 915
417 957 921 843 915
418 957 872 821 843
419 957 946 872 821
420 957 921 843 959
421 957 879 843 959
422 957 879 872 843
423 957 946 872 892
424 957 943 872 892
425 809 946 872 892
426 809 946 872 821
427 968 943 876 891
428 968 943 964 876
429 871 879 894 959
430 871 943 964 959
431 871 957 943 959
432 871 957 879 959
433 871 957 879 872
434 886 950 894 959
435 886 879 894 959
436 886 879 950 894
437 886 879 843 959
438 886 950 921 959
439 886 921 843 959
440 886 879 950 863
441 805 863 735 709
442 805 871 879 776
443 805 749 863 735
444 805 886 879 863
445 805 704 776 709
446 805 863 704 709
447 805 749 774 735
448 805 749 863 916
449 805 879 863 916
450 805 886 863 843
451 805 879 776 843
452 805 886 879 843
453 805 863 704 843
454 805 749 774 916
455 805 766 776 843
456 969 879 894 916
457 969 805 879 916
458 969 871 879 894
459 969 966 774 916
460 969 805 774 916
461 969 871 894 959
462 969 871 964 959
463 685 564 609 709
464 685 805 776 709
465 685 704 776 709
466 685 564 704 709
467 685 564 704 776
468 691 676 594 653
469 626 574 472 509
470 516 574 472 509
471 516 626 574 509
472 516 602 532 449
473 503 516 602 500
474 503 516 574 602
475 541 416 499 579
476 541 416 499 531
477 649 759 784 645
478 649 516 574 602
479 649 516 626 574
480 649 516 519 509
481 649 516 519 602
482 649 516 626 509
483 911 883 931 891
484 911 943 876 891
485 911 883 876 891
486 870 943 872 892
487 870 943 872 876
488 870 911 943 892
489 870 911 943 876
490 870 911 883 876
491 870 809 872 892
492 870 883 784 876
493 806 844 931 891
494 806 883 931 891
495 665 649 759 645
496 665 649 626 645
497 665 649 626 574
498 665 649 725 602
499 665 649 574 602
500 952 905 912 860
501 893 951 844 891
502 707 649 637 725
503 707 870 872 876
504 707 870 784 876
505 790 872 776 668
506 790 879 872 776
507 790 871 879 776
508 790 805 871 776
509 432 266 418 365
510 794 913 844 931
511 354 338 365 234
512 494 637 602 532
513 494 499 532 578
514 494 426 532 578
515 494 519 546 531
516 494 541 546 531
517 494 541 499 531
518 899 811 966 890
519 899 811 868 890
520 899 869 811 868
521 830 724 811 868
522 830 724 702 868
523 636 534 369 553
524 636 548 369 635
525 636 548 369 553
526 636 548 703 635
527 636 548 703 553
528 636 702 703 553
529 708 581 712 716
530 328 377 342 511
531 328 377 342 304
532 328 409 377 360
533 328 239 377 360
534 287 342 340 407
535 287 270 342 407
536 165 154 112 37
537 165 287 270 154
538 165 154 123 37
539 165 123 9 37
540 165 154 123 160
541 655 607 544 629
542 655 607 755 629
543 655 688 599 690
544 655 688 599 629
545 655 688 771 690
546 655 724 702 755
547 655 607 724 755
548 655 607 724 702
549 655 688 749 629
550 655 688 771 749
551 543 607 515 511
552 543 607 544 511
553 507 476 599 583
554 507 476 534 599
555 507 476 403 467
556 507 476 403 407
557 507 476 534 407
558 490 476 599 629
559 490 476 534 599
560 490 476 534 407
561 490 342 544 407
562 490 476 342 407
563 436 403 340 407
564 436 476 403 407
565 436 342 340 407
566 436 476 342 407
567 436 476 403 467
568 436 490 476 342
569 513 609 629 583
570 513 476 629 583
571 513 490 476 629
572 513 609 583 504
573 513 609 467 504
574 513 507 476 583
575 513 507 476 467
576 513 564 609 467
577 513 436 476 467
578 513 507 583 504
579 513 507 467 504
580 513 436 490 492
581 513 436 490 476
582 513 428 492 467
583 341 381 252 344
584 510 610 525 508
585 510 610 606 480
586 510 610 606 751
587 510 610 484 480
588 700 510 610 508
589 700 510 610 751
590 700 525 693 508
591 700 610 525 508
592 700 703 525 693
593 560 606 446 484
594 560 518 446 484
595 560 518 606 446
596 560 581 606 484
597 560 581 484 493
598 560 518 484 493
599 560 527 581 493
600 560 527 518 493
601 351 325 246 329
602 120 13 42 40
603 120 42 40 131
604 120 13 40 131
605 120 13 112 131
606 120 154 13 112
607 120 94 42 56
608 120 42 56 153
609 120 56 153 147
610 120 212 153 147
611 120 212 56 147
612 120 212 56 118
613 120 94 56 118
614 772 792 859 882
615 772 792 699 859
616 772 792 783 882
617 772 792 699 672
618 176 23 160 137
619 176 23 154 160
620 176 23 154 13
621 385 410 349 414
622 385 435 410 414
623 385 244 367 309
624 237 270 342 282
625 237 377 342 282
626 237 270 154 342
627 237 240 154 342
628 237 377 342 304
629 237 240 342 304
630 237 328 377 304
631 237 328 239 377
632 237 328 240 304
633 237 328 240 239
634 376 520 504 399
635 376 355 520 399
636 376 467 504 399
637 376 350 467 399
638 376 355 350 399
639 376 507 467 504
640 376 507 403 467
641 267 355 223 399
642 267 355 350 399
643 267 223 123 229
644 267 355 223 280
645 267 376 355 350
646 267 123 229 160
647 267 165 123 160
648 267 376 350 467
649 267 436 350 467
650 267 165 154 160
651 616 619 479 523
652 616 572 479 523
653 616 572 619 479
654 616 662 676 619
655 616 676 619 594
656 616 572 619 594
657 259 223 249 399
658 259 294 350 399
659 259 188 223 249
660 259 267 223 399
661 259 267 350 399
662 259 267 223 229
663 259 223 111 229
664 259 188 223 111
665 362 427 416 242
666 362 427 249 242
667 362 427 479 249
668 362 427 416 479
669 362 494 426 499
670 362 428 426 399
671 362 294 428 399
672 362 294 428 426
673 362 483 479 249
674 362 259 294 399
675 362 416 479 499
676 362 483 479 499
677 362 483 249 399
678 362 259 249 399
679 345 428 350 399
680 345 294 350 399
681 345 294 428 399
682 345 428 350 368
683 345 294 428 414
684 345 259 294 350
685 345 385 435 414
686 345 434 435 414
687 558 434 622 532
688 558 434 349 414
689 558 434 532 414
690 558 426 349 449
691 558 426 532 449
692 558 426 349 414
693 558 426 532 414
694 558 388 349 449
695 558 388 551 349
696 558 602 532 449
697 558 388 500 449
698 558 503 551 500
699 558 503 602 500
700 558 516 500 449
701 558 516 602 449
702 558 516 602 500
703 135 220 192 261
704 152 93 67 4
705 152 149 67 4
706 152 144 93 4
707 152 144 4 139
708 152 144 93 192
709 152 144 192 228
710 152 149 209 228
711 152 144 248 139
712 152 144 248 228
713 152 209 248 228
714 152 209 128 139
715 152 149 128 139
716 152 149 209 128
717 152 226 248 139
718 152 226 209 139
719 152 226 209 248
720 108 144 93 66
721 108 144 93 192
722 108 150 144 66
723 108 150 144 192
724 46 144 93 66
725 46 144 93 4
726 46 150 144 66
727 82 150 91 66
728 178 51 67 97
729 178 51 175 97
730 178 51 141 175
731 178 141 175 243
732 178 220 175 243
733 178 220 192 228
734 256 272 244 195
735 256 272 244 367
736 256 244 213 195
737 256 385 244 367
738 256 236 272 195
739 521 482 562 533
740 391 220 192 261
741 391 312 220 261
742 391 312 220 192
743 391 135 192 261
744 705 698 680 798
745 343 312 390 379
746 343 460 420 379
747 161 183 236 195
748 161 183 209 128
749 161 183 236 209
750 161 236 209 222
751 161 256 236 195
752 967 837 909 867
753 967 956 909 839
754 967 837 909 839
755 967 837 956 839
756 848 956 932 953
757 848 837 956 932
758 827 768 839 881
759 827 744 768 839
760 827 839 929 881
761 827 951 839 929
762 827 768 835 881
763 827 744 768 835
764 827 744 739 835
765 597 612 562 625
766 597 698 612 625
767 597 698 612 680
768 597 521 498 562
769 639 846 722 801
770 639 846 681 801
771 580 630 549 582
772 580 698 612 625
773 580 549 562 625
774 580 698 612 722
775 580 639 612 722
776 580 639 698 722
777 21 15 141 17
778 21 15 141 50
779 21 51 141 50
780 172 115 177 234
781 172 217 177 234
782 172 217 234 193
783 172 217 177 193
784 172 266 234 193
785 172 177 17 193
786 172 141 17 193
787 172 177 141 17
788 172 266 275 234
789 172 141 175 193
790 172 266 175 193
791 172 266 275 243
792 172 178 141 243
793 172 178 275 243
794 172 141 175 243
795 172 266 175 243
796 189 172 115 234
797 189 172 275 234
798 62 115 86 36
799 62 115 31 28
800 11 115 31 28
801 11 177 141 17
802 11 21 141 17
803 11 115 141 31
804 11 172 177 141
805 11 172 115 141
806 11 172 115 177
807 181 115 177 28
808 181 7 117 28
809 181 199 7 117
810 323 266 234 193
811 323 266 365 234
812 323 354 365 234
813 459 524 395 473
814 459 521 524 473
815 459 521 524 411
816 459 391 411 261
817 459 295 411 261
818 459 295 395 261
819 459 295 395 411
820 667 656 744 661
821 667 656 524 533
822 667 521 524 533
823 667 521 768 533
824 667 744 768 839
825 462 395 447 477
826 462 394 337 447
827 462 395 337 447
828 462 295 394 337
829 462 295 395 337
830 462 266 418 394
831 462 295 266 394
832 462 295 266 418
833 462 295 395 411
834 462 459 395 411
835 462 459 524 411
836 462 459 524 395
837 462 295 411 390
838 462 295 418 390
839 276 295 220 243
840 276 295 312 220
841 276 178 220 243
842 276 312 220 228
843 276 178 220 228
844 276 295 275 243
845 276 295 312 390
846 276 178 275 243
847 276 295 275 418
848 276 295 418 390
849 384 386 479 249
850 384 307 479 249
851 384 307 386 249
852 384 386 479 523
853 384 520 479 523
854 384 483 520 479
855 384 307 483 479
856 384 307 483 520
857 224 444 122 242
858 224 122 184 242
859 224 444 386 242
860 224 386 249 242
861 224 307 386 249
862 224 127 249 242
863 224 127 184 242
864 224 127 184 249
865 224 307 249 280
866 224 249 119 280
867 224 184 249 119
868 683 676 619 721
869 683 662 676 619
870 585 601 641 579
871 585 601 499 579
872 585 541 499 579
873 585 494 541 499
874 585 494 637 532
875 585 494 637 546
876 585 494 541 546
877 663 683 662 619
878 663 564 704 776
879 663 564 619 776
880 663 616 662 619
881 505 564 467 504
882 505 564 520 504
883 505 467 504 399
884 505 520 504 399
885 505 564 483 520
886 505 483 520 399
887 505 513 564 467
888 505 609 492 578
889 505 564 609 578
890 505 513 609 492
891 505 513 564 609
892 877 824 860 914
893 247 167 222 285
894 247 167 203 285
895 247 226 167 222
896 247 187 167 203
897 279 236 209 222
898 279 226 209 222
899 279 272 367 309
900 279 236 272 367
901 279 226 209 248
902 279 226 313 248
903 279 343 313 228
904 279 209 248 228
905 279 313 248 228
906 339 305 292 316
907 339 292 316 291
908 162 140 211 246
909 162 166 211 246
910 162 140 136 246
911 162 166 136 246
912 162 140 136 106
913 162 166 136 106
914 157 281 136 246
915 157 166 136 246
916 157 166 281 246
917 157 205 281 136
918 157 194 205 136
919 157 155 113 147
920 157 194 205 212
921 157 205 281 212
922 157 83 113 147
923 157 83 113 136
924 157 194 212 118
925 157 212 252 344
926 157 281 212 344
927 157 212 118 147
928 157 155 212 147
929 157 56 118 147
930 157 83 56 147
931 157 83 56 118
932 55 157 136 118
933 55 157 83 118
934 55 157 83 136
935 55 35 136 27
936 55 83 35 136
937 186 201 127 25
938 65 127 18 32
939 65 102 127 18
940 38 87 117 25
941 38 102 117 25
942 38 87 7 117
943 789 833 875 845
944 777 797 845 816
945 777 748 845 816
946 777 789 748 845
947 777 797 845 801
948 777 875 845 801
949 777 789 875 845
950 777 875 846 801
951 777 846 681 801
952 777 833 875 846
953 777 789 833 875
954 926 970 978 845
955 926 875 845 991
956 762 724 755 811
957 762 802 824 736
958 807 824 858 787
959 807 898 824 858
960 807 786 858 787
961 807 898 786 858
962 807 877 898 874
963 807 898 786 846
964 807 877 850 874
965 807 898 824 914
966 807 877 824 914
967 807 877 898 914
968 807 718 786 846
969 925 952 860 914
970 986 866 896 858
971 986 866 855 858
972 852 979 858 878
973 852 802 858 878
974 852 802 855 858
975 852 986 855 858
976 852 986 979 858
977 852 762 802 878
978 983 875 896 991
979 983 926 875 991
980 983 926 875 965
981 983 898 896 847
982 983 875 896 847
983 983 875 965 846
984 983 875 846 847
985 983 965 846 934
986 983 898 846 934
987 983 786 846 847
988 983 898 786 847
989 983 898 786 846
990 686 555 589 694
991 686 555 638 589
992 686 589 736 694
993 686 718 736 694
994 686 718 589 736
995 686 552 555 694
996 686 552 555 638
997 686 718 786 694
998 686 833 786 694
999 686 833 718 786
1000 753 755 811 774
1001 753 771 811 774
1002 753 655 755 629
1003 753 771 749 774
1004 753 655 771 749
1005 753 702 755 811
1006 753 655 702 755
1007 753 771 702 811
1008 753 655 771 702
1009 753 655 749 629
1010 753 749 774 735
1011 753 749 629 735
1012 731 771 690 734
1013 731 771 754 734
1014 731 771 702 754
1015 731 702 754 831
1016 731 655 702 690
1017 731 655 771 690
1018 731 655 771 702
1019 800 822 889 851
1020 800 669 703 693
1021 800 700 703 693
1022 800 820 693 998
1023 800 822 973 998
1024 800 822 889 973
1025 800 700 820 693
1026 800 822 981 998
1027 880 804 866 855
1028 795 789 833 845
1029 795 789 748 845
1030 795 833 682 694
1031 795 686 682 694
1032 795 686 833 694
1033 540 630 589 537
1034 540 630 551 537
1035 540 630 651 551
1036 540 558 651 551
1037 540 558 622 651
1038 540 558 551 349
1039 540 539 435 410
1040 540 435 410 349
1041 540 434 435 349
1042 540 558 434 349
1043 540 334 410 349
1044 540 334 410 537
1045 673 630 589 582
1046 673 555 589 582
1047 673 718 589 736
1048 673 630 589 736
1049 673 718 736 787
1050 673 630 736 787
1051 673 580 630 582
1052 673 718 786 787
1053 673 807 786 787
1054 673 807 718 786
1055 673 630 549 625
1056 673 580 549 625
1057 673 580 630 549
1058 366 527 518 493
1059 366 518 484 344
1060 366 518 484 493
1061 366 484 316 344
1062 366 484 493 316
1063 366 305 316 344
1064 366 339 305 316
1065 366 469 518 344
1066 366 469 325 370
1067 366 325 305 344
1068 366 339 305 292
1069 456 366 469 370
1070 456 366 469 518
1071 283 346 316 360
1072 283 316 344 360
1073 283 212 252 344
1074 283 305 316 344
1075 283 305 212 344
1076 283 328 239 360
1077 283 328 346 360
1078 283 194 205 316
1079 283 194 205 212
1080 283 381 344 360
1081 283 381 252 360
1082 283 381 252 344
1083 283 305 205 316
1084 283 305 205 212
1085 283 328 240 239
1086 283 328 346 240
1087 357 256 346 291
1088 357 339 316 291
1089 357 339 372 316
1090 357 346 316 291
1091 357 346 372 316
1092 550 527 581 493
1093 550 552 527 581
1094 550 552 581 716
1095 452 552 555 527
1096 587 552 555 638
1097 587 552 555 527
1098 587 552 682 694
1099 587 686 552 694
1100 587 552 581 682
1101 587 552 527 581
1102 587 560 527 581
1103 587 560 527 518
1104 587 581 712 682
1105 461 411 390 379
1106 461 482 411 390
1107 461 521 498 411
1108 461 521 482 411
1109 461 521 498 562
1110 461 521 482 562
1111 461 489 391 498
1112 461 489 498 496
1113 461 597 612 562
1114 461 597 498 496
1115 461 597 498 562
1116 887 854 726 722
1117 760 854 726 783
1118 542 596 586 604
1119 910 854 972 947
1120 464 461 390 379
1121 464 461 482 390
1122 464 343 460 379
1123 464 482 549 562
1124 464 461 482 562
1125 464 580 460 549
1126 620 599 629 583
1127 620 688 599 629
1128 620 609 629 583
1129 620 609 583 504
1130 620 609 643 504
1131 620 609 629 709
1132 620 609 643 709
1133 620 749 629 709
1134 620 688 749 629
1135 620 749 643 709
1136 620 688 749 643
1137 742 641 653 668
1138 742 676 653 668
1139 742 676 721 668
1140 742 721 872 668
1141 742 676 721 821
1142 742 766 721 821
1143 861 968 964 876
1144 861 968 836 876
1145 861 968 905 964
1146 861 968 836 860
1147 861 968 905 912
1148 861 905 912 860
1149 861 968 912 860
1150 861 952 905 860
1151 861 817 836 860
1152 861 646 836 651
1153 842 943 964 876
1154 842 871 943 964
1155 842 861 964 876
1156 842 861 871 964
1157 842 943 872 876
1158 842 861 790 871
1159 842 957 943 872
1160 842 871 957 872
1161 842 871 957 943
1162 842 861 836 876
1163 842 707 872 876
1164 842 871 879 872
1165 842 790 879 872
1166 842 790 871 879
1167 842 790 872 668
1168 730 805 704 843
1169 730 805 704 776
1170 730 663 704 776
1171 730 663 619 776
1172 778 805 871 879
1173 778 969 871 879
1174 778 969 805 879
1175 778 861 969 871
1176 778 790 805 871
1177 778 969 805 774
1178 778 969 966 774
1179 778 811 966 774
1180 778 685 805 709
1181 631 513 609 629
1182 631 609 629 709
1183 631 685 609 709
1184 631 513 609 492
1185 631 629 735 709
1186 729 685 646 578
1187 729 861 646 651
1188 729 778 646 651
1189 729 778 861 651
1190 729 861 790 871
1191 729 778 790 871
1192 729 778 861 871
1193 729 685 805 776
1194 729 778 685 805
1195 729 790 805 776
1196 729 778 790 805
1197 650 564 609 578
1198 650 685 609 578
1199 650 685 564 609
1200 650 685 564 776
1201 650 729 685 578
1202 650 619 776 668
1203 650 564 619 776
1204 650 729 685 776
1205 650 646 697 578
1206 650 729 646 578
1207 650 729 646 697
1208 650 790 776 668
1209 650 790 697 668
1210 650 729 790 776
1211 650 729 790 697
1212 642 626 574 472
1213 440 503 516 500
1214 440 516 574 472
1215 440 503 516 574
1216 371 276 418 390
1217 371 276 275 418
1218 371 276 275 296
1219 621 649 784 645
1220 621 649 626 645
1221 621 707 649 784
1222 621 707 649 637
1223 808 883 876 891
1224 808 806 883 891
1225 808 883 784 876
1226 803 861 836 651
1227 803 861 817 836
1228 803 861 817 860
1229 814 806 844 891
1230 814 968 876 891
1231 814 968 836 891
1232 814 968 836 876
1233 814 808 876 891
1234 814 808 806 891
1235 814 893 844 891
1236 814 806 759 844
1237 814 740 665 725
1238 723 803 630 651
1239 723 558 651 551
1240 723 665 725 602
1241 723 740 665 725
1242 975 952 860 914
1243 975 952 912 860
1244 975 877 860 914
1245 640 707 637 725
1246 640 649 725 602
1247 640 649 637 602
1248 640 649 637 725
1249 640 646 725 651
1250 640 637 602 532
1251 640 558 602 532
1252 640 723 558 651
1253 640 723 725 602
1254 640 723 558 602
1255 640 646 622 651
1256 640 558 622 651
1257 640 646 622 532
1258 640 558 622 532
1259 840 827 744 844
1260 840 794 913 844
1261 840 951 913 929
1262 840 951 913 844
1263 840 827 951 929
1264 840 990 913 929
1265 840 990 929 881
1266 840 827 929 881
1267 429 440 516 472
1268 429 516 500 449
1269 429 440 516 500
1270 429 388 500 449
1271 429 338 388 449
1272 429 354 338 365
1273 429 440 338 365
1274 429 440 354 365
1275 906 899 869 868
1276 906 899 868 890
1277 906 851 936 890
1278 906 851 868 890
1279 906 851 868 936
1280 838 899 811 966
1281 838 899 869 811
1282 838 762 755 811
1283 838 852 869 878
1284 838 852 762 878
1285 838 762 724 811
1286 269 207 185 153
1287 269 237 239 377
1288 269 377 282 300
1289 269 237 377 282
1290 269 239 377 360
1291 269 310 239 360
1292 269 409 377 360
1293 269 409 310 360
1294 576 636 534 690
1295 576 636 534 553
1296 576 636 702 553
1297 576 636 702 690
1298 576 655 702 690
1299 576 534 599 690
1300 576 655 599 690
1301 576 607 702 553
1302 576 655 607 702
1303 576 534 553 407
1304 576 607 544 553
1305 576 655 607 544
1306 576 655 544 629
1307 576 655 599 629
1308 576 342 553 407
1309 576 342 544 407
1310 576 342 544 553
1311 576 490 544 407
1312 576 490 534 407
1313 576 490 599 629
1314 576 490 534 599
1315 404 525 406 508
1316 404 548 525 406
1317 404 548 369 406
1318 404 548 377 369
1319 404 269 409 377
1320 404 269 409 310
1321 404 377 369 300
1322 404 269 369 300
1323 404 269 377 300
1324 455 328 377 511
1325 455 328 409 377
1326 455 328 346 372
1327 455 328 346 360
1328 455 328 409 360
1329 598 543 539 571
1330 598 543 607 515
1331 598 762 607 755
1332 692 715 708 581
1333 506 607 515 511
1334 506 455 515 511
1335 506 372 515 493
1336 506 455 372 493
1337 506 550 515 493
1338 506 550 581 493
1339 506 550 581 515
1340 405 428 350 467
1341 405 436 350 467
1342 405 513 428 467
1343 405 513 436 467
1344 405 428 350 368
1345 405 436 350 368
1346 405 513 428 492
1347 405 513 436 492
1348 501 342 544 511
1349 501 490 342 544
1350 501 543 544 511
1351 501 436 490 492
1352 501 607 544 629
1353 501 543 607 629
1354 501 543 607 544
1355 501 576 544 629
1356 501 576 490 629
1357 501 576 490 544
1358 501 513 490 492
1359 501 513 490 629
1360 501 631 513 629
1361 419 446 484 480
1362 419 450 484 480
1363 419 450 381 484
1364 419 446 484 344
1365 288 246 344 329
1366 288 211 246 329
1367 288 281 246 344
1368 288 166 211 246
1369 288 166 281 246
1370 471 510 453 508
1371 471 525 453 508
1372 471 510 525 508
1373 471 510 450 453
1374 471 510 610 484
1375 471 510 610 525
1376 471 404 409 525
1377 471 381 484 360
1378 471 450 381 360
1379 471 450 381 484
1380 666 700 610 703
1381 666 700 610 751
1382 666 610 606 751
1383 764 702 831 868
1384 764 830 702 868
1385 764 756 822 703
1386 764 831 851 868
1387 764 822 851 868
1388 764 830 724 702
1389 474 518 606 446
1390 474 469 518 502
1391 474 469 351 502
1392 72 120 94 42
1393 72 120 94 118
1394 72 83 118 84
1395 72 83 94 118
1396 196 194 212 118
1397 196 283 239 212
1398 196 283 240 239
1399 196 283 194 212
1400 196 283 346 240
1401 196 283 346 316
1402 196 283 194 316
1403 196 357 346 213
1404 196 357 256 213
1405 196 357 256 346
1406 196 346 316 291
1407 196 205 316 291
1408 196 194 205 316
1409 5 72 120 84
1410 767 732 818 859
1411 767 797 818 859
1412 767 772 797 859
1413 767 732 699 859
1414 767 772 699 859
1415 767 797 818 816
1416 767 652 732 596
1417 767 732 596 699
1418 767 777 797 816
1419 767 777 748 816
1420 767 772 797 801
1421 834 854 783 882
1422 834 772 783 882
1423 834 854 726 783
1424 834 772 726 783
1425 834 972 882 941
1426 834 854 972 882
1427 834 772 726 801
1428 834 962 882 941
1429 834 772 797 801
1430 834 772 859 882
1431 834 772 797 859
1432 834 887 854 726
1433 834 970 797 962
1434 834 962 859 882
1435 834 797 962 859
1436 834 887 854 972
1437 834 797 845 801
1438 834 875 845 801
1439 834 875 797 845
1440 834 902 972 941
1441 684 792 672 657
1442 684 772 792 672
1443 684 792 783 657
1444 684 772 792 783
1445 684 648 783 657
1446 684 772 726 783
1447 107 57 111 76
1448 107 126 57 76
1449 107 126 57 111
1450 107 26 111 76
1451 107 145 126 76
1452 10 161 95 167
1453 262 267 229 160
1454 262 176 154 160
1455 262 176 240 154
1456 262 267 154 160
1457 262 240 342 304
1458 262 240 154 342
1459 262 436 342 340
1460 262 267 436 340
1461 262 270 154 342
1462 262 287 270 342
1463 262 287 270 154
1464 262 287 342 340
1465 262 267 287 340
1466 262 165 287 154
1467 262 267 165 154
1468 262 267 165 287
1469 320 334 367 410
1470 320 385 367 410
1471 320 334 410 349
1472 320 385 410 349
1473 320 334 367 309
1474 320 385 367 309
1475 320 385 244 309
1476 320 272 244 309
1477 320 334 272 309
1478 216 237 270 282
1479 216 269 237 131
1480 216 269 237 282
1481 216 237 112 131
1482 216 269 185 131
1483 216 269 282 185
1484 216 237 154 112
1485 216 237 270 154
1486 216 165 154 112
1487 216 165 270 154
1488 169 237 240 239
1489 169 196 240 239
1490 169 269 237 239
1491 169 120 240 154
1492 169 237 240 154
1493 169 196 239 212
1494 169 269 237 131
1495 169 120 154 112
1496 169 237 154 112
1497 169 120 212 153
1498 169 269 185 153
1499 169 120 112 131
1500 169 237 112 131
1501 169 269 185 131
1502 169 42 185 153
1503 169 120 42 153
1504 169 42 185 131
1505 169 120 42 131
1506 202 267 287 340
1507 202 267 165 287
1508 202 267 355 340
1509 202 267 355 280
1510 202 267 165 123
1511 202 129 223 280
1512 202 267 223 280
1513 202 129 123 9
1514 202 165 123 9
1515 202 129 223 123
1516 202 267 223 123
1517 363 436 403 340
1518 363 267 436 340
1519 363 267 355 340
1520 363 267 376 355
1521 363 376 403 467
1522 363 267 376 467
1523 363 436 403 467
1524 363 267 436 467
1525 611 663 616 619
1526 611 564 520 504
1527 611 564 643 704
1528 611 663 564 704
1529 611 609 643 504
1530 611 564 609 504
1531 611 564 609 643
1532 293 259 267 229
1533 293 259 267 350
1534 293 262 267 229
1535 293 267 436 350
1536 293 262 267 436
1537 293 345 350 368
1538 293 436 350 368
1539 293 262 436 368
1540 241 259 111 229
1541 241 293 259 229
1542 241 345 259 294
1543 241 345 259 350
1544 241 293 259 350
1545 241 293 345 350
1546 286 362 416 242
1547 159 186 87 206
1548 159 127 117 25
1549 159 186 127 25
1550 159 199 87 206
1551 159 199 87 117
1552 159 186 87 25
1553 159 87 117 25
1554 159 181 199 117
1555 44 108 93 66
1556 44 135 43 97
1557 44 135 93 97
1558 156 135 93 97
1559 156 93 67 97
1560 156 135 220 192
1561 156 178 67 97
1562 156 152 93 67
1563 156 152 93 192
1564 156 178 220 192
1565 156 178 175 97
1566 156 178 220 175
1567 156 175 97 182
1568 156 220 175 182
1569 156 135 43 182
1570 156 43 97 182
1571 156 135 43 97
1572 156 135 261 182
1573 156 220 261 182
1574 156 135 220 261
1575 156 152 192 228
1576 156 178 192 228
1577 156 178 152 228
1578 69 150 91 66
1579 69 46 150 66
1580 69 46 150 144
1581 69 150 168 91
1582 80 144 4 139
1583 80 46 144 139
1584 80 46 144 4
1585 70 21 51 141
1586 148 86 36 67
1587 148 70 86 67
1588 148 156 178 67
1589 148 70 51 67
1590 148 178 51 67
1591 148 70 86 141
1592 148 152 149 67
1593 148 156 152 67
1594 148 156 178 152
1595 148 178 51 141
1596 148 70 51 141
1597 148 172 178 141
1598 148 152 149 228
1599 148 178 152 228
1600 301 279 236 222
1601 301 161 236 222
1602 301 161 256 222
1603 301 161 256 236
1604 301 279 236 367
1605 301 236 272 367
1606 301 256 272 367
1607 301 256 236 272
1608 301 247 222 285
1609 301 247 226 222
1610 301 279 226 222
1611 301 279 247 226
1612 301 167 222 285
1613 301 167 292 285
1614 301 319 292 285
1615 486 521 498 411
1616 486 459 391 411
1617 378 391 411 261
1618 378 391 312 261
1619 378 295 411 261
1620 378 295 312 261
1621 378 295 312 411
1622 378 411 390 379
1623 378 312 390 379
1624 378 312 411 390
1625 378 461 411 379
1626 378 461 489 391
1627 378 461 498 411
1628 378 461 391 498
1629 378 391 312 192
1630 378 486 391 498
1631 378 486 498 411
1632 378 486 391 411
1633 255 315 421 336
1634 671 768 798 867
1635 671 698 768 798
1636 671 705 698 798
1637 671 597 698 768
1638 671 597 498 496
1639 671 705 698 680
1640 671 597 698 680
1641 290 279 343 228
1642 290 279 334 309
1643 290 279 209 228
1644 114 145 190 142
1645 110 167 222 139
1646 110 161 167 222
1647 110 209 222 139
1648 110 161 209 222
1649 110 209 128 139
1650 110 161 209 128
1651 110 61 128 139
1652 110 161 95 167
1653 110 30 95 167
1654 110 80 61 81
1655 110 103 61 81
1656 110 103 61 128
1657 110 30 103 81
1658 980 967 837 956
1659 980 837 956 867
1660 980 967 837 867
1661 465 464 482 549
1662 465 482 549 562
1663 465 482 562 533
1664 465 464 482 390
1665 465 371 418 390
1666 465 521 524 533
1667 465 521 482 533
1668 465 462 418 390
1669 465 521 524 411
1670 465 521 482 411
1671 465 482 411 390
1672 465 462 411 390
1673 465 462 524 411
1674 960 827 951 839
1675 960 827 839 844
1676 960 839 932 929
1677 960 951 839 929
1678 960 840 827 844
1679 719 706 744 739
1680 719 827 744 739
1681 556 671 597 496
1682 644 597 698 768
1683 644 597 521 562
1684 644 597 562 625
1685 644 597 698 625
1686 644 521 768 533
1687 644 521 562 533
1688 644 837 768 839
1689 644 698 837 768
1690 644 667 768 533
1691 644 549 562 625
1692 644 667 656 533
1693 644 630 549 625
1694 74 114 190 179
1695 298 170 211 246
1696 298 170 203 246
1697 298 254 170 203
1698 298 325 203 246
1699 566 760 648 680
1700 382 313 336 248
1701 75 115 141 31
1702 75 11 141 31
1703 75 11 21 141
1704 75 70 86 141
1705 75 70 21 141
1706 75 62 115 31
1707 75 62 115 86
1708 96 11 177 17
1709 96 115 177 28
1710 96 11 115 28
1711 96 11 115 177
1712 198 181 233 234
1713 198 217 177 234
1714 198 115 177 234
1715 198 181 115 234
1716 198 181 115 177
1717 373 266 394 193
1718 373 323 266 193
1719 373 432 266 365
1720 373 323 266 365
1721 373 440 432 365
1722 238 217 234 193
1723 238 323 234 193
1724 238 198 233 234
1725 238 198 217 234
1726 470 462 447 477
1727 470 462 394 447
1728 561 462 395 477
1729 561 462 524 395
1730 561 524 395 473
1731 561 577 678 547
1732 561 667 744 661
1733 561 667 656 661
1734 561 667 656 524
1735 561 719 577 678
1736 260 345 385 414
1737 260 345 385 244
1738 714 683 619 721
1739 714 663 683 619
1740 714 730 663 619
1741 714 730 619 776
1742 714 721 776 668
1743 714 619 776 668
1744 714 619 721 668
1745 488 428 467 399
1746 488 505 467 399
1747 488 428 492 467
1748 488 428 426 399
1749 488 428 426 492
1750 488 513 492 467
1751 488 505 513 467
1752 488 505 513 492
1753 488 362 426 399
1754 488 426 492 578
1755 488 505 492 578
1756 488 362 483 399
1757 488 505 483 399
1758 488 505 499 578
1759 488 362 426 499
1760 488 362 483 499
1761 488 505 483 499
1762 488 494 499 578
1763 488 494 426 578
1764 488 494 426 499
1765 813 803 817 860
1766 318 325 203 285
1767 318 247 203 285
1768 380 382 313 336
1769 232 380 247 226
1770 232 144 248 139
1771 232 226 248 139
1772 232 380 247 336
1773 232 226 313 248
1774 232 380 226 313
1775 232 313 336 248
1776 232 380 313 336
1777 317 339 292 291
1778 317 319 292 285
1779 317 366 339 292
1780 317 256 292 291
1781 317 301 319 292
1782 317 301 256 292
1783 317 301 256 319
1784 402 550 527 493
1785 402 550 552 527
1786 402 357 339 291
1787 402 317 339 291
1788 402 357 256 291
1789 402 317 256 291
1790 402 256 385 367
1791 402 357 256 385
1792 402 317 256 319
1793 402 301 319 367
1794 402 301 256 367
1795 402 301 256 319
1796 158 157 155 113
1797 158 166 113 136
1798 158 157 113 136
1799 158 157 166 136
1800 79 16 118 84
1801 79 83 118 84
1802 79 55 83 118
1803 98 167 136 27
1804 98 35 136 27
1805 98 170 167 136
1806 98 6 170 167
1807 116 170 187 167
1808 116 6 170 167
1809 116 226 167 139
1810 116 98 6 167
1811 116 247 226 167
1812 116 247 187 167
1813 116 143 187 168
1814 132 116 6 170
1815 132 140 211 121
1816 132 170 140 211
1817 132 116 170 187
1818 132 298 211 121
1819 132 298 170 211
1820 132 170 187 203
1821 132 116 143 187
1822 132 298 254 121
1823 132 298 254 170
1824 132 254 170 203
1825 132 151 254 121
1826 77 7 117 28
1827 77 38 7 117
1828 77 38 102 117
1829 77 107 26 76
1830 763 777 748 681
1831 763 777 789 748
1832 763 718 786 681
1833 763 795 789 748
1834 763 795 686 682
1835 763 786 846 681
1836 763 777 846 681
1837 763 833 718 786
1838 763 795 789 833
1839 763 686 833 718
1840 763 795 686 833
1841 763 833 786 846
1842 763 777 833 846
1843 763 777 789 833
1844 928 926 970 845
1845 928 926 875 845
1846 928 970 797 845
1847 928 875 797 845
1848 928 834 970 797
1849 928 834 875 797
1850 928 834 962 941
1851 928 834 970 962
1852 928 834 984 941
1853 928 926 875 965
1854 674 708 581 716
1855 674 550 581 716
1856 674 692 708 581
1857 823 861 952 860
1858 823 813 824 860
1859 823 803 861 860
1860 823 813 803 860
1861 930 925 824 914
1862 930 898 824 914
1863 930 898 824 858
1864 930 898 896 858
1865 930 986 896 858
1866 938 925 979 878
1867 954 852 869 855
1868 954 906 977 868
1869 954 906 869 868
1870 654 686 638 589
1871 654 686 718 589
1872 654 555 638 589
1873 654 555 718 589
1874 654 555 718 638
1875 654 686 552 638
1876 654 587 552 638
1877 654 587 686 552
1878 727 636 702 690
1879 727 731 702 690
1880 727 731 702 831
1881 727 764 831 851
1882 727 764 702 831
1883 727 764 702 703
1884 727 764 822 851
1885 727 764 822 703
1886 727 800 822 851
1887 727 800 822 703
1888 903 880 918 977
1889 903 906 977 868
1890 903 906 868 936
1891 903 822 901 936
1892 903 822 868 936
1893 829 764 756 822
1894 829 764 822 868
1895 829 764 830 868
1896 829 764 830 724
1897 829 764 756 724
1898 829 903 822 868
1899 829 715 756 724
1900 829 903 977 868
1901 829 903 880 977
1902 829 954 977 868
1903 829 954 880 977
1904 829 830 869 868
1905 829 954 869 868
1906 825 880 804 866
1907 825 748 832 773
1908 825 832 845 884
1909 825 795 833 845
1910 825 833 845 991
1911 825 833 991 847
1912 825 804 833 847
1913 825 866 991 847
1914 825 804 866 847
1915 825 748 832 845
1916 825 795 748 845
1917 647 555 718 589
1918 647 673 718 589
1919 647 673 555 589
1920 647 555 718 638
1921 647 673 555 582
1922 647 654 718 638
1923 647 639 638 681
1924 647 654 638 681
1925 647 654 718 681
1926 647 580 639 582
1927 647 673 580 582
1928 647 807 718 846
1929 647 718 846 681
1930 647 639 846 681
1931 799 644 630 625
1932 799 644 698 625
1933 799 848 850 874
1934 799 580 698 625
1935 799 848 698 837
1936 799 644 698 837
1937 799 848 698 722
1938 799 580 639 698
1939 799 647 580 639
1940 799 639 698 722
1941 383 366 527 493
1942 383 366 493 316
1943 383 366 339 316
1944 383 372 493 316
1945 383 339 372 316
1946 383 357 339 372
1947 383 402 357 372
1948 383 402 357 339
1949 383 402 317 339
1950 383 366 527 518
1951 383 317 366 370
1952 383 317 366 339
1953 383 317 319 370
1954 497 555 367 537
1955 497 555 582 537
1956 497 580 549 582
1957 497 580 460 549
1958 497 630 582 537
1959 497 630 549 537
1960 497 630 549 582
1961 538 456 469 518
1962 538 456 527 518
1963 538 587 527 518
1964 538 512 456 469
1965 538 469 518 502
1966 538 512 469 502
1967 538 587 560 518
1968 538 452 456 527
1969 710 726 722 801
1970 710 639 722 801
1971 710 639 681 801
1972 710 634 681 801
1973 710 634 639 681
1974 710 760 680 722
1975 710 760 726 722
1976 710 760 648 680
1977 710 684 648 783
1978 710 684 726 783
1979 710 760 648 783
1980 710 760 726 783
1981 567 767 652 748
1982 567 538 512 502
1983 567 538 518 502
1984 862 726 722 801
1985 862 887 726 722
1986 862 846 722 801
1987 862 834 726 801
1988 862 834 887 726
1989 862 887 848 722
1990 862 875 846 801
1991 862 834 875 801
1992 862 799 846 722
1993 862 799 848 722
1994 862 887 848 874
1995 862 799 874 846
1996 862 799 848 874
1997 862 874 846 934
1998 862 887 874 934
1999 862 887 902 934
2000 862 984 902 934
2001 862 887 902 972
2002 862 834 902 972
2003 862 834 887 972
2004 862 984 902 941
2005 862 834 902 941
2006 862 834 984 941
2007 904 887 902 953
2008 904 887 902 972
2009 775 854 726 722
2010 775 760 726 722
2011 775 760 854 726
2012 775 887 854 722
2013 775 680 722 798
2014 775 760 680 722
2015 775 705 680 798
2016 775 760 705 680
2017 277 308 306 230
2018 277 132 143 187
2019 277 132 151 254
2020 277 132 187 203
2021 277 132 254 203
2022 277 132 143 130
2023 695 742 641 668
2024 695 601 641 668
2025 695 707 601 668
2026 695 585 601 641
2027 695 585 707 601
2028 695 621 707 784
2029 695 707 870 784
2030 747 742 676 821
2031 917 861 952 905
2032 917 861 969 871
2033 917 778 952 969
2034 917 778 861 969
2035 917 778 861 952
2036 917 969 871 964
2037 917 861 905 964
2038 917 861 871 964
2039 781 646 725 651
2040 781 646 836 651
2041 781 803 836 651
2042 781 723 803 651
2043 781 814 740 725
2044 781 723 740 725
2045 781 723 814 740
2046 781 640 725 651
2047 781 640 723 651
2048 781 640 723 725
2049 781 803 817 836
2050 781 723 803 817
2051 752 842 707 876
2052 752 842 861 790
2053 752 640 646 725
2054 752 781 646 725
2055 752 729 790 697
2056 752 729 861 790
2057 752 842 861 836
2058 752 842 836 876
2059 752 729 646 697
2060 752 729 861 646
2061 752 861 646 836
2062 752 781 646 836
2063 746 805 766 843
2064 746 730 805 843
2065 746 805 766 776
2066 746 730 805 776
2067 746 766 721 776
2068 746 714 721 776
2069 746 714 730 776
2070 853 778 952 969
2071 853 838 966 878
2072 853 778 811 966
2073 853 838 811 966
2074 853 778 861 952
2075 853 823 861 952
2076 853 823 778 861
2077 853 925 952 860
2078 853 823 952 860
2079 853 838 762 878
2080 853 838 755 811
2081 853 925 824 914
2082 853 925 860 914
2083 853 838 762 755
2084 853 802 858 878
2085 853 802 824 858
2086 853 979 858 878
2087 853 925 979 878
2088 853 925 979 858
2089 853 930 824 858
2090 853 930 925 858
2091 853 930 925 824
2092 853 762 802 878
2093 853 762 802 824
2094 853 824 860 914
2095 853 823 824 860
2096 741 805 774 735
2097 741 778 805 774
2098 741 755 811 774
2099 741 778 811 774
2100 741 753 774 735
2101 741 753 755 774
2102 741 805 735 709
2103 741 778 805 709
2104 741 631 735 709
2105 741 853 755 811
2106 741 853 778 811
2107 741 753 629 735
2108 741 631 629 735
2109 741 753 755 629
2110 741 778 685 709
2111 741 631 685 709
2112 603 650 697 668
2113 603 650 697 578
2114 603 585 637 532
2115 603 646 532 578
2116 603 646 697 578
2117 603 499 532 578
2118 603 505 499 578
2119 603 505 564 578
2120 603 650 564 578
2121 603 494 499 532
2122 603 585 494 532
2123 603 585 494 499
2124 603 505 483 499
2125 696 806 759 844
2126 568 440 503 574
2127 568 503 574 602
2128 568 740 665 661
2129 568 723 740 665
2130 568 665 574 602
2131 568 723 665 602
2132 568 558 503 602
2133 441 440 503 500
2134 441 503 551 500
2135 441 429 388 500
2136 441 429 440 500
2137 441 429 440 388
2138 441 465 464 549
2139 441 465 371 390
2140 441 558 551 500
2141 441 558 388 500
2142 441 558 388 551
2143 559 494 519 546
2144 559 494 637 546
2145 559 649 637 519
2146 559 621 649 637
2147 559 649 519 509
2148 559 649 626 509
2149 559 621 649 626
2150 605 585 641 579
2151 605 585 541 579
2152 605 695 585 641
2153 605 621 707 637
2154 605 695 621 707
2155 605 585 637 546
2156 605 585 541 546
2157 605 559 637 546
2158 605 559 621 637
2159 605 585 707 637
2160 605 695 585 707
2161 660 737 744 839
2162 660 667 744 839
2163 660 667 656 744
2164 660 667 768 839
2165 660 644 768 839
2166 660 644 667 768
2167 660 644 667 656
2168 660 644 549 562
2169 660 644 562 533
2170 660 644 656 533
2171 660 465 562 533
2172 793 814 893 844
2173 793 814 740 844
2174 793 737 740 844
2175 793 723 737 740
2176 793 814 893 891
2177 793 723 814 740
2178 793 781 814 836
2179 793 781 723 814
2180 793 803 817 815
2181 793 723 803 817
2182 793 781 817 836
2183 793 781 723 817
2184 885 975 912 860
2185 885 975 877 860
2186 885 975 948 912
2187 885 975 877 948
2188 885 945 948 912
2189 885 817 836 860
2190 885 968 912 860
2191 885 968 836 860
2192 885 793 817 815
2193 885 945 968 912
2194 885 793 817 836
2195 885 968 836 891
2196 885 814 836 891
2197 885 793 814 891
2198 885 793 814 836
2199 958 877 898 914
2200 958 975 877 914
2201 958 975 877 948
2202 958 877 898 874
2203 958 807 898 874
2204 958 874 846 934
2205 958 807 874 846
2206 958 898 846 934
2207 958 807 898 846
2208 352 274 289 322
2209 352 274 310 289
2210 352 269 310 289
2211 352 408 406 322
2212 352 404 369 406
2213 352 404 269 369
2214 352 404 269 310
2215 352 471 525 453
2216 352 471 404 525
2217 352 404 409 310
2218 352 471 404 409
2219 352 409 310 360
2220 352 471 409 360
2221 225 274 310 289
2222 225 269 310 289
2223 227 269 282 300
2224 227 269 282 185
2225 227 269 369 300
2226 227 225 269 289
2227 227 225 207 289
2228 227 207 289 185
2229 227 269 207 185
2230 227 225 269 207
2231 227 352 289 322
2232 227 352 269 289
2233 227 352 269 369
2234 227 352 406 322
2235 227 352 369 406
2236 785 829 715 756
2237 785 829 715 880
2238 785 700 820 751
2239 785 857 820 751
2240 785 666 700 751
2241 785 829 756 822
2242 785 666 700 703
2243 785 666 756 703
2244 785 800 822 820
2245 785 800 700 820
2246 785 756 822 703
2247 785 829 903 822
2248 785 829 903 880
2249 785 800 822 703
2250 785 800 700 703
2251 785 903 822 901
2252 514 548 377 553
2253 514 588 548 553
2254 514 455 409 377
2255 514 404 548 377
2256 514 404 409 377
2257 514 588 553 511
2258 514 377 553 511
2259 514 455 377 511
2260 514 404 548 525
2261 514 404 409 525
2262 514 471 409 525
2263 514 471 455 409
2264 514 506 588 511
2265 514 506 455 511
2266 438 455 346 360
2267 438 455 346 372
2268 438 455 372 493
2269 438 484 316 360
2270 438 346 316 360
2271 438 346 484 316
2272 438 346 484 493
2273 438 346 372 493
2274 438 471 484 360
2275 438 506 484 493
2276 438 506 455 493
2277 438 455 409 360
2278 438 471 409 360
2279 438 471 455 409
2280 618 598 539 571
2281 618 540 539 589
2282 618 589 736 694
2283 675 598 607 515
2284 675 674 692 581
2285 675 598 762 607
2286 675 674 598 762
2287 675 607 724 755
2288 675 762 724 755
2289 675 762 607 755
2290 757 852 802 855
2291 757 852 762 802
2292 757 675 674 762
2293 757 708 804 716
2294 757 804 802 716
2295 757 804 802 855
2296 757 802 694 716
2297 757 674 694 716
2298 757 762 802 736
2299 757 674 762 736
2300 757 802 736 694
2301 757 674 736 694
2302 400 405 428 368
2303 400 345 428 414
2304 400 345 428 368
2305 400 428 492 414
2306 400 405 428 492
2307 400 345 434 414
2308 400 434 492 414
2309 400 345 434 435
2310 400 405 436 492
2311 400 405 436 368
2312 400 501 436 492
2313 400 434 492 571
2314 400 434 435 571
2315 400 501 492 571
2316 400 501 543 571
2317 392 381 484 344
2318 392 419 484 344
2319 392 419 381 484
2320 392 419 446 344
2321 392 341 446 344
2322 392 341 381 344
2323 475 471 510 450
2324 475 450 484 480
2325 475 471 450 484
2326 475 510 484 480
2327 475 471 510 484
2328 615 610 581 484
2329 615 471 610 484
2330 615 471 610 525
2331 615 692 715 581
2332 615 666 756 703
2333 575 567 518 502
2334 575 567 538 518
2335 375 518 446 344
2336 375 474 518 446
2337 375 341 446 344
2338 375 469 518 344
2339 375 474 469 518
2340 375 474 469 351
2341 375 288 344 329
2342 375 288 341 344
2343 375 469 351 325
2344 375 325 344 329
2345 375 351 325 329
2346 375 366 325 344
2347 375 366 469 344
2348 375 366 469 325
2349 133 120 212 118
2350 133 196 212 118
2351 133 169 120 212
2352 133 169 196 212
2353 133 169 120 240
2354 133 169 196 240
2355 133 5 8 84
2356 133 5 120 84
2357 133 72 118 84
2358 133 72 120 84
2359 133 72 120 118
2360 133 196 240 213
2361 133 120 240 154
2362 133 176 240 154
2363 133 120 154 13
2364 210 256 213 195
2365 210 196 256 213
2366 210 196 194 205
2367 210 161 256 195
2368 210 196 205 291
2369 210 10 161 195
2370 210 205 292 291
2371 210 256 292 291
2372 210 256 346 291
2373 210 196 346 291
2374 210 196 256 346
2375 210 161 167 222
2376 210 161 256 222
2377 210 167 136 292
2378 210 205 136 292
2379 210 301 167 292
2380 210 301 256 292
2381 210 167 136 27
2382 210 301 167 222
2383 210 301 256 222
2384 210 10 167 27
2385 210 10 161 167
2386 24 5 72 120
2387 24 72 120 42
2388 24 133 5 120
2389 750 652 748 816
2390 750 767 748 816
2391 750 767 652 748
2392 750 767 818 816
2393 750 767 732 818
2394 750 767 652 732
2395 529 542 596 604
2396 529 425 421 336
2397 529 380 425 336
2398 659 767 652 596
2399 659 567 652 596
2400 659 567 767 652
2401 659 567 634 681
2402 659 634 681 801
2403 659 767 772 801
2404 659 684 767 772
2405 659 567 748 681
2406 659 567 767 748
2407 659 767 797 801
2408 659 710 726 801
2409 659 710 634 801
2410 659 772 726 801
2411 659 684 772 726
2412 659 710 684 726
2413 659 777 748 681
2414 659 767 777 748
2415 659 777 681 801
2416 659 777 797 801
2417 659 767 777 797
2418 14 10 161 195
2419 14 10 161 95
2420 14 210 10 195
2421 331 328 240 304
2422 331 262 240 304
2423 331 328 342 304
2424 331 262 342 304
2425 331 328 346 372
2426 331 357 346 372
2427 331 262 436 342
2428 331 400 501 436
2429 331 262 436 368
2430 331 400 436 368
2431 331 328 342 511
2432 331 501 342 511
2433 331 436 490 342
2434 331 501 490 342
2435 331 501 436 490
2436 245 293 262 229
2437 245 241 293 229
2438 245 229 160 137
2439 245 262 229 160
2440 245 176 160 137
2441 245 262 176 160
2442 245 111 229 137
2443 245 241 111 229
2444 245 241 345 244
2445 245 241 293 345
2446 245 293 345 368
2447 245 293 262 368
2448 245 331 262 368
2449 573 611 520 523
2450 573 611 564 520
2451 573 483 520 523
2452 573 564 483 520
2453 573 483 479 523
2454 573 619 479 523
2455 573 611 616 523
2456 573 616 619 523
2457 573 611 616 619
2458 573 663 564 619
2459 573 611 663 619
2460 573 611 663 564
2461 573 601 619 479
2462 573 601 483 479
2463 573 505 564 483
2464 573 603 505 483
2465 573 603 505 564
2466 573 650 619 668
2467 573 650 564 619
2468 573 603 650 668
2469 573 603 650 564
2470 208 286 362 242
2471 208 362 249 242
2472 208 201 242 206
2473 208 127 249 242
2474 208 201 127 242
2475 208 362 259 249
2476 208 186 201 206
2477 208 159 186 206
2478 208 362 259 294
2479 208 186 201 127
2480 208 159 186 127
2481 208 188 127 249
2482 208 259 188 249
2483 208 159 127 117
2484 424 286 422 416
2485 424 422 416 499
2486 424 362 416 499
2487 424 286 362 416
2488 424 362 494 499
2489 424 362 494 426
2490 251 159 181 199
2491 251 189 115 234
2492 251 181 115 234
2493 251 159 181 117
2494 251 197 189 142
2495 251 197 189 338
2496 251 189 115 142
2497 251 197 358 338
2498 125 44 135 93
2499 125 44 108 93
2500 125 156 135 93
2501 125 108 93 192
2502 125 156 93 192
2503 125 156 135 192
2504 125 391 135 192
2505 125 108 150 192
2506 171 69 150 168
2507 171 69 150 144
2508 171 255 150 168
2509 171 116 69 168
2510 171 150 144 248
2511 171 255 150 248
2512 171 69 46 144
2513 171 255 168 336
2514 171 232 168 336
2515 171 232 144 248
2516 171 255 336 248
2517 171 232 336 248
2518 171 232 247 168
2519 171 232 247 226
2520 171 116 247 226
2521 171 232 144 139
2522 171 232 226 139
2523 171 116 226 139
2524 171 247 187 168
2525 171 116 187 168
2526 171 116 247 187
2527 34 168 91 130
2528 34 69 168 91
2529 34 116 91 130
2530 34 143 168 130
2531 34 116 143 130
2532 34 116 143 168
2533 34 116 69 168
2534 78 152 4 139
2535 78 80 4 139
2536 78 61 149 139
2537 78 152 149 139
2538 78 110 61 139
2539 78 110 80 139
2540 78 110 80 61
2541 78 152 149 4
2542 78 149 67 4
2543 78 61 149 67
2544 163 115 86 36
2545 163 148 86 36
2546 163 148 86 141
2547 163 115 36 142
2548 163 148 36 179
2549 163 75 86 141
2550 163 75 115 141
2551 163 75 115 86
2552 163 189 115 142
2553 163 197 189 142
2554 163 197 190 179
2555 163 172 115 141
2556 163 189 172 115
2557 163 148 172 141
2558 163 148 172 178
2559 219 149 228 179
2560 219 148 149 179
2561 219 148 149 228
2562 219 163 148 179
2563 219 163 197 179
2564 219 197 190 179
2565 219 276 178 228
2566 219 148 178 228
2567 219 163 148 178
2568 487 486 459 411
2569 487 459 521 473
2570 487 459 521 411
2571 487 486 521 411
2572 273 378 312 379
2573 273 343 313 379
2574 273 343 312 379
2575 273 382 313 379
2576 273 382 378 379
2577 273 378 312 192
2578 273 343 313 228
2579 273 343 312 228
2580 273 312 192 228
2581 273 378 391 192
2582 273 313 248 228
2583 273 144 248 228
2584 273 144 192 228
2585 273 150 144 248
2586 273 150 144 192
2587 214 255 168 336
2588 214 150 168 130
2589 214 255 150 168
2590 214 150 91 130
2591 433 334 367 537
2592 433 497 549 537
2593 433 497 460 549
2594 433 549 551 537
2595 433 358 388 349
2596 433 441 358 388
2597 433 441 465 464
2598 433 464 460 549
2599 433 441 464 549
2600 433 540 551 349
2601 433 540 551 537
2602 433 540 334 349
2603 433 540 334 537
2604 433 388 551 349
2605 433 441 388 551
2606 302 433 441 358
2607 302 219 276 228
2608 302 219 290 228
2609 302 433 358 349
2610 302 290 343 228
2611 302 290 334 349
2612 302 433 334 349
2613 302 433 290 334
2614 253 320 334 272
2615 253 290 334 349
2616 253 334 272 309
2617 253 290 334 309
2618 253 183 236 272
2619 253 279 236 272
2620 253 279 272 309
2621 253 290 279 309
2622 253 183 190 179
2623 253 183 236 179
2624 253 219 190 179
2625 253 236 209 179
2626 253 279 236 209
2627 253 290 279 209
2628 253 219 197 190
2629 253 219 228 179
2630 253 219 290 228
2631 253 209 228 179
2632 253 290 209 228
2633 253 302 219 290
2634 253 302 219 197
2635 58 114 57 20
2636 58 114 57 76
2637 58 74 114 20
2638 174 126 57 76
2639 174 114 57 76
2640 174 145 126 76
2641 174 114 145 76
2642 174 200 145 126
2643 174 126 57 111
2644 174 245 111 137
2645 174 200 241 126
2646 174 241 126 111
2647 174 245 241 111
2648 174 244 213 195
2649 174 183 244 195
2650 174 114 183 195
2651 174 245 241 244
2652 174 260 241 244
2653 174 260 200 241
2654 174 245 244 213
2655 174 245 176 137
2656 174 245 176 213
2657 59 110 103 128
2658 59 110 161 95
2659 59 110 30 95
2660 59 110 30 103
2661 988 956 985 867
2662 988 980 956 867
2663 478 465 462 524
2664 478 462 432 418
2665 478 465 462 418
2666 478 561 462 524
2667 478 441 432 418
2668 478 465 524 533
2669 478 465 371 418
2670 478 441 371 418
2671 478 441 465 371
2672 478 568 440 503
2673 478 568 440 432
2674 478 441 440 503
2675 478 441 440 432
2676 927 893 951 844
2677 927 960 893 844
2678 927 840 951 844
2679 927 960 840 844
2680 927 840 827 951
2681 927 960 827 951
2682 927 960 840 827
2683 791 719 827 744
2684 791 840 827 744
2685 791 840 794 913
2686 791 840 827 881
2687 791 990 913 997
2688 791 840 990 913
2689 791 990 881 997
2690 791 840 990 881
2691 791 739 881 997
2692 791 719 827 739
2693 791 739 835 881
2694 791 827 835 881
2695 791 827 739 835
2696 658 671 597 680
2697 658 556 597 680
2698 658 556 671 597
2699 658 566 556 680
2700 658 671 705 680
2701 658 760 705 680
2702 658 566 760 680
2703 22 103 61 128
2704 47 149 128 179
2705 47 61 149 128
2706 47 148 36 179
2707 47 148 149 179
2708 47 22 61 128
2709 47 148 36 67
2710 47 148 149 67
2711 47 61 149 67
2712 64 74 190 179
2713 64 163 190 179
2714 64 163 36 179
2715 64 47 36 179
2716 64 47 74 179
2717 64 163 197 190
2718 64 197 190 142
2719 64 114 190 142
2720 64 74 114 190
2721 64 163 36 142
2722 64 163 197 142
2723 64 114 145 142
2724 64 58 74 114
2725 173 308 306 230
2726 173 277 306 230
2727 173 277 151 230
2728 173 277 254 306
2729 173 277 151 254
2730 326 211 246 329
2731 326 298 211 246
2732 326 351 246 329
2733 326 351 325 246
2734 364 318 325 203
2735 364 318 247 203
2736 364 318 325 370
2737 364 318 319 370
2738 364 318 319 285
2739 364 318 247 285
2740 364 452 319 370
2741 364 301 279 247
2742 364 301 319 285
2743 364 301 247 285
2744 364 452 456 370
2745 364 279 247 226
2746 364 380 247 226
2747 397 343 420 379
2748 397 343 313 379
2749 397 380 382 313
2750 397 279 343 420
2751 397 279 343 313
2752 397 279 226 313
2753 397 380 226 313
2754 397 364 279 226
2755 397 364 380 226
2756 445 461 597 612
2757 445 580 612 625
2758 445 378 461 379
2759 445 382 378 379
2760 445 612 562 625
2761 445 461 612 562
2762 445 580 562 625
2763 445 464 461 562
2764 445 497 580 460
2765 445 464 580 460
2766 445 464 460 379
2767 445 464 461 379
2768 445 580 549 562
2769 445 464 549 562
2770 445 464 580 549
2771 327 273 382 378
2772 353 323 354 234
2773 353 238 354 234
2774 353 238 323 234
2775 353 323 354 365
2776 353 373 323 365
2777 448 373 440 365
2778 448 353 373 365
2779 448 429 440 472
2780 448 429 440 354
2781 448 440 354 365
2782 528 561 547 477
2783 528 561 577 547
2784 528 470 462 477
2785 528 561 462 477
2786 528 561 470 462
2787 557 528 561 577
2788 557 528 561 470
2789 557 561 470 462
2790 557 478 561 462
2791 557 448 440 472
2792 557 561 656 661
2793 557 478 462 432
2794 557 478 568 432
2795 557 568 440 432
2796 557 561 656 524
2797 557 478 656 524
2798 557 478 561 524
2799 728 561 719 744
2800 728 791 719 744
2801 728 840 794 744
2802 728 791 840 744
2803 728 791 840 794
2804 264 241 345 244
2805 264 260 345 244
2806 264 260 241 244
2807 264 241 345 294
2808 264 345 294 414
2809 264 260 294 414
2810 264 260 345 414
2811 264 260 200 241
2812 215 197 189 338
2813 215 338 296 234
2814 215 189 338 234
2815 215 275 296 234
2816 215 189 275 234
2817 215 358 338 296
2818 215 197 358 338
2819 215 163 197 189
2820 215 219 163 197
2821 215 302 358 296
2822 215 302 219 296
2823 215 302 197 358
2824 215 302 219 197
2825 215 189 172 275
2826 215 163 189 172
2827 215 219 163 178
2828 215 172 178 275
2829 215 163 172 178
2830 215 276 275 296
2831 215 276 178 275
2832 215 219 276 296
2833 215 219 276 178
2834 819 803 817 815
2835 819 813 803 817
2836 819 885 817 815
2837 819 813 817 860
2838 819 885 817 860
2839 819 877 850 815
2840 819 885 877 860
2841 819 877 824 860
2842 819 813 824 860
2843 819 813 824 787
2844 819 807 824 787
2845 819 807 877 824
2846 849 848 932 953
2847 849 848 850 953
2848 849 933 893 932
2849 849 848 837 932
2850 849 837 839 932
2851 849 960 893 932
2852 849 960 839 932
2853 849 799 848 837
2854 849 799 848 850
2855 849 960 839 844
2856 849 960 893 844
2857 849 644 837 839
2858 849 799 644 837
2859 849 660 644 839
2860 849 737 744 839
2861 849 793 893 844
2862 849 793 737 844
2863 849 660 737 839
2864 311 318 325 285
2865 311 317 292 285
2866 311 317 366 292
2867 311 318 319 285
2868 311 317 319 285
2869 311 317 366 370
2870 311 366 325 305
2871 311 366 325 370
2872 311 318 325 370
2873 311 366 305 292
2874 311 318 319 370
2875 311 317 319 370
2876 311 325 281 285
2877 311 325 305 281
2878 311 281 292 285
2879 311 305 281 292
2880 417 372 515 493
2881 417 550 515 493
2882 417 402 550 493
2883 417 383 372 493
2884 417 383 402 372
2885 417 402 357 372
2886 417 455 515 511
2887 417 543 515 511
2888 417 331 357 372
2889 417 455 328 511
2890 417 455 328 372
2891 417 506 372 515
2892 417 506 455 515
2893 417 506 455 372
2894 417 331 328 511
2895 417 331 328 372
2896 417 501 543 511
2897 417 331 501 511
2898 204 157 166 281
2899 204 158 157 166
2900 204 288 166 281
2901 204 288 281 344
2902 204 157 252 344
2903 204 157 281 344
2904 204 158 157 155
2905 204 288 341 344
2906 204 341 252 344
2907 204 155 212 252
2908 204 157 212 252
2909 204 157 155 212
2910 92 98 167 27
2911 92 10 167 27
2912 92 110 30 81
2913 92 110 30 167
2914 92 10 95 167
2915 92 30 95 167
2916 19 98 35 136
2917 19 98 170 136
2918 19 35 140 136
2919 19 170 140 136
2920 19 132 170 140
2921 19 98 6 170
2922 19 132 6 170
2923 19 60 140 101
2924 19 35 140 101
2925 19 132 6 99
2926 100 132 151 121
2927 100 151 41 33
2928 100 132 6 99
2929 100 277 132 130
2930 100 277 132 151
2931 100 277 230 130
2932 100 277 151 230
2933 100 132 116 6
2934 100 116 91 130
2935 100 116 143 130
2936 100 132 143 130
2937 100 132 116 143
2938 100 34 116 91
2939 100 34 116 6
2940 105 77 117 28
2941 105 181 117 28
2942 105 181 115 28
2943 105 251 181 117
2944 105 251 181 115
2945 105 251 115 142
2946 105 107 145 76
2947 105 77 107 76
2948 105 251 159 117
2949 670 763 686 682
2950 670 763 686 718
2951 670 654 686 718
2952 670 654 587 686
2953 670 686 682 694
2954 670 587 682 694
2955 670 587 686 694
2956 670 654 587 638
2957 939 928 834 875
2958 939 928 834 984
2959 939 862 834 875
2960 939 862 834 984
2961 939 928 875 965
2962 939 862 875 846
2963 939 875 965 846
2964 939 862 846 934
2965 939 862 984 934
2966 939 965 846 934
2967 907 925 979 858
2968 907 930 925 858
2969 907 986 979 858
2970 907 930 986 858
2971 922 838 966 878
2972 922 838 899 966
2973 677 636 702 703
2974 677 727 702 703
2975 677 727 636 702
2976 677 636 703 635
2977 677 669 703 635
2978 677 800 669 703
2979 677 727 800 703
2980 971 857 880 918
2981 971 903 880 918
2982 865 897 901 995
2983 865 971 901 995
2984 865 785 857 820
2985 865 897 981 901
2986 865 971 903 901
2987 865 785 822 901
2988 865 785 822 820
2989 865 785 857 880
2990 865 822 981 901
2991 865 971 857 880
2992 865 971 903 880
2993 865 785 903 901
2994 865 785 903 880
2995 865 800 822 981
2996 865 800 822 820
2997 865 800 981 998
2998 865 800 820 998
2999 826 954 880 855
3000 826 829 954 880
3001 826 954 869 855
3002 826 852 869 855
3003 826 757 852 855
3004 826 757 852 762
3005 826 838 852 762
3006 810 832 884 773
3007 810 825 832 773
3008 810 825 832 884
3009 810 919 825 880
3010 810 825 880 804
3011 810 825 748 773
3012 963 866 896 991
3013 963 986 866 896
3014 963 919 880 977
3015 963 880 866 855
3016 963 919 880 866
3017 963 986 866 855
3018 963 954 986 855
3019 963 954 880 855
3020 963 954 880 977
3021 895 825 866 991
3022 895 963 866 991
3023 895 963 919 866
3024 895 825 880 866
3025 895 919 880 866
3026 895 919 825 880
3027 908 895 919 825
3028 761 647 673 580
3029 761 799 647 580
3030 761 673 580 625
3031 761 799 580 625
3032 761 673 630 625
3033 761 799 630 625
3034 761 673 807 718
3035 761 647 807 718
3036 761 647 673 718
3037 761 647 807 846
3038 761 673 807 787
3039 761 647 639 846
3040 761 799 647 639
3041 761 819 813 787
3042 761 799 639 722
3043 412 402 527 493
3044 412 383 527 493
3045 412 417 402 493
3046 412 417 383 493
3047 412 417 383 402
3048 412 452 456 527
3049 412 402 452 319
3050 412 456 527 518
3051 412 383 527 518
3052 412 452 456 370
3053 412 452 319 370
3054 412 383 319 370
3055 412 402 317 319
3056 412 383 317 319
3057 412 383 402 317
3058 412 456 366 518
3059 412 383 366 518
3060 412 456 366 370
3061 412 383 366 370
3062 458 364 452 456
3063 458 364 439 456
3064 458 512 439 456
3065 458 497 555 367
3066 458 497 555 582
3067 458 538 512 456
3068 458 402 555 367
3069 458 402 452 555
3070 458 364 452 319
3071 458 402 319 367
3072 458 402 452 319
3073 458 301 319 367
3074 458 397 364 380
3075 458 364 301 319
3076 458 301 279 367
3077 458 364 301 279
3078 458 397 364 279
3079 569 458 512 439
3080 569 580 639 582
3081 569 639 638 681
3082 569 634 639 681
3083 569 458 555 638
3084 569 567 512 439
3085 569 458 555 582
3086 569 647 555 638
3087 569 647 639 638
3088 569 647 555 582
3089 569 647 639 582
3090 873 848 956 953
3091 873 887 848 953
3092 873 848 837 956
3093 873 974 956 989
3094 873 698 837 798
3095 873 848 698 837
3096 873 974 989 867
3097 873 837 956 867
3098 873 974 956 867
3099 873 837 798 867
3100 873 848 698 722
3101 873 887 848 722
3102 873 680 722 798
3103 873 698 680 798
3104 873 698 680 722
3105 873 775 722 798
3106 873 775 887 722
3107 888 775 887 854
3108 888 873 775 887
3109 888 873 775 798
3110 888 873 910 989
3111 888 873 798 867
3112 888 873 989 867
3113 389 364 380 247
3114 389 439 380 425
3115 389 458 439 380
3116 389 458 364 380
3117 389 458 364 439
3118 335 356 308 306
3119 335 277 308 306
3120 335 277 315 421
3121 335 277 308 230
3122 401 277 254 306
3123 788 842 872 668
3124 788 695 842 668
3125 788 870 809 872
3126 788 842 707 872
3127 788 695 842 707
3128 788 707 870 872
3129 788 695 707 870
3130 733 691 676 653
3131 733 742 676 653
3132 733 747 742 676
3133 780 814 836 876
3134 780 781 814 836
3135 780 752 836 876
3136 780 752 781 836
3137 780 781 814 725
3138 780 752 781 725
3139 780 752 707 876
3140 780 752 707 725
3141 780 707 784 876
3142 780 808 784 876
3143 780 814 808 876
3144 780 707 649 784
3145 780 707 649 725
3146 780 808 759 784
3147 780 665 649 725
3148 780 814 665 725
3149 780 814 665 759
3150 780 808 806 759
3151 780 814 806 759
3152 780 814 808 806
3153 780 649 759 784
3154 780 665 649 759
3155 701 603 697 668
3156 701 790 697 668
3157 701 752 790 697
3158 701 752 842 707
3159 701 707 601 668
3160 701 842 790 668
3161 701 752 842 790
3162 701 695 707 668
3163 701 695 842 668
3164 701 695 842 707
3165 701 640 707 637
3166 701 752 646 697
3167 701 752 640 646
3168 701 640 707 725
3169 701 752 707 725
3170 701 752 640 725
3171 701 585 707 601
3172 701 603 646 697
3173 701 585 707 637
3174 701 603 585 637
3175 701 603 637 532
3176 701 603 646 532
3177 701 640 637 532
3178 701 640 646 532
3179 993 853 925 952
3180 993 853 966 878
3181 993 938 925 878
3182 993 853 925 878
3183 993 853 952 969
3184 993 922 966 878
3185 993 922 938 878
3186 993 778 969 966
3187 993 853 778 966
3188 993 853 778 969
3189 743 853 762 824
3190 743 853 823 824
3191 743 762 824 736
3192 743 824 736 787
3193 743 853 762 755
3194 743 741 853 755
3195 743 853 823 778
3196 743 741 853 778
3197 743 618 762 736
3198 743 778 861 651
3199 743 823 778 861
3200 743 646 622 651
3201 743 778 646 651
3202 743 618 540 539
3203 738 740 665 661
3204 738 737 740 844
3205 738 737 740 661
3206 738 814 740 844
3207 738 814 740 665
3208 738 840 744 844
3209 738 814 759 844
3210 738 814 665 759
3211 738 849 737 844
3212 738 849 737 744
3213 738 656 744 661
3214 738 728 744 661
3215 738 696 642 661
3216 738 849 839 844
3217 738 849 744 839
3218 738 660 656 661
3219 738 660 737 661
3220 738 660 656 744
3221 738 660 737 744
3222 738 827 839 844
3223 738 827 744 844
3224 738 827 744 839
3225 689 665 626 574
3226 689 642 626 574
3227 689 665 626 645
3228 689 665 759 645
3229 689 738 665 759
3230 689 738 696 665
3231 689 696 759 844
3232 689 738 759 844
3233 689 738 696 844
3234 374 441 440 432
3235 374 440 432 365
3236 374 441 432 418
3237 374 441 371 418
3238 374 432 418 365
3239 374 441 440 388
3240 374 275 418 365
3241 374 371 275 418
3242 374 440 338 365
3243 374 338 296 365
3244 374 275 296 365
3245 374 371 275 296
3246 374 429 338 388
3247 374 429 440 388
3248 374 429 440 338
3249 374 358 338 388
3250 374 441 358 388
3251 374 302 441 358
3252 617 660 656 661
3253 617 557 656 661
3254 617 557 478 656
3255 617 557 478 568
3256 617 568 740 661
3257 617 568 723 740
3258 617 660 737 661
3259 617 660 656 533
3260 617 737 740 661
3261 617 723 737 740
3262 617 656 524 533
3263 617 478 524 533
3264 617 478 656 524
3265 617 660 465 533
3266 617 478 465 533
3267 617 558 503 551
3268 617 568 558 503
3269 617 723 558 602
3270 617 568 558 602
3271 617 568 723 602
3272 617 478 568 503
3273 617 478 441 503
3274 617 660 465 562
3275 779 793 803 815
3276 779 849 793 737
3277 779 793 723 737
3278 779 849 660 737
3279 779 819 803 815
3280 779 723 803 630
3281 779 793 723 803
3282 779 799 644 630
3283 779 849 660 644
3284 779 761 819 630
3285 779 761 799 630
3286 779 849 799 644
3287 779 819 850 815
3288 779 849 799 850
3289 779 877 850 815
3290 935 885 945 948
3291 935 933 877 948
3292 935 885 945 968
3293 935 885 968 891
3294 935 793 893 891
3295 935 885 793 891
3296 935 793 933 893
3297 992 958 877 874
3298 992 958 877 948
3299 992 877 850 874
3300 992 933 877 948
3301 992 958 874 934
3302 992 848 850 953
3303 992 848 850 874
3304 992 849 850 953
3305 992 849 877 850
3306 992 849 933 877
3307 992 887 874 934
3308 992 887 848 953
3309 992 887 848 874
3310 992 849 932 953
3311 992 849 933 932
3312 992 887 902 953
3313 992 887 902 934
3314 393 352 408 322
3315 393 352 274 322
3316 393 525 453 508
3317 393 352 525 453
3318 393 408 406 508
3319 393 352 408 406
3320 393 404 525 508
3321 393 352 404 525
3322 393 404 406 508
3323 393 352 404 406
3324 565 514 548 525
3325 565 514 588 548
3326 565 615 471 525
3327 565 588 548 703
3328 565 615 588 703
3329 565 669 548 525
3330 565 669 548 703
3331 565 615 610 525
3332 565 703 525 693
3333 565 669 525 693
3334 565 669 703 693
3335 565 700 703 525
3336 565 700 610 525
3337 565 700 610 703
3338 565 666 610 703
3339 565 615 666 703
3340 565 615 666 610
3341 624 675 692 724
3342 624 615 692 724
3343 624 675 607 724
3344 624 607 724 702
3345 624 675 607 515
3346 624 764 756 724
3347 624 615 588 703
3348 624 615 756 703
3349 624 607 702 553
3350 624 506 607 515
3351 624 764 756 703
3352 624 764 702 703
3353 624 764 724 702
3354 624 702 703 553
3355 624 607 544 553
3356 624 506 607 511
3357 624 506 588 511
3358 624 548 703 553
3359 624 588 548 553
3360 624 588 548 703
3361 624 544 553 511
3362 624 588 553 511
3363 624 607 544 511
3364 628 675 598 515
3365 628 675 674 598
3366 628 598 550 515
3367 628 598 550 552
3368 628 550 581 515
3369 628 674 550 581
3370 628 675 674 581
3371 628 550 552 716
3372 628 674 550 716
3373 628 674 694 716
3374 628 682 694 716
3375 628 552 682 716
3376 628 552 682 694
3377 628 552 589 694
3378 628 618 589 694
3379 628 598 552 589
3380 628 618 598 589
3381 628 674 736 694
3382 628 618 736 694
3383 628 674 598 762
3384 628 618 598 762
3385 628 674 762 736
3386 628 618 762 736
3387 713 674 692 708
3388 713 674 708 716
3389 713 757 708 716
3390 713 757 674 716
3391 713 675 674 692
3392 713 757 675 692
3393 713 757 675 674
3394 563 615 471 484
3395 563 438 506 484
3396 563 438 471 484
3397 563 506 484 493
3398 563 438 506 455
3399 563 438 471 455
3400 563 581 484 493
3401 563 615 581 484
3402 563 506 581 493
3403 563 624 506 588
3404 563 565 615 471
3405 563 514 506 588
3406 563 514 506 455
3407 563 514 471 455
3408 563 565 514 588
3409 563 514 471 525
3410 563 565 471 525
3411 563 565 514 525
3412 563 506 581 515
3413 563 624 506 515
3414 563 624 675 515
3415 563 675 692 581
3416 563 628 581 515
3417 563 628 675 515
3418 563 628 675 581
3419 679 615 610 581
3420 679 615 666 610
3421 679 615 692 715
3422 679 692 715 724
3423 679 615 692 724
3424 679 715 756 724
3425 679 615 666 756
3426 679 785 715 756
3427 679 785 666 756
3428 679 624 756 724
3429 679 624 615 724
3430 679 624 615 756
3431 679 666 715 751
3432 679 785 715 751
3433 679 785 666 751
3434 522 474 518 606
3435 522 560 518 606
3436 522 575 560 518
3437 522 474 518 502
3438 522 575 518 502
3439 522 575 474 502
3440 623 522 560 606
3441 623 522 575 560
3442 623 748 816 773
3443 623 652 748 816
3444 623 567 652 748
3445 623 575 567 538
3446 623 538 560 518
3447 623 575 560 518
3448 623 575 538 518
3449 134 133 196 118
3450 134 210 196 213
3451 134 16 118 84
3452 134 133 118 84
3453 134 8 16 84
3454 134 133 8 84
3455 134 210 213 195
3456 134 196 194 118
3457 134 210 196 194
3458 134 55 136 118
3459 134 210 136 27
3460 134 79 55 16
3461 134 79 16 118
3462 134 79 55 118
3463 134 55 16 27
3464 134 55 136 27
3465 134 157 136 118
3466 134 157 194 118
3467 134 157 194 136
3468 134 194 205 136
3469 134 210 205 136
3470 134 210 194 205
3471 134 10 16 27
3472 134 210 10 27
3473 68 120 13 42
3474 68 24 120 42
3475 68 133 120 13
3476 68 24 133 120
3477 68 133 154 13
3478 68 176 154 13
3479 68 133 176 154
3480 632 672 657 604
3481 632 684 672 657
3482 632 526 657 604
3483 632 526 529 604
3484 632 529 596 604
3485 632 684 648 657
3486 632 699 672 604
3487 632 526 648 657
3488 632 596 699 604
3489 632 772 699 672
3490 632 684 772 672
3491 632 526 566 648
3492 632 526 529 566
3493 632 767 596 699
3494 632 659 767 596
3495 632 659 684 767
3496 632 767 772 699
3497 632 684 767 772
3498 442 529 425 421
3499 442 529 277 421
3500 442 389 439 425
3501 442 401 298 254
3502 442 401 277 254
3503 442 469 325 502
3504 442 298 325 203
3505 442 567 512 502
3506 442 567 512 439
3507 442 512 469 502
3508 442 469 325 370
3509 442 569 567 439
3510 442 512 456 469
3511 442 512 439 456
3512 442 456 469 370
3513 442 389 364 439
3514 442 364 325 370
3515 442 364 456 370
3516 442 364 439 456
3517 104 114 57 195
3518 104 14 161 195
3519 104 14 57 20
3520 104 114 57 20
3521 104 161 183 195
3522 104 114 183 195
3523 104 59 14 20
3524 104 59 14 95
3525 104 14 161 95
3526 104 59 161 95
3527 104 59 103 20
3528 104 161 183 128
3529 104 22 103 20
3530 104 59 103 128
3531 104 110 161 128
3532 104 59 110 128
3533 104 59 110 161
3534 104 22 74 20
3535 104 74 114 20
3536 104 22 103 128
3537 104 47 22 74
3538 104 47 22 128
3539 104 183 128 179
3540 104 74 114 179
3541 104 47 128 179
3542 104 47 74 179
3543 104 183 190 179
3544 104 114 190 179
3545 104 114 183 190
3546 124 134 213 195
3547 124 174 213 195
3548 124 57 85 137
3549 124 114 57 195
3550 124 174 114 195
3551 124 174 114 57
3552 124 8 16 85
3553 124 134 8 16
3554 124 57 111 137
3555 124 174 111 137
3556 124 174 57 111
3557 124 174 176 137
3558 124 174 176 213
3559 124 176 23 137
3560 124 23 8 85
3561 124 134 133 8
3562 124 176 240 213
3563 124 133 240 213
3564 124 133 176 240
3565 124 133 196 213
3566 124 134 196 213
3567 124 134 133 196
3568 124 23 85 12
3569 124 85 12 137
3570 124 23 12 137
3571 124 24 23 8
3572 124 68 24 23
3573 124 24 5 8
3574 124 133 5 8
3575 124 24 133 5
3576 124 68 133 176
3577 124 68 24 133
3578 124 68 23 13
3579 124 176 23 13
3580 124 68 176 13
3581 258 328 346 240
3582 258 331 328 240
3583 258 331 328 346
3584 258 331 357 346
3585 258 357 346 213
3586 258 196 240 213
3587 258 196 346 213
3588 258 196 346 240
3589 258 176 240 213
3590 258 245 176 213
3591 258 245 244 213
3592 258 331 262 240
3593 258 245 331 262
3594 258 256 244 213
3595 258 357 256 213
3596 258 262 176 240
3597 258 245 262 176
3598 333 245 345 368
3599 333 245 345 244
3600 333 345 385 244
3601 333 258 245 244
3602 333 400 345 368
3603 333 245 331 368
3604 333 258 245 331
3605 333 345 385 435
3606 333 400 345 435
3607 333 331 400 368
3608 333 256 385 244
3609 333 357 256 385
3610 333 258 256 244
3611 333 258 357 256
3612 333 258 331 357
3613 333 417 331 357
3614 333 331 400 501
3615 333 417 400 501
3616 333 417 331 501
3617 595 573 601 483
3618 595 573 603 483
3619 595 601 483 499
3620 595 603 483 499
3621 595 573 603 668
3622 595 585 601 499
3623 595 603 585 499
3624 595 701 601 668
3625 595 701 603 668
3626 595 601 619 668
3627 595 573 619 668
3628 595 573 601 619
3629 595 701 585 601
3630 595 701 603 585
3631 250 208 242 206
3632 250 208 286 242
3633 250 208 159 206
3634 250 159 199 206
3635 454 422 499 531
3636 454 424 422 499
3637 454 494 499 531
3638 454 424 494 499
3639 454 422 519 531
3640 454 494 519 531
3641 454 422 519 509
3642 454 516 519 509
3643 454 516 519 602
3644 454 559 637 519
3645 454 559 494 519
3646 454 559 494 637
3647 454 494 637 602
3648 454 516 532 449
3649 454 424 532 449
3650 454 424 494 532
3651 454 649 519 602
3652 454 649 637 602
3653 454 649 637 519
3654 454 516 602 532
3655 454 494 602 532
3656 398 426 532 449
3657 398 424 532 449
3658 398 494 426 532
3659 398 424 494 532
3660 398 424 494 426
3661 398 358 388 449
3662 398 426 349 449
3663 398 388 349 449
3664 398 358 388 349
3665 398 424 362 426
3666 398 362 294 426
3667 398 426 349 414
3668 398 260 349 414
3669 398 294 426 414
3670 398 260 294 414
3671 299 338 388 449
3672 299 358 388 449
3673 299 358 338 388
3674 299 251 358 338
3675 299 354 338 234
3676 299 189 338 234
3677 299 251 189 234
3678 299 251 189 338
3679 191 264 260 200
3680 191 264 200 241
3681 191 200 145 126
3682 613 667 521 524
3683 613 561 524 473
3684 613 561 667 524
3685 613 744 768 835
3686 613 667 744 768
3687 613 561 678 547
3688 613 561 667 744
3689 613 561 547 477
3690 613 561 719 678
3691 613 561 719 744
3692 613 744 739 835
3693 613 706 744 739
3694 613 719 706 678
3695 613 719 706 744
3696 613 395 547 477
3697 613 561 395 473
3698 613 561 395 477
3699 297 255 315 336
3700 297 214 255 336
3701 297 335 277 315
3702 180 143 168 130
3703 180 214 168 130
3704 180 277 143 130
3705 180 277 230 130
3706 180 100 230 130
3707 180 214 91 130
3708 180 100 82 91
3709 180 100 91 130
3710 180 100 151 230
3711 180 82 150 91
3712 180 214 150 91
3713 180 100 41 82
3714 180 100 151 41
3715 431 433 290 343
3716 431 279 343 420
3717 431 290 279 343
3718 431 343 460 420
3719 431 433 290 334
3720 431 290 279 334
3721 431 497 460 420
3722 431 433 497 460
3723 431 433 334 367
3724 431 279 334 309
3725 431 334 367 309
3726 431 279 367 309
3727 431 458 497 367
3728 431 497 367 537
3729 431 433 367 537
3730 431 433 497 537
3731 431 458 279 367
3732 431 397 497 420
3733 431 458 397 497
3734 431 397 279 420
3735 431 458 397 279
3736 361 464 343 460
3737 361 433 464 460
3738 361 431 343 460
3739 361 431 433 460
3740 361 431 433 343
3741 361 343 390 379
3742 361 464 390 379
3743 361 464 343 379
3744 361 465 464 390
3745 361 433 465 464
3746 361 433 290 343
3747 361 302 290 343
3748 361 302 433 290
3749 361 441 465 390
3750 361 433 441 465
3751 361 343 312 390
3752 361 276 312 390
3753 361 302 343 228
3754 361 302 276 228
3755 361 441 371 390
3756 361 343 312 228
3757 361 276 312 228
3758 218 253 197 190
3759 218 253 320 334
3760 218 253 320 272
3761 218 145 190 142
3762 218 197 190 142
3763 218 253 183 190
3764 218 253 183 272
3765 218 174 260 200
3766 218 174 200 145
3767 218 183 272 244
3768 218 320 272 244
3769 218 114 183 190
3770 218 174 114 183
3771 218 174 183 244
3772 218 114 145 190
3773 218 174 114 145
3774 89 114 145 76
3775 89 58 114 76
3776 89 64 114 145
3777 89 64 58 114
3778 324 298 325 246
3779 324 326 325 246
3780 324 326 298 246
3781 430 445 497 580
3782 430 397 382 313
3783 430 382 313 379
3784 430 445 382 379
3785 430 397 313 379
3786 430 497 460 420
3787 430 445 497 460
3788 430 397 420 379
3789 430 460 420 379
3790 430 445 460 379
3791 443 378 489 391
3792 443 327 378 391
3793 443 327 382 378
3794 443 378 461 489
3795 443 445 378 461
3796 443 445 382 378
3797 314 273 378 391
3798 314 327 378 391
3799 314 327 273 378
3800 314 273 391 192
3801 314 125 391 192
3802 314 273 150 192
3803 314 125 150 192
3804 314 273 150 248
3805 314 255 150 248
3806 314 273 313 248
3807 314 255 336 248
3808 314 327 255 336
3809 314 382 313 248
3810 314 273 382 313
3811 314 327 273 382
3812 314 382 336 248
3813 314 327 382 336
3814 359 353 238 354
3815 359 330 238 354
3816 359 353 354 365
3817 359 448 354 365
3818 359 448 353 365
3819 396 448 429 472
3820 396 448 429 354
3821 396 359 448 472
3822 396 359 448 354
3823 396 359 422 472
3824 396 422 472 509
3825 396 359 330 422
3826 396 516 472 509
3827 396 429 516 472
3828 396 454 422 509
3829 396 454 516 509
3830 396 429 516 449
3831 396 454 516 449
3832 396 454 424 422
3833 396 429 338 449
3834 396 454 424 449
3835 608 557 561 577
3836 608 557 528 577
3837 608 557 528 470
3838 608 561 719 577
3839 608 728 561 719
3840 570 617 568 661
3841 570 617 557 661
3842 570 617 557 568
3843 570 696 642 661
3844 570 568 665 661
3845 570 568 665 574
3846 570 642 574 472
3847 570 557 642 472
3848 570 568 440 574
3849 570 557 568 440
3850 570 689 696 642
3851 570 689 642 574
3852 570 440 574 472
3853 570 557 440 472
3854 570 738 665 661
3855 570 738 696 661
3856 570 738 696 665
3857 570 689 665 574
3858 570 689 696 665
3859 423 557 448 472
3860 423 608 557 472
3861 423 608 557 470
3862 423 557 462 432
3863 423 557 470 462
3864 423 373 440 432
3865 423 448 373 440
3866 423 557 440 432
3867 423 557 448 440
3868 423 373 266 394
3869 423 373 432 266
3870 423 470 462 394
3871 423 266 418 394
3872 423 432 266 418
3873 423 462 418 394
3874 423 462 432 418
3875 457 402 357 385
3876 457 417 402 357
3877 457 385 367 410
3878 457 402 385 367
3879 457 367 410 537
3880 457 417 402 550
3881 457 540 410 537
3882 457 402 555 367
3883 457 598 552 589
3884 457 598 550 552
3885 457 402 550 552
3886 457 598 550 515
3887 457 417 550 515
3888 457 540 589 537
3889 457 540 539 589
3890 457 555 367 537
3891 457 555 589 537
3892 457 552 555 589
3893 457 452 552 555
3894 457 402 452 555
3895 457 452 552 527
3896 457 402 552 527
3897 457 412 452 527
3898 457 412 402 527
3899 457 412 402 452
3900 71 116 98 167
3901 71 92 98 167
3902 71 92 110 167
3903 71 116 98 6
3904 71 110 167 139
3905 71 116 167 139
3906 71 110 80 139
3907 71 34 116 6
3908 71 34 116 69
3909 71 80 46 139
3910 71 110 80 81
3911 71 92 110 81
3912 71 171 116 139
3913 71 171 69 46
3914 71 171 116 69
3915 71 46 144 139
3916 71 171 144 139
3917 71 171 46 144
3918 109 100 151 33
3919 109 100 151 121
3920 109 100 99 33
3921 109 100 132 121
3922 109 100 132 99
3923 109 19 132 99
3924 109 19 60 99
3925 109 132 140 121
3926 109 19 132 140
3927 109 19 60 140
3928 48 105 77 28
3929 48 62 115 28
3930 48 105 115 28
3931 48 62 115 36
3932 48 105 77 76
3933 48 115 36 142
3934 48 64 36 142
3935 48 105 115 142
3936 48 64 145 142
3937 48 105 145 76
3938 48 105 145 142
3939 48 89 145 76
3940 48 89 64 145
3941 664 763 718 681
3942 664 670 763 718
3943 664 654 718 681
3944 664 670 654 718
3945 664 763 748 681
3946 664 654 638 681
3947 664 670 654 638
3948 664 763 748 682
3949 664 670 763 682
3950 900 922 938 878
3951 900 852 869 878
3952 900 852 979 878
3953 900 938 979 878
3954 900 954 852 869
3955 900 954 852 855
3956 900 852 986 855
3957 900 852 986 979
3958 900 954 986 855
3959 841 829 954 869
3960 841 826 954 869
3961 841 826 829 954
3962 841 829 830 869
3963 841 826 829 830
3964 841 838 869 811
3965 841 838 852 869
3966 841 826 852 869
3967 841 826 838 852
3968 841 826 830 724
3969 841 869 811 868
3970 841 830 811 868
3971 841 830 869 868
3972 841 830 724 811
3973 841 838 724 811
3974 841 838 762 724
3975 841 826 762 724
3976 841 826 838 762
3977 765 692 715 724
3978 765 829 715 724
3979 765 829 830 724
3980 765 826 830 724
3981 765 826 829 830
3982 765 675 692 724
3983 765 757 675 692
3984 765 713 757 692
3985 765 692 715 708
3986 765 713 692 708
3987 765 675 762 724
3988 765 826 762 724
3989 765 757 675 762
3990 765 826 757 762
3991 765 713 757 708
3992 765 757 804 855
3993 765 826 757 855
3994 765 826 829 880
3995 711 666 606 751
3996 711 666 715 751
3997 920 895 825 991
3998 920 825 845 884
3999 920 825 845 991
4000 920 908 825 884
4001 920 908 895 825
4002 920 978 845 884
4003 920 908 978 884
4004 920 926 845 991
4005 920 926 978 845
4006 923 857 880 918
4007 923 880 918 977
4008 923 919 880 977
4009 828 810 884 773
4010 828 810 825 884
4011 828 908 825 884
4012 828 711 810 773
4013 828 810 919 825
4014 828 908 919 825
4015 828 810 919 880
4016 828 711 606 773
4017 828 923 857 880
4018 828 923 919 880
4019 828 923 908 919
4020 782 819 807 787
4021 782 761 807 787
4022 782 761 819 787
4023 782 807 877 850
4024 782 819 877 850
4025 782 819 807 877
4026 782 807 850 874
4027 782 779 819 850
4028 782 779 761 819
4029 782 799 850 874
4030 782 807 874 846
4031 782 761 807 846
4032 782 779 799 850
4033 782 779 761 799
4034 782 799 874 846
4035 782 799 846 722
4036 782 761 799 722
4037 782 639 846 722
4038 782 761 639 722
4039 782 761 639 846
4040 530 569 580 639
4041 530 445 580 612
4042 530 430 445 580
4043 530 430 497 580
4044 530 497 580 582
4045 530 569 580 582
4046 530 458 397 497
4047 530 397 497 420
4048 530 430 497 420
4049 530 430 397 420
4050 530 458 397 380
4051 530 458 497 582
4052 530 569 458 582
4053 530 458 439 380
4054 530 569 458 439
4055 937 873 956 953
4056 937 904 887 953
4057 937 873 887 953
4058 937 873 956 989
4059 937 888 873 887
4060 937 873 910 989
4061 937 904 887 972
4062 937 888 873 910
4063 937 887 854 972
4064 937 888 887 854
4065 937 888 910 854
4066 937 910 854 972
4067 271 247 187 168
4068 271 380 247 336
4069 271 389 380 247
4070 271 247 187 203
4071 271 232 168 336
4072 271 232 247 336
4073 271 232 247 168
4074 271 277 187 203
4075 271 380 425 336
4076 271 389 380 425
4077 271 364 247 203
4078 271 389 364 247
4079 271 214 168 336
4080 271 143 187 168
4081 271 277 143 187
4082 271 442 389 425
4083 271 442 389 364
4084 271 297 214 336
4085 271 297 214 277
4086 271 180 214 168
4087 271 180 214 277
4088 271 180 143 168
4089 271 180 277 143
4090 271 425 421 336
4091 271 442 425 421
4092 271 442 277 421
4093 271 277 254 203
4094 271 442 277 254
4095 271 364 325 203
4096 271 442 325 203
4097 271 442 364 325
4098 271 297 315 336
4099 271 297 277 315
4100 271 315 421 336
4101 271 277 315 421
4102 271 298 254 203
4103 271 442 298 203
4104 271 442 298 254
4105 413 335 356 306
4106 413 335 277 306
4107 413 335 356 421
4108 413 401 277 306
4109 413 335 277 421
4110 413 442 401 277
4111 413 529 277 421
4112 413 529 463 421
4113 413 442 529 277
4114 413 442 529 463
4115 770 742 872 668
4116 770 788 872 668
4117 770 788 809 872
4118 770 695 742 668
4119 770 788 695 668
4120 770 809 872 821
4121 770 766 872 821
4122 770 742 766 821
4123 770 766 721 872
4124 770 742 721 872
4125 770 742 766 721
4126 758 743 824 787
4127 758 743 823 824
4128 758 813 824 787
4129 758 823 813 824
4130 758 823 813 803
4131 758 673 630 787
4132 758 630 736 787
4133 758 743 736 787
4134 758 823 803 861
4135 758 743 823 861
4136 758 761 673 787
4137 758 761 813 787
4138 758 761 673 630
4139 758 630 589 736
4140 758 803 630 651
4141 758 540 630 651
4142 758 803 861 651
4143 758 743 861 651
4144 758 761 819 630
4145 758 761 819 813
4146 758 618 589 736
4147 758 743 618 736
4148 758 540 630 589
4149 758 779 803 630
4150 758 779 819 630
4151 758 618 540 589
4152 758 743 618 540
4153 758 819 813 803
4154 758 779 819 803
4155 600 743 741 755
4156 600 598 762 755
4157 600 743 762 755
4158 600 598 543 571
4159 600 741 755 629
4160 600 618 598 762
4161 600 743 618 762
4162 600 618 598 571
4163 600 743 618 571
4164 600 598 607 755
4165 600 598 543 607
4166 600 741 631 629
4167 600 501 543 571
4168 600 501 543 629
4169 600 607 755 629
4170 600 543 607 629
4171 600 501 631 629
4172 600 741 631 685
4173 600 501 631 513
4174 600 631 513 492
4175 600 501 492 571
4176 600 501 513 492
4177 600 685 609 578
4178 600 631 685 609
4179 600 631 609 492
4180 600 609 492 578
4181 745 840 794 844
4182 745 738 840 844
4183 745 840 794 744
4184 745 738 840 744
4185 745 728 794 744
4186 745 738 728 744
4187 745 806 844 931
4188 745 794 844 931
4189 584 630 549 551
4190 584 617 660 737
4191 584 660 549 562
4192 584 617 660 562
4193 584 644 630 549
4194 584 660 644 549
4195 584 441 465 549
4196 584 465 549 562
4197 584 617 465 562
4198 584 617 723 737
4199 584 779 660 737
4200 584 779 644 630
4201 584 779 660 644
4202 584 433 549 551
4203 584 433 441 551
4204 584 433 441 549
4205 584 441 503 551
4206 584 617 503 551
4207 584 617 441 503
4208 584 478 441 465
4209 584 617 478 465
4210 584 617 478 441
4211 584 723 558 551
4212 584 617 558 551
4213 584 617 723 558
4214 584 630 651 551
4215 584 723 651 551
4216 584 723 630 651
4217 584 779 723 630
4218 584 779 723 737
4219 856 849 877 850
4220 856 779 877 850
4221 856 779 849 850
4222 856 779 877 815
4223 856 779 793 815
4224 856 779 849 793
4225 856 819 877 815
4226 856 819 885 815
4227 856 819 885 877
4228 856 885 793 815
4229 856 849 933 877
4230 856 935 933 877
4231 856 935 793 933
4232 856 935 885 793
4233 856 793 933 893
4234 856 849 933 893
4235 856 849 793 893
4236 856 885 877 948
4237 856 935 877 948
4238 856 935 885 948
4239 387 352 274 310
4240 387 393 352 274
4241 387 257 274 310
4242 387 352 310 360
4243 387 352 471 360
4244 387 450 381 360
4245 387 352 471 453
4246 387 393 352 453
4247 387 471 450 360
4248 387 471 450 453
4249 591 624 615 588
4250 591 563 624 588
4251 591 565 615 588
4252 591 563 565 588
4253 591 563 565 615
4254 591 624 615 692
4255 591 615 692 581
4256 591 563 692 581
4257 591 563 615 581
4258 591 624 675 692
4259 591 563 675 692
4260 591 563 624 675
4261 593 623 567 652
4262 593 623 575 567
4263 593 567 652 596
4264 593 575 567 502
4265 536 526 529 604
4266 536 526 529 421
4267 536 529 463 421
4268 536 529 542 604
4269 536 529 463 542
4270 536 463 542 586
4271 536 542 586 604
4272 536 463 356 586
4273 536 413 463 356
4274 536 413 356 421
4275 536 413 463 421
4276 627 632 684 648
4277 627 632 566 648
4278 627 710 684 648
4279 627 566 648 680
4280 627 710 648 680
4281 627 659 684 634
4282 627 659 710 634
4283 627 659 710 684
4284 627 632 529 566
4285 627 710 680 722
4286 627 710 634 639
4287 627 569 634 639
4288 627 710 639 722
4289 627 535 566 556
4290 627 566 556 680
4291 627 530 569 639
4292 627 612 680 722
4293 627 639 612 722
4294 627 580 639 612
4295 627 530 580 612
4296 627 530 580 639
4297 491 442 567 502
4298 491 593 567 502
4299 491 567 542 596
4300 491 593 567 596
4301 491 593 575 502
4302 73 104 57 195
4303 73 104 14 195
4304 73 104 14 57
4305 73 124 57 195
4306 73 124 134 195
4307 73 124 57 85
4308 73 14 210 195
4309 73 134 210 195
4310 73 124 134 16
4311 73 124 16 85
4312 73 14 210 10
4313 73 134 210 10
4314 73 134 10 16
4315 268 398 358 349
4316 268 398 260 349
4317 268 191 251 260
4318 263 251 159 199
4319 263 250 159 199
4320 263 250 251 159
4321 164 191 251 260
4322 164 251 260 294
4323 164 251 208 294
4324 164 191 105 251
4325 164 264 260 294
4326 164 191 264 260
4327 164 251 208 159
4328 164 105 251 159
4329 164 264 241 294
4330 164 191 264 241
4331 164 208 159 117
4332 164 105 159 117
4333 164 105 107 145
4334 164 191 105 145
4335 164 241 259 294
4336 164 208 259 294
4337 164 107 126 111
4338 164 107 145 126
4339 164 191 145 126
4340 164 200 241 126
4341 164 191 200 126
4342 164 191 200 241
4343 164 105 77 117
4344 164 77 107 26
4345 164 105 77 107
4346 164 241 126 111
4347 164 241 259 111
4348 164 208 259 188
4349 164 65 102 26
4350 164 77 102 26
4351 164 77 102 117
4352 164 259 188 111
4353 164 188 127 111
4354 164 208 188 127
4355 164 127 111 32
4356 164 102 127 117
4357 164 208 127 117
4358 164 65 102 127
4359 164 65 26 32
4360 164 65 127 32
4361 164 26 111 32
4362 164 107 26 111
4363 545 487 521 473
4364 545 521 524 473
4365 545 613 524 473
4366 545 613 521 524
4367 545 486 521 498
4368 545 487 486 521
4369 545 644 521 768
4370 545 613 768 835
4371 545 667 521 768
4372 545 613 667 768
4373 545 613 667 521
4374 545 644 597 768
4375 545 597 521 498
4376 545 644 597 521
4377 545 768 835 867
4378 545 671 597 768
4379 545 671 597 498
4380 545 671 768 867
4381 235 180 277 230
4382 235 335 277 230
4383 235 297 335 277
4384 235 297 214 277
4385 235 180 214 277
4386 321 302 433 441
4387 321 361 433 441
4388 321 361 302 433
4389 321 361 441 371
4390 321 374 441 371
4391 321 374 302 441
4392 321 374 371 296
4393 321 371 276 296
4394 321 361 302 276
4395 321 302 358 296
4396 321 374 302 358
4397 321 371 276 390
4398 321 361 276 390
4399 321 361 371 390
4400 321 219 276 296
4401 321 302 219 296
4402 321 302 219 276
4403 321 358 338 296
4404 321 374 338 296
4405 321 374 358 338
4406 332 442 298 325
4407 332 324 298 325
4408 332 442 325 502
4409 332 442 401 298
4410 332 324 326 325
4411 332 469 325 502
4412 332 469 351 502
4413 332 469 351 325
4414 332 326 351 325
4415 415 443 327 382
4416 415 327 382 336
4417 415 327 255 336
4418 415 421 495 336
4419 415 255 421 336
4420 347 396 424 449
4421 347 396 299 449
4422 347 299 358 449
4423 347 398 358 449
4424 347 398 424 449
4425 347 424 286 422
4426 347 396 286 422
4427 347 396 424 422
4428 347 268 398 358
4429 347 424 286 362
4430 347 299 251 358
4431 347 268 251 358
4432 347 398 424 362
4433 347 208 286 362
4434 347 398 362 294
4435 347 208 362 294
4436 347 251 208 294
4437 347 250 208 286
4438 347 251 260 294
4439 347 268 251 260
4440 347 398 260 294
4441 347 268 398 260
4442 347 251 208 159
4443 347 250 208 159
4444 347 250 251 159
4445 633 557 642 472
4446 633 608 557 472
4447 633 570 642 661
4448 633 570 557 661
4449 633 570 557 642
4450 633 557 561 661
4451 633 608 557 561
4452 633 608 728 561
4453 633 738 642 661
4454 633 738 728 661
4455 633 561 744 661
4456 633 728 744 661
4457 633 728 561 744
4458 481 457 385 410
4459 481 385 435 410
4460 481 457 357 385
4461 481 457 417 357
4462 481 539 435 410
4463 481 333 385 435
4464 481 540 539 410
4465 481 457 540 410
4466 481 457 540 539
4467 481 333 357 385
4468 481 333 417 357
4469 481 333 400 435
4470 481 333 417 400
4471 481 598 543 539
4472 481 539 435 571
4473 481 543 539 571
4474 481 618 598 539
4475 481 598 543 515
4476 481 417 543 515
4477 481 457 598 515
4478 481 457 417 515
4479 481 400 435 571
4480 481 400 543 571
4481 481 400 501 543
4482 481 417 501 543
4483 481 417 400 501
4484 481 618 539 589
4485 481 457 539 589
4486 481 618 598 589
4487 481 457 598 589
4488 614 664 638 681
4489 614 664 748 681
4490 614 569 638 681
4491 614 567 748 681
4492 614 567 538 512
4493 614 587 555 638
4494 614 670 587 638
4495 614 664 670 638
4496 614 567 634 681
4497 614 569 634 681
4498 614 569 567 634
4499 614 569 567 512
4500 614 458 538 512
4501 614 538 587 560
4502 614 664 748 682
4503 614 670 587 682
4504 614 664 670 682
4505 614 569 458 638
4506 614 569 458 512
4507 614 623 560 748
4508 614 623 567 748
4509 614 623 538 560
4510 614 623 567 538
4511 614 458 538 456
4512 614 458 555 638
4513 614 538 452 456
4514 614 452 555 527
4515 614 587 555 527
4516 614 538 452 527
4517 614 538 587 527
4518 614 458 452 555
4519 614 458 452 456
4520 942 900 954 869
4521 942 954 906 869
4522 942 900 869 878
4523 942 906 899 869
4524 717 711 606 773
4525 717 711 810 773
4526 717 711 810 712
4527 717 623 606 773
4528 717 623 560 606
4529 717 810 748 773
4530 717 623 748 773
4531 717 623 560 748
4532 717 587 712 682
4533 717 587 560 712
4534 717 810 804 712
4535 717 825 795 748
4536 717 810 825 748
4537 717 833 712 682
4538 717 795 833 682
4539 717 763 748 682
4540 717 763 795 682
4541 717 763 795 748
4542 717 614 748 682
4543 717 614 587 682
4544 717 614 560 748
4545 717 614 587 560
4546 717 804 833 712
4547 717 825 795 833
4548 717 825 804 833
4549 717 810 825 804
4550 769 810 804 712
4551 769 711 810 712
4552 769 711 708 712
4553 769 810 880 804
4554 769 804 712 716
4555 769 708 712 716
4556 769 708 804 716
4557 769 828 810 880
4558 769 828 711 810
4559 769 757 708 804
4560 769 765 757 804
4561 769 765 757 708
4562 769 765 715 708
4563 769 711 715 708
4564 769 880 804 855
4565 769 765 804 855
4566 769 829 715 880
4567 769 765 829 880
4568 769 765 829 715
4569 769 826 880 855
4570 769 765 826 855
4571 769 765 826 880
4572 812 828 857 880
4573 812 785 715 880
4574 812 785 857 880
4575 812 769 715 880
4576 812 769 828 880
4577 812 785 715 751
4578 812 785 857 751
4579 812 769 711 715
4580 812 769 828 711
4581 812 711 715 751
4582 812 711 606 751
4583 812 828 711 606
4584 517 530 445 612
4585 517 445 597 612
4586 517 430 445 382
4587 517 530 430 445
4588 517 443 445 382
4589 517 627 530 612
4590 517 556 495 496
4591 517 556 597 496
4592 517 443 495 496
4593 517 415 443 495
4594 517 415 382 495
4595 517 415 443 382
4596 517 461 597 496
4597 517 445 461 597
4598 517 443 489 496
4599 517 535 556 495
4600 517 627 535 556
4601 517 597 612 680
4602 517 627 612 680
4603 517 556 597 680
4604 517 627 556 680
4605 517 461 489 496
4606 517 443 461 489
4607 517 443 445 461
4608 590 743 741 778
4609 590 600 743 741
4610 590 741 778 685
4611 590 600 741 685
4612 590 743 646 622
4613 590 743 778 646
4614 590 743 622 651
4615 590 600 685 578
4616 590 600 743 571
4617 590 646 622 578
4618 590 685 646 578
4619 590 729 685 646
4620 590 729 778 646
4621 590 729 778 685
4622 590 600 492 571
4623 590 600 492 578
4624 590 540 622 651
4625 590 618 539 571
4626 590 743 618 571
4627 590 743 618 539
4628 590 743 540 539
4629 590 434 492 571
4630 590 434 492 578
4631 590 622 532 578
4632 590 434 532 578
4633 590 434 622 532
4634 590 758 540 651
4635 590 758 743 651
4636 590 758 743 540
4637 590 558 434 622
4638 590 540 558 622
4639 590 540 558 434
4640 590 434 435 571
4641 590 539 435 571
4642 590 540 434 435
4643 590 540 539 435
4644 720 738 696 844
4645 720 745 738 844
4646 720 696 806 844
4647 720 745 806 844
4648 720 738 696 642
4649 720 633 738 642
4650 720 745 738 728
4651 720 633 738 728
4652 265 387 257 252
4653 265 387 257 310
4654 265 387 310 360
4655 265 269 310 239
4656 265 283 252 360
4657 265 387 381 252
4658 265 381 252 360
4659 265 387 381 360
4660 265 283 212 252
4661 265 283 239 212
4662 265 310 239 360
4663 265 283 239 360
4664 265 257 252 153
4665 265 252 153 147
4666 265 212 153 147
4667 265 212 252 147
4668 265 169 212 153
4669 265 169 239 212
4670 265 257 207 153
4671 265 169 269 239
4672 265 225 269 207
4673 265 225 269 310
4674 265 225 257 207
4675 265 269 207 153
4676 265 169 269 153
4677 265 225 257 274
4678 265 257 274 310
4679 265 225 274 310
4680 485 413 442 463
4681 485 413 442 401
4682 485 442 529 463
4683 485 529 463 542
4684 437 491 442 502
4685 437 332 442 502
4686 437 332 442 401
4687 437 485 442 401
4688 437 485 491 442
4689 437 575 474 502
4690 437 491 575 502
4691 437 474 351 502
4692 437 332 351 502
4693 554 491 567 542
4694 554 567 542 596
4695 554 529 542 596
4696 554 485 491 542
4697 554 485 529 542
4698 554 491 442 567
4699 554 659 567 596
4700 554 485 442 529
4701 554 485 491 442
4702 554 632 529 596
4703 554 632 659 596
4704 554 659 567 634
4705 554 569 567 634
4706 554 442 569 567
4707 554 627 569 634
4708 554 442 529 425
4709 554 627 632 529
4710 554 659 684 634
4711 554 632 659 684
4712 554 569 439 425
4713 554 442 439 425
4714 554 442 569 439
4715 554 627 684 634
4716 554 627 632 684
4717 278 218 253 197
4718 278 253 334 349
4719 278 218 253 334
4720 278 251 197 358
4721 278 268 251 358
4722 278 302 358 349
4723 278 302 197 358
4724 278 253 302 197
4725 278 218 320 334
4726 278 302 290 349
4727 278 253 290 349
4728 278 253 302 290
4729 303 263 330 233
4730 303 330 238 233
4731 303 238 233 234
4732 303 299 251 234
4733 303 299 354 234
4734 303 263 199 233
4735 303 263 251 199
4736 303 347 299 251
4737 303 263 330 422
4738 303 396 330 422
4739 303 238 354 234
4740 303 330 238 354
4741 303 181 233 234
4742 303 251 181 234
4743 303 181 199 233
4744 303 251 181 199
4745 303 263 250 251
4746 303 347 250 251
4747 303 263 286 422
4748 303 396 286 422
4749 303 347 396 286
4750 303 263 250 286
4751 303 347 250 286
4752 949 900 922 878
4753 949 942 900 878
4754 949 922 838 878
4755 949 838 869 878
4756 949 942 869 878
4757 949 922 838 899
4758 949 838 899 869
4759 949 942 899 869
4760 687 717 560 712
4761 687 717 711 712
4762 687 717 560 606
4763 687 717 711 606
4764 687 587 581 712
4765 687 587 560 712
4766 687 587 560 581
4767 687 708 581 712
4768 687 711 708 712
4769 687 560 581 606
4770 687 715 708 581
4771 687 711 715 708
4772 687 610 581 606
4773 687 666 610 606
4774 687 711 666 606
4775 687 679 610 581
4776 687 679 666 610
4777 687 615 715 581
4778 687 679 615 581
4779 687 679 615 715
4780 687 679 666 715
4781 687 711 666 715
4782 451 517 430 382
4783 451 517 530 430
4784 451 430 397 382
4785 451 530 430 397
4786 451 397 380 382
4787 451 530 397 380
4788 451 517 382 495
4789 451 517 627 530
4790 451 380 382 336
4791 451 517 535 495
4792 451 517 627 535
4793 451 415 495 336
4794 451 415 382 336
4795 451 415 382 495
4796 451 529 380 336
4797 451 554 627 529
4798 451 627 530 569
4799 451 554 627 569
4800 451 526 535 495
4801 451 554 569 425
4802 451 529 380 425
4803 451 554 529 425
4804 451 627 529 566
4805 451 627 535 566
4806 451 526 421 495
4807 451 421 495 336
4808 451 529 421 336
4809 451 526 529 421
4810 451 526 535 566
4811 451 526 529 566
4812 451 439 380 425
4813 451 530 439 380
4814 451 569 439 425
4815 451 530 569 439
4816 221 191 260 200
4817 221 268 191 260
4818 221 278 218 200
4819 221 278 260 200
4820 221 278 268 260
4821 221 191 200 145
4822 221 218 200 145
4823 221 218 145 142
4824 221 105 145 142
4825 221 191 105 145
4826 221 268 191 251
4827 221 218 197 142
4828 221 278 218 197
4829 221 105 251 142
4830 221 191 105 251
4831 221 251 197 142
4832 221 278 251 197
4833 221 278 268 251
4834 284 320 334 349
4835 284 278 334 349
4836 284 278 320 334
4837 284 320 385 349
4838 284 320 385 244
4839 284 385 349 414
4840 284 260 349 414
4841 284 260 385 414
4842 284 268 260 349
4843 284 278 268 260
4844 284 260 385 244
4845 284 218 320 244
4846 284 278 218 320
4847 284 268 358 349
4848 284 278 358 349
4849 284 278 268 358
4850 284 174 260 244
4851 284 218 174 244
4852 284 218 174 260
4853 284 218 260 200
4854 284 278 260 200
4855 284 278 218 200
4856 348 303 330 354
4857 348 303 396 330
4858 348 359 330 354
4859 348 396 359 354
4860 348 396 359 330
4861 348 303 299 354
4862 348 299 354 338
4863 348 347 396 299
4864 348 303 347 299
4865 348 303 347 396
4866 348 429 354 338
4867 348 396 429 338
4868 348 396 429 354
4869 348 299 338 449
4870 348 396 338 449
4871 348 396 299 449
