OFF
991 6787 0
0.000000 0.000000 0.000000
0.000000 0.000000 100.000000
0.000000 49.726327 78.227887
0.000000 70.373379 25.152582
0.000000 82.173420 67.901418
0.000000 0.000000 35.497432
0.000000 66.401452 30.448956
0.000000 37.677026 0.000000
0.000000 62.799546 52.727284
0.000000 12.052347 62.726361
0.000000 51.311612 16.867792
0.000000 66.940846 19.235174
0.000000 56.641899 46.550873
0.000000 0.000000 73.322346
0.000000 71.209484 36.555809
0.000000 0.000000 64.646282
0.000000 12.885283 13.551063
0.000000 89.279194 63.048563
0.000000 43.439161 50.700630
0.000000 13.360729 66.718016
0.000000 48.397779 57.316176
0.000000 63.700276 18.518687
0.000000 68.277955 21.050899
0.000000 0.000000 26.352573
0.000000 24.828921 25.038656
0.000000 71.301930 53.835939
0.000000 0.000000 51.821997
0.000000 100.000000 0.000000
0.000000 58.951215 60.656527
0.000000 15.737754 61.338364
0.000000 23.175500 22.833658
0.000000 100.000000 100.000000
0.000000 67.779493 85.050159
0.000000 87.650111 54.621437
0.000000 27.911577 59.335957
0.000000 48.313370 0.000000
0.000000 15.893877 33.570978
0.000000 11.622896 84.851937
0.000000 76.222758 0.000000
0.000000 88.721507 100.000000
0.000000 86.942875 14.489895
0.000000 25.461608 100.000000
0.000000 41.510662 100.000000
0.000000 0.000000 87.664381
0.000000 59.073074 81.559600
0.000000 41.503115 62.690356
0.000000 23.349180 46.612775
0.000000 100.000000 39.169808
0.000000 0.000000 74.688850
0.000000 18.392896 73.249176
0.000000 100.000000 24.424668
0.000000 78.982769 41.322157
0.000000 88.357935 29.291891
0.000000 49.114153 42.209246
0.000000 38.900743 45.700910
0.000000 55.117184 55.849197
0.000000 100.000000 59.198746
0.000000 48.785798 68.903002
0.000000 17.931651 59.989812
0.000000 71.370064 0.000000
0.000000 33.075660 54.270106
0.000000 21.208256 23.172108
0.000000 45.990871 100.000000
0.000000 31.676351 78.689543
0.000000 67.658795 20.050748
0.000000 64.848919 83.781949
0.000000 19.310396 70.337422
0.000000 61.301100 71.339275
0.000000 79.761922 26.686400
0.000000 57.098927 43.927430
0.000000 40.855826 55.499701
0.000000 16.801618 64.604225
0.000000 35.805452 42.049657
0.000000 16.547178 34.047531
0.000000 49.652585 71.726049
0.000000 78.556322 39.938467
0.000000 52.995646 73.306777
0.000000 58.761039 63.563065
0.000000 88.493734 100.000000
0.000000 85.021983 37.138275
0.000000 76.156550 28.742591
0.000000 59.591764 30.680555
0.000000 21.598156 63.483435
0.000000 0.000000 35.249127
0.000000 100.000000 28.468400
0.000000 37.185123 45.164593
0.000000 70.373922 89.010668
0.000000 60.399487 63.749773
0.000000 41.871545 85.946704
0.000000 85.369163 28.375954
0.000000 60.933298 54.083902
0.000000 0.000000 57.623579
0.000000 30.272890 84.976293
0.000000 79.497936 61.760617
0.000000 100.000000 69.657109
0.000000 83.187731 88.983353
0.000000 100.000000 57.585302
0.000000 17.209671 24.822545
0.000000 49.565475 57.527791
10.135583 48.598709 52.762320
10.199438 19.906942 41.173779
10.299443 100.000000 48.097103
10.316410 32.999803 31.000854
10.336016 43.883697 100.000000
10.459873 100.000000 69.979877
10.562097 56.335917 64.228424
10.571508 35.629227 24.546197
10.660644 68.886995 0.000000
10.797637 100.000000 44.286621
10.806422 42.572078 46.725568
11.059796 18.373032 54.876447
11.103127 74.186963 79.282141
11.365013 11.797301 34.873090
11.451460 77.881352 34.014974
11.687537 23.001552 0.000000
11.809842 78.588007 22.421691
11.865603 100.000000 70.220761
11.874013 0.000000 0.000000
11.963367 43.977905 13.078698
12.006244 58.750659 31.105669
12.023973 41.500142 100.000000
12.098573 33.719831 31.417577
12.177669 13.679251 18.551822
12.248142 50.118131 62.906135
12.566796 29.786022 0.000000
12.574200 74.323955 87.691270
12.631667 74.223635 0.000000
12.642989 87.762987 72.368796
12.776774 75.501909 27.729308
12.797005 71.256693 35.412455
12.911687 33.855113 100.000000
13.058885 82.000004 49.169635
13.152734 49.363810 19.857870
13.493126 0.000000 100.000000
13.494737 55.562460 70.810908
13.575340 100.000000 54.487405
13.698602 15.528435 71.528122
13.774916 25.748545 49.636738
13.786173 74.258263 85.122227
13.849887 55.879042 82.572542
13.951659 30.801662 44.538291
14.024626 0.000000 80.062310
14.211213 100.000000 35.364319
14.255341 29.070212 70.356044
14.399959 43.563256 69.897363
14.998627 57.215593 100.000000
15.210135 100.000000 100.000000
15.396863 45.460918 73.366354
15.406351 100.000000 15.492303
15.499760 57.010580 15.295780
15.613001 100.000000 36.912284
15.771139 32.254055 87.156407
15.840813 83.341932 40.037010
15.997724 100.000000 41.523106
16.089167 10.124052 32.894397
16.212169 54.242147 17.839633
16.459250 57.334663 57.051493
16.540703 100.000000 51.605238
16.582131 24.699863 62.386950
16.585448 24.941076 33.102957
16.591050 51.137831 0.000000
16.738173 100.000000 51.466106
16.835603 71.389436 61.808749
16.981946 70.235163 85.654003
17.038277 78.834130 20.531249
17.096591 82.945145 69.063632
17.137551 61.799604 82.258793
17.176456 15.317868 69.749820
17.210355 100.000000 100.000000
17.293629 40.681669 38.451386
17.302937 13.260778 84.339638
17.504408 55.911359 21.979167
17.568947 0.000000 54.269428
17.670023 26.912305 75.078281
17.674106 41.357811 60.724444
17.695530 79.992044 100.000000
17.719172 0.000000 45.369720
17.764710 20.249105 100.000000
17.878490 46.260094 52.975172
17.938838 10.786737 0.000000
17.968767 89.155663 0.000000
18.167831 0.000000 23.557633
18.192480 76.831934 78.352838
18.230849 26.778271 13.477597
18.357542 18.857134 57.664431
19.369077 38.997752 56.630889
19.758227 29.742622 38.334284
19.911545 38.622274 86.997853
19.953060 0.000000 75.085227
19.982297 77.716957 39.276106
20.054967 54.565914 42.820783
20.112493 74.412530 33.618568
20.192934 27.712149 58.034522
20.216371 0.000000 52.619364
20.265794 0.000000 39.827245
20.275153 32.723611 37.465312
20.300278 0.000000 18.559145
20.572285 43.619880 0.000000
20.600954 80.944253 72.253962
20.616547 100.000000 39.008994
20.642886 77.945773 40.988050
20.737043 0.000000 27.862162
20.780085 100.000000 12.710838
20.966716 16.104079 27.081331
20.984355 51.718129 63.237719
21.167244 69.995538 43.716516
21.356913 100.000000 57.975248
21.383574 81.119798 30.337088
21.496635 58.471616 33.303446
21.635113 73.389534 100.000000
21.702956 25.327370 61.384273
21.961495 70.636864 0.000000
22.037811 0.000000 56.547072
22.076550 37.726308 49.810779
22.267606 30.023947 63.432747
22.297390 30.342736 84.739387
22.535087 28.795740 43.771643
22.633313 63.677537 62.146764
22.660170 28.337332 13.211121
23.455410 12.897980 0.000000
23.610574 100.000000 12.303276
23.633482 60.838984 71.652501
23.721023 89.776779 0.000000
23.754223 42.537157 77.033992
23.960803 40.775466 17.375508
23.978166 89.948136 100.000000
24.217858 10.035328 100.000000
24.449717 59.994559 78.387072
24.451341 0.000000 47.705477
24.477067 11.029515 58.024999
24.622664 86.160858 100.000000
24.693447 51.245427 55.827368
24.931165 70.339987 12.300033
25.034374 0.000000 57.588657
25.161393 80.769037 22.726026
25.265636 66.470349 18.727036
25.317256 33.867548 30.160961
25.679126 0.000000 15.416695
25.757446 21.512353 78.610514
25.881606 50.182853 38.504241
25.940530 50.896943 23.474564
25.979150 87.553534 57.180568
25.984615 68.849396 72.008569
25.990815 55.466986 79.923071
26.006066 21.800485 13.030303
26.243671 0.000000 34.069843
26.286525 19.125629 44.615355
26.416470 100.000000 32.384553
26.510726 39.632623 59.534352
26.844983 100.000000 76.796327
26.977080 62.445445 100.000000
27.089967 61.564234 44.169494
27.164657 100.000000 18.850966
27.326680 57.721256 29.259942
27.354259 26.971032 19.472353
27.434205 30.607346 38.172868
27.447827 21.932189 100.000000
27.571029 52.885649 19.096254
27.712827 0.000000 41.902921
27.923302 31.498859 32.102509
28.057776 88.602855 21.468971
28.197013 13.471841 73.646051
28.215745 42.146438 10.889249
28.218248 27.911881 42.908362
28.272251 84.656849 11.004981
28.616287 61.918550 0.000000
28.665692 76.333080 80.888846
28.758947 49.035837 53.676885
28.774122 43.484802 84.689015
28.875073 100.000000 15.149192
28.950272 18.852468 71.354932
29.013903 25.846704 73.987322
29.125964 88.954097 88.323818
29.191855 31.369502 46.005972
29.386953 53.422947 62.794885
29.504367 24.475559 0.000000
29.664835 83.389100 47.980659
29.712523 76.071173 0.000000
29.885208 79.257820 28.569996
29.996363 31.637709 45.295372
30.019402 76.875767 58.365016
30.203841 0.000000 35.077338
30.246441 59.090478 0.000000
30.302784 100.000000 52.320972
30.447580 100.000000 0.000000
30.464131 38.467831 62.283637
30.684945 74.245754 46.208628
30.746355 74.179842 48.862907
30.769009 42.012295 18.962054
30.836129 27.825523 29.441636
30.882311 23.720221 83.476609
30.884976 23.450130 68.272260
30.893138 82.732427 100.000000
30.935989 100.000000 68.333833
31.031525 15.726054 48.143528
31.125017 78.425429 0.000000
31.135528 66.339123 56.639410
31.252573 34.514153 64.454976
31.514833 10.617092 47.599065
31.697175 64.951774 17.766482
31.832545 82.838158 47.270832
31.978466 100.000000 89.832542
32.242116 18.889300 0.000000
32.296088 100.000000 100.000000
32.424705 48.100765 53.884599
32.467854 88.991922 15.114187
32.501672 78.602181 58.861959
32.528931 35.963673 82.718736
32.688489 52.146892 80.363083
32.695686 54.921105 100.000000
32.769140 83.085667 100.000000
32.893402 77.080383 44.083453
32.943090 73.719770 48.860453
33.056604 78.204385 59.558010
33.181634 68.402725 56.017542
33.287563 45.232619 51.665153
33.385079 27.829757 68.454565
33.404649 100.000000 0.000000
33.409337 0.000000 64.632194
33.418755 100.000000 65.528638
33.420521 81.279122 59.227696
33.601490 100.000000 64.076817
33.605921 55.119880 100.000000
33.639049 65.426235 19.531691
33.735533 100.000000 56.382630
33.960050 0.000000 48.923046
34.161545 59.142307 22.671883
34.200529 100.000000 66.704214
34.309165 54.493363 31.426410
34.521307 42.639965 54.111443
34.670923 85.784162 100.000000
34.687102 66.070791 87.340387
34.742407 12.443512 100.000000
34.745579 18.662976 53.309742
34.834686 75.436806 47.129443
34.948085 48.005612 0.000000
34.983118 100.000000 46.815105
34.987542 63.465641 11.044140
35.189015 42.297514 76.310250
35.491564 87.566908 45.116381
35.568800 39.511959 27.675743
35.572619 71.370556 31.308640
35.719005 17.537643 37.370315
35.865351 10.881473 49.313255
35.951232 31.795006 47.025066
35.962251 39.564744 19.615172
36.059564 100.000000 59.621618
36.135312 89.507131 13.367208
36.192917 0.000000 59.077682
36.204262 11.671867 54.460053
36.315240 37.095014 0.000000
36.325593 100.000000 100.000000
36.405363 63.262308 34.135012
36.493111 25.727306 50.387034
36.590878 0.000000 57.902209
36.656883 81.053180 25.080803
36.840386 33.347947 71.649596
36.887358 20.757987 27.289820
37.042359 44.967945 0.000000
37.127240 72.331355 68.825267
37.203030 14.334468 61.292635
37.450588 80.276678 49.362993
37.517063 52.911738 53.412753
37.527021 42.344195 24.699680
37.684812 82.941543 0.000000
37.861177 78.433920 58.885137
38.048194 24.656476 68.156880
38.099801 69.640198 31.781294
38.498840 0.000000 67.387320
38.509341 22.524238 65.668561
38.795641 100.000000 52.464139
38.942741 38.182639 0.000000
38.952841 73.490000 12.875184
39.039460 37.734291 87.185401
39.147765 43.466992 79.703580
39.246917 67.028214 79.138846
39.525826 100.000000 36.604632
39.754034 57.674240 88.022909
39.784551 74.197026 48.459108
39.807201 12.522824 0.000000
39.869874 48.270354 41.477570
39.874736 10.433589 0.000000
39.920719 100.000000 18.472488
40.045559 24.463409 51.407667
40.224379 73.421765 73.010836
40.263140 30.793823 76.578078
40.476021 37.852647 100.000000
40.597688 100.000000 37.945052
40.890025 100.000000 16.393948
40.907638 0.000000 79.911862
40.916459 13.710129 100.000000
40.928901 10.303537 47.259475
41.192283 51.851947 73.283589
41.295098 22.928598 35.915941
41.363644 29.280256 16.901375
41.497551 43.408531 26.138034
41.588769 100.000000 78.534685
41.604406 64.373897 47.909640
41.687217 44.431998 0.000000
41.688484 82.790250 11.929543
41.753964 41.487694 20.113323
41.775328 89.260990 0.000000
41.882131 54.875912 0.000000
42.074847 100.000000 0.000000
42.088809 79.569544 18.068317
42.164161 46.885483 41.818377
42.212046 31.391706 85.286403
42.279214 72.131200 50.231174
42.316504 100.000000 84.378710
42.451789 37.264166 33.217687
42.667783 57.474712 100.000000
42.754193 0.000000 20.185779
42.756827 63.442634 33.051532
42.888987 18.644924 72.014733
42.900295 100.000000 37.522381
42.905124 49.811639 70.974730
42.952599 81.420819 100.000000
43.034466 0.000000 41.997831
43.090727 0.000000 73.927510
43.111604 15.631334 37.905511
43.144652 73.399982 74.924312
43.154039 24.621445 33.824198
43.160849 0.000000 16.178166
43.229984 35.396227 19.355062
43.360622 15.348538 53.944201
43.638911 48.476281 79.826778
43.852118 48.709745 67.143700
43.891246 17.502752 70.676723
43.926012 36.688301 62.366320
44.154110 39.907735 33.990042
44.169715 42.580393 35.727598
44.316805 46.635266 17.089110
44.333421 100.000000 75.006201
44.350808 80.096762 26.700560
44.503301 73.017077 72.684929
44.676408 15.069199 60.771309
44.817386 27.740216 62.535450
44.857719 79.076331 74.262640
44.863980 52.966681 100.000000
45.143332 0.000000 0.000000
45.187040 46.651260 81.172039
45.201458 100.000000 40.790297
45.393890 0.000000 89.960314
45.421804 0.000000 60.380494
45.516988 20.043563 47.933631
45.541373 100.000000 32.362210
45.684502 62.310288 84.494387
45.708528 71.031310 56.344652
46.053506 100.000000 20.317584
46.155535 13.419762 41.122121
46.425950 74.566709 24.541956
46.622990 76.290365 59.024090
46.702840 59.380615 45.012932
46.745811 66.953589 65.071555
46.978957 22.555379 100.000000
47.200106 42.018129 71.720692
47.354166 42.328265 83.503354
47.830135 14.903798 79.473510
47.837276 100.000000 84.413160
48.001243 39.879051 74.047703
48.085457 28.664069 76.542687
48.150448 0.000000 0.000000
48.156098 39.728744 11.107694
48.280818 0.000000 12.008745
48.402323 82.438571 60.051000
48.418395 0.000000 79.862873
48.544179 86.845622 25.597301
48.612151 0.000000 58.908667
48.674925 23.005250 100.000000
48.680771 100.000000 55.192643
48.697571 100.000000 31.826555
48.702710 47.849745 14.434118
48.743435 0.000000 89.966647
48.757424 20.604644 73.349156
48.911309 13.148317 10.356381
48.983290 100.000000 34.776453
49.030358 54.689854 38.733758
49.043251 31.645104 78.810821
49.048004 21.154460 16.108990
49.168107 84.030836 36.441900
49.196963 100.000000 80.471744
49.415772 32.466546 100.000000
49.431516 25.839155 100.000000
49.440877 27.644410 19.118114
49.645652 46.074689 100.000000
49.805679 50.029239 15.975701
49.972236 100.000000 78.667272
50.130589 36.290740 23.559024
50.210462 80.144070 37.878327
50.210766 16.055894 35.096305
50.327141 59.739954 100.000000
50.364166 46.288708 100.000000
50.372783 52.102769 66.873439
50.441602 34.807966 100.000000
50.509137 13.551366 26.247636
50.851046 19.543852 55.119806
50.961843 53.140611 19.177307
51.333867 85.427369 63.126958
51.426014 19.596487 56.763159
51.481390 33.316233 0.000000
51.486272 27.095672 18.410486
51.719671 72.442887 27.274418
51.798081 43.605980 0.000000
51.817150 100.000000 16.328847
51.844108 0.000000 45.474605
51.961498 100.000000 26.699757
51.999626 65.598824 21.159764
52.060230 81.978182 62.799632
52.324923 41.561989 14.594356
52.545550 74.842546 16.027202
52.721617 67.823684 29.866662
52.796317 13.671530 52.268934
52.807878 53.882965 89.575083
53.011752 86.214963 53.031621
53.099833 0.000000 42.322047
53.148411 27.737190 0.000000
53.498879 26.607132 85.966008
53.527752 100.000000 56.168991
53.560518 18.022040 0.000000
53.768737 21.177401 83.115051
53.962834 86.544387 15.224689
54.335737 77.234297 100.000000
54.359715 76.506601 45.431149
54.802959 0.000000 83.084537
54.941296 81.619596 89.840671
55.027224 59.606928 75.614380
55.064444 0.000000 33.658847
55.137548 22.449235 38.183033
55.224975 26.082453 82.927256
55.238372 56.017911 0.000000
55.444365 61.592800 100.000000
55.445783 88.474107 100.000000
55.623295 45.060664 53.166648
55.642211 80.762000 57.256907
55.691005 49.641230 40.274975
56.015412 44.147850 48.516135
56.180737 0.000000 32.567657
56.189166 100.000000 84.843877
56.227425 57.365765 28.029016
56.326302 61.467369 16.648116
56.358559 26.901952 100.000000
56.358602 0.000000 34.390921
56.360819 0.000000 100.000000
56.433433 79.595699 10.957985
56.690640 40.701637 70.600879
56.959153 74.245080 42.533107
56.996327 33.725806 58.999814
57.004895 74.128757 43.659215
57.033619 71.521982 11.565906
57.039799 79.589757 82.617718
57.045694 60.835994 57.611376
57.194248 58.104724 100.000000
57.265004 10.497952 70.568213
57.564299 26.371021 49.233868
57.600925 0.000000 39.818313
58.008655 84.668012 49.649474
58.153481 11.331778 81.876163
58.322651 38.627653 78.498178
58.389983 77.729053 25.272188
58.396051 26.462424 13.278296
58.456498 82.708743 15.700105
58.458319 65.380986 100.000000
58.558395 84.033497 68.504600
58.568312 15.350714 63.391994
58.619079 66.750527 73.714224
58.632065 11.188223 67.876006
58.806997 46.530251 32.403501
58.839093 0.000000 0.000000
58.908662 19.922592 12.451580
58.925297 10.340307 57.738905
58.955812 100.000000 64.002415
59.029842 60.334810 11.073823
59.086355 0.000000 81.714771
59.484393 30.490240 27.263835
59.496471 0.000000 24.649539
59.507996 53.364833 73.847401
59.731979 80.777490 38.313331
59.785167 55.842120 63.365112
59.994463 44.998165 0.000000
60.065463 32.811330 62.833372
60.102472 11.815765 25.480709
60.118817 100.000000 100.000000
60.155526 79.821381 50.917059
60.206003 76.220877 20.550595
60.516039 55.857298 46.984476
60.618471 39.769499 35.511712
60.774216 77.574166 23.924245
60.774740 100.000000 100.000000
60.847042 100.000000 66.932547
61.063007 0.000000 0.000000
61.213308 16.007643 23.937251
61.277809 100.000000 83.899044
61.293261 48.557001 87.364181
61.313390 60.480870 36.734450
61.358791 48.829054 0.000000
61.393582 45.949212 30.206174
61.409150 11.128340 22.792892
61.478386 17.298192 47.895049
61.577604 17.158292 24.411423
61.587527 88.304923 100.000000
61.714931 0.000000 33.340479
61.899541 100.000000 43.891924
61.964107 62.416768 22.602376
61.979403 0.000000 77.531858
62.003612 38.704890 15.340172
62.005450 89.366630 24.040205
62.006807 28.860243 0.000000
62.070038 51.675156 82.341722
62.080653 15.186702 100.000000
62.154860 78.068174 58.074555
62.302057 82.774221 24.230708
62.650096 15.553996 0.000000
62.704469 22.966563 66.770996
62.805075 57.034913 41.239719
62.945650 15.998190 10.366182
63.157996 43.050063 0.000000
63.541363 0.000000 40.211733
63.553529 32.070921 39.262314
63.699098 100.000000 64.269005
63.707413 73.943729 21.240391
63.762454 46.807722 78.677460
63.772389 0.000000 53.542999
63.802286 64.207898 84.424961
63.844593 68.088890 39.052323
63.877644 45.590349 14.930002
64.227606 43.763351 57.974855
64.229665 42.925177 16.436491
64.550490 80.372052 89.699572
64.684180 0.000000 74.033785
64.746818 75.036003 75.195283
64.846287 77.725049 0.000000
64.930899 76.706708 0.000000
65.097010 11.852097 38.396561
65.208240 67.415593 59.314235
65.312122 66.164760 72.808964
65.350965 21.485350 43.595791
65.573832 0.000000 23.106097
65.779786 0.000000 70.736893
65.936835 36.611999 0.000000
65.965264 37.816220 78.520842
66.079114 0.000000 53.189642
66.171341 28.981010 37.564253
66.212002 59.844023 63.562192
66.212503 74.646662 100.000000
66.265467 10.340629 42.458209
66.389291 28.349431 23.194359
66.581389 33.776772 42.848891
66.662999 100.000000 71.336616
67.001330 0.000000 10.490942
67.126726 67.874690 58.292922
67.145483 58.071704 13.514293
67.252577 22.165667 74.707613
67.448916 82.087351 100.000000
67.598302 55.415733 100.000000
67.698197 78.127442 77.812884
67.799939 26.796996 71.226534
67.865873 17.173097 69.757050
67.881120 18.021707 0.000000
67.988816 25.658305 0.000000
68.089620 70.860228 59.227282
68.224676 10.314065 53.892352
68.275671 88.265409 24.749623
68.369672 21.200067 81.816167
68.400590 14.433006 18.787311
68.439624 83.769403 0.000000
68.616308 70.374521 57.522404
68.657152 53.511778 100.000000
68.918871 86.581071 100.000000
68.929057 53.249844 61.122918
69.159705 70.679861 37.266995
69.218567 70.217121 32.063206
69.244439 10.512938 0.000000
69.301597 77.169947 0.000000
69.326106 0.000000 100.000000
69.327220 87.454155 25.578046
69.408284 57.815944 89.230252
69.587296 73.853794 66.230373
69.670208 77.018907 50.622273
69.718494 18.329459 0.000000
69.770961 77.584399 87.773898
69.972144 34.338196 21.558106
70.016900 68.354292 54.743299
70.047808 85.520303 38.784123
70.072774 49.593711 0.000000
70.100140 0.000000 58.211346
70.462299 59.824638 0.000000
70.951027 0.000000 0.000000
70.979314 73.571009 30.663052
71.038044 100.000000 0.000000
71.042262 69.707595 49.703156
71.235728 0.000000 24.445212
71.286030 0.000000 67.356184
71.379008 25.698679 29.882773
71.402525 48.917817 83.586177
71.516729 100.000000 87.195529
71.558550 100.000000 18.791339
71.627237 18.023025 32.226767
71.695559 67.082502 10.433430
71.837800 82.271353 11.453402
71.889858 30.204068 0.000000
71.982417 56.067482 100.000000
72.187624 0.000000 100.000000
72.198131 13.248373 35.993720
72.227102 76.721931 38.487646
72.280648 39.835092 13.824490
72.594972 70.045191 83.552724
72.673098 86.263801 38.869603
72.688844 79.642134 46.288313
72.721077 74.235752 37.289775
72.794903 20.187624 0.000000
72.963992 85.300444 31.940618
72.989184 74.999182 42.730351
72.992615 81.734560 51.073439
73.166846 63.672937 56.314702
73.223058 0.000000 88.022316
73.450635 0.000000 71.958065
73.533271 19.763951 0.000000
73.567792 61.768317 83.958589
73.794135 24.552015 57.975563
73.865671 71.881966 24.533720
73.929326 18.714710 44.607632
73.938207 71.144571 83.779914
73.959482 72.980003 0.000000
74.133365 0.000000 80.794262
74.380046 29.301190 27.409191
74.421530 25.264507 0.000000
74.430588 60.024726 0.000000
74.452366 100.000000 82.600179
74.454910 0.000000 0.000000
74.487228 49.498127 0.000000
74.790429 43.024318 12.957135
74.795875 58.575558 46.062666
74.896592 25.721777 62.487086
74.906539 13.867800 68.437247
75.129773 0.000000 100.000000
75.274307 21.986412 59.702597
75.480510 45.048173 26.481543
75.492640 0.000000 14.535773
75.565078 45.215834 36.687473
75.574688 16.778869 82.340866
75.636252 0.000000 74.949514
75.793281 24.158326 0.000000
75.851881 0.000000 0.000000
75.879119 83.383731 60.473446
75.999738 45.808585 10.734136
76.012997 100.000000 75.934171
76.167592 100.000000 23.379251
76.299245 20.519381 34.679761
76.391712 53.798703 15.784098
76.397872 59.013287 0.000000
76.520076 55.221403 22.798812
76.611620 81.106542 17.478946
76.765017 71.575054 37.899575
76.859600 41.856050 46.150582
76.943068 0.000000 51.664889
77.145081 63.985969 100.000000
77.196933 51.983284 63.858093
77.307612 60.963136 34.947810
77.556730 80.160726 60.500648
77.608793 78.749361 15.353606
77.771998 74.161716 32.000718
77.805397 23.134788 0.000000
77.942781 86.067328 80.150983
77.948474 30.637271 89.289174
78.246008 82.428037 39.217700
78.326602 0.000000 17.213773
78.424507 54.420386 10.005083
78.484123 81.503093 85.992957
78.489664 100.000000 54.678204
78.511008 50.408004 15.205313
78.550458 62.247196 100.000000
78.564053 28.825724 19.163485
78.626724 80.739905 62.715204
78.663424 39.834558 28.269858
78.760399 35.808477 62.320933
78.822337 16.601611 44.686503
78.846597 21.387489 46.857919
79.094827 51.828963 64.819526
79.141477 71.659181 100.000000
79.166061 0.000000 43.792426
79.200238 89.305086 20.259633
79.281420 62.344413 55.830275
79.295439 54.850482 49.942687
79.414106 0.000000 20.149849
79.584509 80.721591 60.254304
79.791052 25.378436 24.724744
79.861387 0.000000 88.065101
79.936844 81.961063 100.000000
80.118514 29.771432 59.056450
80.152287 0.000000 78.567083
80.199194 80.415768 57.741393
80.269537 50.154132 0.000000
80.297767 84.243459 79.491770
80.408075 52.731030 100.000000
80.512256 49.245403 69.509501
80.532319 88.146583 0.000000
80.556399 75.409673 77.806073
81.319659 62.857148 42.743404
81.435388 36.214348 49.672354
81.520364 76.968312 43.837638
81.675695 33.759528 18.707233
81.678998 0.000000 50.020351
81.844247 57.806662 59.728257
81.848748 0.000000 47.201983
81.887311 0.000000 19.286708
81.946817 87.684597 47.984653
81.953781 58.841245 21.677051
82.009928 100.000000 35.797400
82.191766 40.582539 50.252152
82.277305 17.861420 52.574959
82.535779 35.884743 59.608642
82.899309 100.000000 66.536118
83.139394 34.347870 50.726027
83.216451 100.000000 76.162716
83.261066 39.524084 54.467707
83.354584 100.000000 19.310506
83.398095 0.000000 0.000000
83.438544 83.065033 10.844414
83.440454 44.837125 41.849536
83.461883 51.657194 46.164013
83.698984 87.222957 49.539883
83.760581 71.482876 31.324051
83.788979 15.693313 84.523175
83.843564 100.000000 38.593965
83.864666 77.190848 25.860718
84.054389 72.709741 24.498580
84.073413 68.098161 0.000000
84.131374 100.000000 57.090407
84.197431 76.869401 54.913372
84.295829 78.145101 80.545533
84.693447 20.648531 100.000000
84.824686 26.876540 47.254843
85.457288 40.545044 86.434672
85.542509 61.131238 28.909498
85.664976 30.640215 83.826555
85.746789 10.215203 78.464206
85.778231 69.637221 26.874235
85.828757 16.879533 28.739012
85.998335 24.966572 0.000000
86.118890 10.916138 68.478555
86.207191 81.095996 60.531054
86.272936 64.935233 67.809720
86.485195 73.294511 49.586990
86.583000 50.483797 77.156529
86.626400 35.592165 71.239938
86.668571 45.858007 66.299443
86.797204 75.311579 0.000000
86.803360 65.135595 36.271586
86.804275 52.402146 37.297057
86.849642 66.820184 100.000000
86.920586 72.664614 38.820494
86.922443 37.756203 63.548992
87.023655 100.000000 27.724637
87.199076 62.622482 43.024090
87.399160 100.000000 84.761457
87.479506 40.716412 47.422351
87.929672 33.873732 38.466332
87.957501 64.824676 75.285309
88.034677 38.297378 0.000000
88.067103 21.791388 100.000000
88.093562 100.000000 19.607142
88.188647 72.884966 45.147814
88.210107 41.151095 100.000000
88.450077 71.079727 19.651121
88.472521 67.878028 26.820200
88.580957 0.000000 37.357820
88.623355 29.407724 24.741089
88.648573 11.409789 24.140281
88.650484 48.701932 88.855941
88.666314 54.480685 68.809599
88.674752 77.912063 61.558936
88.698030 12.840368 36.666946
88.727687 42.247416 62.916314
88.850431 60.246709 33.347305
88.908034 30.510518 18.938378
89.148249 85.689457 32.688896
89.253542 17.820622 89.439669
89.260042 81.974492 100.000000
89.368632 0.000000 39.403318
89.445711 100.000000 55.045876
89.713765 36.370101 55.463558
89.735288 28.274346 0.000000
89.789661 59.512241 80.929181
89.826534 59.013717 100.000000
89.837258 79.026036 0.000000
100.000000 57.653898 15.237800
100.000000 15.355844 55.657927
100.000000 0.000000 30.034192
100.000000 22.021479 70.442582
100.000000 33.745361 18.418467
100.000000 87.446357 48.652090
100.000000 70.669935 50.426471
100.000000 100.000000 17.077153
100.000000 60.515293 55.161075
100.000000 58.263881 19.968421
100.000000 64.046938 33.718715
100.000000 86.176333 16.661747
100.000000 66.130083 78.749107
100.000000 85.247158 17.464734
100.000000 63.370810 86.054008
100.000000 34.933025 37.857772
100.000000 70.002371 21.443432
100.000000 61.751921 43.362678
100.000000 100.000000 41.820375
100.000000 32.400131 100.000000
100.000000 55.611995 100.000000
100.000000 0.000000 35.850574
100.000000 37.758164 52.412871
100.000000 0.000000 79.043187
100.000000 49.913089 49.276451
100.000000 47.142107 10.188627
100.000000 37.015497 34.989070
100.000000 100.000000 26.143947
100.000000 89.599710 39.833392
100.000000 88.285870 50.155134
100.000000 24.716789 0.000000
100.000000 60.043128 29.097386
100.000000 100.000000 30.507648
100.000000 52.892825 39.430418
100.000000 79.809853 65.614254
100.000000 20.932435 73.781164
100.000000 79.518261 69.409199
100.000000 18.019180 82.217890
100.000000 59.288251 47.667857
100.000000 0.000000 55.364171
100.000000 35.337420 81.355339
100.000000 34.165103 64.140150
100.000000 62.202409 65.433943
100.000000 34.115588 61.930493
100.000000 82.102944 12.228707
100.000000 61.015798 88.124319
100.000000 60.162439 33.138219
100.000000 71.626133 69.822004
100.000000 86.873736 100.000000
100.000000 76.221000 79.326719
100.000000 64.117091 27.358294
100.000000 10.774435 30.462697
100.000000 88.215665 100.000000
100.000000 36.390169 57.005673
100.000000 0.000000 13.518398
100.000000 82.995634 100.000000
100.000000 39.164203 59.468294
100.000000 63.902436 27.377873
100.000000 35.579652 0.000000
100.000000 18.954897 76.007521
100.000000 41.632284 36.905714
100.000000 48.388854 77.371931
100.000000 72.381959 29.161891
100.000000 46.635355 0.000000
100.000000 41.050538 85.104277
100.000000 13.660821 19.600337
100.000000 59.472739 64.337566
100.000000 26.587339 16.270580
100.000000 20.974033 73.768712
100.000000 89.373494 76.458773
100.000000 80.814805 34.794987
100.000000 32.019366 37.423296
100.000000 73.112341 64.519485
100.000000 53.868413 24.469361
100.000000 35.753345 100.000000
100.000000 25.558936 47.349598
100.000000 37.482406 23.656428
100.000000 89.602031 72.791718
100.000000 100.000000 23.944187
100.000000 64.505613 86.757508
100.000000 84.434173 0.000000
100.000000 47.371787 100.000000
100.000000 44.444646 51.292887
100.000000 81.012001 0.000000
100.000000 82.173456 30.032886
100.000000 100.000000 56.647835
100.000000 61.611042 39.880117
100.000000 37.449688 100.000000
100.000000 100.000000 12.966275
100.000000 100.000000 71.179665
100.000000 70.723122 57.076055
100.000000 71.024112 74.267929
100.000000 37.937957 100.000000
100.000000 65.535518 44.454785
100.000000 43.673965 0.000000
100.000000 37.494498 100.000000
100.000000 51.446464 100.000000
100.000000 13.074273 88.242002
100.000000 84.556667 50.851864
100.000000 49.690441 71.783812
100.000000 52.442630 31.110164
100.000000 0.000000 100.000000
100.000000 100.000000 22.947895
100.000000 0.000000 0.000000
100.000000 100.000000 0.000000
100.000000 100.000000 100.000000
3 732 844 774
3 655 834 732
3 655 763 834
3 639 763 655
3 639 834 763
3 639 832 834
3 693 832 639
3 693 843 868
3 832 868 843
3 693 868 832
3 794 843 693
3 832 843 794
3 620 794 693
3 620 639 794
3 639 620 693
3 794 844 832
3 639 844 794
3 844 834 832
3 639 655 844
3 844 732 834
3 655 774 844
3 655 732 774
3 639 774 844
3 639 655 774
3 845 843 794
3 844 843 845
3 845 794 844
3 832 843 844
3 763 832 834
3 639 832 763
3 130 177 256
3 177 256 151
3 151 130 177
3 187 256 130
3 215 256 187
3 130 215 187
3 215 151 256
3 130 151 215
3 570 497 588
3 486 497 570
3 562 497 486
3 588 497 562
3 591 562 537
3 537 562 486
3 591 486 537
3 591 647 562
3 588 562 647
3 591 647 588
3 591 588 486
3 570 486 588
3 811 743 772
3 762 743 745
3 811 745 743
3 762 745 811
3 762 772 743
3 792 772 762
3 811 772 792
3 813 811 792
3 762 811 813
3 813 792 762
3 528 763 662
3 639 763 528
3 655 662 763
3 655 651 662
3 639 651 655
3 639 662 651
3 528 662 639
3 344 380 405
3 405 380 409
3 344 405 430
3 430 405 409
3 344 430 409
3 279 380 344
3 279 255 380
3 279 409 255
3 409 380 255
3 344 409 279
3 213 248 267
3 213 185 248
3 185 178 248
3 213 178 185
3 178 231 248
3 231 267 248
3 178 267 231
3 213 267 178
3 327 437 432
3 327 293 437
3 396 327 293
3 437 293 396
3 396 432 437
3 327 396 432
3 456 440 512
3 592 512 440
3 592 440 456
3 491 512 592
3 491 456 512
3 493 491 592
3 484 493 491
3 484 456 491
3 493 456 484
3 456 493 557
3 592 557 493
3 620 592 607
3 557 620 607
3 592 620 557
3 592 456 607
3 456 557 607
3 293 116 249
3 127 249 293
3 293 116 127
3 301 249 272
3 168 301 249
3 301 272 168
3 146 168 249
3 146 168 272
3 127 272 249
3 146 272 127
3 146 249 116
3 127 116 146
3 514 554 489
3 514 449 554
3 449 632 554
3 449 489 632
3 489 554 632
3 514 489 449
3 514 632 554
3 449 632 644
3 514 644 632
3 449 644 514
3 233 229 318
3 349 348 318
3 229 349 318
3 229 348 349
3 348 318 233
3 348 229 233
3 348 233 354
3 348 349 354
3 233 354 349
3 229 233 349
3 188 167 261
3 167 229 261
3 167 188 229
3 360 261 270
3 229 270 261
3 291 270 229
3 291 360 270
3 291 229 360
3 318 261 360
3 349 318 360
3 229 349 360
3 368 188 261
3 318 368 261
3 188 318 368
3 233 318 188
3 229 188 233
3 360 348 318
3 360 354 348
3 349 354 360
3 170 389 188
3 261 389 170
3 261 418 389
3 368 418 389
3 418 261 368
3 188 368 389
3 167 261 170
3 170 136 167
3 188 136 141
3 141 136 170
3 226 170 188
3 141 170 226
3 226 188 141
3 188 167 136
3 279 329 315
3 273 315 329
3 273 279 315
3 344 329 279
3 344 273 329
3 279 273 344
3 331 490 410
3 446 490 331
3 446 410 490
3 331 377 446
3 410 446 377
3 331 410 377
3 223 297 356
3 271 297 214
3 223 214 297
3 271 214 173
3 173 143 223
3 214 143 173
3 214 223 143
3 223 271 173
3 271 307 356
3 271 223 307
3 223 356 307
3 271 316 297
3 316 356 297
3 271 356 316
3 214 316 297
3 291 316 214
3 316 291 366
3 291 271 366
3 271 316 366
3 291 214 271
3 803 871 878
3 779 871 803
3 779 878 871
3 803 779 878
3 579 774 732
3 718 774 625
3 625 774 579
3 718 625 579
3 718 732 774
3 579 732 718
3 179 16 114
3 117 16 179
3 0 23 16
3 23 16 117
3 0 117 23
3 117 0 179
3 0 16 7
3 114 0 7
3 114 16 7
3 179 0 114
3 183 7 124
3 24 7 106
3 30 24 7
3 24 106 30
3 118 7 183
3 106 7 118
3 118 183 106
3 30 106 122
3 122 106 183
3 30 122 183
3 30 124 7
3 183 124 30
3 845 872 984
3 851 872 845
3 844 872 851
3 851 845 844
3 844 984 872
3 845 984 844
3 715 723 628
3 733 628 715
3 656 628 637
3 637 628 733
3 656 691 733
3 637 691 656
3 637 733 691
3 656 723 628
3 656 733 723
3 715 723 733
3 142 152 79
3 52 79 152
3 142 79 52
3 113 152 142
3 113 52 152
3 142 52 113
3 951 893 872
3 951 869 893
3 909 893 802
3 909 872 893
3 872 819 814
3 819 802 782
3 814 782 802
3 814 808 782
3 808 819 782
3 814 819 808
3 872 777 802
3 814 777 845
3 872 845 777
3 814 845 872
3 814 802 777
3 872 855 819
3 909 855 967
3 872 880 855
3 880 960 855
3 907 855 960
3 907 960 880
3 907 967 855
3 967 907 880
3 967 880 872
3 909 967 872
3 909 819 855
3 909 802 819
3 802 893 869
3 845 869 872
3 802 869 845
3 845 872 802
3 951 872 869
3 951 802 893
3 802 951 869
3 557 477 544
3 477 460 544
3 477 557 460
3 579 544 460
3 579 557 544
3 473 579 460
3 612 579 473
3 473 460 612
3 612 557 579
3 655 612 460
3 655 557 612
3 655 460 557
3 151 170 177
3 92 170 151
3 37 170 92
3 37 41 170
3 37 41 92
3 41 177 170
3 92 177 41
3 151 177 92
3 779 775 702
3 644 702 775
3 644 779 702
3 779 803 775
3 803 801 775
3 754 775 801
3 803 801 754
3 779 803 754
3 660 775 754
3 720 775 660
3 720 644 775
3 660 644 720
3 660 754 644
3 779 644 754
3 246 216 186
3 100 216 246
3 100 186 216
3 159 186 100
3 159 246 186
3 159 100 246
3 871 867 865
3 702 867 871
3 867 702 783
3 690 783 702
3 690 783 865
3 779 690 865
3 779 702 865
3 690 702 600
3 632 702 616
3 632 600 702
3 616 600 632
3 690 616 600
3 644 616 702
3 779 616 644
3 690 779 616
3 865 867 783
3 702 871 865
3 887 865 804
3 887 867 804
3 867 783 804
3 783 804 865
3 887 936 867
3 936 906 887
3 865 887 906
3 936 906 865
3 837 867 936
3 837 871 867
3 837 936 871
3 871 936 865
3 871 906 865
3 936 906 871
3 197 124 7
3 197 7 160
3 197 118 160
3 155 160 118
3 155 149 160
3 155 132 149
3 132 118 149
3 155 118 132
3 149 35 160
3 118 35 149
3 35 160 7
3 35 118 7
3 183 118 124
3 197 124 118
3 94 4 95
3 104 95 94
3 127 95 104
3 104 94 127
3 127 4 95
3 4 127 165
3 17 165 127
3 4 165 17
3 17 127 94
3 4 94 17
3 802 853 781
3 802 782 853
3 819 853 782
3 909 893 819
3 923 819 893
3 923 853 819
3 923 893 853
3 893 781 853
3 802 781 893
3 215 386 256
3 215 307 386
3 215 256 307
3 373 386 307
3 373 256 386
3 307 256 373
3 483 500 394
3 483 462 500
3 499 500 462
3 499 394 500
3 394 499 462
3 423 462 483
3 423 394 462
3 423 483 394
3 478 500 515
3 499 559 500
3 515 559 499
3 500 559 515
3 394 515 499
3 478 515 394
3 483 500 478
3 478 394 483
3 478 559 515
3 500 559 478
3 229 233 212
3 228 233 229
3 228 233 193
3 228 229 193
3 193 233 212
3 229 212 193
3 435 498 436
3 473 498 435
3 473 436 498
3 427 473 435
3 427 436 473
3 435 369 360
3 427 413 369
3 413 360 369
3 360 413 427
3 435 360 427
3 436 369 435
3 436 427 369
3 409 487 573
3 421 487 409
3 421 573 487
3 421 527 573
3 421 409 527
3 429 527 409
3 573 527 429
3 429 409 573
3 429 487 573
3 409 487 429
3 472 542 390
3 442 472 542
3 133 442 542
3 332 133 542
3 442 332 133
3 390 332 542
3 332 442 390
3 472 390 442
3 406 482 516
3 482 481 516
3 482 406 481
3 481 493 516
3 406 516 456
3 456 516 477
3 557 477 516
3 459 557 440
3 456 440 557
3 459 440 456
3 477 544 459
3 557 459 544
3 477 385 456
3 459 456 385
3 459 385 477
3 493 557 516
3 406 456 373
3 493 373 456
3 406 373 493
3 493 481 406
3 481 373 493
3 481 406 373
3 450 501 367
3 412 501 450
3 412 510 501
3 367 510 412
3 367 501 510
3 450 367 412
3 468 519 390
3 468 516 519
3 516 454 519
3 468 454 516
3 454 390 519
3 468 454 390
3 218 197 124
3 224 262 218
3 118 224 218
3 262 224 118
3 197 218 262
3 262 118 197
3 183 218 124
3 118 218 183
3 339 241 276
3 339 300 241
3 300 276 241
3 339 207 300
3 339 276 207
3 200 300 207
3 200 276 300
3 207 276 200
3 264 355 305
3 234 355 264
3 355 234 278
3 234 260 278
3 247 278 260
3 247 355 278
3 260 355 247
3 260 305 355
3 260 234 305
3 264 305 234
3 247 199 336
3 247 336 376
3 247 339 376
3 339 387 376
3 336 387 339
3 336 387 376
3 339 199 336
3 247 199 339
3 546 579 498
3 612 579 546
3 498 579 612
3 553 498 612
3 553 495 498
3 546 495 553
3 546 498 495
3 553 612 546
3 553 579 546
3 612 579 553
3 115 38 126
3 11 38 115
3 59 11 38
3 126 59 38
3 59 11 126
3 107 115 126
3 107 126 11
3 115 107 11
3 809 775 803
3 754 775 809
3 801 754 809
3 803 801 809
3 577 550 584
3 550 532 584
3 532 550 577
3 625 584 532
3 532 577 625
3 668 584 625
3 668 577 584
3 575 668 625
3 575 577 668
3 625 577 575
3 252 269 220
3 260 220 252
3 260 269 220
3 260 252 269
3 500 568 559
3 598 559 568
3 559 598 500
3 478 568 500
3 478 598 568
3 500 598 478
3 149 262 257
3 262 155 257
3 155 171 257
3 171 149 257
3 155 149 171
3 155 262 149
3 171 257 240
3 155 171 240
3 224 240 257
3 224 155 240
3 262 288 257
3 288 224 257
3 288 262 224
3 155 224 262
3 241 165 280
3 198 165 241
3 198 280 165
3 320 198 241
3 280 198 320
3 280 320 241
3 128 119 208
3 191 208 119
3 128 208 191
3 129 119 128
3 129 191 119
3 128 113 129
3 113 191 129
3 128 191 113
3 190 119 129
3 208 119 190
3 190 129 208
3 129 191 208
3 447 365 451
3 407 365 447
3 361 365 378
3 407 378 365
3 361 378 407
3 451 365 361
3 361 407 451
3 447 451 407
3 180 264 164
3 107 164 232
3 107 126 164
3 126 107 232
3 234 164 264
3 234 232 164
3 264 232 234
3 211 264 126
3 211 232 264
3 126 232 211
3 126 180 164
3 264 180 126
3 112 100 154
3 100 246 154
3 159 203 246
3 203 154 246
3 203 159 154
3 159 112 154
3 100 112 159
3 112 246 154
3 100 246 112
3 682 576 710
3 576 610 710
3 687 610 586
3 576 586 610
3 576 687 586
3 674 610 687
3 674 710 610
3 687 710 674
3 687 703 710
3 576 703 687
3 682 710 703
3 576 707 703
3 576 682 707
3 682 703 707
3 682 610 710
3 576 610 682
3 674 576 610
3 682 576 674
3 682 674 710
3 179 183 244
3 114 183 179
3 114 244 183
3 179 244 219
3 219 114 275
3 219 275 302
3 244 302 219
3 244 275 302
3 244 114 275
3 179 114 219
3 363 257 288
3 363 240 257
3 363 288 240
3 236 240 288
3 288 224 236
3 106 224 240
3 236 254 106
3 218 106 183
3 254 183 106
3 218 183 254
3 218 224 106
3 262 218 254
3 262 254 224
3 254 236 224
3 169 240 236
3 132 240 171
3 169 171 240
3 132 171 169
3 106 240 132
3 169 106 132
3 169 121 106
3 121 236 106
3 169 195 121
3 236 121 195
3 195 169 236
3 251 208 190
3 251 205 208
3 190 205 251
3 205 190 129
3 191 208 205
3 205 129 191
3 559 614 568
3 658 614 771
3 771 614 645
3 559 645 614
3 771 645 559
3 771 559 680
3 699 680 559
3 680 699 771
3 658 699 559
3 771 699 658
3 658 568 614
3 658 606 568
3 606 559 568
3 606 658 559
3 606 614 658
3 606 568 614
3 312 361 365
3 334 378 361
3 312 378 334
3 334 361 312
3 314 365 447
3 447 407 314
3 378 314 407
3 312 365 306
3 313 365 314
3 313 306 365
3 313 314 306
3 314 280 306
3 314 312 280
3 312 306 280
3 378 312 314
3 549 524 627
3 549 537 524
3 591 537 549
3 591 524 537
3 591 627 524
3 591 654 627
3 591 549 654
3 679 654 549
3 679 627 654
3 549 627 679
3 163 125 86
3 145 86 125
3 65 86 145
3 65 163 86
3 163 65 166
3 44 65 145
3 139 65 44
3 145 139 44
3 139 166 65
3 145 166 243
3 243 166 227
3 139 227 166
3 243 227 139
3 145 243 139
3 163 166 145
3 125 163 145
3 125 86 32
3 32 65 86
3 65 163 32
3 125 32 163
3 340 240 363
3 340 288 240
3 288 340 345
3 363 345 340
3 288 345 363
3 54 60 70
3 109 70 18
3 54 70 18
3 54 109 18
3 109 60 70
3 54 60 109
3 627 767 694
3 679 767 627
3 679 667 767
3 627 667 679
3 694 767 787
3 667 787 767
3 667 694 787
3 627 694 667
3 370 346 320
3 464 346 370
3 464 327 346
3 320 346 321
3 327 346 321
3 320 321 327
3 327 464 320
3 464 361 365
3 320 365 306
3 361 306 365
3 361 320 306
3 320 464 365
3 370 320 361
3 370 513 469
3 464 469 513
3 370 469 464
3 339 513 370
3 339 464 513
3 339 361 464
3 339 370 361
3 339 320 361
3 320 339 370
3 361 513 339
3 361 464 513
3 319 241 321
3 319 320 241
3 321 241 320
3 327 321 319
3 320 319 327
3 247 376 278
3 376 355 278
3 260 355 376
3 260 376 247
3 795 780 698
3 795 698 817
3 817 780 795
3 751 698 780
3 759 698 751
3 759 817 698
3 751 817 759
3 780 817 751
3 926 872 928
3 872 941 928
3 941 851 928
3 851 941 872
3 851 872 926
3 851 788 928
3 788 926 928
3 788 851 926
3 928 938 880
3 941 928 938
3 941 880 938
3 851 880 941
3 788 880 810
3 851 810 880
3 788 810 851
3 788 928 880
3 437 365 451
3 359 365 437
3 359 451 365
3 434 451 359
3 437 451 434
3 434 359 437
3 251 267 231
3 190 231 267
3 251 231 190
3 239 267 362
3 251 362 267
3 251 239 362
3 239 190 267
3 251 190 239
3 453 507 533
3 451 507 453
3 464 507 451
3 464 533 507
3 451 533 464
3 453 533 451
3 312 314 287
3 296 314 312
3 296 287 314
3 251 296 312
3 205 296 251
3 205 287 296
3 286 205 251
3 287 205 286
3 286 251 287
3 287 251 312
3 251 314 312
3 296 314 251
3 84 52 47
3 142 84 47
3 142 84 52
3 142 79 47
3 79 47 52
3 616 632 554
3 644 632 616
3 616 554 644
3 514 644 554
3 131 153 152
3 108 153 131
3 152 153 108
3 131 152 108
3 150 108 153
3 152 153 150
3 142 47 108
3 79 47 108
3 79 108 152
3 150 142 108
3 150 142 152
3 131 33 101
3 108 101 33
3 131 101 108
3 51 33 131
3 51 33 79
3 131 79 51
3 131 152 79
3 47 79 33
3 47 108 33
3 377 308 243
3 331 308 377
3 331 243 308
3 331 309 250
3 243 250 309
3 331 250 243
3 309 331 322
3 331 377 322
3 377 309 322
3 377 243 309
3 308 309 377
3 308 243 309
3 372 509 404
3 506 501 509
3 501 450 509
3 450 501 506
3 372 506 509
3 450 506 372
3 450 404 509
3 372 404 450
3 556 739 628
3 723 739 656
3 723 628 739
3 565 552 628
3 656 552 565
3 656 565 628
3 556 552 656
3 628 552 556
3 556 662 739
3 556 656 662
3 655 739 662
3 655 651 739
3 651 656 739
3 656 651 662
3 556 651 662
3 656 651 556
3 250 166 163
3 227 331 166
3 243 331 227
3 250 243 166
3 331 163 166
3 250 163 331
3 312 287 280
3 306 280 287
3 361 306 300
3 287 300 306
3 361 334 287
3 286 300 287
3 286 287 311
3 311 300 286
3 334 311 287
3 300 311 334
3 334 361 300
3 287 312 361
3 221 308 243
3 274 243 308
3 221 243 274
3 392 308 221
3 392 274 308
3 221 274 392
3 245 298 246
3 258 298 245
3 258 246 298
3 258 245 246
3 194 298 258
3 194 246 298
3 154 245 246
3 154 258 245
3 194 154 246
3 258 154 194
3 576 510 545
3 501 510 576
3 501 545 510
3 576 488 501
3 576 545 488
3 545 501 488
3 353 291 297
3 192 297 210
3 273 297 192
3 273 344 297
3 344 353 297
3 344 273 353
3 192 353 273
3 192 210 353
3 210 333 353
3 210 291 333
3 291 353 333
3 210 297 214
3 271 210 214
3 291 210 271
3 291 316 297
3 353 316 297
3 291 316 353
3 339 300 361
3 320 300 339
3 320 306 300
3 235 191 278
3 234 278 191
3 234 235 278
3 164 191 128
3 235 128 191
3 235 164 128
3 207 234 191
3 164 207 191
3 234 207 164
3 149 164 235
3 232 164 149
3 232 149 235
3 232 235 234
3 239 213 178
3 213 169 178
3 213 239 169
3 190 239 178
3 239 190 169
3 109 178 169
3 109 190 178
3 109 119 190
3 109 169 119
3 171 119 169
3 171 208 119
3 169 208 171
3 169 190 208
3 99 69 12
3 190 12 69
3 99 12 190
3 53 69 99
3 53 190 69
3 99 190 53
3 129 69 14
3 119 69 129
3 81 69 119
3 14 81 69
3 119 14 81
3 129 14 119
3 868 717 675
3 675 717 793
3 868 675 793
3 770 793 717
3 868 793 770
3 882 717 868
3 882 770 717
3 868 770 883
3 882 883 770
3 868 883 882
3 99 156 12
3 90 12 156
3 99 12 90
3 55 156 99
3 55 90 156
3 99 90 55
3 221 227 375
3 221 166 227
3 242 166 221
3 242 227 166
3 331 227 242
3 331 375 227
3 242 375 331
3 221 375 242
3 438 322 386
3 438 373 386
3 322 386 373
3 438 322 373
3 373 386 484
3 438 386 484
3 456 484 438
3 456 373 484
3 440 512 438
3 456 438 512
3 440 373 456
3 377 440 438
3 373 440 377
3 377 322 373
3 410 322 377
3 410 322 438
3 438 410 377
3 270 291 369
3 360 369 291
3 270 366 413
3 369 366 270
3 436 366 316
3 369 316 366
3 436 316 369
3 413 366 436
3 436 369 413
3 261 413 427
3 261 427 360
3 261 270 413
3 291 366 270
3 291 369 366
3 271 366 413
3 271 270 291
3 271 413 270
3 136 13 19
3 15 13 19
3 136 19 15
3 188 141 13
3 48 13 136
3 141 48 13
3 48 136 141
3 188 13 15
3 167 15 188
3 167 136 15
3 133 141 389
3 226 389 133
3 133 141 226
3 170 389 226
3 188 389 141
3 460 519 528
3 516 528 519
3 460 528 516
3 406 519 460
3 406 516 519
3 477 460 516
3 406 477 516
3 406 460 477
3 37 170 133
3 43 170 37
3 133 43 37
3 141 170 43
3 133 170 226
3 43 141 133
3 67 76 44
3 67 134 44
3 134 76 44
3 105 134 67
3 105 76 134
3 67 76 105
3 987 963 896
3 892 987 896
3 892 860 896
3 987 892 860
3 987 860 963
3 898 896 860
3 898 896 963
3 860 963 898
3 546 532 544
3 625 532 546
3 625 544 532
3 546 544 579
3 639 544 625
3 639 579 544
3 639 625 579
3 546 579 625
3 596 696 702
3 663 696 596
3 702 696 663
3 690 702 663
3 690 596 702
3 663 596 636
3 690 636 596
3 663 636 690
3 690 696 663
3 702 696 690
3 473 498 563
3 435 563 498
3 427 563 435
3 427 473 563
3 637 565 569
3 467 569 565
3 637 569 467
3 565 637 467
3 621 684 569
3 621 684 637
3 637 467 621
3 569 467 621
3 637 565 684
3 565 569 684
3 637 715 628
3 715 733 637
3 435 368 360
3 443 368 435
3 348 443 368
3 348 368 318
3 360 368 318
3 348 443 360
3 435 360 443
3 609 564 676
3 629 676 564
3 629 609 676
3 562 564 507
3 609 507 564
3 533 507 609
3 533 562 507
3 618 562 533
3 609 562 618
3 618 533 609
3 562 629 564
3 609 629 562
3 660 684 691
3 660 569 684
3 565 569 660
3 637 684 691
3 565 691 637
3 660 691 733
3 565 733 691
3 660 733 565
3 733 684 691
3 733 754 684
3 733 660 754
3 660 684 754
3 565 656 733
3 660 733 656
3 656 563 660
3 565 563 656
3 565 660 563
3 637 565 628
3 738 534 613
3 585 534 738
3 585 613 534
3 613 585 566
3 738 566 585
3 738 613 566
3 612 735 563
3 563 735 718
3 612 563 718
3 732 735 612
3 732 718 735
3 612 718 732
3 489 494 598
3 580 494 489
3 598 494 580
3 489 598 527
3 598 580 527
3 580 489 527
3 494 527 489
3 573 527 494
3 641 527 573
3 598 527 641
3 641 573 598
3 573 494 598
3 489 573 527
3 489 494 573
3 733 839 684
3 754 684 839
3 801 839 809
3 754 839 801
3 809 660 775
3 660 809 733
3 735 839 733
3 788 839 735
3 788 809 839
3 788 735 809
3 733 809 735
3 660 735 733
3 660 809 735
3 922 834 876
3 925 876 834
3 922 876 925
3 944 834 922
3 953 834 944
3 944 953 922
3 953 925 834
3 922 953 925
3 185 192 248
3 192 214 248
3 185 214 192
3 223 248 285
3 214 285 248
3 285 297 223
3 285 214 297
3 174 248 223
3 144 174 223
3 144 214 174
3 143 144 223
3 143 214 144
3 174 185 248
3 214 185 174
3 214 192 174
3 185 174 192
3 600 632 541
3 554 541 632
3 600 554 541
3 600 616 554
3 577 668 550
3 642 756 575
3 668 756 642
3 668 575 756
3 577 642 575
3 642 550 668
3 577 550 642
3 949 981 868
3 966 949 981
3 966 868 981
3 966 862 868
3 977 949 862
3 966 862 977
3 949 966 977
3 949 868 862
3 357 244 422
3 237 244 357
3 237 422 244
3 411 237 357
3 411 237 422
3 357 422 411
3 516 519 662
3 608 519 516
3 556 519 608
3 556 662 519
3 608 662 556
3 540 516 662
3 608 540 662
3 540 608 516
3 385 456 406
3 460 477 385
3 460 385 406
3 447 451 359
3 453 451 447
3 434 451 453
3 453 359 384
3 434 384 359
3 453 384 434
3 447 359 453
3 713 584 731
3 642 584 713
3 642 668 584
3 713 668 642
3 713 731 668
3 625 731 584
3 668 731 625
3 436 579 612
3 436 546 579
3 436 498 546
3 436 612 498
3 937 990 854
3 877 937 854
3 990 877 937
3 787 877 854
3 990 787 877
3 694 990 854
3 767 854 762
3 727 694 854
3 813 727 854
3 813 762 854
3 745 813 811
3 727 813 745
3 762 647 727
3 762 745 647
3 745 647 727
3 694 762 727
3 767 762 694
3 767 787 854
3 667 787 990
3 587 667 990
3 694 587 990
3 667 694 599
3 587 599 694
3 667 587 599
3 399 305 404
3 399 347 305
3 347 404 305
3 399 404 347
3 264 305 404
3 264 404 399
3 264 347 305
3 399 347 264
3 437 249 396
3 293 249 437
3 293 249 396
3 472 542 608
3 390 542 608
3 472 556 390
3 472 608 556
3 468 556 608
3 556 468 519
3 556 519 390
3 468 390 608
3 457 519 473
3 457 406 519
3 457 460 406
3 528 473 519
3 460 473 528
3 457 473 460
3 392 308 377
3 375 308 392
3 375 377 308
3 375 446 377
3 392 446 375
3 392 425 446
3 377 425 392
3 377 446 425
3 780 746 807
3 852 815 746
3 780 815 746
3 852 815 780
3 852 746 807
3 780 807 852
3 897 927 976
3 934 897 976
3 934 857 976
3 897 857 934
3 841 932 857
3 927 957 932
3 841 957 932
3 841 975 957
3 927 975 841
3 927 975 957
3 841 857 927
3 976 927 932
3 976 857 932
3 882 927 857
3 882 897 927
3 857 897 882
3 848 738 818
3 738 819 818
3 848 855 819
3 818 855 848
3 819 855 818
3 738 731 782
3 819 782 731
3 819 738 782
3 757 731 738
3 819 731 757
3 757 848 819
3 738 848 757
3 668 756 782
3 756 802 782
3 668 802 756
3 781 782 802
3 781 668 782
3 802 668 781
3 794 869 841
3 794 857 869
3 794 841 857
3 951 869 927
3 777 869 802
3 777 841 869
3 802 841 777
3 802 951 841
3 951 927 841
3 882 869 857
3 882 927 869
3 608 540 763
3 662 608 763
3 516 763 540
3 516 662 763
3 677 689 681
3 677 582 689
3 582 665 689
3 677 665 582
3 681 689 665
3 665 677 681
3 681 689 582
3 582 665 681
3 747 775 776
3 747 720 775
3 809 775 720
3 809 776 775
3 809 720 776
3 720 747 776
3 831 775 776
3 831 871 775
3 747 871 837
3 831 837 871
3 747 837 831
3 702 871 747
3 702 775 871
3 720 775 702
3 696 747 720
3 696 702 747
3 720 702 696
3 831 776 747
3 301 330 303
3 272 330 408
3 301 408 330
3 272 408 301
3 303 225 330
3 230 292 330
3 310 416 330
3 416 330 272
3 310 416 272
3 310 330 292
3 266 292 310
3 272 292 266
3 266 310 272
3 230 292 272
3 225 230 330
3 230 272 175
3 225 175 272
3 230 225 175
3 303 225 272
3 301 303 272
3 301 225 272
3 303 225 301
3 949 843 868
3 946 843 949
3 868 843 882
3 946 984 843
3 984 882 843
3 946 882 984
3 868 882 930
3 930 882 899
3 897 882 946
3 897 899 882
3 946 897 899
3 930 946 899
3 868 930 946
3 946 949 868
3 949 946 930
3 949 868 930
3 264 220 305
3 264 222 220
3 264 284 222
3 284 220 222
3 269 284 220
3 305 220 269
3 269 284 305
3 264 305 284
3 372 277 337
3 277 232 337
3 277 264 211
3 277 211 232
3 295 399 264
3 372 399 364
3 295 364 399
3 364 295 372
3 372 264 399
3 277 295 264
3 372 295 277
3 232 234 372
3 264 372 234
3 299 337 232
3 299 372 337
3 232 372 299
3 323 299 232
3 323 372 299
3 235 234 323
3 232 235 323
3 323 355 404
3 372 404 355
3 323 404 372
3 234 278 323
3 355 323 278
3 234 372 355
3 95 86 125
3 175 125 86
3 175 95 125
3 78 95 86
3 95 175 78
3 145 86 78
3 175 86 209
3 125 209 86
3 209 125 145
3 175 145 209
3 78 145 175
3 583 548 509
3 583 619 548
3 619 543 548
3 583 543 619
3 543 509 548
3 583 509 543
3 408 524 458
3 272 524 408
3 272 416 524
3 416 330 408
3 416 458 524
3 408 458 416
3 501 509 558
3 583 558 509
3 501 558 583
3 506 583 509
3 501 583 506
3 975 842 891
3 893 842 975
3 893 891 842
3 975 893 891
3 501 619 583
3 501 558 619
3 586 619 558
3 583 619 610
3 586 610 619
3 583 610 586
3 560 586 558
3 560 583 586
3 558 583 560
3 784 743 790
3 758 743 784
3 790 743 758
3 784 790 828
3 758 828 790
3 784 828 758
3 740 839 924
3 740 801 839
3 924 740 801
3 888 839 809
3 888 886 839
3 888 809 886
3 803 801 886
3 803 886 809
3 886 924 839
3 801 924 886
3 859 834 904
3 876 834 859
3 876 859 904
3 925 904 834
3 904 922 925
3 982 922 904
3 876 904 982
3 922 876 982
3 951 941 967
3 872 941 967
3 951 984 941
3 984 941 872
3 951 984 872
3 909 951 967
3 951 909 893
3 681 689 547
3 582 649 547
3 681 547 649
3 665 713 649
3 758 713 665
3 681 713 758
3 665 681 758
3 681 649 713
3 649 582 665
3 677 547 689
3 582 547 677
3 479 470 505
3 466 505 470
3 466 479 505
3 470 479 466
3 470 475 505
3 479 475 505
3 376 479 466
3 376 445 479
3 376 466 445
3 445 466 470
3 445 475 479
3 445 475 470
3 445 355 466
3 376 355 445
3 466 355 479
3 339 278 376
3 355 278 339
3 339 479 355
3 387 376 479
3 339 387 479
3 864 850 821
3 864 847 850
3 821 847 836
3 864 836 847
3 947 836 864
3 947 821 836
3 864 821 947
3 752 850 847
3 760 850 752
3 760 821 850
3 760 752 821
3 847 821 752
3 968 885 948
3 826 968 948
3 791 826 948
3 791 910 948
3 885 910 791
3 885 910 948
3 766 826 885
3 791 766 885
3 749 826 791
3 766 791 749
3 826 766 749
3 826 846 885
3 846 968 885
3 826 846 968
3 850 799 764
3 752 760 799
3 850 752 799
3 760 764 799
3 821 764 760
3 821 850 764
3 414 339 479
3 441 479 339
3 441 414 479
3 387 441 339
3 387 441 414
3 339 414 387
3 414 387 479
3 697 685 726
3 650 726 685
3 697 726 650
3 685 571 650
3 697 650 571
3 631 571 529
3 685 529 571
3 631 685 529
3 631 697 571
3 685 697 631
3 685 722 726
3 826 726 697
3 722 826 726
3 722 826 697
3 672 697 631
3 672 722 697
3 672 722 631
3 685 631 722
3 773 738 646
3 753 646 738
3 753 856 646
3 753 818 856
3 738 818 753
3 738 856 818
3 856 738 773
3 856 724 646
3 773 724 856
3 724 641 646
3 773 646 641
3 724 773 641
3 856 641 646
3 724 641 856
3 491 666 551
3 592 551 512
3 491 512 551
3 592 653 551
3 653 551 666
3 592 666 653
3 493 666 592
3 493 666 491
3 159 289 259
3 255 259 289
3 255 159 259
3 263 246 186
3 255 263 186
3 246 263 255
3 159 255 186
3 289 246 255
3 342 246 289
3 342 154 246
3 203 154 342
3 357 203 342
3 357 342 289
3 203 357 289
3 289 159 203
3 289 259 236
3 159 236 259
3 289 236 254
3 159 254 236
3 289 254 203
3 159 203 254
3 259 255 186
3 259 186 159
3 398 402 502
3 462 502 398
3 471 502 462
3 462 398 471
3 431 402 471
3 431 398 402
3 471 398 431
3 471 594 502
3 485 594 471
3 529 594 485
3 485 471 529
3 529 594 502
3 529 502 402
3 471 402 529
3 617 535 646
3 585 535 617
3 617 646 585
3 585 738 535
3 738 753 535
3 738 585 753
3 753 646 535
3 585 646 753
3 833 806 719
3 836 806 833
3 825 806 836
3 825 719 806
3 836 719 825
3 833 719 836
3 115 149 11
3 115 126 164
3 149 232 211
3 107 211 232
3 107 149 211
3 149 115 164
3 10 149 107
3 132 149 10
3 132 21 149
3 132 10 21
3 107 21 10
3 21 11 149
3 107 11 21
3 821 825 719
3 760 825 821
3 760 821 719
3 824 825 760
3 824 719 825
3 760 719 824
3 784 840 743
3 840 784 870
3 784 772 870
3 840 870 772
3 772 743 840
3 772 758 743
3 772 828 758
3 772 784 828
3 649 550 713
3 633 550 649
3 633 713 550
3 649 713 633
3 564 642 634
3 577 634 642
3 564 634 577
3 564 577 550
3 564 633 642
3 633 453 550
3 564 550 453
3 453 507 564
3 451 609 533
3 453 609 451
3 633 564 609
3 609 453 633
3 649 642 633
3 713 642 649
3 713 550 642
3 633 642 634
3 633 634 564
3 500 478 494
3 478 483 494
3 573 500 494
3 573 483 500
3 483 489 494
3 489 393 527
3 393 421 527
3 393 489 421
3 421 423 487
3 423 483 487
3 421 394 423
3 421 483 394
3 483 573 487
3 489 483 421
3 424 495 383
3 436 495 424
3 424 383 436
3 553 495 436
3 553 383 495
3 546 383 553
3 546 436 383
3 546 553 436
3 788 809 880
3 788 886 809
3 880 831 886
3 809 831 880
3 886 831 809
3 788 880 886
3 880 886 928
3 888 809 788
3 888 886 928
3 888 928 926
3 888 851 926
3 888 844 851
3 788 844 888
3 788 851 844
3 245 342 281
3 342 245 246
3 154 245 203
3 281 203 245
3 357 281 342
3 203 281 357
3 381 518 474
3 461 381 518
3 474 518 461
3 461 439 474
3 439 381 474
3 461 439 381
3 859 982 986
3 859 876 982
3 876 986 982
3 986 876 830
3 859 830 876
3 986 859 830
3 859 986 904
3 982 904 986
3 381 302 379
3 244 379 381
3 244 302 379
3 381 302 244
3 715 839 740
3 715 801 740
3 691 839 715
3 691 684 839
3 691 684 754
3 691 754 801
3 715 691 801
3 658 725 709
3 614 725 709
3 658 725 614
3 678 658 709
3 678 614 709
3 658 614 678
3 686 671 728
3 648 686 728
3 671 737 648
3 728 737 671
3 728 737 648
3 686 671 648
3 808 798 818
3 855 798 808
3 855 818 798
3 814 855 808
3 814 872 855
3 808 818 819
3 189 278 207
3 189 191 278
3 311 191 189
3 311 278 191
3 200 311 189
3 200 278 311
3 200 207 278
3 189 207 200
3 200 300 278
3 339 311 300
3 278 311 339
3 278 300 311
3 339 207 278
3 200 300 311
3 786 822 714
3 734 822 786
3 734 714 822
3 786 734 714
3 443 348 354
3 349 354 443
3 443 360 349
3 342 419 417
3 281 419 342
3 281 417 419
3 281 391 417
3 343 391 298
3 342 391 343
3 342 343 298
3 281 298 391
3 342 298 281
3 342 417 391
3 597 632 644
3 597 489 632
3 449 489 597
3 597 644 449
3 597 635 644
3 527 635 597
3 632 635 527
3 527 489 632
3 597 489 527
3 632 644 635
3 478 394 244
3 357 394 483
3 357 483 478
3 244 254 357
3 394 254 244
3 289 254 394
3 357 254 289
3 289 394 357
3 478 244 357
3 37 177 170
3 41 177 37
3 226 256 170
3 177 226 256
3 177 170 256
3 177 133 226
3 41 37 1
3 177 41 1
3 133 177 1
3 43 133 1
3 43 1 37
3 833 806 757
3 833 757 719
3 750 806 719
3 750 757 806
3 757 750 670
3 719 670 750
3 757 670 719
3 196 122 237
3 219 179 237
3 122 244 237
3 219 244 122
3 219 237 244
3 179 219 122
3 179 196 237
3 117 196 179
3 122 196 117
3 117 179 122
3 122 183 203
3 244 183 122
3 244 203 183
3 244 254 203
3 357 237 203
3 203 237 196
3 196 122 203
3 833 894 916
3 864 894 942
3 833 942 894
3 864 942 833
3 864 863 894
3 864 806 863
3 766 863 806
3 766 885 863
3 769 885 766
3 769 806 885
3 766 806 769
3 894 885 901
3 863 901 894
3 863 885 901
3 806 894 885
3 833 806 864
3 806 958 894
3 833 958 806
3 958 894 916
3 833 916 958
3 942 916 894
3 873 833 942
3 873 916 833
3 942 916 873
3 846 826 863
3 817 863 759
3 846 863 884
3 817 884 863
3 846 884 817
3 759 846 817
3 826 846 759
3 697 759 863
3 759 697 722
3 826 759 722
3 826 766 863
3 749 697 766
3 726 826 749
3 726 697 749
3 806 697 863
3 750 806 748
3 750 697 806
3 748 697 750
3 766 748 806
3 697 748 766
3 846 885 863
3 538 539 506
3 538 602 539
3 602 506 539
3 538 506 510
3 501 506 602
3 501 510 506
3 602 510 501
3 602 538 510
3 769 910 885
3 769 961 910
3 958 961 769
3 958 961 910
3 958 910 885
3 769 885 958
3 866 724 856
3 961 773 866
3 911 773 961
3 911 856 773
3 961 856 911
3 961 866 856
3 866 785 724
3 785 773 724
3 800 773 785
3 874 773 800
3 866 773 874
3 874 800 866
3 785 771 800
3 785 866 771
3 866 800 771
3 785 724 856
3 785 856 866
3 277 265 337
3 265 232 337
3 211 277 265
3 211 232 265
3 262 160 197
3 155 224 132
3 118 132 224
3 149 160 257
3 160 262 257
3 16 30 7
3 30 114 16
3 114 7 124
3 30 124 114
3 343 294 391
3 294 444 391
3 444 294 353
3 342 353 294
3 353 393 383
3 393 444 383
3 444 353 383
3 342 393 353
3 444 393 419
3 342 419 393
3 444 419 342
3 342 391 444
3 294 298 342
3 294 343 298
3 343 444 391
3 294 444 343
3 417 391 419
3 449 419 391
3 449 444 419
3 391 444 449
3 444 333 383
3 294 333 444
3 294 383 333
3 294 353 383
3 16 196 117
3 16 122 196
3 16 179 122
3 23 117 196
3 181 23 196
3 122 196 181
3 23 122 181
3 23 16 122
3 641 680 573
3 585 680 724
3 641 724 680
3 585 724 641
3 585 573 680
3 617 573 585
3 617 641 573
3 585 641 617
3 121 159 106
3 159 121 186
3 195 186 121
3 159 186 195
3 236 159 195
3 159 183 106
3 254 183 159
3 201 154 203
3 201 181 154
3 181 23 154
3 112 122 154
3 23 112 154
3 23 83 36
3 112 83 36
3 112 23 83
3 97 23 36
3 97 112 36
3 122 112 97
3 97 16 122
3 23 97 16
3 203 154 122
3 196 181 203
3 181 201 203
3 112 154 83
3 23 181 83
3 201 83 154
3 181 201 83
3 122 159 106
3 30 61 122
3 159 73 97
3 159 112 73
3 112 97 73
3 159 203 112
3 122 203 159
3 203 154 112
3 61 97 122
3 61 159 24
3 159 97 24
3 97 24 61
3 61 30 159
3 24 106 102
3 159 102 106
3 159 24 102
3 159 30 24
3 61 24 30
3 291 369 333
3 316 333 369
3 291 333 316
3 252 305 269
3 252 260 305
3 260 382 305
3 252 382 260
3 382 269 305
3 252 382 269
3 260 305 269
3 97 73 24
3 159 73 102
3 73 24 102
3 105 55 156
3 99 105 156
3 55 123 99
3 55 105 123
3 105 99 123
3 335 257 282
3 335 262 257
3 149 282 257
3 160 282 149
3 262 282 160
3 335 282 262
3 197 160 282
3 335 197 282
3 350 197 335
3 262 371 350
3 358 371 262
3 358 371 350
3 335 358 262
3 335 358 350
3 197 262 350
3 254 288 262
3 345 236 288
3 254 340 345
3 254 236 340
3 345 340 236
3 288 254 345
3 298 391 417
3 258 281 417
3 325 258 417
3 325 298 417
3 258 298 325
3 281 298 258
3 412 328 476
3 352 328 412
3 380 328 352
3 380 476 328
3 352 476 380
3 352 412 476
3 352 452 380
3 380 452 405
3 476 405 452
3 380 405 476
3 412 452 352
3 476 510 412
3 476 452 510
3 452 412 510
3 328 352 251
3 352 380 251
3 239 251 380
3 239 328 251
3 380 328 239
3 397 452 380
3 397 251 352
3 397 362 251
3 397 380 362
3 239 362 380
3 397 412 452
3 397 367 412
3 397 352 367
3 352 412 367
3 229 167 212
3 188 172 212
3 167 172 212
3 188 15 172
3 167 136 172
3 91 172 9
3 91 172 15
3 9 91 15
3 136 9 172
3 15 9 136
3 212 233 188
3 229 172 212
3 167 172 229
3 391 511 449
3 424 495 511
3 444 495 383
3 424 444 383
3 444 511 495
3 391 424 511
3 444 424 391
3 444 449 511
3 122 114 183
3 16 114 122
3 315 304 267
3 329 267 304
3 267 329 315
3 362 304 315
3 362 329 304
3 315 329 362
3 176 298 228
3 176 246 298
3 176 194 246
3 194 228 298
3 176 194 228
3 499 502 508
3 578 499 502
3 578 508 502
3 499 604 578
3 604 508 578
3 499 508 604
3 246 216 273
3 263 216 186
3 263 273 216
3 246 273 263
3 514 526 541
3 514 541 554
3 489 541 554
3 489 526 541
3 449 514 526
3 489 449 526
3 267 304 248
3 329 248 304
3 267 248 315
3 315 248 329
3 422 439 463
3 381 463 422
3 439 463 381
3 422 439 381
3 244 379 474
3 381 474 379
3 422 244 474
3 381 219 302
3 219 237 381
3 439 422 237
3 439 381 237
3 439 463 474
3 463 422 474
3 391 354 443
3 391 349 354
3 443 349 424
3 343 349 391
3 424 349 343
3 343 391 424
3 424 511 467
3 391 504 449
3 514 504 511
3 514 449 504
3 514 511 449
3 417 504 391
3 467 417 504
3 417 391 467
3 569 504 467
3 511 504 569
3 569 467 511
3 443 467 391
3 443 424 467
3 343 354 391
3 343 349 354
3 435 349 360
3 424 349 435
3 333 349 424
3 333 360 349
3 424 360 333
3 424 435 360
3 435 360 333
3 435 333 424
3 527 696 632
3 598 696 641
3 527 641 696
3 632 696 598
3 580 632 598
3 580 527 632
3 193 212 172
3 229 172 193
3 167 270 261
3 229 270 184
3 167 184 270
3 167 229 184
3 600 632 580
3 580 541 600
3 489 536 494
3 574 494 536
3 574 580 494
3 574 536 580
3 541 536 489
3 541 580 536
3 245 298 281
3 294 298 246
3 246 342 294
3 258 245 281
3 228 258 325
3 228 325 233
3 228 298 233
3 298 325 233
3 258 228 194
3 229 349 333
3 333 360 369
3 229 333 184
3 210 184 333
3 229 184 210
3 291 229 210
3 114 124 183
3 275 114 124
3 218 124 275
3 218 275 183
3 275 244 183
3 117 439 237
3 117 237 196
3 179 219 117
3 219 381 439
3 117 219 439
3 478 596 568
3 478 590 596
3 590 568 596
3 598 568 590
3 478 598 590
3 173 238 170
3 173 136 238
3 173 170 136
3 167 238 136
3 270 238 167
3 270 290 238
3 270 261 290
3 261 238 290
3 261 170 238
3 362 428 426
3 329 428 362
3 362 426 304
3 329 304 426
3 285 428 329
3 285 426 428
3 329 426 285
3 16 30 183
3 16 183 122
3 61 16 97
3 30 16 61
3 598 696 580
3 590 696 598
3 590 580 696
3 590 494 580
3 598 494 590
3 357 421 393
3 489 421 357
3 489 419 421
3 489 357 419
3 393 421 419
3 357 393 419
3 489 419 393
3 553 421 444
3 553 527 421
3 553 409 527
3 344 409 553
3 344 421 409
3 393 421 344
3 393 444 421
3 444 383 344
3 353 344 383
3 393 344 353
3 553 444 344
3 856 871 831
3 837 871 856
3 747 837 856
3 856 831 747
3 265 337 257
3 282 257 337
3 265 257 282
3 335 337 402
3 282 337 335
3 335 282 402
3 265 402 282
3 277 402 337
3 265 277 402
3 395 487 429
3 423 487 400
3 395 400 487
3 423 400 395
3 423 409 487
3 395 409 423
3 429 409 395
3 614 589 611
3 614 671 589
3 671 589 611
3 614 611 671
3 201 196 237
3 201 181 196
3 201 237 245
3 201 203 245
3 245 237 281
3 411 281 237
3 417 281 411
3 417 419 411
3 489 494 419
3 357 494 489
3 411 494 357
3 411 419 494
3 342 357 419
3 431 363 288
3 400 363 431
3 423 363 400
3 363 423 340
3 394 340 423
3 394 345 340
3 394 423 345
3 345 423 400
3 431 345 400
3 288 345 431
3 563 597 569
3 563 553 597
3 498 597 495
3 553 511 597
3 495 597 511
3 553 495 511
3 553 563 498
3 569 498 563
3 511 597 498
3 511 569 597
3 569 511 498
3 422 494 474
3 422 411 494
3 357 474 494
3 357 411 474
3 422 474 411
3 422 474 357
3 474 463 494
3 411 494 463
3 422 463 411
3 115 22 3
3 68 22 3
3 22 68 40
3 115 40 38
3 11 40 38
3 64 40 11
3 115 11 64
3 22 40 64
3 115 64 22
3 115 68 40
3 80 68 3
3 115 3 128
3 80 128 3
3 115 128 80
3 68 115 80
3 68 128 80
3 115 128 68
3 478 474 357
3 478 244 474
3 421 394 357
3 357 394 423
3 289 357 423
3 421 289 409
3 289 340 259
3 409 259 340
3 289 259 409
3 423 340 289
3 395 340 363
3 400 395 431
3 363 431 395
3 429 340 430
3 395 430 340
3 430 395 566
3 395 429 566
3 430 566 429
3 429 409 340
3 357 289 421
3 289 394 423
3 345 431 462
3 262 431 345
3 262 335 431
3 335 358 431
3 462 431 398
3 358 398 431
3 462 398 358
3 358 262 462
3 262 345 462
3 358 371 462
3 345 371 262
3 345 462 371
3 478 394 474
3 275 394 244
3 302 394 275
3 302 474 394
3 302 379 474
3 478 394 302
3 478 302 474
3 423 462 487
3 462 508 487
3 508 483 487
3 483 508 462
3 462 508 400
3 462 423 508
3 423 487 508
3 400 431 487
3 485 487 431
3 508 487 485
3 471 508 485
3 431 508 471
3 431 471 485
3 400 508 431
3 345 462 400
3 423 462 345
3 729 858 699
3 638 729 699
3 744 699 638
3 615 683 638
3 615 744 638
3 744 615 683
3 729 638 683
3 744 683 729
3 791 858 729
3 744 729 791
3 769 744 791
3 858 744 769
3 769 791 858
3 744 730 699
3 730 704 699
3 858 699 704
3 730 858 704
3 744 858 730
3 159 102 140
3 121 102 159
3 121 140 102
3 140 121 186
3 159 140 186
3 140 216 100
3 140 186 216
3 159 140 100
3 72 24 102
3 73 72 24
3 100 102 159
3 100 159 73
3 73 46 72
3 100 46 72
3 73 46 100
3 100 140 102
3 100 72 140
3 121 72 102
3 195 186 140
3 195 140 169
3 72 121 169
3 169 140 72
3 218 183 244
3 394 218 244
3 394 254 218
3 909 918 855
3 918 848 855
3 909 848 918
3 909 819 848
3 118 106 224
3 132 10 118
3 106 10 132
3 106 118 10
3 132 155 240
3 232 149 337
3 149 235 337
3 235 299 337
3 235 323 299
3 53 119 132
3 53 69 119
3 81 53 69
3 81 132 119
3 53 132 81
3 326 337 299
3 323 337 326
3 323 299 337
3 235 326 299
3 323 326 235
3 785 747 724
3 692 724 747
3 785 724 692
3 696 747 785
3 696 692 747
3 785 692 696
3 791 729 766
3 791 729 749
3 726 749 729
3 726 749 766
3 685 726 729
3 683 685 729
3 766 729 683
3 685 766 683
3 726 766 685
3 650 683 685
3 650 766 683
3 726 766 650
3 204 248 174
3 231 248 204
3 204 174 231
3 99 174 185
3 178 174 99
3 99 185 178
3 231 174 178
3 335 398 431
3 358 335 398
3 235 115 164
3 149 115 235
3 149 128 171
3 235 119 208
3 235 208 253
3 191 253 208
3 235 253 191
3 171 119 235
3 171 128 119
3 149 171 235
3 115 128 149
3 115 164 128
3 326 496 337
3 506 496 326
3 539 496 506
3 337 496 539
3 337 539 506
3 323 506 326
3 323 337 506
3 337 485 496
3 326 496 485
3 326 431 337
3 431 471 337
3 471 485 337
3 431 326 485
3 529 485 571
3 485 496 571
3 485 539 496
3 539 571 496
3 485 402 539
3 402 571 539
3 402 529 571
3 471 402 485
3 692 598 641
3 692 573 598
3 692 645 573
3 645 641 573
3 645 692 641
3 645 598 692
3 645 573 598
3 584 476 534
3 452 534 476
3 535 534 452
3 584 534 613
3 613 534 535
3 613 535 584
3 452 584 535
3 476 584 452
3 462 508 471
3 300 286 276
3 276 286 311
3 276 311 300
3 200 286 311
3 200 131 287
3 276 287 131
3 131 200 276
3 300 287 276
3 286 200 287
3 362 231 267
3 231 274 267
3 274 304 267
3 362 304 274
3 239 304 362
3 267 304 239
3 274 296 362
3 274 231 296
3 231 362 296
3 231 267 296
3 362 296 267
3 279 213 255
3 279 195 213
3 195 255 213
3 279 255 195
3 273 213 279
3 195 213 216
3 273 216 213
3 273 195 216
3 273 255 195
3 279 255 273
3 397 378 412
3 397 352 378
3 352 334 378
3 334 367 378
3 311 352 367
3 334 311 367
3 352 311 334
3 367 412 378
3 350 218 262
3 275 218 350
3 197 275 124
3 197 275 262
3 275 350 262
3 275 197 350
3 109 72 54
3 53 72 54
3 53 54 18
3 53 99 18
3 99 109 18
3 109 99 53
3 169 72 109
3 169 53 121
3 72 121 53
3 109 53 169
3 85 54 72
3 85 109 72
3 54 109 85
3 289 340 254
3 259 236 340
3 236 186 195
3 236 159 186
3 259 186 195
3 236 259 195
3 342 246 255
3 289 393 255
3 289 421 393
3 393 263 255
3 342 255 263
3 393 342 263
3 246 263 342
3 393 409 344
3 421 409 393
3 255 259 409
3 279 344 255
3 344 263 255
3 393 263 344
3 279 353 344
3 279 263 353
3 263 273 353
3 263 255 273
3 344 263 279
3 255 239 259
3 169 236 239
3 169 239 255
3 255 195 169
3 255 236 195
3 236 259 239
3 236 255 259
3 195 255 186
3 157 135 241
3 206 157 135
3 241 135 206
3 157 241 206
3 130 151 187
3 187 151 173
3 173 151 215
3 187 173 215
3 289 345 340
3 254 394 345
3 289 254 345
3 364 277 295
3 402 372 364
3 372 402 337
3 364 402 277
3 195 216 186
3 273 255 216
3 255 263 216
3 105 156 217
3 123 156 105
3 123 204 156
3 105 204 123
3 217 231 204
3 156 231 217
3 156 204 231
3 134 217 204
3 134 105 217
3 204 105 134
3 213 248 329
3 213 315 267
3 213 329 315
3 59 35 21
3 59 21 11
3 107 59 126
3 35 10 107
3 35 10 21
3 59 107 35
3 239 208 169
3 253 208 239
3 253 251 208
3 328 251 253
3 328 253 239
3 205 12 69
3 190 12 205
3 129 205 69
3 119 69 190
3 169 213 195
3 279 213 169
3 279 169 255
3 663 765 737
3 783 867 765
3 663 783 765
3 867 783 663
3 737 765 867
3 716 663 737
3 716 737 867
3 663 716 867
3 716 765 867
3 737 765 716
3 37 141 170
3 37 43 141
3 170 37 136
3 48 19 13
3 66 136 49
3 82 136 66
3 71 136 82
3 82 71 66
3 71 19 136
3 66 71 19
3 49 66 19
3 48 49 19
3 37 49 136
3 48 37 49
3 48 141 43
3 37 48 43
3 170 49 136
3 37 49 170
3 140 72 85
3 140 85 109
3 169 140 109
3 46 85 72
3 46 140 100
3 140 60 85
3 137 60 140
3 137 46 60
3 140 46 137
3 46 60 85
3 53 106 121
3 102 106 53
3 72 102 53
3 394 262 345
3 394 350 275
3 394 254 262
3 345 262 350
3 350 371 345
3 394 371 350
3 394 462 371
3 262 431 288
3 155 21 149
3 155 171 21
3 132 21 171
3 21 149 171
3 11 171 21
3 149 171 11
3 64 119 11
3 64 171 119
3 132 10 119
3 10 81 119
3 81 21 119
3 10 81 21
3 171 132 119
3 21 11 119
3 149 171 64
3 64 11 149
3 118 183 224
3 224 183 218
3 35 7 10
3 35 149 10
3 118 7 10
3 24 10 106
3 24 10 7
3 72 10 106
3 24 72 10
3 102 72 106
3 72 53 10
3 132 81 106
3 132 106 53
3 10 53 81
3 10 106 81
3 22 3 128
3 64 22 128
3 11 128 115
3 11 64 128
3 80 3 6
3 128 3 6
3 129 128 6
3 128 129 80
3 14 80 6
3 14 129 6
3 80 129 14
3 107 160 149
3 35 107 160
3 27 38 40
3 27 50 148
3 50 40 52
3 148 52 50
3 148 40 52
3 27 40 50
3 180 148 202
3 27 148 202
3 284 27 202
3 180 202 222
3 220 284 202
3 220 222 202
3 180 284 222
3 27 284 180
3 180 40 148
3 126 40 180
3 126 38 40
3 180 126 38
3 27 180 38
3 160 265 282
3 149 265 282
3 149 211 265
3 211 265 160
3 107 211 160
3 704 730 638
3 730 699 638
3 744 704 638
3 730 704 744
3 604 699 638
3 704 699 604
3 604 638 615
3 615 638 704
3 624 704 626
3 604 626 704
3 624 626 604
3 624 615 704
3 578 624 604
3 578 615 624
3 604 615 578
3 171 235 257
3 257 337 149
3 257 299 337
3 257 235 299
3 75 14 129
3 51 75 14
3 51 129 14
3 51 75 129
3 107 126 211
3 395 363 326
3 431 257 288
3 326 257 431
3 326 363 257
3 431 395 326
3 286 205 341
3 251 341 205
3 352 251 286
3 341 251 352
3 352 311 341
3 311 286 341
3 352 286 334
3 286 312 334
3 286 251 312
3 548 337 539
3 506 372 539
3 337 372 506
3 372 548 539
3 337 548 372
3 397 314 407
3 397 251 314
3 397 286 334
3 397 334 378
3 286 397 312
3 312 397 407
3 312 407 378
3 397 407 378
3 397 378 312
3 619 539 506
3 548 539 619
3 548 506 539
3 509 506 548
3 619 506 583
3 123 45 57
3 20 45 123
3 20 45 57
3 98 20 57
3 123 57 98
3 20 123 98
3 858 800 874
3 910 800 858
3 910 874 800
3 874 910 889
3 910 858 889
3 858 874 889
3 364 631 529
3 548 529 364
3 548 631 571
3 529 548 571
3 543 548 364
3 543 631 548
3 364 631 543
3 8 190 156
3 90 8 156
3 90 8 12
3 12 190 8
3 99 178 190
3 156 178 99
3 231 178 156
3 231 190 178
3 251 231 156
3 190 251 156
3 466 509 450
3 450 433 466
3 404 433 450
3 404 466 433
3 520 509 466
3 520 404 509
3 399 520 466
3 404 520 399
3 404 399 466
3 109 190 53
3 99 178 109
3 471 402 337
3 571 539 337
3 402 571 337
3 326 257 299
3 398 335 402
3 264 364 347
3 364 399 347
3 295 364 264
3 403 317 347
3 388 403 317
3 403 347 401
3 388 401 347
3 403 401 388
3 269 388 317
3 269 388 347
3 284 269 317
3 284 347 317
3 305 347 284
3 347 305 269
3 347 305 382
3 388 347 382
3 388 269 382
3 164 115 40
3 180 164 40
3 264 148 202
3 264 202 220
3 264 222 180
3 264 260 148
3 260 164 148
3 234 164 260
3 264 305 260
3 115 148 164
3 115 40 148
3 260 207 148
3 148 207 164
3 234 207 260
3 253 240 208
3 240 169 208
3 171 253 208
3 171 240 253
3 240 169 239
3 240 239 253
3 326 341 367
3 341 323 367
3 326 323 341
3 323 412 367
3 352 326 367
3 326 352 412
3 323 326 412
3 914 840 820
3 914 820 903
3 890 903 820
3 914 890 903
3 983 890 820
3 914 983 890
3 983 840 914
3 828 820 790
3 840 790 820
3 790 840 828
3 828 983 820
3 840 983 828
3 550 584 642
3 414 479 376
3 414 475 479
3 445 414 475
3 376 414 445
3 382 448 347
3 448 388 347
3 382 448 388
3 211 126 180
3 277 211 180
3 277 180 222
3 295 277 222
3 295 264 222
3 347 264 222
3 364 295 222
3 364 347 222
3 401 364 222
3 364 347 401
3 317 401 222
3 403 401 317
3 317 222 284
3 113 207 128
3 52 207 113
3 115 207 52
3 115 89 113
3 52 89 115
3 52 113 89
3 115 128 207
3 113 128 115
3 113 129 80
3 113 80 68
3 68 89 113
3 115 89 68
3 252 220 202
3 252 260 202
3 260 220 202
3 376 387 414
3 252 202 148
3 252 260 148
3 274 231 248
3 231 274 204
3 285 248 204
3 285 274 248
3 204 274 285
3 153 161 152
3 199 153 161
3 153 152 199
3 276 161 199
3 199 152 276
3 241 161 276
3 131 161 241
3 152 161 131
3 131 241 152
3 276 152 241
3 458 537 531
3 480 458 537
3 524 537 480
3 480 458 524
3 524 531 537
3 521 531 524
3 416 521 531
3 521 524 416
3 458 531 416
3 279 239 255
3 213 239 279
3 247 150 199
3 247 207 199
3 150 207 142
3 207 247 278
3 278 191 207
3 164 115 207
3 115 142 207
3 115 52 142
3 40 68 89
3 52 40 89
3 84 50 52
3 84 142 50
3 50 142 148
3 148 260 142
3 260 247 142
3 150 247 142
3 207 152 199
3 153 199 150
3 150 152 207
3 142 152 207
3 148 142 247
3 252 148 247
3 252 260 247
3 433 367 341
3 450 367 433
3 450 341 367
3 450 323 341
3 278 341 323
3 278 355 341
3 450 355 404
3 323 450 404
3 433 341 311
3 355 311 341
3 433 311 355
3 450 433 355
3 450 323 367
3 404 433 355
3 80 14 113
3 75 80 14
3 79 80 75
3 79 113 75
3 52 89 79
3 113 79 52
3 68 79 89
3 80 79 68
3 113 14 129
3 75 113 129
3 14 119 6
3 119 3 6
3 22 3 119
3 149 128 64
3 22 119 64
3 22 6 119
3 22 6 3
3 113 207 191
3 189 152 207
3 189 113 152
3 189 191 113
3 92 151 41
3 41 177 130
3 151 130 41
3 207 276 152
3 152 276 200
3 152 200 189
3 706 807 823
3 706 764 807
3 764 823 807
3 805 764 706
3 805 823 764
3 823 805 706
3 601 823 807
3 706 807 601
3 768 823 706
3 768 823 601
3 712 601 555
3 517 618 601
3 513 601 517
3 513 555 601
3 570 555 513
3 517 555 570
3 570 513 517
3 517 618 555
3 712 555 618
3 768 601 618
3 768 712 618
3 712 706 601
3 712 805 707
3 707 764 706
3 707 805 764
3 706 712 707
3 712 768 805
3 768 706 805
3 823 805 768
3 464 320 497
3 327 497 437
3 320 437 497
3 320 293 437
3 327 293 320
3 327 464 497
3 437 507 464
3 497 507 437
3 497 464 507
3 320 437 365
3 464 365 451
3 464 451 437
3 370 336 339
3 283 370 336
3 283 339 336
3 324 339 283
3 324 370 339
3 283 324 370
3 655 579 612
3 655 544 579
3 655 639 544
3 557 544 639
3 639 655 557
3 300 306 276
3 276 280 287
3 306 280 276
3 152 276 339
3 339 276 199
3 152 339 199
3 247 199 152
3 207 247 152
3 283 241 276
3 339 283 276
3 283 324 241
3 324 320 241
3 320 276 241
3 320 300 276
3 324 370 320
3 200 191 286
3 200 311 191
3 189 205 191
3 200 205 189
3 205 286 191
3 131 205 200
3 131 287 205
3 205 191 251
3 352 208 253
3 352 253 328
3 352 251 191
3 341 208 352
3 341 352 191
3 341 253 208
3 278 341 191
3 278 235 341
3 235 253 341
3 326 253 328
3 326 328 352
3 326 323 253
3 235 253 323
3 235 323 341
3 311 341 367
3 518 611 614
3 474 611 518
3 474 614 611
3 568 614 474
3 518 614 568
3 478 568 474
3 478 518 568
3 478 474 518
3 415 492 425
3 392 492 415
3 392 426 492
3 392 415 426
3 426 455 492
3 415 455 426
3 440 492 455
3 440 425 492
3 455 425 440
3 415 425 455
3 877 954 854
3 877 937 954
3 990 954 974
3 854 990 974
3 813 854 974
3 954 962 974
3 813 962 974
3 954 962 813
3 813 854 954
3 937 954 990
3 131 241 280
3 189 129 200
3 131 129 189
3 131 200 129
3 131 189 152
3 320 306 280
3 131 280 276
3 327 319 293
3 319 293 320
3 703 799 752
3 703 764 799
3 703 752 764
3 760 764 752
3 576 522 545
3 576 547 522
3 576 545 547
3 397 522 547
3 397 545 522
3 547 545 397
3 433 341 479
3 341 311 488
3 311 479 488
3 479 341 488
3 433 479 311
3 257 235 253
3 326 240 253
3 257 253 240
3 326 257 240
3 404 355 347
3 382 355 305
3 382 347 355
3 372 404 399
3 466 382 355
3 448 382 466
3 445 470 505
3 448 445 505
3 448 505 503
3 448 466 503
3 466 505 503
3 382 445 448
3 382 376 445
3 247 376 382
3 382 252 247
3 283 199 161
3 283 276 161
3 199 283 336
3 161 157 206
3 161 241 206
3 157 241 161
3 355 278 311
3 479 311 361
3 361 311 334
3 479 361 339
3 433 479 355
3 669 623 670
3 593 623 669
3 593 670 623
3 602 670 593
3 757 670 602
3 593 750 602
3 757 750 593
3 757 602 750
3 669 670 757
3 757 593 669
3 593 510 623
3 510 670 623
3 602 670 510
3 593 538 510
3 602 538 593
3 757 623 669
3 757 593 623
3 654 647 562
3 591 727 647
3 591 727 762
3 654 762 647
3 591 762 654
3 549 562 537
3 549 629 562
3 629 654 562
3 549 654 629
3 217 162 280
3 287 280 162
3 314 296 280
3 287 162 296
3 296 217 280
3 162 217 296
3 292 266 209
3 272 292 209
3 266 175 209
3 175 272 209
3 266 272 175
3 738 750 757
3 738 736 750
3 738 848 736
3 848 750 736
3 848 757 750
3 441 601 555
3 475 441 601
3 475 479 601
3 475 414 441
3 576 601 479
3 555 601 576
3 576 488 555
3 479 488 576
3 479 555 488
3 441 555 479
3 311 334 378
3 479 488 361
3 378 488 311
3 378 361 488
3 362 532 426
3 329 532 362
3 428 532 329
3 428 426 532
3 645 724 573
3 724 680 573
3 724 692 641
3 645 692 785
3 785 724 645
3 532 535 584
3 625 535 532
3 625 753 535
3 753 584 535
3 613 584 753
3 613 731 584
3 753 731 613
3 625 731 782
3 753 782 731
3 668 625 782
3 753 668 782
3 753 625 668
3 713 681 584
3 649 584 681
3 550 584 649
3 380 239 255
3 239 380 315
3 279 315 380
3 279 239 315
3 380 430 328
3 405 476 430
3 430 380 409
3 430 395 328
3 430 476 395
3 412 328 395
3 395 476 412
3 205 191 341
3 340 380 239
3 255 380 340
3 340 239 259
3 259 255 340
3 430 340 409
3 380 340 430
3 340 363 328
3 363 395 328
3 340 328 239
3 169 106 119
3 106 132 119
3 113 152 129
3 131 129 152
3 189 191 129
3 28 77 87
3 28 162 87
3 28 105 162
3 87 162 105
3 105 77 87
3 28 77 105
3 240 340 328
3 328 253 240
3 395 328 326
3 131 162 205
3 131 280 162
3 287 205 162
3 109 119 53
3 21 81 6
3 14 6 81
3 22 21 6
3 21 64 11
3 22 64 21
3 138 125 272
3 138 127 125
3 182 138 272
3 198 272 127
3 266 272 198
3 182 272 266
3 266 198 182
3 127 182 198
3 138 182 127
3 95 125 127
3 95 272 125
3 127 272 95
3 14 69 8
3 129 8 14
3 129 69 8
3 110 58 34
3 46 58 34
3 46 58 110
3 137 34 60
3 46 34 60
3 137 110 34
3 46 110 137
3 205 25 129
3 8 25 205
3 129 25 14
3 8 25 14
3 12 8 205
3 69 12 8
3 12 53 18
3 55 12 18
3 55 18 98
3 55 99 98
3 20 98 99
3 18 20 98
3 20 18 70
3 99 70 20
3 99 18 70
3 12 55 90
3 53 12 69
3 51 25 129
3 131 25 51
3 205 25 131
3 51 129 113
3 131 51 113
3 131 113 152
3 79 51 152
3 113 152 51
3 79 75 51
3 26 9 29
3 110 9 29
3 9 110 91
3 26 91 110
3 9 26 91
3 58 26 29
3 58 110 29
3 100 110 137
3 140 216 137
3 100 137 216
3 26 110 100
3 100 46 26
3 58 46 26
3 125 138 111
3 127 111 138
3 95 111 127
3 127 138 95
3 95 125 111
3 138 125 95
3 205 251 156
3 8 205 156
3 105 67 162
3 67 87 162
3 77 67 87
3 67 105 77
3 51 14 25
3 55 90 105
3 90 156 162
3 28 90 162
3 28 105 90
3 217 162 156
3 134 162 217
3 105 162 134
3 8 162 90
3 131 162 25
3 8 25 162
3 217 251 156
3 205 296 217
3 251 217 296
3 162 205 217
3 99 174 70
3 109 174 99
3 185 174 109
3 185 70 174
3 109 70 185
3 719 863 806
3 650 750 697
3 650 719 750
3 697 719 650
3 719 825 863
3 759 863 825
3 697 759 825
3 719 697 825
3 825 863 806
3 120 151 130
3 151 88 92
3 130 92 88
3 151 92 130
3 88 120 130
3 187 151 120
3 187 88 151
3 120 88 187
3 131 93 33
3 131 25 93
3 25 93 33
3 51 25 33
3 163 32 111
3 111 32 65
3 166 163 111
3 67 44 65
3 166 44 65
3 166 139 44
3 67 44 139
3 67 139 166
3 67 111 65
3 67 134 111
3 134 166 111
3 134 67 166
3 67 65 32
3 4 67 32
3 4 111 32
3 93 111 4
3 93 67 111
3 93 67 4
3 93 111 162
3 162 111 165
3 4 127 111
3 182 111 127
3 165 111 182
3 165 182 198
3 165 198 127
3 162 165 4
3 93 162 4
3 87 67 93
3 25 87 93
3 162 93 25
3 90 28 87
3 8 90 87
3 25 8 87
3 162 221 111
3 221 217 134
3 162 217 221
3 221 166 111
3 227 134 166
3 221 134 227
3 242 221 111
3 162 221 242
3 162 182 111
3 182 242 111
3 162 242 182
3 162 182 198
3 162 198 165
3 123 144 147
3 123 134 144
3 134 147 144
3 204 123 147
3 204 147 221
3 134 221 147
3 221 217 204
3 123 105 134
3 204 144 147
3 123 144 204
3 127 249 165
3 165 293 127
3 266 249 293
3 266 198 249
3 266 293 198
3 198 165 249
3 293 165 198
3 225 272 146
3 225 168 272
3 146 225 168
3 76 134 74
3 105 57 134
3 74 57 105
3 134 57 74
3 76 74 105
3 55 28 105
3 55 28 90
3 643 521 627
3 561 643 521
3 561 627 521
3 643 627 561
3 434 525 375
3 453 525 434
3 434 375 453
3 525 453 492
3 453 426 492
3 392 426 453
3 415 525 492
3 415 392 525
3 384 375 359
3 384 453 375
3 392 359 375
3 392 453 359
3 425 446 525
3 392 425 525
3 446 375 525
3 175 225 125
3 225 272 125
3 225 95 272
3 175 95 225
3 175 272 125
3 103 145 187
3 139 187 145
3 88 103 187
3 134 147 139
3 74 147 134
3 74 144 147
3 74 2 144
3 2 147 144
3 134 2 74
3 76 2 134
3 76 139 2
3 134 139 166
3 76 44 139
3 2 88 147
3 139 88 2
3 88 187 147
3 139 147 223
3 187 223 147
3 139 268 187
3 223 268 139
3 223 187 268
3 62 88 139
3 42 62 88
3 103 88 42
3 62 42 103
3 62 139 103
3 139 145 103
3 145 187 120
3 103 120 88
3 145 103 120
3 120 42 130
3 88 42 130
3 120 103 42
3 145 268 187
3 243 268 145
3 243 139 268
3 268 187 386
3 309 120 386
3 187 120 386
3 309 120 187
3 322 309 386
3 322 309 373
3 268 386 373
3 309 268 373
3 187 268 309
3 167 173 143
3 173 49 143
3 66 143 49
3 66 82 143
3 82 136 143
3 173 136 49
3 136 167 143
3 173 167 136
3 34 143 82
3 34 158 143
3 82 158 34
3 71 158 82
3 136 158 71
3 158 167 143
3 136 167 158
3 271 385 290
3 413 290 385
3 271 290 413
3 356 385 271
3 356 316 385
3 316 366 385
3 366 413 385
3 223 268 307
3 223 338 268
3 338 307 268
3 356 338 223
3 356 307 338
3 962 840 919
3 921 840 962
3 921 919 840
3 962 921 919
3 380 304 362
3 239 304 315
3 380 315 304
3 521 561 524
3 627 524 561
3 627 521 524
3 549 524 446
3 549 622 524
3 622 564 525
3 446 525 564
3 622 525 446
3 629 549 564
3 634 564 622
3 634 629 564
3 622 629 634
3 622 549 629
3 549 446 564
3 622 627 524
3 622 679 627
3 622 643 679
3 627 679 643
3 622 675 643
3 561 643 675
3 530 622 561
3 551 561 530
3 622 530 551
3 675 551 561
3 675 622 551
3 622 446 561
3 521 446 524
3 561 446 521
3 670 760 687
3 760 752 687
3 708 687 752
3 708 670 687
3 752 670 708
3 760 719 757
3 760 670 719
3 669 670 752
3 752 757 669
3 760 757 752
3 670 719 687
3 760 687 719
3 677 582 707
3 576 677 707
3 576 582 677
3 582 682 707
3 582 555 682
3 576 555 582
3 576 682 555
3 266 359 384
3 242 359 266
3 242 384 359
3 266 375 331
3 266 331 242
3 266 420 375
3 420 446 375
3 434 446 420
3 434 375 446
3 384 434 420
3 420 266 384
3 384 242 375
3 530 446 561
3 512 446 530
3 512 530 551
3 512 551 622
3 622 446 512
3 373 377 374
3 377 268 374
3 338 374 268
3 338 307 374
3 373 374 307
3 307 268 373
3 377 322 268
3 309 268 322
3 309 268 377
3 308 374 377
3 338 374 308
3 308 268 338
3 308 377 268
3 309 268 308
3 482 516 468
3 482 454 516
3 468 482 454
3 359 313 280
3 242 280 313
3 296 280 242
3 296 359 280
3 274 296 221
3 217 296 242
3 217 221 296
3 217 242 221
3 274 221 242
3 359 296 274
3 274 242 359
3 313 359 242
3 314 313 280
3 296 359 314
3 313 314 359
3 231 296 217
3 231 217 274
3 221 274 204
3 217 204 274
3 221 227 308
3 243 308 227
3 331 375 377
3 274 359 221
3 274 453 296
3 453 359 296
3 392 453 274
3 221 359 242
3 362 397 314
3 397 447 407
3 447 453 314
3 397 453 447
3 397 362 453
3 296 314 453
3 362 314 296
3 274 453 362
3 780 817 860
3 896 817 780
3 973 817 896
3 860 817 973
3 973 892 896
3 973 860 892
3 780 860 896
3 313 280 320
3 320 437 359
3 313 320 359
3 266 437 420
3 266 384 437
3 384 359 437
3 549 437 434
3 549 420 524
3 420 437 524
3 437 549 524
3 549 434 420
3 217 156 296
3 251 296 156
3 397 296 314
3 397 362 296
3 469 370 346
3 346 469 497
3 469 464 497
3 327 346 497
3 266 198 437
3 320 198 266
3 320 437 198
3 266 359 320
3 828 841 870
3 772 841 758
3 828 758 841
3 772 870 841
3 840 828 870
3 790 840 743
3 266 227 163
3 266 242 227
3 163 166 242
3 163 227 166
3 138 163 182
3 138 266 163
3 138 182 266
3 182 163 242
3 242 266 182
3 331 163 266
3 324 346 241
3 370 324 346
3 241 346 320
3 324 321 346
3 283 206 241
3 324 283 206
3 321 324 206
3 293 321 206
3 241 206 293
3 293 321 241
3 293 320 241
3 293 319 321
3 108 101 161
3 131 157 161
3 157 161 101
3 101 135 131
3 157 101 135
3 157 131 135
3 108 161 153
3 283 161 206
3 241 165 162
3 162 280 241
3 242 198 280
3 242 182 198
3 131 165 162
3 131 241 165
3 241 165 293
3 241 206 165
3 206 116 127
3 293 206 116
3 165 206 127
3 135 127 116
3 135 104 127
3 116 95 104
3 116 127 95
3 135 104 116
3 138 125 175
3 175 266 163
3 138 175 163
3 101 33 135
3 96 135 33
3 101 96 135
3 47 101 108
3 47 33 96
3 101 47 96
3 303 301 168
3 225 303 168
3 313 198 280
3 359 198 313
3 359 242 198
3 266 249 272
3 437 272 249
3 266 272 437
3 266 198 359
3 135 17 56
3 135 96 17
3 96 17 56
3 135 96 56
3 104 17 94
3 17 104 127
3 165 127 135
3 4 17 93
3 165 93 4
3 131 17 93
3 131 93 165
3 33 17 131
3 96 33 17
3 135 206 165
3 104 135 56
3 56 17 94
3 104 56 94
3 93 17 33
3 206 135 116
3 351 303 330
3 351 301 303
3 351 408 330
3 301 351 408
3 797 711 752
3 689 711 797
3 752 711 689
3 797 752 689
3 669 711 689
3 669 708 711
3 708 752 711
3 669 752 708
3 731 689 797
3 797 752 731
3 669 689 731
3 752 669 731
3 410 490 377
3 377 490 446
3 410 512 377
3 490 512 410
3 377 512 446
3 446 530 490
3 512 490 530
3 440 512 425
3 410 512 438
3 440 425 377
3 446 425 512
3 493 540 666
3 592 493 540
3 592 675 653
3 666 653 675
3 592 512 675
3 607 512 592
3 607 675 512
3 693 607 592
3 717 675 607
3 693 717 607
3 693 675 717
3 693 666 675
3 693 763 666
3 592 763 693
3 540 862 666
3 793 666 763
3 862 793 666
3 793 763 862
3 540 862 763
3 592 639 763
3 592 540 639
3 528 516 662
3 639 516 528
3 540 516 639
3 592 516 639
3 540 516 592
3 31 39 146
3 95 146 31
3 95 39 146
3 31 95 39
3 396 408 480
3 432 396 480
3 432 437 480
3 437 458 480
3 408 458 437
3 408 458 480
3 396 408 437
3 95 146 127
3 104 31 146
3 31 94 95
3 31 104 94
3 116 104 146
3 146 175 225
3 146 95 225
3 39 175 146
3 39 95 78
3 39 78 175
3 811 813 974
3 811 962 974
3 813 962 811
3 301 396 249
3 272 408 437
3 396 408 272
3 301 396 272
3 396 301 408
3 175 209 163
3 209 250 163
3 250 209 331
3 331 209 266
3 310 331 292
3 266 331 416
3 310 416 331
3 266 416 310
3 331 209 292
3 331 524 416
3 446 524 331
3 331 416 446
3 416 521 446
3 652 599 627
3 521 652 599
3 531 521 599
3 524 599 531
3 627 599 524
3 643 652 521
3 627 643 652
3 167 110 184
3 229 184 110
3 229 110 193
3 172 193 110
3 9 110 167
3 9 172 110
3 136 9 167
3 362 492 550
3 453 577 492
3 550 577 453
3 550 492 577
3 453 447 550
3 447 397 550
3 452 550 397
3 452 362 550
3 397 362 452
3 362 426 492
3 274 426 304
3 274 415 426
3 392 415 274
3 458 531 408
3 351 416 531
3 351 408 531
3 351 330 416
3 581 351 531
3 458 581 537
3 581 537 599
3 599 537 531
3 581 531 599
3 581 458 351
3 351 458 408
3 792 840 772
3 811 772 840
3 921 870 792
3 840 870 921
3 840 792 870
3 829 921 792
3 962 921 829
3 954 962 829
3 954 792 962
3 829 792 954
3 962 811 840
3 792 813 962
3 375 331 524
3 420 524 416
3 420 416 331
3 420 375 524
3 420 331 375
3 420 331 266
3 437 524 272
3 437 416 524
3 272 416 437
3 125 163 175
3 125 209 163
3 230 175 209
3 272 209 230
3 246 110 184
3 246 137 110
3 137 184 110
3 137 192 158
3 184 210 192
3 158 210 184
3 158 192 210
3 137 158 184
3 246 192 216
3 137 216 192
3 246 216 137
3 246 184 192
3 525 440 512
3 425 440 525
3 446 525 512
3 472 390 457
3 457 390 332
3 457 332 442
3 465 472 442
3 465 457 442
3 465 472 457
3 465 523 457
3 472 465 523
3 472 556 523
3 556 457 523
3 457 556 390
3 375 446 524
3 130 386 120
3 187 373 268
3 307 373 187
3 187 215 307
3 256 386 130
3 484 512 438
3 491 512 484
3 484 491 438
3 490 491 551
3 551 530 490
3 410 438 490
3 491 490 438
3 138 163 111
3 166 182 111
3 163 182 166
3 134 139 243
3 243 227 134
3 145 166 250
3 309 250 145
3 309 268 145
3 243 268 308
3 230 209 292
3 309 145 120
3 659 676 649
3 713 676 659
3 713 649 676
3 665 713 659
3 649 665 633
3 633 665 659
3 649 633 659
3 870 975 891
3 919 957 975
3 870 957 975
3 919 957 870
3 983 919 975
3 983 919 870
3 983 975 891
3 861 842 891
3 861 983 842
3 891 983 861
3 983 828 842
3 828 870 842
3 840 983 870
3 870 891 842
3 250 292 209
3 310 292 250
3 416 310 250
3 416 331 250
3 410 416 250
3 410 250 322
3 309 322 250
3 416 331 410
3 163 138 32
3 138 125 32
3 250 209 145
3 125 86 111
3 32 111 86
3 95 4 32
3 95 32 86
3 37 92 49
3 173 238 215
3 215 238 170
3 151 215 170
3 151 92 173
3 63 143 173
3 63 49 143
3 63 49 92
3 173 92 63
3 63 144 143
3 57 144 63
3 123 144 57
3 123 174 144
3 45 174 123
3 45 144 174
3 63 57 45
3 45 143 144
3 63 66 49
3 82 66 63
3 63 34 82
3 45 34 143
3 63 45 34
3 145 78 62
3 86 62 78
3 65 62 86
3 62 103 145
3 44 2 88
3 44 76 2
3 44 88 62
3 44 62 65
3 123 178 174
3 123 99 178
3 99 20 45
3 123 20 99
3 70 45 174
3 99 45 70
3 542 673 556
3 608 556 673
3 673 608 542
3 542 472 523
3 542 556 523
3 76 74 2
3 592 516 557
3 639 557 516
3 620 557 639
3 639 592 620
3 223 204 147
3 223 147 243
3 204 223 243
3 243 147 221
3 221 204 243
3 392 374 425
3 308 425 374
3 308 392 425
3 392 338 374
3 392 274 338
3 223 338 274
3 308 268 223
3 243 308 223
3 204 223 274
3 215 290 238
3 271 290 215
3 271 238 290
3 271 215 238
3 173 238 270
3 270 290 271
3 173 270 271
3 223 215 173
3 223 187 215
3 290 215 307
3 271 290 307
3 105 57 123
3 57 74 144
3 55 123 98
3 158 192 174
3 214 210 158
3 192 297 214
3 158 174 214
3 172 110 26
3 26 172 91
3 71 58 29
3 71 110 29
3 58 110 71
3 100 110 176
3 294 184 246
3 294 229 184
3 294 246 229
3 172 176 110
3 176 193 172
3 176 193 229
3 246 176 229
3 100 176 112
3 176 246 154
3 194 154 112
3 194 176 154
3 112 176 194
3 294 298 229
3 298 233 229
3 228 176 229
3 42 92 41
3 130 42 41
3 42 88 92
3 457 290 413
3 457 261 389
3 290 389 261
3 290 457 389
3 261 457 413
3 418 389 413
3 418 413 261
3 457 413 389
3 34 174 60
3 45 174 34
3 60 174 70
3 60 45 70
3 34 45 60
3 143 144 147
3 223 147 144
3 173 147 223
3 173 143 147
3 214 143 174
3 143 45 174
3 34 158 174
3 158 143 214
3 415 374 425
3 455 374 415
3 338 374 455
3 415 338 426
3 455 426 338
3 392 338 415
3 415 425 392
3 425 455 374
3 112 26 100
3 112 5 26
3 5 26 73
3 83 5 36
3 112 83 5
3 73 97 36
3 73 36 5
3 73 26 46
3 58 110 82
3 158 110 71
3 82 110 158
3 58 71 82
3 58 82 34
3 158 34 60
3 60 137 192
3 158 60 192
3 158 184 110
3 418 427 368
3 418 413 427
3 368 427 360
3 158 143 173
3 173 210 158
3 214 210 173
3 109 185 178
3 71 29 136
3 9 71 29
3 71 136 9
3 110 136 29
3 136 110 167
3 176 112 26
3 176 172 26
3 176 26 5
3 194 201 245
3 258 194 245
3 201 194 83
3 83 194 5
3 5 194 176
3 105 55 98
3 28 55 98
3 28 105 98
3 76 77 57
3 74 76 57
3 76 67 77
3 98 57 77
3 77 28 98
3 294 349 333
3 229 294 333
3 298 229 349
3 294 343 349
3 343 298 349
3 343 349 333
3 343 333 294
3 19 71 9
3 136 9 19
3 511 527 444
3 597 527 511
3 553 527 597
3 553 444 527
3 444 553 597
3 511 444 597
3 176 228 193
3 19 9 15
3 343 391 333
3 424 333 391
3 418 427 435
3 435 368 418
3 738 534 535
3 738 753 613
3 436 385 460
3 356 385 436
3 356 460 385
3 436 460 428
3 356 428 460
3 356 316 428
3 297 428 316
3 297 436 428
3 297 316 436
3 356 366 316
3 436 366 356
3 158 110 167
3 85 60 109
3 85 60 54
3 63 147 144
3 88 147 63
3 88 2 63
3 74 57 63
3 2 74 63
3 109 213 185
3 213 140 185
3 140 137 185
3 60 174 185
3 137 192 185
3 60 185 192
3 137 109 60
3 137 140 109
3 213 109 140
3 213 137 185
3 140 137 213
3 137 213 216
3 139 243 223
3 70 45 20
3 156 204 178
3 204 231 178
3 123 204 174
3 185 158 192
3 158 185 174
3 797 731 757
3 797 782 731
3 819 782 797
3 797 757 819
3 177 215 256
3 290 256 307
3 226 256 290
3 170 226 290
3 238 170 290
3 215 177 151
3 344 248 329
3 273 248 344
3 213 248 273
3 273 315 213
3 151 63 173
3 151 92 63
3 151 187 147
3 63 151 147
3 88 63 92
3 187 223 151
3 173 151 223
3 63 151 143
3 151 173 143
3 263 353 342
3 436 383 428
3 546 344 383
3 344 428 383
3 546 428 344
3 546 436 428
3 344 428 353
3 436 383 353
3 353 428 436
3 273 216 192
3 213 273 192
3 185 213 192
3 246 263 353
3 294 246 353
3 192 246 333
3 246 294 333
3 210 192 333
3 353 294 333
3 297 356 338
3 285 297 338
3 274 285 338
3 473 413 460
3 413 366 460
3 436 385 366
3 460 366 385
3 473 460 436
3 473 436 366
3 473 366 413
3 427 413 473
3 413 385 460
3 248 285 297
3 285 344 297
3 273 344 285
3 273 248 297
3 273 285 248
3 285 304 329
3 248 304 285
3 344 285 329
3 435 369 424
3 333 424 369
3 788 774 718
3 788 844 774
3 732 844 788
3 732 788 839
3 735 732 839
3 788 718 735
3 353 369 316
3 353 333 369
3 383 369 353
3 444 333 424
3 383 436 369
3 436 383 435
3 424 435 383
3 424 435 436
3 579 732 612
3 546 718 579
3 553 718 546
3 612 597 563
3 563 498 612
3 612 718 597
3 718 553 597
3 693 832 763
3 620 693 607
3 444 527 449
3 419 449 527
3 419 527 489
3 356 338 426
3 356 428 338
3 285 338 428
3 274 329 304
3 274 285 329
3 426 428 356
3 285 297 356
3 356 428 285
3 285 297 428
3 428 492 426
3 428 455 492
3 455 356 426
3 459 385 356
3 460 544 459
3 428 460 459
3 455 428 459
3 356 455 459
3 436 369 297
3 353 428 297
3 316 297 369
3 344 428 329
3 344 329 297
3 285 297 329
3 391 325 354
3 325 391 343
3 325 349 354
3 325 343 349
3 233 325 354
3 298 325 343
3 528 651 655
3 655 639 528
3 519 651 528
3 662 651 519
3 473 552 519
3 556 519 552
3 473 519 556
3 473 457 552
3 457 556 552
3 457 473 556
3 457 454 519
3 482 454 406
3 290 406 390
3 457 460 385
3 290 385 406
3 457 385 413
3 332 290 390
3 290 332 457
3 454 390 406
3 457 390 454
3 454 290 406
3 390 290 454
3 424 443 435
3 953 835 920
3 822 920 835
3 953 920 822
3 839 835 953
3 839 822 835
3 839 834 822
3 953 834 839
3 876 822 834
3 922 822 876
3 922 944 822
3 944 953 822
3 354 417 467
3 443 354 467
3 325 417 354
3 540 519 516
3 540 468 519
3 540 468 608
3 482 516 540
3 482 468 540
3 167 210 184
3 158 210 167
3 291 210 270
3 210 184 270
3 389 332 442
3 389 465 442
3 465 457 389
3 290 332 261
3 389 261 332
3 133 389 442
3 226 442 133
3 226 332 442
3 389 332 226
3 226 133 332
3 424 435 495
3 498 436 495
3 435 511 495
3 569 511 435
3 435 498 569
3 435 511 424
3 814 880 855
3 810 880 814
3 810 814 851
3 851 872 880
3 814 872 851
3 467 552 443
3 418 443 552
3 467 418 443
3 603 552 467
3 465 552 523
3 603 523 552
3 465 603 523
3 418 552 465
3 465 418 603
3 467 603 418
3 481 386 373
3 406 386 481
3 373 386 406
3 454 481 386
3 454 482 481
3 256 454 386
3 290 406 256
3 390 454 256
3 256 332 390
3 332 290 256
3 256 406 373
3 810 872 851
3 810 845 872
3 814 845 810
3 170 332 261
3 226 332 170
3 226 290 332
3 226 332 256
3 712 555 582
3 712 743 555
3 609 555 743
3 743 712 609
3 609 582 555
3 712 677 609
3 582 677 712
3 582 609 677
3 481 482 540
3 493 481 540
3 473 427 457
3 413 457 427
3 628 552 603
3 603 556 628
3 556 523 552
3 523 572 552
3 572 523 556
3 603 552 572
3 556 603 572
3 523 603 572
3 557 639 528
3 460 528 655
3 460 477 528
3 557 528 477
3 477 516 528
3 430 534 535
3 430 566 534
3 585 566 430
3 613 534 566
3 585 429 535
3 430 535 429
3 585 430 429
3 307 406 373
3 290 373 406
3 290 307 373
3 290 406 307
3 406 373 385
3 307 385 373
3 385 307 356
3 377 425 374
3 440 459 374
3 338 374 459
3 459 455 338
3 459 440 455
3 440 374 377
3 428 436 544
3 436 459 544
3 459 575 544
3 459 455 575
3 455 544 575
3 428 544 455
3 436 428 459
3 436 579 544
3 473 579 436
3 406 374 456
3 385 456 374
3 406 373 374
3 338 385 374
3 385 338 356
3 440 374 456
3 385 356 374
3 338 374 356
3 493 386 373
3 481 493 386
3 493 484 386
3 484 386 456
3 373 456 386
3 608 714 701
3 673 714 608
3 673 714 701
3 608 673 701
3 591 587 694
3 627 694 591
3 652 667 599
3 679 627 652
3 667 679 652
3 627 591 599
3 591 587 599
3 581 591 537
3 581 599 587
3 591 581 587
3 572 542 523
3 673 542 572
3 714 673 572
3 714 556 572
3 673 556 714
3 420 564 434
3 437 434 564
3 549 437 564
3 420 446 564
3 549 446 420
3 814 812 880
3 812 814 810
3 788 880 812
3 810 788 798
3 812 798 788
3 812 810 798
3 694 762 591
3 591 694 727
3 416 410 490
3 416 490 521
3 530 561 521
3 530 521 490
3 656 735 563
3 656 563 612
3 656 732 735
3 655 612 732
3 656 612 651
3 651 612 655
3 656 651 655
3 656 733 732
3 733 739 732
3 656 739 733
3 651 656 733
3 651 733 655
3 655 732 739
3 656 655 733
3 733 735 656
3 733 732 839
3 839 835 944
3 920 944 835
3 839 944 920
3 953 839 920
3 634 717 777
3 717 841 777
3 857 841 717
3 857 796 841
3 721 796 857
3 721 717 796
3 882 721 857
3 717 721 882
3 882 857 717
3 796 676 841
3 676 634 841
3 796 634 676
3 796 705 634
3 705 717 634
3 717 705 796
3 756 777 841
3 634 777 756
3 634 756 642
3 642 756 802
3 802 756 841
3 642 802 841
3 634 642 841
3 717 777 756
3 794 756 642
3 794 642 634
3 717 756 794
3 717 794 634
3 794 777 756
3 794 717 777
3 483 500 487
3 573 487 500
3 500 604 559
3 508 559 604
3 508 462 559
3 462 500 559
3 508 500 462
3 604 500 487
3 508 626 487
3 626 604 487
3 508 604 626
3 483 500 508
3 645 559 573
3 645 680 559
3 680 604 559
3 645 604 680
3 645 573 604
3 500 573 559
3 573 487 604
3 344 553 383
3 925 843 832
3 949 843 925
3 949 832 868
3 925 832 949
3 651 528 612
3 528 473 612
3 473 519 612
3 651 612 519
3 774 777 756
3 794 777 774
3 774 756 794
3 814 777 756
3 845 794 777
3 845 774 794
3 774 872 810
3 774 851 872
3 774 845 851
3 774 810 814
3 794 625 756
3 774 625 794
3 753 756 782
3 625 668 756
3 753 814 756
3 753 625 814
3 774 814 625
3 656 552 612
3 565 612 552
3 565 563 612
3 563 473 612
3 723 603 628
3 723 556 628
3 556 723 603
3 707 712 555
3 582 707 555
3 677 712 707
3 798 646 856
3 831 646 798
3 812 856 831
3 812 776 798
3 831 776 812
3 831 798 776
3 856 812 798
3 641 646 831
3 641 831 747
3 856 641 747
3 556 465 523
3 612 552 563
3 435 552 565
3 435 565 563
3 563 552 427
3 443 552 435
3 368 443 418
3 427 552 473
3 418 413 457
3 418 457 465
3 465 556 552
3 418 465 389
3 651 552 473
3 651 656 552
3 651 473 612
3 473 519 651
3 565 552 467
3 565 637 552
3 637 628 552
3 467 628 603
3 637 628 467
3 660 563 569
3 435 467 569
3 443 467 435
3 735 809 776
3 788 776 809
3 788 718 776
3 718 788 809
3 718 720 776
3 735 776 720
3 718 735 720
3 718 809 735
3 489 527 449
3 511 597 449
3 449 494 417
3 419 417 494
3 449 417 419
3 449 489 494
3 429 553 527
3 553 635 597
3 553 617 635
3 641 635 617
3 641 527 635
3 617 527 641
3 617 553 429
3 585 527 617
3 585 573 527
3 585 429 573
3 617 429 585
3 590 696 596
3 641 692 696
3 663 696 692
3 598 663 692
3 598 590 663
3 590 596 663
3 625 535 646
3 546 535 532
3 553 535 546
3 553 646 535
3 553 546 646
3 579 625 646
3 546 579 646
3 412 488 510
3 367 488 412
3 341 488 367
3 479 433 488
3 433 450 488
3 450 501 488
3 501 510 488
3 588 618 562
3 533 570 562
3 618 570 533
3 570 588 562
3 618 570 588
3 452 545 397
3 452 547 545
3 452 522 547
3 452 397 522
3 344 535 546
3 405 535 344
3 405 430 535
3 344 429 409
3 344 553 429
3 553 585 429
3 553 646 617
3 553 617 585
3 753 774 814
3 625 798 753
3 625 774 798
3 774 753 798
3 620 668 756
3 625 668 620
3 794 620 756
3 620 544 625
3 557 544 620
3 774 788 851
3 659 676 609
3 659 633 676
3 609 633 659
3 676 634 564
3 633 642 676
3 634 676 642
3 880 812 831
3 788 831 812
3 788 776 831
3 809 831 776
3 774 798 814
3 810 798 774
3 812 808 798
3 808 753 798
3 814 798 753
3 753 808 814
3 808 812 855
3 855 812 831
3 960 831 886
3 960 886 880
3 960 855 831
3 812 855 798
3 794 841 777
3 794 717 843
3 843 717 882
3 882 857 843
3 794 843 857
3 833 847 821
3 757 847 873
3 873 847 833
3 757 873 833
3 757 821 847
3 757 836 821
3 833 836 757
3 833 821 836
3 949 930 981
3 930 905 868
3 981 930 905
3 981 868 905
3 622 512 675
3 675 653 551
3 739 763 830
3 822 763 739
3 876 763 822
3 859 763 834
3 876 834 763
3 859 830 763
3 822 786 876
3 786 830 876
3 786 822 830
3 739 830 822
3 525 434 564
3 453 525 564
3 434 437 507
3 434 507 562
3 437 434 562
3 437 562 549
3 781 731 782
3 713 731 781
3 668 713 782
3 713 781 782
3 713 781 668
3 907 938 880
3 960 907 938
3 928 960 938
3 960 928 886
3 866 837 956
3 856 837 866
3 856 956 837
3 961 866 911
3 900 856 911
3 956 856 900
3 900 956 911
3 866 956 911
3 888 920 944
3 888 953 920
3 953 839 888
3 886 888 944
3 886 944 908
3 886 839 908
3 835 908 839
3 944 922 908
3 835 982 908
3 922 982 835
3 922 982 908
3 944 922 835
3 907 941 938
3 967 941 907
3 740 723 739
3 733 740 739
3 733 723 740
3 329 535 532
3 428 532 535
3 546 428 535
3 329 405 535
3 344 315 329
3 315 405 329
3 405 315 380
3 344 279 315
3 650 683 594
3 685 683 594
3 529 685 594
3 529 571 594
3 571 650 594
3 960 871 831
3 856 855 798
3 960 855 856
3 960 956 871
3 837 871 956
3 960 856 956
3 748 730 744
3 769 730 748
3 800 744 730
3 769 800 730
3 769 744 800
3 748 744 769
3 748 750 769
3 806 736 750
3 806 773 736
3 769 773 806
3 769 736 773
3 750 736 769
3 806 748 769
3 748 736 769
3 750 736 748
3 641 635 720
3 646 720 635
3 641 720 646
3 738 646 617
3 738 641 646
3 617 641 738
3 718 635 597
3 718 646 635
3 718 579 646
3 632 696 702
3 596 696 580
3 580 702 596
3 632 702 580
3 786 982 986
3 786 835 982
3 786 789 908
3 835 789 908
3 786 789 835
3 908 982 986
3 786 908 986
3 844 953 834
3 733 844 834
3 822 733 834
3 739 822 835
3 839 739 835
3 733 739 839
3 733 822 739
3 844 733 839
3 888 844 839
3 953 844 888
3 723 789 739
3 723 835 789
3 739 789 835
3 723 786 835
3 786 822 835
3 786 739 822
3 786 714 739
3 723 739 714
3 714 723 786
3 786 723 789
3 788 839 844
3 733 732 844
3 835 876 982
3 822 876 835
3 920 944 822
3 786 876 982
3 733 835 739
3 740 739 835
3 733 839 835
3 924 789 839
3 740 924 789
3 740 835 789
3 835 839 789
3 715 637 691
3 723 715 740
3 723 740 789
3 953 944 920
3 733 834 739
3 662 763 739
3 662 834 763
3 739 834 662
3 844 739 834
3 733 739 844
3 714 734 739
3 701 739 734
3 701 714 739
3 734 701 714
3 924 886 908
3 924 908 789
3 540 763 830
3 540 608 830
3 734 876 786
3 734 830 876
3 608 734 830
3 701 739 608
3 701 734 608
3 608 739 662
3 714 603 723
3 714 572 603
3 734 986 830
3 734 786 986
3 862 966 981
3 883 862 981
3 883 981 905
3 883 868 905
3 793 862 883
3 793 883 770
3 832 862 868
3 832 763 862
3 793 763 832
3 793 832 868
3 794 869 845
3 575 756 794
3 575 620 668
3 794 620 575
3 883 930 905
3 930 883 882
3 977 862 980
3 949 977 980
3 972 980 862
3 980 972 949
3 972 832 862
3 834 949 832
3 834 925 949
3 904 925 949
3 959 904 949
3 904 834 959
3 834 832 959
3 972 959 949
3 972 959 832
3 959 972 862
3 959 832 862
3 844 925 926
3 984 925 926
3 844 926 851
3 926 928 941
3 984 926 941
3 946 925 844
3 946 925 984
3 946 844 984
3 888 926 925
3 953 888 925
3 844 925 834
3 693 675 700
3 693 793 675
3 793 700 675
3 793 700 666
3 793 693 832
3 693 700 666
3 693 868 675
3 845 946 843
3 845 984 946
3 946 925 843
3 540 830 862
3 830 862 763
3 627 762 654
3 679 762 627
3 679 767 762
3 832 904 862
3 859 904 862
3 859 834 862
3 832 862 834
3 904 832 959
3 904 959 862
3 830 859 862
3 845 869 843
3 984 869 845
3 984 843 869
3 661 698 610
3 605 698 661
3 605 560 698
3 605 661 560
3 560 583 698
3 583 610 698
3 560 610 586
3 661 610 560
3 925 946 949
3 933 934 954
3 877 954 933
3 877 934 954
3 940 934 877
3 933 940 934
3 940 933 877
3 964 882 857
3 857 897 964
3 964 899 882
3 897 964 899
3 675 717 770
3 770 700 675
3 793 770 700
3 622 705 679
3 705 643 679
3 705 675 643
3 622 675 705
3 778 679 705
3 778 643 679
3 755 675 643
3 755 717 675
3 705 717 755
3 705 675 717
3 778 643 755
3 778 705 721
3 705 755 721
3 849 721 755
3 849 778 721
3 755 849 778
3 843 882 869
3 984 869 951
3 841 842 828
3 870 957 841
3 841 781 842
3 781 975 842
3 841 975 781
3 794 717 693
3 717 622 607
3 675 622 717
3 525 512 607
3 607 575 525
3 607 622 575
3 622 525 575
3 440 456 607
3 440 575 425
3 525 425 575
3 620 575 440
3 693 575 620
3 693 607 575
3 620 440 607
3 679 654 629
3 622 679 629
3 622 654 629
3 705 654 622
3 721 654 705
3 721 679 654
3 705 679 721
3 620 440 557
3 667 652 787
3 787 767 679
3 679 652 787
3 905 964 940
3 849 905 940
3 964 940 877
3 849 940 877
3 964 877 849
3 883 905 849
3 930 849 883
3 964 849 930
3 930 964 905
3 705 654 629
3 622 717 634
3 705 676 634
3 629 676 705
3 544 577 575
3 625 577 492
3 544 492 577
3 544 625 492
3 625 544 668
3 575 668 544
3 575 492 577
3 455 492 575
3 544 492 455
3 561 755 643
3 653 755 561
3 551 653 561
3 700 755 653
3 666 700 653
3 755 717 770
3 755 700 770
3 755 770 721
3 755 770 849
3 770 717 721
3 882 849 829
3 849 778 829
3 778 721 829
3 857 829 796
3 721 796 829
3 882 829 857
3 849 882 717
3 849 717 770
3 883 849 770
3 883 849 882
3 721 705 796
3 437 524 458
3 778 767 679
3 787 767 778
3 652 778 787
3 643 778 652
3 659 677 665
3 609 665 582
3 609 659 665
3 743 659 609
3 743 677 659
3 712 677 743
3 790 681 758
3 790 689 681
3 790 677 689
3 712 677 790
3 758 677 712
3 712 790 758
3 758 713 659
3 758 659 743
3 743 677 758
3 712 758 743
3 827 879 805
3 768 827 805
3 879 768 827
3 879 823 820
3 805 820 823
3 879 820 805
3 879 823 768
3 533 451 522
3 447 522 451
3 447 451 533
3 582 609 522
3 550 582 522
3 633 550 609
3 633 582 550
3 609 582 633
3 447 550 522
3 453 609 550
3 453 447 609
3 533 522 609
3 447 533 609
3 549 537 480
3 437 486 480
3 549 486 437
3 549 480 486
3 767 762 654
3 654 679 767
3 937 933 954
3 937 877 933
3 654 772 762
3 654 629 676
3 705 629 796
3 654 796 629
3 772 676 796
3 772 654 676
3 792 772 796
3 796 654 792
3 654 762 792
3 829 792 854
3 792 762 854
3 934 954 829
3 829 877 934
3 787 877 767
3 829 854 767
3 877 829 767
3 964 934 829
3 940 964 934
3 877 964 829
3 829 897 934
3 964 897 934
3 778 829 767
3 778 877 787
3 778 849 877
3 964 930 899
3 897 829 857
3 970 879 914
3 840 879 970
3 840 820 879
3 879 820 903
3 879 903 914
3 840 970 914
3 970 914 903
3 879 970 903
3 679 721 767
3 721 829 767
3 962 879 811
3 974 879 962
3 974 879 811
3 796 767 829
3 792 829 767
3 792 796 829
3 796 762 767
3 792 762 796
3 767 854 792
3 796 767 654
3 654 721 796
3 339 513 479
3 469 441 513
3 370 469 441
3 336 441 387
3 370 441 336
3 441 555 513
3 479 513 555
3 743 618 647
3 811 618 647
3 745 811 647
3 743 647 745
3 712 618 743
3 712 743 768
3 768 618 811
3 743 827 768
3 743 811 827
3 811 827 768
3 850 861 853
3 861 891 853
3 978 853 891
3 891 861 978
3 978 847 853
3 847 850 853
3 978 850 847
3 861 850 978
3 797 782 853
3 781 731 797
3 797 853 781
3 829 932 976
3 857 932 829
3 934 829 976
3 921 934 976
3 921 976 932
3 829 932 921
3 934 829 921
3 847 797 850
3 752 797 847
3 797 799 850
3 797 752 799
3 873 853 847
3 797 853 873
3 847 797 873
3 861 853 797
3 861 799 850
3 861 797 799
3 669 623 731
3 689 623 669
3 613 623 689
3 731 623 613
3 613 689 731
3 954 921 962
3 934 921 954
3 957 870 932
3 921 932 870
3 921 932 957
3 919 921 957
3 919 840 870
3 760 875 824
3 760 764 875
3 764 710 875
3 710 807 875
3 780 746 710
3 706 746 807
3 710 746 706
3 710 706 807
3 780 860 815
3 852 860 815
3 875 860 780
3 852 860 875
3 875 807 852
3 780 824 875
3 780 751 824
3 780 710 751
3 710 824 751
3 710 764 824
3 764 760 824
3 760 824 710
3 752 760 703
3 706 764 703
3 706 710 764
3 710 706 661
3 706 682 661
3 682 710 661
3 706 703 682
3 687 719 710
3 760 710 719
3 708 703 760
3 687 703 708
3 760 752 708
3 875 823 807
3 823 875 764
3 710 807 764
3 752 708 703
3 517 469 497
3 327 432 497
3 327 432 346
3 469 346 432
3 486 497 432
3 432 486 570
3 469 432 570
3 570 517 497
3 469 570 517
3 513 497 570
3 464 497 513
3 517 469 513
3 974 970 879
3 962 970 879
3 974 962 970
3 607 634 622
3 607 575 634
3 717 575 607
3 717 634 575
3 969 912 917
3 875 912 917
3 969 912 875
3 913 969 917
3 913 875 917
3 955 875 913
3 947 875 955
3 969 875 947
3 947 969 955
3 913 955 969
3 713 756 802
3 713 841 642
3 713 802 841
3 668 756 713
3 802 713 781
3 562 513 497
3 533 513 562
3 570 513 533
3 505 605 503
3 746 605 505
3 746 695 605
3 505 746 695
3 503 520 695
3 605 520 503
3 605 695 520
3 505 695 503
3 796 840 772
3 796 829 840
3 829 870 840
3 829 792 870
3 823 820 903
3 823 879 903
3 847 757 797
3 757 752 731
3 760 757 821
3 412 488 545
3 545 510 412
3 962 919 970
3 983 914 919
3 919 914 970
3 840 827 811
3 879 827 840
3 879 827 811
3 743 820 805
3 743 827 820
3 827 768 820
3 805 820 768
3 743 805 712
3 827 805 820
3 790 820 743
3 762 562 647
3 743 609 562
3 618 609 743
3 618 588 647
3 762 654 562
3 629 676 562
3 743 676 654
3 743 562 676
3 654 772 743
3 497 533 507
3 464 533 497
3 497 562 507
3 451 513 464
3 533 513 451
3 633 665 582
3 378 522 361
3 407 522 378
3 407 513 522
3 407 378 513
3 555 488 513
3 522 488 361
3 522 513 488
3 378 361 513
3 407 488 378
3 397 488 407
3 397 522 488
3 397 407 522
3 426 532 492
3 532 625 492
3 436 579 428
3 546 428 579
3 432 480 486
3 480 537 486
3 525 577 564
3 525 575 577
3 525 564 575
3 634 575 564
3 634 693 575
3 717 693 634
3 682 712 601
3 682 601 576
3 712 682 707
3 407 451 513
3 522 545 488
3 555 522 488
3 522 555 582
3 582 576 522
3 836 863 864
3 836 825 863
3 864 833 836
3 743 659 676
3 828 781 758
3 713 781 828
3 713 758 781
3 681 713 828
3 790 681 828
3 777 782 756
3 777 802 782
3 525 492 575
3 492 425 575
3 447 522 547
3 447 547 550
3 550 547 584
3 452 584 547
3 550 584 452
3 447 550 452
3 447 407 522
3 447 452 407
3 397 407 452
3 447 452 397
3 550 522 547
3 476 535 534
3 476 405 535
3 532 452 535
3 532 535 405
3 329 532 405
3 405 362 315
3 532 550 452
3 380 362 405
3 405 534 476
3 405 430 534
3 649 642 676
3 870 932 857
3 857 841 870
3 525 634 564
3 634 525 575
3 459 440 575
3 620 575 557
3 544 557 575
3 440 557 544
3 459 440 544
3 757 731 613
3 738 753 782
3 738 595 566
3 566 595 613
3 738 757 595
3 613 595 757
3 412 488 397
3 412 452 545
3 819 753 782
3 753 819 818
3 758 676 841
3 743 676 758
3 796 870 841
3 829 870 796
3 781 842 828
3 676 841 781
3 713 676 781
3 713 841 781
3 984 951 927
3 897 984 927
3 946 984 897
3 951 841 893
3 927 893 841
3 975 927 893
3 975 781 893
3 711 689 707
3 689 677 707
3 711 707 677
3 623 711 677
3 669 711 623
3 677 689 623
3 927 951 893
3 918 855 945
3 967 945 855
3 909 967 945
3 918 909 945
3 971 873 931
3 918 873 971
3 931 873 918
3 971 918 931
3 985 848 918
3 985 958 848
3 985 873 958
3 873 848 958
3 918 848 971
3 873 971 848
3 931 873 985
3 985 931 918
3 945 856 911
3 900 856 945
3 945 900 911
3 900 855 856
3 907 856 855
3 900 856 907
3 945 855 900
3 907 945 967
3 900 945 907
3 821 947 850
3 847 850 947
3 864 847 947
3 918 848 945
3 818 855 945
3 945 848 818
3 697 602 650
3 719 650 602
3 602 619 719
3 697 719 619
3 602 697 619
3 858 889 943
3 910 889 943
3 858 979 943
3 910 943 979
3 910 858 979
3 936 952 956
3 936 871 960
3 960 936 956
3 866 837 936
3 866 952 956
3 936 950 866
3 952 936 950
3 952 866 950
3 864 873 833
3 935 873 895
3 864 895 873
3 935 895 864
3 942 873 935
3 935 942 894
3 935 864 894
3 720 632 702
3 632 720 644
3 931 873 916
3 916 985 958
3 916 873 958
3 931 985 916
3 895 931 873
3 942 935 895
3 942 895 916
3 931 916 895
3 889 874 961
3 910 961 874
3 910 961 889
3 399 520 503
3 388 520 347
3 399 347 520
3 388 347 399
3 388 503 520
3 399 503 388
3 861 853 842
3 797 842 853
3 861 842 797
3 902 853 923
3 902 978 853
3 923 902 978
3 891 923 978
3 923 891 893
3 781 797 842
3 650 748 766
3 650 750 748
3 898 863 824
3 884 863 929
3 965 929 817
3 968 965 929
3 846 929 968
3 846 884 929
3 968 846 884
3 965 968 884
3 965 817 884
3 898 929 863
3 817 929 898
3 825 824 863
3 824 825 759
3 824 759 817
3 898 896 817
3 780 896 898
3 824 817 751
3 824 780 898
3 753 808 756
3 808 782 756
3 808 782 753
3 935 894 901
3 864 901 935
3 863 901 864
3 602 539 619
3 602 548 539
3 602 571 548
3 602 697 571
3 697 548 571
3 619 548 697
3 571 539 602
3 571 548 539
3 602 650 539
3 571 539 650
3 873 864 847
3 895 847 947
3 947 935 901
3 947 863 901
3 947 864 863
3 895 935 947
3 895 873 847
3 971 847 853
3 978 847 971
3 971 978 902
3 918 853 902
3 918 971 853
3 902 918 971
3 923 918 902
3 923 848 853
3 918 848 923
3 971 847 873
3 848 873 853
3 682 706 601
3 703 711 764
3 711 707 764
3 711 703 707
3 669 576 687
3 576 670 687
3 670 669 687
3 576 669 670
3 669 703 708
3 687 703 669
3 576 703 711
3 623 545 711
3 545 623 669
3 576 711 545
3 576 545 669
3 708 711 703
3 576 623 669
3 545 623 576
3 895 947 850
3 947 955 850
3 978 947 955
3 891 978 955
3 861 955 891
3 861 850 955
3 947 978 895
3 847 895 850
3 895 971 931
3 978 971 895
3 670 687 586
3 687 558 586
3 558 670 586
3 687 576 558
3 576 623 558
3 623 670 558
3 576 558 586
3 558 586 610
3 479 610 576
3 479 558 610
3 479 488 558
3 558 488 501
3 501 576 558
3 378 407 412
3 397 412 407
3 753 798 818
3 797 819 848
3 797 848 853
3 909 923 893
3 909 918 819
3 923 909 918
3 848 819 918
3 873 757 848
3 677 547 711
3 547 623 711
3 547 689 623
3 613 593 534
3 538 476 534
3 593 566 534
3 593 595 566
3 538 595 593
3 538 566 595
3 538 534 566
3 545 623 593
3 545 510 623
3 593 547 545
3 547 593 623
3 593 584 623
3 584 547 623
3 452 584 593
3 476 452 593
3 538 510 476
3 476 613 534
3 593 613 476
3 593 566 613
3 720 776 646
3 720 635 776
3 718 776 635
3 812 776 718
3 788 718 798
3 788 812 718
3 646 776 831
3 798 753 646
3 718 625 798
3 720 635 718
3 584 613 689
3 681 689 731
3 681 584 689
3 681 731 713
3 593 613 584
3 469 517 601
3 441 469 601
3 450 506 323
3 372 548 364
3 372 509 548
3 543 509 372
3 399 364 543
3 372 399 543
3 989 795 688
3 815 989 688
3 815 688 695
3 780 695 746
3 815 695 746
3 780 795 695
3 817 815 795
3 780 815 817
3 688 695 795
3 815 860 795
3 860 817 795
3 817 973 795
3 989 795 973
3 860 973 989
3 815 860 989
3 602 750 650
3 670 602 719
3 538 412 496
3 412 328 496
3 328 395 496
3 395 476 496
3 538 496 476
3 538 510 412
3 538 496 395
3 395 476 538
3 602 619 510
3 619 719 687
3 687 670 619
3 670 586 619
3 510 619 558
3 510 558 623
3 510 558 501
3 613 584 623
3 593 613 757
3 582 547 522
3 533 555 582
3 513 555 533
3 513 582 555
3 582 522 533
3 513 522 582
3 681 689 828
3 781 842 689
3 842 828 689
3 681 828 781
3 681 713 689
3 713 781 689
3 713 681 781
3 817 989 795
3 965 989 817
3 965 989 973
3 973 896 929
3 817 896 929
3 973 929 965
3 759 619 698
3 759 719 619
3 719 759 825
3 698 548 697
3 619 548 698
3 759 698 697
3 698 548 631
3 698 631 672
3 698 672 722
3 698 722 759
3 582 633 547
3 633 681 547
3 649 681 633
3 550 689 547
3 550 681 689
3 681 550 633
3 681 584 633
3 550 633 584
3 828 842 820
3 842 861 820
3 861 890 820
3 983 890 861
3 828 799 707
3 861 820 799
3 842 861 799
3 828 842 799
3 712 820 790
3 828 712 790
3 712 805 820
3 805 799 820
3 805 712 799
3 712 707 799
3 712 828 707
3 711 799 703
3 711 707 799
3 764 799 805
3 823 903 917
3 913 917 903
3 823 903 913
3 823 917 852
3 823 852 807
3 912 963 875
3 852 912 963
3 852 875 963
3 917 912 852
3 913 875 823
3 695 698 661
3 661 605 695
3 695 560 698
3 605 560 695
3 412 496 506
3 602 496 538
3 602 539 496
3 412 506 510
3 698 543 548
3 583 698 619
3 560 543 698
3 543 560 583
3 943 874 889
3 858 874 881
3 943 881 874
3 858 943 881
3 479 488 501
3 433 558 466
3 605 466 610
3 479 605 610
3 479 466 605
3 466 558 610
3 466 355 433
3 433 501 558
3 479 501 433
3 450 558 433
3 450 501 558
3 433 501 450
3 466 509 558
3 609 533 555
3 618 533 513
3 570 618 517
3 570 618 513
3 861 955 913
3 890 955 913
3 861 913 890
3 983 891 955
3 983 955 890
3 821 875 824
3 824 825 821
3 850 875 821
3 850 861 875
3 861 799 875
3 799 764 875
3 846 901 863
3 929 901 846
3 929 901 885
3 929 885 968
3 677 828 707
3 712 828 677
3 689 799 711
3 689 842 799
3 913 820 890
3 903 820 913
3 913 903 890
3 805 820 913
3 764 805 875
3 805 913 875
3 448 520 388
3 448 503 520
3 448 503 388
3 682 661 601
3 746 661 706
3 746 601 661
3 601 807 746
3 836 864 825
3 824 825 864
3 824 836 825
3 947 824 864
3 836 824 947
3 947 969 863
3 969 824 863
3 850 875 955
3 821 836 825
3 824 969 875
3 861 875 913
3 820 861 875
3 820 875 890
3 913 890 875
3 820 875 805
3 896 898 929
3 766 910 791
3 769 910 766
3 858 948 979
3 910 979 948
3 858 948 910
3 898 901 863
3 929 898 901
3 688 698 795
3 780 698 695
3 688 520 698
3 503 520 688
3 688 503 695
3 560 698 520
3 605 560 520
3 688 560 698
3 560 688 520
3 969 898 824
3 875 898 969
3 875 963 898
3 860 852 963
3 912 898 963
3 969 898 912
3 965 884 795
3 817 884 795
3 965 795 989
3 837 690 783
3 702 690 837
3 867 837 783
3 702 837 867
3 698 630 631
3 364 630 631
3 630 543 364
3 630 698 664
3 688 664 698
3 560 664 688
3 560 543 664
3 630 664 543
3 687 719 610
3 674 719 687
3 674 619 719
3 619 610 719
3 674 610 619
3 751 719 674
3 751 619 719
3 751 759 619
3 661 698 751
3 751 610 661
3 751 674 610
3 759 719 751
3 674 661 682
3 780 661 674
3 780 746 661
3 780 674 746
3 674 710 746
3 780 674 710
3 661 605 746
3 674 751 661
3 674 710 751
3 846 722 817
3 795 846 722
3 884 846 795
3 795 722 672
3 664 795 672
3 630 664 672
3 698 672 630
3 795 698 664
3 817 722 759
3 401 503 388
3 399 520 401
3 403 520 503
3 401 520 403
3 401 403 503
3 401 543 399
3 630 543 401
3 630 364 401
3 403 388 503
3 402 548 372
3 402 529 548
3 402 364 529
3 448 347 466
3 404 466 347
3 505 520 466
3 505 503 520
3 601 605 505
3 661 605 601
3 505 601 746
3 576 605 610
3 475 605 601
3 682 605 576
3 661 605 682
3 576 475 601
3 475 576 479
3 475 505 605
3 466 605 520
3 475 601 505
3 682 674 605
3 605 610 560
3 576 605 674
3 610 605 520
3 560 520 466
3 610 520 560
3 466 610 560
3 399 509 543
3 520 543 509
3 399 543 520
3 404 509 399
3 543 401 664
3 630 401 664
3 824 719 751
3 650 744 766
3 748 744 650
3 769 766 744
3 560 509 583
3 520 509 560
3 520 558 509
3 560 558 520
3 560 520 664
3 543 664 520
3 630 672 631
3 401 688 664
3 401 403 688
3 403 503 688
3 688 795 664
3 846 826 722
3 326 328 496
3 412 326 506
3 412 450 510
3 450 501 510
3 939 887 804
3 939 867 804
3 887 939 950
3 936 887 950
3 867 950 936
3 867 939 950
3 431 496 487
3 508 487 496
3 496 485 508
3 395 496 431
3 471 502 578
3 462 508 502
3 471 578 508
3 771 800 724
3 800 680 724
3 773 680 704
3 771 680 800
3 771 704 680
3 800 704 771
3 773 704 800
3 773 724 680
3 785 771 724
3 645 680 573
3 645 724 771
3 833 750 848
3 750 833 806
3 873 833 848
3 595 585 680
3 736 595 680
3 585 595 736
3 585 773 724
3 773 736 680
3 585 736 773
3 573 598 500
3 568 645 614
3 598 645 568
3 730 736 704
3 730 704 800
3 736 730 800
3 736 773 704
3 800 773 736
3 806 958 773
3 769 958 806
3 958 961 773
3 874 773 961
3 874 961 800
3 769 800 961
3 769 736 730
3 867 804 765
3 816 804 867
3 816 804 765
3 867 765 816
3 848 985 773
3 985 961 773
3 958 985 961
3 848 773 958
3 856 773 945
3 961 945 911
3 848 945 773
3 961 945 848
3 985 961 848
3 985 918 945
3 961 985 945
3 678 709 716
3 678 614 716
3 614 709 716
3 969 947 901
3 898 969 901
3 641 776 720
3 831 776 641
3 641 635 747
3 635 720 747
3 894 958 885
3 943 952 915
3 881 943 915
3 881 915 838
3 952 838 881
3 950 838 952
3 915 838 950
3 950 915 952
3 889 952 881
3 889 952 943
3 881 874 889
3 725 709 771
3 614 771 709
3 771 658 725
3 874 838 881
3 874 952 838
3 874 889 952
3 818 855 856
3 945 818 856
3 738 773 736
3 738 848 773
3 848 736 806
3 833 848 806
3 910 744 769
3 858 744 910
3 766 769 791
3 791 948 858
3 650 624 748
3 750 748 624
3 602 624 650
3 736 750 624
3 595 626 624
3 626 680 704
3 736 626 704
3 626 595 680
3 736 624 626
3 736 595 750
3 593 595 602
3 750 595 757
3 538 624 602
3 538 595 624
3 538 602 595
3 848 818 856
3 848 856 945
3 738 818 773
3 856 773 818
3 800 858 704
3 626 704 730
3 730 624 626
3 736 624 730
3 624 704 730
3 889 866 874
3 866 889 961
3 952 889 961
3 961 911 956
3 961 956 952
3 952 874 866
3 585 617 738
3 900 960 956
3 960 900 907
3 496 626 624
3 595 626 508
3 496 508 626
3 595 508 496
3 496 624 538
3 496 566 595
3 538 566 496
3 785 837 747
3 747 837 696
3 663 837 785
3 663 696 837
3 785 692 663
3 585 595 566
3 738 773 585
3 704 604 559
3 680 704 559
3 626 680 604
3 499 578 615
3 499 615 638
3 499 638 606
3 606 515 559
3 499 606 515
3 604 559 499
3 604 606 559
3 604 638 606
3 621 467 504
3 621 569 504
3 744 624 730
3 748 624 744
3 476 566 534
3 538 395 566
3 476 538 566
3 658 614 657
3 678 657 614
3 658 678 657
3 816 761 838
3 867 761 838
3 816 761 765
3 867 716 761
3 765 761 716
3 816 838 988
3 939 816 988
3 939 988 950
3 816 950 939
3 915 950 988
3 838 915 988
3 950 867 838
3 816 867 950
3 771 838 761
3 800 838 771
3 858 881 838
3 800 881 838
3 881 800 874
3 858 838 699
3 800 699 704
3 699 838 725
3 658 699 725
3 800 725 771
3 771 699 800
3 725 838 741
3 800 741 725
3 741 838 761
3 800 761 741
3 800 771 761
3 771 741 800
3 716 741 771
3 761 716 741
3 716 771 761
3 624 508 626
3 485 624 496
3 485 471 624
3 471 508 624
3 650 571 624
3 571 539 624
3 539 496 624
3 485 624 594
3 650 594 624
3 594 624 683
3 744 683 624
3 594 624 578
3 578 594 615
3 594 683 615
3 502 594 578
3 680 699 704
3 716 737 761
3 816 761 737
3 816 765 737
3 816 716 761
3 716 737 671
3 816 737 742
3 671 816 742
3 728 671 742
3 737 728 742
3 716 816 671
3 527 696 635
3 702 635 696
3 632 635 702
3 526 536 489
3 526 536 541
3 699 638 559
3 606 559 638
3 606 559 699
3 699 606 638
3 566 487 595
3 585 487 566
3 585 573 487
3 595 487 508
3 604 595 626
3 595 604 573
3 585 595 573
3 595 573 680
3 658 606 699
3 783 765 804
3 379 515 518
3 381 379 518
3 474 515 518
3 474 478 515
3 379 515 478
3 478 474 379
3 559 515 568
3 515 518 568
3 302 350 515
3 499 515 371
3 462 508 499
3 371 398 502
3 358 398 371
3 371 502 499
3 371 515 350
3 302 275 350
3 302 515 379
3 395 487 566
3 462 499 604
3 462 604 508
3 658 657 611
3 614 657 611
3 606 658 611
3 518 606 611
3 518 568 611
3 515 606 518
3 614 611 568
3 671 686 589
3 648 589 686
3 614 648 589
3 614 663 648
3 648 663 737
3 671 737 663
3 663 614 671
3 678 716 671
3 657 678 671
3 611 657 671
3 614 716 663
3 645 663 614
3 771 614 663
3 645 598 663
3 785 771 663
3 568 590 663
3 614 568 663
3 614 590 663
3 568 590 614
3 709 663 716
3 771 761 663
3 716 663 761
3 709 716 771
3 709 614 663
3 518 611 567
3 474 567 461
3 518 567 461
3 589 614 567
3 648 567 589
3 474 648 567
3 474 614 648
3 614 611 567
3 589 567 611
3 463 461 567
3 439 461 463
3 463 567 648
3 463 474 648
3 692 641 747
3 874 837 866
3 785 837 874
3 785 874 866
3 569 644 597
3 660 644 569
3 660 597 644
3 660 718 597
3 660 735 718
3 478 596 474
3 568 474 596
3 614 596 568
3 478 494 474
3 478 596 494
3 596 463 494
3 663 596 614
3 663 648 596
3 636 580 690
3 596 690 580
3 636 574 580
3 574 596 580
3 648 636 596
3 574 648 636
3 463 596 574
3 574 463 648
3 463 648 614
3 474 463 614
3 580 596 494
3 421 489 494
3 421 494 357
3 411 494 536
3 574 411 463
3 411 574 536
3 526 536 494
3 526 494 417
3 514 417 526
3 417 514 504
3 526 411 536
3 411 526 417
3 514 597 644
3 514 511 597
3 660 640 644
3 640 754 684
3 660 684 640
3 640 779 754
3 616 644 621
3 640 621 644
3 616 640 621
3 779 640 616
3 635 696 747
3 720 702 635
3 690 783 663
3 747 837 702
3 837 663 867
3 597 720 635
3 597 644 720
3 886 924 906
3 878 906 924
3 924 878 886
3 878 865 871
3 906 878 865
3 886 878 871
3 936 886 906
3 936 886 871
3 636 690 600
3 574 636 600
3 536 574 600
3 536 600 541
3 554 644 504
3 616 621 554
3 504 554 621
3 511 504 644
3 511 621 504
3 597 511 644
3 621 511 569
3 660 621 569
3 660 640 621
3 640 684 621
3 803 878 886
3 801 803 878
3 924 801 878
3 514 644 504
3 514 554 504
3 779 871 865
3 779 775 871
3 816 939 804
3 690 636 737
3 690 737 765
3 690 765 783
3 648 737 636
3 809 871 775
3 936 960 886
3 809 886 871
3 960 886 809
3 960 809 831
3 878 779 865
3 709 725 741
3 709 771 741
3 867 838 874
3 866 950 867
3 874 950 866
3 866 867 837
3 874 837 867
3 874 952 950
3 716 709 741
3 867 837 950
3 837 936 950
3 771 761 867
3 785 867 837
3 771 867 785
3 874 785 771
3 800 874 771
